{"//":["Made by tools/build_routes.py from OpenStreetMap. Do not edit by hand: run python tools/build_routes.py","Format: GeoJSON. One LineString Feature per road or path you can walk on.","Properties: highway (the OpenStreetMap kind, e.g. \"footway\") and name (the street name, or \"\")."],"type":"FeatureCollection","features":[{"type":"Feature","properties":{"highway":"residential","name":"Chaparro Street"},"geometry":{"type":"LineString","coordinates":[[-106.765095,32.3050573],[-106.7649058,32.304375],[-106.7648562,32.3042094],[-106.7647734,32.3038976],[-106.7644334,32.3027225],[-106.7640868,32.3016049],[-106.7637381,32.3003445],[-106.7633718,32.299072],[-106.7632366,32.2988849],[-106.7626168,32.2980176],[-106.7624664,32.2978066],[-106.7615779,32.2966099],[-106.7615958,32.296516],[-106.761138,32.2958243],[-106.7605218,32.2949566],[-106.7604506,32.2948564],[-106.7599302,32.2940697],[-106.7595414,32.2935118],[-106.7594303,32.2934105]]}},{"type":"Feature","properties":{"highway":"residential","name":""},"geometry":{"type":"LineString","coordinates":[[-106.7600215,32.271272],[-106.7599267,32.2702022]]}},{"type":"Feature","properties":{"highway":"residential","name":""},"geometry":{"type":"LineString","coordinates":[[-106.7631353,32.2698856],[-106.7628794,32.2700535],[-106.7630905,32.2704476]]}},{"type":"Feature","properties":{"highway":"residential","name":""},"geometry":{"type":"LineString","coordinates":[[-106.7525671,32.2546718],[-106.753485,32.2562031]]}},{"type":"Feature","properties":{"highway":"service","name":""},"geometry":{"type":"LineString","coordinates":[[-106.7313109,32.2668358],[-106.7311759,32.2663944],[-106.7311468,32.2663025],[-106.7310832,32.2661021],[-106.7310625,32.2660371],[-106.7310339,32.2658566]]}},{"type":"Feature","properties":{"highway":"residential","name":""},"geometry":{"type":"LineString","coordinates":[[-106.7512393,32.2549139],[-106.752363,32.2566869]]}},{"type":"Feature","properties":{"highway":"residential","name":""},"geometry":{"type":"LineString","coordinates":[[-106.7630092,32.2696862],[-106.7625254,32.2698427],[-106.7622035,32.2699468],[-106.7621155,32.2697961],[-106.7620133,32.2697393],[-106.7615492,32.2698292],[-106.7609953,32.2699754],[-106.760513,32.2700742],[-106.7599267,32.2702022],[-106.7593912,32.270356],[-106.7594038,32.2714748],[-106.7600215,32.271272],[-106.7605955,32.2710646],[-106.7610855,32.2708924],[-106.7616499,32.2707236],[-106.7624714,32.2704267],[-106.7622641,32.2700449],[-106.7622035,32.2699468]]}},{"type":"Feature","properties":{"highway":"residential","name":""},"geometry":{"type":"LineString","coordinates":[[-106.7615492,32.2698292],[-106.7616009,32.270289],[-106.7616499,32.2707236]]}},{"type":"Feature","properties":{"highway":"residential","name":""},"geometry":{"type":"LineString","coordinates":[[-106.7622641,32.2700449],[-106.7616009,32.270289]]}},{"type":"Feature","properties":{"highway":"residential","name":""},"geometry":{"type":"LineString","coordinates":[[-106.7518713,32.2547986],[-106.7529241,32.2564449]]}},{"type":"Feature","properties":{"highway":"residential","name":""},"geometry":{"type":"LineString","coordinates":[[-106.7628314,32.2693865],[-106.7625376,32.2695165],[-106.7625254,32.2698427]]}},{"type":"Feature","properties":{"highway":"residential","name":""},"geometry":{"type":"LineString","coordinates":[[-106.7429691,32.2543599],[-106.7432888,32.2558517]]}},{"type":"Feature","properties":{"highway":"residential","name":""},"geometry":{"type":"LineString","coordinates":[[-106.7550639,32.2720428],[-106.7545829,32.2722268]]}},{"type":"Feature","properties":{"highway":"residential","name":""},"geometry":{"type":"LineString","coordinates":[[-106.7541624,32.2723926],[-106.7536982,32.2725563],[-106.7535534,32.2726947]]}},{"type":"Feature","properties":{"highway":"residential","name":""},"geometry":{"type":"LineString","coordinates":[[-106.7507168,32.2732184],[-106.7505228,32.2734897],[-106.7503655,32.2737097]]}},{"type":"Feature","properties":{"highway":"residential","name":"El Dorado Court"},"geometry":{"type":"LineString","coordinates":[[-106.730138,32.2940552],[-106.7295863,32.2937632]]}},{"type":"Feature","properties":{"highway":"service","name":""},"geometry":{"type":"LineString","coordinates":[[-106.7532043,32.2717903],[-106.7546172,32.2712758]]}},{"type":"Feature","properties":{"highway":"residential","name":""},"geometry":{"type":"LineString","coordinates":[[-106.7625105,32.268886],[-106.7610289,32.2692125]]}},{"type":"Feature","properties":{"highway":"residential","name":""},"geometry":{"type":"LineString","coordinates":[[-106.7623206,32.2686061],[-106.7612167,32.2688673],[-106.7607229,32.2689732],[-106.7602404,32.2690767],[-106.7597558,32.2699215],[-106.7602787,32.269808],[-106.7607693,32.2696898],[-106.7616817,32.2694725]]}},{"type":"Feature","properties":{"highway":"residential","name":""},"geometry":{"type":"LineString","coordinates":[[-106.7525671,32.2546718],[-106.7518713,32.2547986],[-106.7512393,32.2549139],[-106.7505415,32.2550411],[-106.750404,32.255076],[-106.7501502,32.2551404],[-106.7499831,32.2553058],[-106.7497044,32.2557758],[-106.749698,32.2559175],[-106.7498063,32.2562158],[-106.7505858,32.2574767]]}},{"type":"Feature","properties":{"highway":"residential","name":""},"geometry":{"type":"LineString","coordinates":[[-106.7517938,32.2569437],[-106.7505415,32.2550411]]}},{"type":"Feature","properties":{"highway":"unclassified","name":""},"geometry":{"type":"LineString","coordinates":[[-106.7526588,32.2820212],[-106.7525366,32.2821335],[-106.752459,32.2822647],[-106.7524356,32.2824175],[-106.7524593,32.28258],[-106.7524845,32.2826566],[-106.7525483,32.2827339],[-106.7526153,32.2828121],[-106.7526883,32.2828797],[-106.7527836,32.2829387],[-106.752884,32.2829754],[-106.752986,32.2829944],[-106.7531321,32.2829846]]}},{"type":"Feature","properties":{"highway":"residential","name":""},"geometry":{"type":"LineString","coordinates":[[-106.7555155,32.2662306],[-106.75449,32.2666535]]}},{"type":"Feature","properties":{"highway":"residential","name":""},"geometry":{"type":"LineString","coordinates":[[-106.7685627,32.2677524],[-106.7682658,32.2666656]]}},{"type":"Feature","properties":{"highway":"residential","name":""},"geometry":{"type":"LineString","coordinates":[[-106.7609953,32.2699754],[-106.7610855,32.2708924]]}},{"type":"Feature","properties":{"highway":"residential","name":""},"geometry":{"type":"LineString","coordinates":[[-106.760513,32.2700742],[-106.7605955,32.2710646]]}},{"type":"Feature","properties":{"highway":"residential","name":""},"geometry":{"type":"LineString","coordinates":[[-106.7612167,32.2688673],[-106.7610289,32.2692125],[-106.7607693,32.2696898]]}},{"type":"Feature","properties":{"highway":"residential","name":""},"geometry":{"type":"LineString","coordinates":[[-106.7602787,32.269808],[-106.7607229,32.2689732]]}},{"type":"Feature","properties":{"highway":"residential","name":""},"geometry":{"type":"LineString","coordinates":[[-106.7524952,32.2675008],[-106.7521877,32.2669843]]}},{"type":"Feature","properties":{"highway":"residential","name":""},"geometry":{"type":"LineString","coordinates":[[-106.73394,32.2586251],[-106.7335182,32.2585903],[-106.7331582,32.2585671],[-106.7319722,32.2585353],[-106.7317258,32.2585432],[-106.7316038,32.2585491],[-106.731428,32.2585705]]}},{"type":"Feature","properties":{"highway":"footway","name":""},"geometry":{"type":"LineString","coordinates":[[-106.7696724,32.2744864],[-106.769074,32.2735807],[-106.7690453,32.2735373]]}},{"type":"Feature","properties":{"highway":"residential","name":"Boise Drive"},"geometry":{"type":"LineString","coordinates":[[-106.7471576,32.2948224],[-106.7465686,32.2949322],[-106.7461644,32.2949869],[-106.7457103,32.2950095],[-106.745145,32.294998],[-106.7448433,32.2950133],[-106.7445148,32.2950838],[-106.7436902,32.2952507],[-106.7434725,32.295248],[-106.7427319,32.2951919],[-106.7420091,32.2951332],[-106.7419696,32.2951327],[-106.7419441,32.2951354],[-106.7419218,32.2951377],[-106.7418561,32.2951499]]}},{"type":"Feature","properties":{"highway":"residential","name":"Chile Lane"},"geometry":{"type":"LineString","coordinates":[[-106.7631704,32.2888706],[-106.7631519,32.2888854],[-106.763121,32.2888979],[-106.7630231,32.2889205],[-106.7625393,32.2890366],[-106.76241,32.2890678]]}},{"type":"Feature","properties":{"highway":"residential","name":"Lynch Drive"},"geometry":{"type":"LineString","coordinates":[[-106.7537465,32.2911372],[-106.7536162,32.2908135],[-106.7534447,32.2901539]]}},{"type":"Feature","properties":{"highway":"residential","name":"Lynch Drive"},"geometry":{"type":"LineString","coordinates":[[-106.7529779,32.2902367],[-106.7524254,32.2894601],[-106.7519373,32.2895734]]}},{"type":"Feature","properties":{"highway":"unclassified","name":"North Horseshoe Street"},"geometry":{"type":"LineString","coordinates":[[-106.7531321,32.2829846],[-106.7533937,32.2829307],[-106.753449,32.2829198],[-106.7535286,32.2829043],[-106.7540981,32.2828038],[-106.7558996,32.2824844],[-106.755989,32.2824692]]}},{"type":"Feature","properties":{"highway":"residential","name":"Turquoise Avenue"},"geometry":{"type":"LineString","coordinates":[[-106.7642449,32.2758149],[-106.7640343,32.2750756],[-106.7639375,32.2747931],[-106.7638694,32.2747014],[-106.7637358,32.2745905],[-106.7636131,32.274536],[-106.7635971,32.2745297],[-106.7635186,32.2745029],[-106.7634885,32.2744925],[-106.7629234,32.274368],[-106.7621689,32.2741859],[-106.7606223,32.2738452],[-106.7603391,32.2737836],[-106.7602007,32.2735829],[-106.7600545,32.2729493],[-106.7598048,32.2723268],[-106.7604492,32.2720978],[-106.7607057,32.2720117],[-106.7609122,32.2719528],[-106.76184,32.2717133]]}},{"type":"Feature","properties":{"highway":"residential","name":"Garrison Road"},"geometry":{"type":"LineString","coordinates":[[-106.7527357,32.2924456],[-106.7527125,32.292447],[-106.7526862,32.2924426],[-106.752662,32.2924311],[-106.7526429,32.2924125],[-106.7526321,32.2923922],[-106.7522691,32.291732],[-106.7516027,32.2904947],[-106.7513354,32.2900503],[-106.7511296,32.2897071],[-106.7508107,32.2891744]]}},{"type":"Feature","properties":{"highway":"residential","name":"Manso Avenue"},"geometry":{"type":"LineString","coordinates":[[-106.767382,32.2767359],[-106.7668334,32.2769925],[-106.7662984,32.2772424]]}},{"type":"Feature","properties":{"highway":"residential","name":"Manso Avenue"},"geometry":{"type":"LineString","coordinates":[[-106.7682052,32.2763671],[-106.7686968,32.2761422],[-106.7692719,32.2758797],[-106.7711752,32.2749958],[-106.7722358,32.2745184]]}},{"type":"Feature","properties":{"highway":"residential","name":"Milton Road"},"geometry":{"type":"LineString","coordinates":[[-106.7587822,32.2881132],[-106.7579757,32.2882857],[-106.7578867,32.2883208],[-106.7578116,32.2883605],[-106.7577393,32.2884226],[-106.756989,32.2885644],[-106.756084,32.2887299],[-106.7555855,32.288971],[-106.7551214,32.2892255],[-106.7550285,32.289248],[-106.7549256,32.2892709],[-106.7539934,32.2897435],[-106.7537518,32.2898659]]}},{"type":"Feature","properties":{"highway":"residential","name":"Karen Place"},"geometry":{"type":"LineString","coordinates":[[-106.7395193,32.26265],[-106.7389743,32.2625334],[-106.7388932,32.2625229],[-106.7388129,32.2625176],[-106.7387362,32.2625183],[-106.7386621,32.2625227]]}},{"type":"Feature","properties":{"highway":"residential","name":"Superstition Drive"},"geometry":{"type":"LineString","coordinates":[[-106.7048929,32.2604419],[-106.7051338,32.2615281],[-106.7051489,32.2618115],[-106.705166,32.2621314],[-106.7052572,32.2627438],[-106.7054343,32.2632519],[-106.7056113,32.2634243],[-106.7057305,32.2634691],[-106.705901,32.2635331],[-106.7073386,32.2638098],[-106.7076766,32.2639006],[-106.7082935,32.264268],[-106.7092215,32.2648486],[-106.7098384,32.26503],[-106.7105441,32.2651623],[-106.7108084,32.2652119],[-106.7109929,32.2652464],[-106.7110436,32.2652561],[-106.711176,32.2652808],[-106.7111794,32.2652814],[-106.7113458,32.2653124],[-106.7113736,32.2653118],[-106.7116113,32.2653065],[-106.7117535,32.2653034],[-106.711992,32.2652526],[-106.7124061,32.2651632],[-106.7125724,32.2651292],[-106.7127406,32.2650936],[-106.7136847,32.2648667],[-106.7146932,32.264649],[-106.7170911,32.2640729],[-106.7176222,32.2638915],[-106.7179816,32.2635921],[-106.7183035,32.2631022],[-106.7186307,32.2625261],[-106.7190277,32.2616461],[-106.719135,32.261206],[-106.7193549,32.2607343],[-106.7198216,32.2599506],[-106.7212271,32.258761],[-106.7227291,32.2575769],[-106.7233085,32.2571188],[-106.7235231,32.25696]]}},{"type":"Feature","properties":{"highway":"residential","name":"Agave Place"},"geometry":{"type":"LineString","coordinates":[[-106.7460798,32.2662884],[-106.7458338,32.2661242],[-106.7453702,32.2657907]]}},{"type":"Feature","properties":{"highway":"residential","name":"Panlener Avenue"},"geometry":{"type":"LineString","coordinates":[[-106.7554201,32.2898025],[-106.7538939,32.2900689],[-106.7534447,32.2901539],[-106.7534338,32.2901561],[-106.7529779,32.2902367],[-106.7524415,32.2903398],[-106.7516027,32.2904947],[-106.751232,32.2905557],[-106.7508452,32.2906379],[-106.7507679,32.2906567],[-106.7506951,32.2906763],[-106.7506249,32.2906981],[-106.7505573,32.2907222],[-106.7504968,32.2907478],[-106.7504364,32.2907763],[-106.7503501,32.290819],[-106.7502942,32.2908469],[-106.7502045,32.2908897]]}},{"type":"Feature","properties":{"highway":"tertiary","name":"Stewart Street"},"geometry":{"type":"LineString","coordinates":[[-106.7609045,32.2786153],[-106.7607682,32.2785776],[-106.7599385,32.2783672],[-106.7596155,32.2783049],[-106.7594679,32.2782952],[-106.7593183,32.2782993],[-106.7591462,32.2783207],[-106.7571379,32.2786923]]}},{"type":"Feature","properties":{"highway":"tertiary","name":"Las Alturas Drive"},"geometry":{"type":"LineString","coordinates":[[-106.7361234,32.2881475],[-106.7360155,32.2880383],[-106.7359451,32.2879577],[-106.7359301,32.2879409],[-106.7358231,32.2877839],[-106.7357886,32.2875974]]}},{"type":"Feature","properties":{"highway":"residential","name":"Hagarty Road"},"geometry":{"type":"LineString","coordinates":[[-106.7565936,32.2894374],[-106.7562823,32.2890053],[-106.756084,32.2887299],[-106.7557928,32.288309],[-106.7556168,32.2880547],[-106.7556039,32.2880329],[-106.7555339,32.287907],[-106.755491,32.2878297],[-106.7554419,32.2877086],[-106.7553909,32.2875147],[-106.7553651,32.287315],[-106.7553569,32.2871638],[-106.7553214,32.286723],[-106.7553156,32.28664],[-106.7553378,32.2865474],[-106.7552,32.2859947],[-106.755061,32.2854548],[-106.7550455,32.2853966],[-106.7549351,32.2849813],[-106.754907,32.2848545],[-106.754804,32.2844563],[-106.754778,32.2843558]]}},{"type":"Feature","properties":{"highway":"residential","name":"Cotton Avenue"},"geometry":{"type":"LineString","coordinates":[[-106.76241,32.2890678],[-106.762375,32.2889918],[-106.7623445,32.2889273],[-106.7622815,32.288814],[-106.7622034,32.288713],[-106.762071,32.2886144],[-106.7619639,32.2885644],[-106.761893,32.2885327],[-106.7618091,32.2884998],[-106.7615047,32.2883853],[-106.761321,32.2882889],[-106.761218,32.2882006],[-106.7611506,32.2881257],[-106.761108,32.2880396],[-106.7610651,32.287924],[-106.760853,32.2871302]]}},{"type":"Feature","properties":{"highway":"residential","name":"Tamarisk Road"},"geometry":{"type":"LineString","coordinates":[[-106.7333941,32.2719864],[-106.7329992,32.2720663],[-106.7328549,32.2720955],[-106.7324017,32.2721871],[-106.7310687,32.2724569],[-106.7292783,32.2729345],[-106.7291448,32.2729157],[-106.7290775,32.272856]]}},{"type":"Feature","properties":{"highway":"residential","name":"Shady Glen Avenue"},"geometry":{"type":"LineString","coordinates":[[-106.7623542,32.2646715],[-106.7648766,32.2640056]]}},{"type":"Feature","properties":{"highway":"residential","name":"Spanish Trail"},"geometry":{"type":"LineString","coordinates":[[-106.7456703,32.2643764],[-106.7443684,32.2650741]]}},{"type":"Feature","properties":{"highway":"residential","name":"Calle de Salud"},"geometry":{"type":"LineString","coordinates":[[-106.740046,32.294314],[-106.7392238,32.2944779],[-106.7384138,32.2946139]]}},{"type":"Feature","properties":{"highway":"residential","name":"Saint James"},"geometry":{"type":"LineString","coordinates":[[-106.7678186,32.279671],[-106.7679209,32.2796757],[-106.7690815,32.2794584],[-106.7692463,32.2794308]]}},{"type":"Feature","properties":{"highway":"residential","name":"Howard Drive"},"geometry":{"type":"LineString","coordinates":[[-106.7568135,32.2901153],[-106.7562007,32.2904418],[-106.7559794,32.2905597]]}},{"type":"Feature","properties":{"highway":"residential","name":"Arbor Street"},"geometry":{"type":"LineString","coordinates":[[-106.7685627,32.2677524],[-106.7688157,32.2686523]]}},{"type":"Feature","properties":{"highway":"residential","name":"Wooten Drive"},"geometry":{"type":"LineString","coordinates":[[-106.7539328,32.2772487],[-106.7539162,32.277182],[-106.7539124,32.2771665],[-106.7536703,32.2761913],[-106.7535938,32.2760178],[-106.7533316,32.2750801]]}},{"type":"Feature","properties":{"highway":"residential","name":"Wooten Drive"},"geometry":{"type":"LineString","coordinates":[[-106.7529617,32.274957],[-106.7528004,32.2743307],[-106.7527887,32.2743044],[-106.7527685,32.2742758],[-106.7527365,32.2742497],[-106.7526426,32.2742007],[-106.752264,32.2740032],[-106.7520107,32.2738735],[-106.7516608,32.2736943],[-106.7513168,32.2735185],[-106.7510459,32.2733801],[-106.7507168,32.2732184],[-106.7504207,32.2730653],[-106.7499027,32.272806],[-106.749791,32.2727501]]}},{"type":"Feature","properties":{"highway":"residential","name":"Egyptian Street"},"geometry":{"type":"LineString","coordinates":[[-106.7648731,32.2582429],[-106.7639358,32.2570697],[-106.7627836,32.2555941],[-106.7617325,32.2542465],[-106.7600813,32.2522131]]}},{"type":"Feature","properties":{"highway":"residential","name":"Corbett Drive"},"geometry":{"type":"LineString","coordinates":[[-106.7529127,32.2940703],[-106.7517595,32.2948642],[-106.7506198,32.2956659],[-106.7504556,32.295794],[-106.7503071,32.2959422],[-106.7500865,32.2962576],[-106.7500162,32.2963297],[-106.7499156,32.2963944],[-106.7497875,32.2964423],[-106.7493335,32.2965461]]}},{"type":"Feature","properties":{"highway":"residential","name":"Corbett Drive"},"geometry":{"type":"LineString","coordinates":[[-106.7574597,32.2915901],[-106.7573303,32.2915809],[-106.757056,32.2916937],[-106.7570234,32.2917073],[-106.75685,32.2917918],[-106.7566093,32.2918885],[-106.7562703,32.2919848],[-106.7557868,32.2920612],[-106.7553837,32.2921068],[-106.7550991,32.2921913],[-106.7548055,32.2923331],[-106.7544212,32.2926209],[-106.7541578,32.2927983],[-106.7537491,32.293016],[-106.7534185,32.2931499],[-106.7533001,32.2931504],[-106.7531918,32.2931166]]}},{"type":"Feature","properties":{"highway":"residential","name":"Anderson Drive"},"geometry":{"type":"LineString","coordinates":[[-106.7519514,32.2929393],[-106.7512431,32.2934142],[-106.7509401,32.2936145],[-106.7493944,32.2945348],[-106.749303,32.2946024],[-106.7492146,32.2946775],[-106.7490432,32.2948518],[-106.7488635,32.2950559],[-106.7488034,32.295119],[-106.7487027,32.2951721],[-106.7485836,32.2952094],[-106.7481714,32.2952962]]}},{"type":"Feature","properties":{"highway":"residential","name":"Enzie Drive"},"geometry":{"type":"LineString","coordinates":[[-106.748469,32.2933098],[-106.7484717,32.2931951],[-106.7484656,32.2930904],[-106.7483831,32.2928686],[-106.7476874,32.2905279],[-106.7474289,32.289777],[-106.7471929,32.2889197],[-106.7471433,32.2887167],[-106.7470727,32.2884256]]}},{"type":"Feature","properties":{"highway":"residential","name":"Bristol Court"},"geometry":{"type":"LineString","coordinates":[[-106.747328,32.2636847],[-106.7467658,32.2637338]]}},{"type":"Feature","properties":{"highway":"residential","name":"Cunningham Road"},"geometry":{"type":"LineString","coordinates":[[-106.7542521,32.2558606],[-106.753485,32.2562031],[-106.7531628,32.2563444],[-106.7529241,32.2564449],[-106.752467,32.2566421],[-106.752363,32.2566869],[-106.7517938,32.2569437],[-106.7511823,32.2572141],[-106.7505858,32.2574767],[-106.7503492,32.2575659],[-106.7501172,32.2575761],[-106.7499412,32.2576033],[-106.749838,32.2577519],[-106.7496845,32.2583806],[-106.7496896,32.2586104],[-106.7501002,32.259094],[-106.750125,32.2591232],[-106.7502129,32.2592486]]}},{"type":"Feature","properties":{"highway":"residential","name":"Mesa Avenue"},"geometry":{"type":"LineString","coordinates":[[-106.7570107,32.2850707],[-106.7565194,32.2851631],[-106.7561755,32.2852277],[-106.7556695,32.2853293],[-106.7554704,32.2853699],[-106.755061,32.2854548],[-106.754295,32.2856019],[-106.7531456,32.2858261],[-106.7530635,32.2858421]]}},{"type":"Feature","properties":{"highway":"secondary","name":"Dripping Springs Road"},"geometry":{"type":"LineString","coordinates":[[-106.7286186,32.2936938],[-106.7285251,32.2939857],[-106.7284416,32.2943287],[-106.7283557,32.2948025],[-106.7281765,32.2957746],[-106.7281022,32.2960847],[-106.7280389,32.2962372],[-106.727944,32.2964237],[-106.7278156,32.296618],[-106.7277068,32.2967458],[-106.727543,32.2969304],[-106.7272725,32.2971327],[-106.7270173,32.2972715],[-106.7266098,32.2974444],[-106.7259445,32.2976717],[-106.7255944,32.2977743],[-106.7252846,32.2978259],[-106.7249523,32.2978242],[-106.7246234,32.2978009],[-106.7243063,32.2977312],[-106.7239623,32.2976043],[-106.7236365,32.2974302],[-106.7234263,32.2972758],[-106.7232206,32.2971237],[-106.7230389,32.2969854]]}},{"type":"Feature","properties":{"highway":"residential","name":"Senita Drive"},"geometry":{"type":"LineString","coordinates":[[-106.7264348,32.2753011],[-106.7256584,32.2730597]]}},{"type":"Feature","properties":{"highway":"residential","name":"Silver Road"},"geometry":{"type":"LineString","coordinates":[[-106.7621689,32.2741859],[-106.7622239,32.273926],[-106.7620369,32.2730434]]}},{"type":"Feature","properties":{"highway":"residential","name":"La Paloma Drive"},"geometry":{"type":"LineString","coordinates":[[-106.7384138,32.2946139],[-106.7381241,32.2936526],[-106.7380165,32.2928928]]}},{"type":"Feature","properties":{"highway":"residential","name":"Harrelson Street"},"geometry":{"type":"LineString","coordinates":[[-106.7699441,32.2791501],[-106.768782,32.2772958],[-106.7682052,32.2763671],[-106.7676527,32.2754541],[-106.7670832,32.2745839],[-106.7670383,32.2745284],[-106.7658851,32.2727121],[-106.7655597,32.272195],[-106.7652344,32.2716772]]}},{"type":"Feature","properties":{"highway":"residential","name":"Corley Drive"},"geometry":{"type":"LineString","coordinates":[[-106.7460974,32.2910301],[-106.7439854,32.2914105],[-106.7438119,32.2914212],[-106.743584,32.2913947]]}},{"type":"Feature","properties":{"highway":"residential","name":"Ocotillo Road"},"geometry":{"type":"LineString","coordinates":[[-106.7243218,32.2758779],[-106.7236009,32.2735486],[-106.723447,32.2731178],[-106.722986,32.2718276],[-106.7225403,32.270487]]}},{"type":"Feature","properties":{"highway":"residential","name":"Desert Rose Court"},"geometry":{"type":"LineString","coordinates":[[-106.7704463,32.2846022],[-106.7699139,32.284909],[-106.7698154,32.2850518]]}},{"type":"Feature","properties":{"highway":"residential","name":"Mockingbird Street"},"geometry":{"type":"LineString","coordinates":[[-106.7222798,32.2807569],[-106.7215489,32.2785726],[-106.721535,32.2785359],[-106.7215165,32.2785022],[-106.7214957,32.2784754],[-106.7214655,32.2784534]]}},{"type":"Feature","properties":{"highway":"residential","name":"Derringer Road"},"geometry":{"type":"LineString","coordinates":[[-106.7264339,32.2607794],[-106.7266329,32.2601877],[-106.726864,32.2599995],[-106.7274268,32.2595436],[-106.7277642,32.2590011],[-106.7278452,32.2581463],[-106.7277127,32.2573172]]}},{"type":"Feature","properties":{"highway":"residential","name":"Lamske Lane"},"geometry":{"type":"LineString","coordinates":[[-106.7714399,32.2622255],[-106.7705776,32.2624728],[-106.7700739,32.2626148]]}},{"type":"Feature","properties":{"highway":"residential","name":"West Park Drive"},"geometry":{"type":"LineString","coordinates":[[-106.7652581,32.2941759],[-106.7652098,32.2940884],[-106.7650142,32.2937338],[-106.7650092,32.293727],[-106.7648424,32.2934886],[-106.7642489,32.2927845],[-106.7641638,32.2926572],[-106.7642068,32.2923845],[-106.7642005,32.2923157],[-106.7641697,32.2922432],[-106.7636639,32.2916413],[-106.7623741,32.2901639],[-106.761899,32.2896233]]}},{"type":"Feature","properties":{"highway":"residential","name":"Tesota Drive"},"geometry":{"type":"LineString","coordinates":[[-106.7289024,32.2722575],[-106.7271006,32.2727127],[-106.7256584,32.2730597],[-106.7246403,32.2732761],[-106.7245528,32.273299],[-106.7236009,32.2735486]]}},{"type":"Feature","properties":{"highway":"residential","name":"Gardner Avenue"},"geometry":{"type":"LineString","coordinates":[[-106.7615945,32.2908523],[-106.7614197,32.2909202],[-106.7612867,32.2909718],[-106.7611315,32.2910321],[-106.7608232,32.2911495],[-106.7606398,32.2912202],[-106.7582029,32.2921129],[-106.7573178,32.2924077],[-106.7560327,32.2928617],[-106.7558426,32.2926707],[-106.7555864,32.2926471],[-106.7550706,32.2928575],[-106.7550026,32.2929639]]}},{"type":"Feature","properties":{"highway":"pedestrian","name":"International Mall"},"geometry":{"type":"LineString","coordinates":[[-106.7528173,32.282509],[-106.7524593,32.28258],[-106.7523463,32.2826016],[-106.7521946,32.2826305],[-106.7520776,32.2826528],[-106.7517746,32.2827093],[-106.7517494,32.282726],[-106.7517056,32.2827602],[-106.7515908,32.2827824],[-106.7514545,32.2828086],[-106.7511477,32.2828675],[-106.7510567,32.2828833],[-106.7507276,32.2829502],[-106.7505808,32.2829801],[-106.7503556,32.283026],[-106.7501124,32.2830698],[-106.7493932,32.2831931],[-106.7493439,32.2832023],[-106.749284,32.2831856],[-106.7489961,32.2832412],[-106.748988,32.283242],[-106.748627,32.2833108],[-106.7486211,32.2832885],[-106.7483963,32.2833314]]}},{"type":"Feature","properties":{"highway":"residential","name":"Cinnabar Lane"},"geometry":{"type":"LineString","coordinates":[[-106.7629234,32.274368],[-106.7629974,32.2739916],[-106.7628008,32.2730484],[-106.7627705,32.2729785],[-106.762645,32.272917],[-106.762347,32.2729518]]}},{"type":"Feature","properties":{"highway":"residential","name":"Cinnabar Lane"},"geometry":{"type":"LineString","coordinates":[[-106.762347,32.2729518],[-106.7621075,32.2723358],[-106.76184,32.2717133],[-106.7616134,32.2711094],[-106.7635152,32.2704462]]}},{"type":"Feature","properties":{"highway":"residential","name":"Camino Real"},"geometry":{"type":"LineString","coordinates":[[-106.7478011,32.2621188],[-106.7477666,32.2620989],[-106.7477195,32.2620856],[-106.7476706,32.2620834],[-106.7476204,32.2620932],[-106.7475657,32.2621135],[-106.7475048,32.262141],[-106.7470809,32.2623272],[-106.7469278,32.2623951],[-106.7467705,32.2624691],[-106.7466142,32.2625456],[-106.7464629,32.2626243],[-106.7463137,32.2627047],[-106.7461731,32.2627817],[-106.7460316,32.2628586],[-106.7448836,32.2634786],[-106.7435629,32.2641897],[-106.7426327,32.2646979],[-106.7424715,32.2647849],[-106.7423138,32.2648705],[-106.7422511,32.2649051],[-106.7421975,32.2649391],[-106.7421561,32.2649749]]}},{"type":"Feature","properties":{"highway":"residential","name":"Camino Real"},"geometry":{"type":"LineString","coordinates":[[-106.7421561,32.2649749],[-106.7421216,32.2649575],[-106.7420898,32.2649369],[-106.7420638,32.2649144],[-106.7420409,32.2648908],[-106.7419223,32.2647346],[-106.7418612,32.2646512],[-106.7418038,32.2645697],[-106.74175,32.2644941],[-106.7416732,32.264391],[-106.7416012,32.2642917],[-106.7414279,32.2640619]]}},{"type":"Feature","properties":{"highway":"residential","name":"Baja Avenue"},"geometry":{"type":"LineString","coordinates":[[-106.7737552,32.2680876],[-106.7688157,32.2686523]]}},{"type":"Feature","properties":{"highway":"unclassified","name":"Jordan Road"},"geometry":{"type":"LineString","coordinates":[[-106.7492957,32.2830259],[-106.7493439,32.2832023],[-106.7494464,32.2836012],[-106.7494665,32.2836778],[-106.7494883,32.2837612],[-106.7495308,32.2839236],[-106.7495723,32.2840817],[-106.7496134,32.2842387],[-106.7496566,32.2844038],[-106.7497043,32.2845856],[-106.7497274,32.2846689],[-106.749861,32.2851839],[-106.7498888,32.2852902]]}},{"type":"Feature","properties":{"highway":"residential","name":"Jordan Road"},"geometry":{"type":"LineString","coordinates":[[-106.7530089,32.2914248],[-106.7524415,32.2903398],[-106.7519373,32.2895734],[-106.7515242,32.2890338],[-106.7513996,32.2885643],[-106.7512667,32.2880633]]}},{"type":"Feature","properties":{"highway":"residential","name":"Wimberley Street"},"geometry":{"type":"LineString","coordinates":[[-106.7523076,32.2772555],[-106.7524357,32.2771619],[-106.752529,32.2771279],[-106.7526483,32.277104],[-106.7532762,32.2769827]]}},{"type":"Feature","properties":{"highway":"residential","name":"Condor Street"},"geometry":{"type":"LineString","coordinates":[[-106.7218047,32.2825934],[-106.7217839,32.2825335],[-106.7216249,32.2820558],[-106.7215004,32.281697],[-106.7213719,32.2813216],[-106.7212566,32.2810031]]}},{"type":"Feature","properties":{"highway":"residential","name":"Karen Drive"},"geometry":{"type":"LineString","coordinates":[[-106.743536,32.2601827],[-106.7434808,32.2602382],[-106.7432928,32.2604502],[-106.743151,32.2605826],[-106.7429814,32.2607083],[-106.7421693,32.2611449],[-106.7415664,32.261441],[-106.7410769,32.2616813],[-106.7405998,32.2619155],[-106.740129,32.2621438],[-106.7400187,32.2621969],[-106.7399203,32.2622454],[-106.7398415,32.2622863],[-106.7397724,32.262328],[-106.739709,32.2623751],[-106.7396557,32.2624206],[-106.7396083,32.2624755],[-106.7395698,32.262533],[-106.7395415,32.2625876],[-106.7395193,32.26265],[-106.7395086,32.2627011],[-106.7395009,32.2627567],[-106.7394977,32.2628197],[-106.7395022,32.2628875],[-106.7395133,32.2629524],[-106.7395333,32.2630149],[-106.73956,32.2630718],[-106.7395946,32.2631353],[-106.7396346,32.2632003],[-106.7398713,32.2635357],[-106.7404663,32.2644091]]}},{"type":"Feature","properties":{"highway":"residential","name":"Agave Drive"},"geometry":{"type":"LineString","coordinates":[[-106.7444524,32.2681096],[-106.7447323,32.2674325],[-106.7447776,32.267328],[-106.7448211,32.2672328],[-106.7448498,32.2671782],[-106.7448827,32.2671304],[-106.7449175,32.2670834],[-106.7449596,32.2670349],[-106.7450257,32.266964],[-106.7458338,32.2661242],[-106.7463662,32.2655802],[-106.7464242,32.2655183],[-106.7464579,32.26548],[-106.7464837,32.2654305],[-106.7464928,32.2653831],[-106.7464866,32.2653354],[-106.7464681,32.2652922],[-106.7464381,32.2652507],[-106.7462612,32.2650502],[-106.7456703,32.2643764],[-106.7448836,32.2634786]]}},{"type":"Feature","properties":{"highway":"residential","name":"Lettuce Lane"},"geometry":{"type":"LineString","coordinates":[[-106.760853,32.2871302],[-106.761619,32.2869818],[-106.7616753,32.2869966],[-106.7617139,32.2870192]]}},{"type":"Feature","properties":{"highway":"tertiary","name":"Wells Street"},"geometry":{"type":"LineString","coordinates":[[-106.7471537,32.2762541],[-106.7473667,32.2762015],[-106.7475678,32.2761601],[-106.747884,32.2761015],[-106.7495178,32.2757939],[-106.7495517,32.2757874],[-106.7496455,32.2757698]]}},{"type":"Feature","properties":{"highway":"tertiary","name":"Wells Street"},"geometry":{"type":"LineString","coordinates":[[-106.7547406,32.2741954],[-106.7544215,32.2746302],[-106.7543833,32.2746678],[-106.7543328,32.2746935],[-106.754254,32.274714],[-106.7541079,32.2747422],[-106.7539893,32.274765],[-106.7535825,32.2748436],[-106.7529617,32.274957],[-106.7522328,32.2750911],[-106.7516395,32.2751997],[-106.7515444,32.275216],[-106.7507901,32.275363],[-106.7501763,32.2754815],[-106.7497315,32.2755655],[-106.7496912,32.2755732],[-106.749597,32.2755909]]}},{"type":"Feature","properties":{"highway":"residential","name":"Dunlap Road"},"geometry":{"type":"LineString","coordinates":[[-106.7715051,32.2623956],[-106.7727475,32.262097]]}},{"type":"Feature","properties":{"highway":"residential","name":"Redman Road"},"geometry":{"type":"LineString","coordinates":[[-106.7212271,32.258761],[-106.7207516,32.2584358],[-106.7202312,32.2582906],[-106.7178441,32.2582997],[-106.7156929,32.2582724],[-106.7153335,32.2583405],[-106.7150331,32.2584811],[-106.7148132,32.2587261],[-106.7147059,32.2589484],[-106.7143289,32.2601607],[-106.713715,32.2621435],[-106.7136985,32.262191],[-106.7136932,32.2626129],[-106.7137683,32.2629576],[-106.7139346,32.2633477],[-106.7141471,32.2636503],[-106.7144495,32.2640599],[-106.7146932,32.264649]]}},{"type":"Feature","properties":{"highway":"secondary","name":"East Boutz Road"},"geometry":{"type":"LineString","coordinates":[[-106.7678005,32.2934942],[-106.768238,32.2933696],[-106.7694206,32.2930333],[-106.7696707,32.2929595],[-106.7698357,32.2929108],[-106.7703353,32.2927724],[-106.7706797,32.2926746],[-106.7710122,32.2925802],[-106.7715234,32.292435],[-106.7716865,32.2923887],[-106.772372,32.2921788],[-106.7729476,32.2919756],[-106.773033,32.2919275],[-106.7731265,32.2918748],[-106.7732639,32.2917973],[-106.7733852,32.2917141],[-106.7737707,32.2914494],[-106.7738991,32.2913612],[-106.7742343,32.2911311],[-106.7745655,32.2909037],[-106.7750427,32.2905761],[-106.7751622,32.2904941],[-106.7754141,32.2903212]]}},{"type":"Feature","properties":{"highway":"residential","name":"Calle Florista"},"geometry":{"type":"LineString","coordinates":[[-106.7694473,32.2733251],[-106.768916,32.272471],[-106.7675446,32.2730867]]}},{"type":"Feature","properties":{"highway":"residential","name":"Bowman Street"},"geometry":{"type":"LineString","coordinates":[[-106.7751272,32.2788493],[-106.7741991,32.2774366],[-106.7739998,32.2771499],[-106.7728535,32.2753938],[-106.7722358,32.2745184],[-106.7716239,32.2736088],[-106.7709343,32.272613],[-106.7708989,32.2725619]]}},{"type":"Feature","properties":{"highway":"residential","name":"Evans Place"},"geometry":{"type":"LineString","coordinates":[[-106.7563618,32.2935175],[-106.7560327,32.2928617]]}},{"type":"Feature","properties":{"highway":"residential","name":"Jerry Street"},"geometry":{"type":"LineString","coordinates":[[-106.7700739,32.2626148],[-106.7698424,32.2620026],[-106.7696549,32.2616309]]}},{"type":"Feature","properties":{"highway":"residential","name":"Bex Street"},"geometry":{"type":"LineString","coordinates":[[-106.7719014,32.286858],[-106.77104,32.2855464],[-106.7707546,32.2850933],[-106.7704463,32.2846022]]}},{"type":"Feature","properties":{"highway":"residential","name":"Wisconsin Avenue"},"geometry":{"type":"LineString","coordinates":[[-106.7481446,32.287315],[-106.7475302,32.2874306],[-106.7465854,32.2876084],[-106.7448029,32.2879439],[-106.7440503,32.2880855],[-106.7438219,32.2881285],[-106.7430954,32.2882652]]}},{"type":"Feature","properties":{"highway":"residential","name":"Milton Avenue"},"geometry":{"type":"LineString","coordinates":[[-106.7697968,32.2867402],[-106.7685241,32.2871518],[-106.76736,32.28751]]}},{"type":"Feature","properties":{"highway":"residential","name":"Kent Road"},"geometry":{"type":"LineString","coordinates":[[-106.7538939,32.2900689],[-106.7538602,32.2900207],[-106.7537518,32.2898659],[-106.7533514,32.289283],[-106.752978,32.2887753],[-106.7529232,32.288584],[-106.7528738,32.2884154],[-106.7528389,32.2882893],[-106.752699,32.2878003]]}},{"type":"Feature","properties":{"highway":"residential","name":"Salopek Boulevard"},"geometry":{"type":"LineString","coordinates":[[-106.7483997,32.2680089],[-106.748304,32.2680613],[-106.7480553,32.268169],[-106.7477846,32.2682862]]}},{"type":"Feature","properties":{"highway":"residential","name":"Willow Glen Drive"},"geometry":{"type":"LineString","coordinates":[[-106.7605754,32.260363],[-106.7608344,32.2607572],[-106.7613215,32.2614973],[-106.7619264,32.2624157],[-106.76202,32.2626504],[-106.762042,32.262921],[-106.7618854,32.2632428],[-106.761762,32.2635286],[-106.7618274,32.263848],[-106.7623542,32.2646715],[-106.762866,32.265498]]}},{"type":"Feature","properties":{"highway":"residential","name":"Sandell Road"},"geometry":{"type":"LineString","coordinates":[[-106.763021,32.2868019],[-106.7629409,32.2868165],[-106.7621202,32.2869662],[-106.7620577,32.2869185],[-106.7620159,32.2867917],[-106.7619284,32.2863958],[-106.7619013,32.2863337],[-106.7618431,32.2862947],[-106.7617274,32.2862914],[-106.7609962,32.2864479]]}},{"type":"Feature","properties":{"highway":"residential","name":"Renteria Street"},"geometry":{"type":"LineString","coordinates":[[-106.753366,32.2723964],[-106.7548973,32.2717619],[-106.755204,32.2715897],[-106.7553789,32.2714675],[-106.7558762,32.2712624],[-106.75693,32.2708805],[-106.7581255,32.2704757]]}},{"type":"Feature","properties":{"highway":"residential","name":"Calabazilla Road"},"geometry":{"type":"LineString","coordinates":[[-106.7290775,32.272856],[-106.7289024,32.2722575],[-106.7284148,32.2707254]]}},{"type":"Feature","properties":{"highway":"residential","name":"East Winchester Road"},"geometry":{"type":"LineString","coordinates":[[-106.7285392,32.2571182],[-106.7277127,32.2573172],[-106.7270958,32.2575724],[-106.7268007,32.2577856],[-106.7266995,32.2579257],[-106.7266344,32.258017],[-106.7263716,32.2585251],[-106.7261302,32.2590195],[-106.725819,32.259446],[-106.7254006,32.2598814],[-106.7249339,32.2602489],[-106.7237711,32.2611718],[-106.7230993,32.261705],[-106.7224556,32.2622312],[-106.7220693,32.2624762],[-106.7216616,32.2626712],[-106.7212432,32.2628119],[-106.7209279,32.2628799],[-106.720696,32.2630296],[-106.7205512,32.2632383],[-106.7203259,32.2634424],[-106.7196929,32.2637418]]}},{"type":"Feature","properties":{"highway":"residential","name":"Bristol Avenue"},"geometry":{"type":"LineString","coordinates":[[-106.7462612,32.2650502],[-106.7468474,32.2646827],[-106.7469052,32.2646436],[-106.7469615,32.2646011],[-106.7470114,32.2645577],[-106.7470591,32.2645117],[-106.7471036,32.2644613],[-106.7471498,32.2644023],[-106.7471923,32.2643409],[-106.7472314,32.264275],[-106.7472648,32.2642058],[-106.7472889,32.2641429],[-106.7473094,32.2640779],[-106.7473256,32.2640099],[-106.7473358,32.2639459],[-106.747342,32.2638791],[-106.7473425,32.2638167],[-106.7473377,32.2637521],[-106.747328,32.2636847],[-106.7472985,32.2634813],[-106.7472917,32.263411],[-106.7472895,32.2633427],[-106.7472979,32.2632753],[-106.7473109,32.26321],[-106.747327,32.2631457],[-106.7473524,32.2630834],[-106.7473836,32.2630221],[-106.7474172,32.2629668],[-106.7477681,32.262461],[-106.7477965,32.2624204],[-106.7478246,32.2623787],[-106.7478457,32.2623362],[-106.7478588,32.2622922],[-106.747863,32.2622504],[-106.7478593,32.2622147],[-106.7478502,32.262179],[-106.7478301,32.2621448],[-106.7478011,32.2621188]]}},{"type":"Feature","properties":{"highway":"residential","name":"Five Sister Drive"},"geometry":{"type":"LineString","coordinates":[[-106.7663122,32.2671425],[-106.7664435,32.267417],[-106.7666234,32.2680867]]}},{"type":"Feature","properties":{"highway":"residential","name":"San Felipe Avenue"},"geometry":{"type":"LineString","coordinates":[[-106.7488836,32.2695976],[-106.7497006,32.2692624],[-106.7517518,32.2684136],[-106.7527472,32.2679888],[-106.753805,32.2675665],[-106.7547946,32.267171],[-106.7557913,32.2667356]]}},{"type":"Feature","properties":{"highway":"residential","name":"Ruby Drive"},"geometry":{"type":"LineString","coordinates":[[-106.7592597,32.2740357],[-106.7590451,32.2741309],[-106.7588413,32.2746933]]}},{"type":"Feature","properties":{"highway":"residential","name":"Poe Drive"},"geometry":{"type":"LineString","coordinates":[[-106.7536284,32.2773004],[-106.7535554,32.2772346],[-106.7534306,32.277122],[-106.7532762,32.2769827],[-106.753234,32.2769232],[-106.7532037,32.2768696],[-106.7531787,32.2768109],[-106.7530554,32.276327],[-106.7530364,32.276273],[-106.7530063,32.2762252],[-106.752962,32.2761612],[-106.7529314,32.2760991],[-106.752912,32.2760378],[-106.7526878,32.275198]]}},{"type":"Feature","properties":{"highway":"residential","name":"Monte Vista Avenue"},"geometry":{"type":"LineString","coordinates":[[-106.7580205,32.2868026],[-106.7571515,32.2869658],[-106.7564558,32.2871018],[-106.7562346,32.287145],[-106.7562069,32.2871504],[-106.756003,32.2871903],[-106.7557863,32.2872326],[-106.7553651,32.287315],[-106.7544773,32.2874791],[-106.7538481,32.2875956],[-106.7531196,32.2877254],[-106.752699,32.2878003],[-106.7512667,32.2880633],[-106.7506337,32.2881948],[-106.7505244,32.2882153],[-106.7494965,32.288408],[-106.7487937,32.2886075]]}},{"type":"Feature","properties":{"highway":"residential","name":"Monte Vista Avenue"},"geometry":{"type":"LineString","coordinates":[[-106.7675155,32.2845362],[-106.767262,32.2847063],[-106.7671403,32.2847585],[-106.7664239,32.2849489],[-106.765516,32.2851733]]}},{"type":"Feature","properties":{"highway":"residential","name":"Monte Vista Avenue"},"geometry":{"type":"LineString","coordinates":[[-106.765516,32.2851733],[-106.7656581,32.2855849],[-106.7652212,32.2856701],[-106.7635226,32.2860153],[-106.7630376,32.2861286],[-106.7629395,32.2861529],[-106.7628061,32.286186]]}},{"type":"Feature","properties":{"highway":"residential","name":"Oak Street"},"geometry":{"type":"LineString","coordinates":[[-106.7646676,32.2745173],[-106.7646861,32.274605],[-106.7647274,32.2746989],[-106.7648691,32.2749354],[-106.7649187,32.275018],[-106.7651467,32.2753963],[-106.7652023,32.2754832],[-106.7654724,32.2759065],[-106.7657024,32.2762654],[-106.7657445,32.276331],[-106.7662984,32.2772424],[-106.7667944,32.2780431]]}},{"type":"Feature","properties":{"highway":"residential","name":"Oak Street"},"geometry":{"type":"LineString","coordinates":[[-106.7678186,32.279671],[-106.7677465,32.2796269],[-106.7674124,32.2790392]]}},{"type":"Feature","properties":{"highway":"residential","name":"Sun Shadow Place"},"geometry":{"type":"LineString","coordinates":[[-106.7319155,32.2792139],[-106.7320927,32.2793318],[-106.7321205,32.2793525],[-106.7321471,32.2793767],[-106.7321702,32.2794076],[-106.7321867,32.2794385],[-106.7322782,32.2797141]]}},{"type":"Feature","properties":{"highway":"residential","name":"College Street"},"geometry":{"type":"LineString","coordinates":[[-106.7581278,32.2891063],[-106.7580024,32.2888856],[-106.7577393,32.2884226],[-106.757441,32.287899],[-106.7573873,32.2878048],[-106.7573583,32.2877222],[-106.7573338,32.2876132],[-106.7572895,32.2874559],[-106.7571515,32.2869658],[-106.7569745,32.2862584]]}},{"type":"Feature","properties":{"highway":"residential","name":"Parkview Drive"},"geometry":{"type":"LineString","coordinates":[[-106.7628391,32.2930244],[-106.7629968,32.2929807],[-106.7631967,32.2929253],[-106.7634369,32.2928586],[-106.7634719,32.2928489],[-106.7635944,32.292815],[-106.7641638,32.2926572]]}},{"type":"Feature","properties":{"highway":"residential","name":"Payne Street"},"geometry":{"type":"LineString","coordinates":[[-106.7453819,32.2981258],[-106.7451375,32.2972631],[-106.7450438,32.2969284],[-106.7449668,32.2966531],[-106.7448298,32.2961581],[-106.7447237,32.2957724],[-106.7445148,32.2950838],[-106.7444096,32.2947408],[-106.7442638,32.2943614],[-106.7441162,32.2939938],[-106.7440052,32.2936096],[-106.7438219,32.2929826],[-106.7436296,32.2922472],[-106.7436145,32.2920417],[-106.7436348,32.2917846],[-106.7436226,32.2916157],[-106.743584,32.2913947],[-106.7434561,32.290952]]}},{"type":"Feature","properties":{"highway":"unclassified","name":"Arrowhead Drive"},"geometry":{"type":"LineString","coordinates":[[-106.7414264,32.2859954],[-106.741397,32.285924],[-106.7413804,32.2858795],[-106.7411864,32.2850879],[-106.7411697,32.285023],[-106.7410885,32.2847108],[-106.7409401,32.2841435],[-106.7408598,32.2838355],[-106.7407528,32.2834217],[-106.7406472,32.2830273],[-106.7403497,32.2818764]]}},{"type":"Feature","properties":{"highway":"residential","name":"Tile Avenue"},"geometry":{"type":"LineString","coordinates":[[-106.7555155,32.2662306],[-106.7557913,32.2667356],[-106.756297,32.2676652],[-106.7567464,32.2684788],[-106.757133,32.268323],[-106.7571679,32.2683224],[-106.757194,32.2683307],[-106.7574649,32.2688767],[-106.7578162,32.2695516],[-106.7581255,32.2704757],[-106.7583764,32.2714225],[-106.7585463,32.2720612]]}},{"type":"Feature","properties":{"highway":"residential","name":"Spanish Dagger"},"geometry":{"type":"LineString","coordinates":[[-106.7208676,32.2810984],[-106.7204535,32.2798637],[-106.7202576,32.279293],[-106.7202457,32.2792498],[-106.7202358,32.2792056],[-106.7202289,32.2791594],[-106.7202291,32.279114],[-106.720233,32.2790669],[-106.7202408,32.279023],[-106.7202524,32.2789839],[-106.7202672,32.2789415],[-106.7202942,32.2788799],[-106.7203173,32.2788329],[-106.7203452,32.2787898],[-106.7203788,32.278752],[-106.7204193,32.2787117],[-106.7204649,32.2786745],[-106.7205107,32.2786439],[-106.7205592,32.2786185],[-106.72061,32.2785997],[-106.7206616,32.2785834],[-106.7208481,32.2785357],[-106.7211629,32.2784577],[-106.7213064,32.2784286],[-106.7213481,32.2784266],[-106.7213882,32.2784297],[-106.7214296,32.2784397],[-106.7214655,32.2784534]]}},{"type":"Feature","properties":{"highway":"residential","name":"Lilly Pad Place"},"geometry":{"type":"LineString","coordinates":[[-106.7531628,32.2563444],[-106.75382,32.2574103]]}},{"type":"Feature","properties":{"highway":"residential","name":"Chaparral Street"},"geometry":{"type":"LineString","coordinates":[[-106.7518903,32.2871892],[-106.7517502,32.2866987],[-106.7517365,32.2866435],[-106.7516327,32.2862267],[-106.7516052,32.2861164],[-106.7515456,32.2859082],[-106.7514611,32.2856123],[-106.7513174,32.2851284],[-106.7512861,32.2850228]]}},{"type":"Feature","properties":{"highway":"tertiary","name":"Triviz Drive"},"geometry":{"type":"LineString","coordinates":[[-106.7405495,32.2871246],[-106.7406108,32.2870843],[-106.7406562,32.2870545],[-106.7407752,32.2869877],[-106.7408632,32.2869473],[-106.740955,32.2869125],[-106.7410729,32.2868734],[-106.7413699,32.2867989],[-106.7417105,32.2867212],[-106.741814,32.2867005],[-106.7419206,32.2866839],[-106.7420231,32.2866742],[-106.7421332,32.2866708],[-106.7422586,32.2866714],[-106.7423573,32.2866755],[-106.7424326,32.2866847],[-106.7425958,32.2867149],[-106.7427094,32.2867387]]}},{"type":"Feature","properties":{"highway":"residential","name":"Alamo Street"},"geometry":{"type":"LineString","coordinates":[[-106.7662976,32.3053002],[-106.7661644,32.3048421],[-106.7658293,32.3036799],[-106.7654693,32.3025112],[-106.7651595,32.3013965],[-106.7647982,32.3001274],[-106.7644312,32.2988414],[-106.763458,32.297594],[-106.762633,32.2963766],[-106.7624264,32.2960341],[-106.7622038,32.2956653],[-106.7620958,32.2954862],[-106.7616978,32.2949024],[-106.7616356,32.2948112],[-106.7612177,32.2942],[-106.7611697,32.294063],[-106.7611577,32.2939711],[-106.761155,32.2938827],[-106.7611412,32.2938202],[-106.761108,32.293775],[-106.7610624,32.293741],[-106.7610075,32.2937104],[-106.760958,32.293694],[-106.7608814,32.2936866],[-106.760817,32.2937013],[-106.760755,32.2937374],[-106.7606051,32.293817],[-106.7604344,32.2938844],[-106.7599302,32.2940697]]}},{"type":"Feature","properties":{"highway":"residential","name":"Blackhawk Street"},"geometry":{"type":"LineString","coordinates":[[-106.7524952,32.2675008],[-106.7527472,32.2679888],[-106.7532984,32.2689398],[-106.7538176,32.2698729],[-106.7540765,32.2703263],[-106.7543754,32.2708321],[-106.7546172,32.2712758],[-106.7548973,32.2717619],[-106.7550639,32.2720428],[-106.7555764,32.2729526]]}},{"type":"Feature","properties":{"highway":"residential","name":"Austin Drive"},"geometry":{"type":"LineString","coordinates":[[-106.7469484,32.2941059],[-106.7463881,32.2942115],[-106.7461279,32.2942477],[-106.7458916,32.2942623],[-106.7447945,32.2942646],[-106.7446653,32.2942686],[-106.7445132,32.294291],[-106.7442638,32.2943614]]}},{"type":"Feature","properties":{"highway":"residential","name":"Tellbrook Court"},"geometry":{"type":"LineString","coordinates":[[-106.7270647,32.2625764],[-106.7268195,32.2620435]]}},{"type":"Feature","properties":{"highway":"residential","name":"Durazno Street"},"geometry":{"type":"LineString","coordinates":[[-106.7665647,32.295511],[-106.7653435,32.2942632],[-106.7652581,32.2941759]]}},{"type":"Feature","properties":{"highway":"primary","name":"South Valley Drive"},"geometry":{"type":"LineString","coordinates":[[-106.7678514,32.2818471],[-106.7679578,32.2819393]]}},{"type":"Feature","properties":{"highway":"tertiary","name":"Sam Steel Way"},"geometry":{"type":"LineString","coordinates":[[-106.7614604,32.277769],[-106.7613639,32.2777195],[-106.7613382,32.2777062],[-106.7586006,32.2762982],[-106.7576533,32.2758009]]}},{"type":"Feature","properties":{"highway":"residential","name":"Halfmoon Drive"},"geometry":{"type":"LineString","coordinates":[[-106.766462,32.2893232],[-106.7665378,32.2895874],[-106.766619,32.2897016],[-106.7667474,32.2897799],[-106.7672645,32.2899754],[-106.7674635,32.2899997],[-106.7677032,32.2899777],[-106.7679398,32.2898987],[-106.7681508,32.2897677],[-106.7683103,32.2895909]]}},{"type":"Feature","properties":{"highway":"residential","name":"Thomas Drive"},"geometry":{"type":"LineString","coordinates":[[-106.7493335,32.2965461],[-106.7491703,32.2965521],[-106.7490137,32.2965432],[-106.7488878,32.2965137],[-106.7487945,32.2964828],[-106.7486618,32.2964061],[-106.748547,32.296312],[-106.7484397,32.296185],[-106.7483699,32.2959855],[-106.7481714,32.2952962],[-106.7479282,32.2944618],[-106.7476707,32.2935793],[-106.7475695,32.2931954],[-106.7471592,32.2917415],[-106.7469599,32.2910105],[-106.7469474,32.2909137],[-106.7469954,32.2907843],[-106.7470802,32.2907045],[-106.7471901,32.2906497],[-106.7476874,32.2905279],[-106.7485477,32.2903164],[-106.7495411,32.290075]]}},{"type":"Feature","properties":{"highway":"residential","name":"Plain Street"},"geometry":{"type":"LineString","coordinates":[[-106.7576235,32.2861223],[-106.7569745,32.2862584],[-106.7567855,32.2862918],[-106.7565393,32.2863339],[-106.7562938,32.2863786],[-106.7553378,32.2865474],[-106.75459,32.2866793],[-106.7542737,32.2867361],[-106.7540059,32.2867841],[-106.7537757,32.2868261],[-106.7533481,32.2869024],[-106.7518903,32.2871892],[-106.7504621,32.2874624]]}},{"type":"Feature","properties":{"highway":"residential","name":"Gladys Drive"},"geometry":{"type":"LineString","coordinates":[[-106.7490158,32.3012775],[-106.7489332,32.3009941],[-106.748737,32.3003269],[-106.7484712,32.2994079],[-106.7482855,32.2987444],[-106.7481319,32.2981961],[-106.7480827,32.2980202],[-106.7479837,32.2976669],[-106.7479576,32.2975737],[-106.7479009,32.2974808],[-106.7477579,32.2969679],[-106.7477281,32.2968602],[-106.747688,32.296713],[-106.7475331,32.2961691],[-106.7471576,32.2948224],[-106.7469484,32.2941059],[-106.7468504,32.2937477],[-106.7467472,32.2933749],[-106.7465611,32.292704],[-106.7463588,32.2919741],[-106.7463391,32.2919031],[-106.7463222,32.2918421],[-106.7460974,32.2910301],[-106.7458452,32.290137]]}},{"type":"Feature","properties":{"highway":"residential","name":"Wofford Drive"},"geometry":{"type":"LineString","coordinates":[[-106.7598568,32.2899463],[-106.7588894,32.2903014],[-106.7581111,32.2905791],[-106.7576236,32.2906123],[-106.7575471,32.2906223],[-106.7573208,32.2906562],[-106.7571023,32.2907172],[-106.7566659,32.2909243],[-106.7563529,32.2910734],[-106.7557818,32.2911986],[-106.7554825,32.2913178],[-106.7551647,32.2914661],[-106.7545931,32.291793],[-106.7542951,32.2919146],[-106.7541771,32.2919463],[-106.7540575,32.2919608],[-106.7537998,32.2919521],[-106.7536492,32.2919553],[-106.7535732,32.2919655],[-106.7534954,32.2919871],[-106.7534239,32.2920109],[-106.7533613,32.2920378],[-106.7533025,32.2920677],[-106.7532498,32.2921004],[-106.753203,32.2921361],[-106.7530341,32.2923021],[-106.7528999,32.2923748],[-106.7528245,32.2924125],[-106.7527357,32.2924456]]}},{"type":"Feature","properties":{"highway":"residential","name":"Chilton Drive"},"geometry":{"type":"LineString","coordinates":[[-106.7524429,32.2935169],[-106.7517445,32.2939961],[-106.7512885,32.2942772],[-106.7507762,32.2945833],[-106.7504141,32.2947715],[-106.7500409,32.2950083],[-106.7498156,32.2952078],[-106.7495233,32.2954822],[-106.7493385,32.2956512],[-106.7492178,32.2957442],[-106.7490888,32.2958086],[-106.748912,32.2958734],[-106.7483699,32.2959855],[-106.7475331,32.2961691]]}},{"type":"Feature","properties":{"highway":"residential","name":"Evans Drive"},"geometry":{"type":"LineString","coordinates":[[-106.7577544,32.2930612],[-106.7571842,32.2932752],[-106.7569769,32.2932993],[-106.7563618,32.2935175],[-106.7560024,32.2936507]]}},{"type":"Feature","properties":{"highway":"residential","name":"Lee Whisman Street"},"geometry":{"type":"LineString","coordinates":[[-106.7648151,32.2912785],[-106.7642608,32.2914624],[-106.7636639,32.2916413]]}},{"type":"Feature","properties":{"highway":"unclassified","name":"Agriculture Way"},"geometry":{"type":"LineString","coordinates":[[-106.7576533,32.2758009],[-106.7571656,32.2764552],[-106.7571037,32.2765361],[-106.7570585,32.2765809],[-106.7570134,32.2766176],[-106.7569653,32.2766464],[-106.7569155,32.276672],[-106.7568541,32.2766946],[-106.7567819,32.2767147],[-106.7566556,32.2767437],[-106.7557166,32.2769143],[-106.7555627,32.276943],[-106.7555009,32.2769545],[-106.7552666,32.2769982],[-106.7550683,32.2770333],[-106.7549418,32.2770554],[-106.7548919,32.2770641],[-106.7547242,32.2770965],[-106.7546915,32.2771028],[-106.7545952,32.2771214]]}},{"type":"Feature","properties":{"highway":"residential","name":"Eugenio Street"},"geometry":{"type":"LineString","coordinates":[[-106.7583336,32.2685051],[-106.7587163,32.2691831]]}},{"type":"Feature","properties":{"highway":"residential","name":"Terrace Court"},"geometry":{"type":"LineString","coordinates":[[-106.7362408,32.2942741],[-106.7361339,32.2941378],[-106.7358976,32.293307]]}},{"type":"Feature","properties":{"highway":"residential","name":"Emilia Street"},"geometry":{"type":"LineString","coordinates":[[-106.75693,32.2708805],[-106.7574863,32.2719938]]}},{"type":"Feature","properties":{"highway":"residential","name":"Meadow Lark Lane"},"geometry":{"type":"LineString","coordinates":[[-106.7551731,32.2573272],[-106.7554046,32.2571764],[-106.7555801,32.2570542],[-106.7557776,32.2569898],[-106.7560256,32.2569091],[-106.7562855,32.2568244],[-106.7568573,32.2566382],[-106.7605809,32.2548862],[-106.7617325,32.2542465]]}},{"type":"Feature","properties":{"highway":"residential","name":"Chisholm Trail"},"geometry":{"type":"LineString","coordinates":[[-106.7685241,32.2871518],[-106.7677516,32.2859091],[-106.7676416,32.2857164],[-106.7676124,32.2856157],[-106.7676151,32.2855476],[-106.7676442,32.2854829],[-106.7681304,32.2851093]]}},{"type":"Feature","properties":{"highway":"residential","name":"South Esperanza Street"},"geometry":{"type":"LineString","coordinates":[[-106.7675968,32.2981987],[-106.7674508,32.2979899],[-106.7671232,32.2975214],[-106.7669565,32.2972806],[-106.7667999,32.2970544],[-106.7667144,32.2969309],[-106.7665951,32.2967549],[-106.7662401,32.2962311],[-106.765793,32.2957408],[-106.7656754,32.2957076],[-106.7646016,32.2946342]]}},{"type":"Feature","properties":{"highway":"residential","name":"Myrtle Avenue"},"geometry":{"type":"LineString","coordinates":[[-106.7558788,32.2904282],[-106.7557101,32.2905021],[-106.7554604,32.290596],[-106.7552125,32.2906426],[-106.7549722,32.2906879],[-106.754711,32.2907651],[-106.7537465,32.2911372],[-106.7530089,32.2914248],[-106.7522691,32.291732],[-106.752166,32.2917966],[-106.7520518,32.291889],[-106.7517234,32.2921546],[-106.7515355,32.2923067],[-106.7514964,32.2923358],[-106.7514527,32.2923609],[-106.7514133,32.292382],[-106.7513786,32.292403],[-106.7508716,32.2927505],[-106.750722,32.2928511],[-106.7505647,32.2929543],[-106.7503354,32.293091],[-106.7500392,32.2932628],[-106.7495243,32.2935614],[-106.7492692,32.2937074],[-106.7491756,32.2937616],[-106.7490887,32.293816],[-106.7489992,32.293875],[-106.7489094,32.2939365],[-106.748821,32.2940035],[-106.7486122,32.2941724],[-106.7485415,32.2942246],[-106.7484715,32.29427],[-106.7484032,32.2943049],[-106.748327,32.2943367],[-106.748249,32.2943626],[-106.7479282,32.2944618]]}},{"type":"Feature","properties":{"highway":"residential","name":"Sotol Court"},"geometry":{"type":"LineString","coordinates":[[-106.7236828,32.270154],[-106.7233268,32.2692056]]}},{"type":"Feature","properties":{"highway":"residential","name":"Bex Court"},"geometry":{"type":"LineString","coordinates":[[-106.77104,32.2855464],[-106.7705518,32.285755]]}},{"type":"Feature","properties":{"highway":"residential","name":"La Senda Drive"},"geometry":{"type":"LineString","coordinates":[[-106.7392238,32.2944779],[-106.7387734,32.2927449]]}},{"type":"Feature","properties":{"highway":"residential","name":"Standley Drive"},"geometry":{"type":"LineString","coordinates":[[-106.7526483,32.277104],[-106.7525491,32.2767129],[-106.7525108,32.2766267],[-106.7524539,32.2765621],[-106.7523587,32.2764691],[-106.752319,32.2763931],[-106.7520488,32.2753216]]}},{"type":"Feature","properties":{"highway":"residential","name":"Standley Drive"},"geometry":{"type":"LineString","coordinates":[[-106.7522328,32.2750911],[-106.7520875,32.2747205],[-106.7518353,32.2744666],[-106.7503655,32.2737097],[-106.7502138,32.2736291],[-106.7495638,32.2732976],[-106.7494525,32.2732409],[-106.7493432,32.2731899],[-106.7492037,32.2731202],[-106.7491394,32.2730935],[-106.7490746,32.273072],[-106.7490131,32.2730587],[-106.7488943,32.2730454],[-106.7488114,32.2730478],[-106.7485584,32.2730869],[-106.7483864,32.2731179],[-106.7483404,32.2731267],[-106.7472845,32.2733241],[-106.7472589,32.2733289],[-106.7471694,32.2733457]]}},{"type":"Feature","properties":{"highway":"residential","name":"Turtle Creek Avenue"},"geometry":{"type":"LineString","coordinates":[[-106.762006,32.25964],[-106.7623878,32.259986],[-106.762697,32.2601289],[-106.763492,32.2609291],[-106.76386,32.2613428],[-106.7640231,32.2615998],[-106.7641604,32.2620872],[-106.7642355,32.2624411],[-106.7642905,32.2626364],[-106.7648766,32.2640056],[-106.7652574,32.264926]]}},{"type":"Feature","properties":{"highway":"residential","name":"Hixon Drive"},"geometry":{"type":"LineString","coordinates":[[-106.7706377,32.2873491],[-106.7704394,32.2872301],[-106.7700961,32.2869886],[-106.7697968,32.2867402],[-106.7681304,32.2851093],[-106.7675155,32.2845362],[-106.7668852,32.2839115],[-106.7668104,32.2838595],[-106.7667176,32.2838287],[-106.766616,32.2838266],[-106.7665151,32.2838536],[-106.7660524,32.2839739]]}},{"type":"Feature","properties":{"highway":"primary","name":"East University Avenue"},"geometry":{"type":"LineString","coordinates":[[-106.7679578,32.2819393],[-106.7681199,32.2819026],[-106.7681561,32.2818944],[-106.7682709,32.2818573],[-106.7683964,32.2818098],[-106.768505,32.2817606],[-106.7685366,32.2817463],[-106.7687409,32.2816357],[-106.7688412,32.2815703],[-106.7689428,32.2814996],[-106.7690208,32.2814442],[-106.7691029,32.2813742],[-106.7693673,32.2811354],[-106.7696249,32.280936],[-106.7699081,32.2807722]]}},{"type":"Feature","properties":{"highway":"residential","name":"West College Avenue"},"geometry":{"type":"LineString","coordinates":[[-106.7692463,32.2794308],[-106.7694427,32.2793672],[-106.7695383,32.279326],[-106.7699441,32.2791501],[-106.7722465,32.2780338],[-106.7739998,32.2771499]]}},{"type":"Feature","properties":{"highway":"unclassified","name":"Knox Street"},"geometry":{"type":"LineString","coordinates":[[-106.7583664,32.2836529],[-106.7583373,32.2835394],[-106.7582188,32.2830899],[-106.7581801,32.2829431],[-106.7579671,32.2821358],[-106.7578361,32.2816391],[-106.7578101,32.2815405]]}},{"type":"Feature","properties":{"highway":"residential","name":"Acala Street"},"geometry":{"type":"LineString","coordinates":[[-106.7658328,32.2577534],[-106.7648401,32.2565207]]}},{"type":"Feature","properties":{"highway":"residential","name":"Love Court"},"geometry":{"type":"LineString","coordinates":[[-106.7658851,32.2727121],[-106.7669266,32.272205]]}},{"type":"Feature","properties":{"highway":"residential","name":"Paroquia Street"},"geometry":{"type":"LineString","coordinates":[[-106.7535467,32.2670795],[-106.753805,32.2675665],[-106.7543272,32.2685023],[-106.7545425,32.2688839],[-106.7548612,32.2694487],[-106.7550996,32.2698833],[-106.7554152,32.2704432],[-106.7558762,32.2712624],[-106.756488,32.2722404]]}},{"type":"Feature","properties":{"highway":"residential","name":"Maxim Court"},"geometry":{"type":"LineString","coordinates":[[-106.7206652,32.2620974],[-106.7210552,32.2616928]]}},{"type":"Feature","properties":{"highway":"residential","name":"Terrace Arcade"},"geometry":{"type":"LineString","coordinates":[[-106.7375445,32.2932266],[-106.7374732,32.292999]]}},{"type":"Feature","properties":{"highway":"unclassified","name":"College Avenue"},"geometry":{"type":"LineString","coordinates":[[-106.7664596,32.2821366],[-106.7664324,32.2820104],[-106.7662215,32.2811904],[-106.7660818,32.2806312],[-106.7660025,32.2804539],[-106.7658856,32.2803142],[-106.7657077,32.2802068],[-106.7654911,32.2801529],[-106.7652923,32.2801621],[-106.7640181,32.280407],[-106.7638393,32.2804382],[-106.7633452,32.2805335],[-106.7625323,32.2806663],[-106.761301,32.2809056],[-106.7612343,32.2809186],[-106.7610887,32.2809469],[-106.7609751,32.280967],[-106.7609381,32.2809736],[-106.7601007,32.2811218],[-106.7599432,32.2811506],[-106.7593037,32.2812675],[-106.7578101,32.2815405]]}},{"type":"Feature","properties":{"highway":"residential","name":"Topaz Place"},"geometry":{"type":"LineString","coordinates":[[-106.7606223,32.2738452],[-106.7607376,32.273573],[-106.7608985,32.2734188],[-106.7610728,32.2733054],[-106.7614755,32.2731729],[-106.7620369,32.2730434],[-106.762347,32.2729518]]}},{"type":"Feature","properties":{"highway":"residential","name":"Shadow Mountain Road"},"geometry":{"type":"LineString","coordinates":[[-106.7343163,32.2773461],[-106.7344468,32.2777558],[-106.7344672,32.2778034],[-106.7344917,32.2778498],[-106.7345189,32.2778917],[-106.7345514,32.2779337],[-106.7346164,32.2780174],[-106.7346398,32.2780503],[-106.7346612,32.2780859],[-106.734679,32.2781244],[-106.7346947,32.2781646],[-106.7349268,32.2788743],[-106.7349339,32.2789],[-106.7349371,32.2789307],[-106.7349363,32.2789643],[-106.7349286,32.2789991],[-106.7349149,32.2790259],[-106.7348969,32.2790507],[-106.7348689,32.2790743],[-106.7348384,32.2790929],[-106.7348033,32.2791065],[-106.7347652,32.2791159],[-106.7343068,32.2792254],[-106.7342632,32.2792303],[-106.7342159,32.2792299],[-106.7341678,32.2792212],[-106.7341217,32.2792046],[-106.7340826,32.2791787],[-106.7340541,32.279149],[-106.7340329,32.2791159],[-106.7340179,32.2790816],[-106.7337647,32.2783064],[-106.7337325,32.2782281],[-106.7336923,32.2781476],[-106.7336481,32.2780721],[-106.7335985,32.2779972],[-106.7335434,32.277923],[-106.7334702,32.2778374],[-106.7333931,32.2777473],[-106.7333655,32.2777094],[-106.73334,32.277668],[-106.7333186,32.2776261],[-106.733302,32.2775881]]}},{"type":"Feature","properties":{"highway":"residential","name":"Brookhaven"},"geometry":{"type":"LineString","coordinates":[[-106.7631385,32.2627885],[-106.7633322,32.2632681],[-106.7632829,32.2633973],[-106.7629223,32.2635924]]}},{"type":"Feature","properties":{"highway":"service","name":"Arroyo"},"geometry":{"type":"LineString","coordinates":[[-106.7202146,32.2618922],[-106.7185733,32.2646288]]}},{"type":"Feature","properties":{"highway":"residential","name":"O'Hair Drive"},"geometry":{"type":"LineString","coordinates":[[-106.7506137,32.2626012],[-106.75,32.2635327],[-106.749794,32.2642382],[-106.7497727,32.2642725],[-106.7492058,32.2650478],[-106.7485298,32.2659565],[-106.748252,32.2663605],[-106.7480999,32.2667266],[-106.7480177,32.2671391],[-106.748033,32.2675705],[-106.7481781,32.2678617],[-106.748304,32.2680613]]}},{"type":"Feature","properties":{"highway":"residential","name":"Hollinger Street"},"geometry":{"type":"LineString","coordinates":[[-106.750074,32.2774124],[-106.7502163,32.2773927],[-106.7503597,32.2773592],[-106.7504409,32.2773201],[-106.7505119,32.2772702]]}},{"type":"Feature","properties":{"highway":"residential","name":"Desert Shadow Place"},"geometry":{"type":"LineString","coordinates":[[-106.73121,32.2796523],[-106.7313038,32.279941]]}},{"type":"Feature","properties":{"highway":"residential","name":"Acacia Road"},"geometry":{"type":"LineString","coordinates":[[-106.7266908,32.2688362],[-106.726467,32.2681346],[-106.7262524,32.2679622],[-106.7259874,32.2679073],[-106.7257267,32.2678534],[-106.7253658,32.2678856],[-106.724993,32.267919],[-106.7246841,32.2680087],[-106.7243724,32.2680689],[-106.7235723,32.268143],[-106.7226073,32.2680807],[-106.7220775,32.2680585],[-106.7217452,32.2679593]]}},{"type":"Feature","properties":{"highway":"residential","name":"Amistad Drive"},"geometry":{"type":"LineString","coordinates":[[-106.766664,32.2573726],[-106.7678444,32.2590506]]}},{"type":"Feature","properties":{"highway":"residential","name":"Turrentine Drive"},"geometry":{"type":"LineString","coordinates":[[-106.7676499,32.2882933],[-106.76736,32.28751],[-106.7664239,32.2849489],[-106.7660524,32.2839739],[-106.7657242,32.2830671],[-106.7656541,32.2827709],[-106.7656276,32.2825136],[-106.7655887,32.2822851]]}},{"type":"Feature","properties":{"highway":"residential","name":"Orange Avenue"},"geometry":{"type":"LineString","coordinates":[[-106.7717454,32.2759101],[-106.7711752,32.2749958],[-106.7705849,32.2740682]]}},{"type":"Feature","properties":{"highway":"residential","name":"Fite Drive"},"geometry":{"type":"LineString","coordinates":[[-106.7509913,32.277815],[-106.7509612,32.2777425],[-106.7509297,32.2776903],[-106.7508586,32.2775882],[-106.7506843,32.2774278],[-106.7505119,32.2772702],[-106.7504409,32.2771438],[-106.750058,32.275694]]}},{"type":"Feature","properties":{"highway":"residential","name":"Fite Drive"},"geometry":{"type":"LineString","coordinates":[[-106.7501763,32.2754815],[-106.7500909,32.2754373],[-106.7495799,32.275172],[-106.7494657,32.2751205]]}},{"type":"Feature","properties":{"highway":"residential","name":"Stryker Road"},"geometry":{"type":"LineString","coordinates":[[-106.7674644,32.2569884],[-106.7662752,32.2554993],[-106.7661357,32.2553247],[-106.7648557,32.2537205]]}},{"type":"Feature","properties":{"highway":"residential","name":"Iris Avenue"},"geometry":{"type":"LineString","coordinates":[[-106.7671897,32.2698682],[-106.7673319,32.2700922],[-106.767625,32.2705773]]}},{"type":"Feature","properties":{"highway":"residential","name":"Hanks Drive"},"geometry":{"type":"LineString","coordinates":[[-106.767625,32.2705773],[-106.7663161,32.2712039],[-106.7652344,32.2716772]]}},{"type":"Feature","properties":{"highway":"residential","name":"San Francisco Avenue"},"geometry":{"type":"LineString","coordinates":[[-106.7583336,32.2685051],[-106.7574649,32.2688767],[-106.7561066,32.2694524],[-106.7550996,32.2698833],[-106.7540765,32.2703263],[-106.7529397,32.2707946],[-106.7520189,32.27116],[-106.7510969,32.271494]]}},{"type":"Feature","properties":{"highway":"residential","name":"Farm Crossing"},"geometry":{"type":"LineString","coordinates":[[-106.7622463,32.2878717],[-106.7622093,32.2879413],[-106.76193,32.2884633],[-106.761893,32.2885327]]}},{"type":"Feature","properties":{"highway":"secondary","name":"Missouri Avenue"},"geometry":{"type":"LineString","coordinates":[[-106.7665013,32.2938168],[-106.7661628,32.2938924],[-106.7659194,32.2939468],[-106.7658724,32.2939573],[-106.7655766,32.2940459],[-106.7652581,32.2941759],[-106.7649262,32.2942988],[-106.764566,32.2943929],[-106.7640188,32.2944781],[-106.7634978,32.2945752]]}},{"type":"Feature","properties":{"highway":"residential","name":"Eagle Pass Road"},"geometry":{"type":"LineString","coordinates":[[-106.7214915,32.2548576],[-106.7214739,32.2567876],[-106.7216133,32.2569872],[-106.7220532,32.2571278],[-106.7223697,32.2572821],[-106.7227291,32.2575769]]}},{"type":"Feature","properties":{"highway":"residential","name":"McArthur Drive"},"geometry":{"type":"LineString","coordinates":[[-106.7507901,32.275363],[-106.7507681,32.275299],[-106.7507266,32.2752162],[-106.7506729,32.2751436],[-106.7506015,32.2750777],[-106.7498934,32.2747126],[-106.7497687,32.2746503],[-106.7496765,32.2746254],[-106.7494793,32.2746095],[-106.7493316,32.2746194]]}},{"type":"Feature","properties":{"highway":"residential","name":"McArthur Drive"},"geometry":{"type":"LineString","coordinates":[[-106.7517365,32.2776765],[-106.7517096,32.277595],[-106.7516801,32.2775259],[-106.751619,32.2774533],[-106.7511616,32.2770258],[-106.7511047,32.2769646],[-106.7510659,32.276883],[-106.7507137,32.2755699]]}},{"type":"Feature","properties":{"highway":"residential","name":"Emilia"},"geometry":{"type":"LineString","coordinates":[[-106.75449,32.2666535],[-106.7547946,32.267171],[-106.7553361,32.268074],[-106.7555881,32.2685293],[-106.7558859,32.2690672],[-106.7561066,32.2694524],[-106.7564508,32.2700543]]}},{"type":"Feature","properties":{"highway":"residential","name":"Angel Fire Place"},"geometry":{"type":"LineString","coordinates":[[-106.7214739,32.2567876],[-106.7200807,32.256785],[-106.7197801,32.2567845],[-106.7195932,32.2567841],[-106.7182751,32.2567817],[-106.7153247,32.2567763]]}},{"type":"Feature","properties":{"highway":"residential","name":"Piro Avenue"},"geometry":{"type":"LineString","coordinates":[[-106.7497006,32.2692624],[-106.7495585,32.2689728],[-106.749478,32.2688049],[-106.7496035,32.2686596],[-106.7514742,32.26791],[-106.7524952,32.2675008],[-106.7535467,32.2670795]]}},{"type":"Feature","properties":{"highway":"residential","name":"Mission Bell Avenue"},"geometry":{"type":"LineString","coordinates":[[-106.7296764,32.2774533],[-106.7301898,32.2768353],[-106.7302859,32.2767331],[-106.73039,32.2766377],[-106.7305041,32.2765463],[-106.7306263,32.2764662],[-106.7307834,32.2763703],[-106.7309459,32.2762857],[-106.7311116,32.2762175],[-106.7312935,32.2761629],[-106.7345088,32.2753843]]}},{"type":"Feature","properties":{"highway":"residential","name":"Sandalwood Drive"},"geometry":{"type":"LineString","coordinates":[[-106.7268856,32.2772184],[-106.7283718,32.2768602],[-106.7284372,32.2768514],[-106.7285146,32.2768443],[-106.7285808,32.2768434],[-106.728651,32.2768528],[-106.7287136,32.2768678],[-106.7287813,32.2768922],[-106.7288455,32.2769221],[-106.7289069,32.2769562],[-106.7296764,32.2774533]]}},{"type":"Feature","properties":{"highway":"residential","name":"Parkview Street"},"geometry":{"type":"LineString","coordinates":[[-106.7628391,32.2930244],[-106.7624682,32.2931345],[-106.7622205,32.2932081],[-106.7620584,32.2932562],[-106.7619149,32.2932988],[-106.7618555,32.2933165]]}},{"type":"Feature","properties":{"highway":"residential","name":"Corn Drive"},"geometry":{"type":"LineString","coordinates":[[-106.7617139,32.2870192],[-106.7618242,32.2874285],[-106.7618709,32.2875418],[-106.7618953,32.2875952],[-106.7619275,32.2876428],[-106.7619717,32.2876904],[-106.7620277,32.2877425],[-106.7621259,32.2878072],[-106.762171,32.2878313],[-106.7622463,32.2878717],[-106.7623665,32.2879163],[-106.762531,32.2879773],[-106.7626617,32.2880317],[-106.762768,32.288086],[-106.7629078,32.2882029],[-106.7629775,32.2882958],[-106.7630363,32.2884113],[-106.7631653,32.2887936],[-106.7631733,32.28884],[-106.7631704,32.2888706]]}},{"type":"Feature","properties":{"highway":"residential","name":"Stoney Brook Circle"},"geometry":{"type":"LineString","coordinates":[[-106.7606127,32.2630569],[-106.762042,32.262921],[-106.7631385,32.2627885],[-106.7642905,32.2626364],[-106.7652923,32.2625361],[-106.7654374,32.2625449],[-106.765552,32.2627239],[-106.7662252,32.2643032],[-106.7662198,32.2645785],[-106.7660444,32.2647096],[-106.7652574,32.264926],[-106.7644619,32.2651051],[-106.762866,32.265498],[-106.7621372,32.2657014],[-106.7618269,32.2656343],[-106.7612744,32.2651081],[-106.7603088,32.2636021],[-106.7603034,32.2632891],[-106.7606127,32.2630569]]}},{"type":"Feature","properties":{"highway":"residential","name":"Broadmoor Drive"},"geometry":{"type":"LineString","coordinates":[[-106.7418947,32.2607667],[-106.7421693,32.2611449],[-106.7428745,32.2620681],[-106.7431577,32.2624525],[-106.7431902,32.2625031],[-106.743218,32.2625541],[-106.7432427,32.2626063],[-106.7432643,32.2626631],[-106.7432783,32.2627153],[-106.743286,32.2627642],[-106.7432884,32.2628148],[-106.743283,32.262862],[-106.7432701,32.2629088],[-106.7432536,32.2629563],[-106.7432331,32.2630016],[-106.7432048,32.2630475],[-106.7431695,32.2630914],[-106.7431265,32.2631309],[-106.743078,32.263167],[-106.7430148,32.2632063],[-106.7414279,32.2640619],[-106.7413242,32.2641157],[-106.7412311,32.2641612],[-106.7411566,32.2641962],[-106.7410875,32.2642273],[-106.7410155,32.2642581],[-106.7409498,32.2642847],[-106.7408808,32.2643094],[-106.7408071,32.2643322],[-106.7407384,32.2643513],[-106.7406659,32.2643692],[-106.7405971,32.2643841],[-106.7404663,32.2644091],[-106.7396007,32.264619],[-106.7395294,32.2646378],[-106.7394629,32.2646578],[-106.7393965,32.2646793],[-106.7393298,32.2647051],[-106.7392685,32.2647329],[-106.7392187,32.2647591],[-106.7391711,32.2647872],[-106.7391306,32.264816]]}},{"type":"Feature","properties":{"highway":"residential","name":"Taos Lane"},"geometry":{"type":"LineString","coordinates":[[-106.7698424,32.2620026],[-106.7711798,32.2614923]]}},{"type":"Feature","properties":{"highway":"residential","name":"Falcon Drive"},"geometry":{"type":"LineString","coordinates":[[-106.7268856,32.2772184],[-106.7271195,32.2779514],[-106.7270979,32.2782905],[-106.7268259,32.2785743],[-106.7262708,32.2788644],[-106.7259359,32.278963],[-106.7254015,32.2791118],[-106.7242891,32.2796461],[-106.7235663,32.2799124],[-106.7234956,32.2799307],[-106.723423,32.2799541],[-106.7233523,32.2799815],[-106.7232838,32.280014],[-106.7232257,32.2800495],[-106.7231644,32.280093],[-106.7231088,32.2801356],[-106.7230539,32.2801805],[-106.7226897,32.2805073],[-106.7226398,32.2805517],[-106.7225869,32.2805945],[-106.7225259,32.2806404],[-106.7224644,32.2806798],[-106.7224049,32.2807112],[-106.7223423,32.2807375],[-106.7222798,32.2807569],[-106.721692,32.2808982],[-106.7212566,32.2810031],[-106.7208676,32.2810984],[-106.7206137,32.2811608],[-106.7205553,32.2811785],[-106.720503,32.2812032],[-106.7204609,32.2812381],[-106.7204269,32.2812782]]}},{"type":"Feature","properties":{"highway":"residential","name":"Oriole Road"},"geometry":{"type":"LineString","coordinates":[[-106.726446,32.2626919],[-106.7266242,32.2630368],[-106.726799,32.2633742],[-106.7268031,32.2634133],[-106.7267915,32.2634558],[-106.726451,32.2638876],[-106.7259203,32.2645608],[-106.7258834,32.2646045],[-106.7250165,32.265751],[-106.7249165,32.2658659],[-106.7246098,32.2659948],[-106.7244648,32.2661118],[-106.7245026,32.2661987],[-106.7245786,32.2662239],[-106.7246992,32.2662119],[-106.7247985,32.2661249],[-106.7249311,32.2659143],[-106.7249165,32.2658659]]}},{"type":"Feature","properties":{"highway":"residential","name":"Wyoming Avenue"},"geometry":{"type":"LineString","coordinates":[[-106.7542466,32.2881585],[-106.752978,32.2887753],[-106.7515242,32.2890338],[-106.7508107,32.2891744],[-106.750158,32.289294],[-106.7498763,32.289344],[-106.7497532,32.2893658],[-106.7493619,32.2894006],[-106.7493199,32.2894043],[-106.7491715,32.2894149],[-106.7490326,32.289442],[-106.7482713,32.2896055],[-106.7474289,32.289777],[-106.7468862,32.2899001],[-106.7466464,32.2899545],[-106.7464252,32.2900048],[-106.7458452,32.290137],[-106.7454324,32.2902915],[-106.7450309,32.2904897],[-106.7447923,32.2906009],[-106.744527,32.2907054],[-106.7441061,32.2908253],[-106.7434561,32.290952],[-106.7432395,32.2910345],[-106.7428746,32.2911734]]}},{"type":"Feature","properties":{"highway":"residential","name":"Quail Run Avenue"},"geometry":{"type":"LineString","coordinates":[[-106.7343163,32.2773461],[-106.7343407,32.277353],[-106.7343692,32.2773575],[-106.7344006,32.2773576],[-106.7344302,32.2773543],[-106.734481,32.2773434],[-106.7345161,32.2773409],[-106.7345519,32.277343],[-106.7345859,32.2773469],[-106.7346207,32.2773516],[-106.7346562,32.2773552],[-106.7346937,32.2773568],[-106.734735,32.2773567],[-106.7347792,32.2773538],[-106.7348272,32.2773472],[-106.7348753,32.2773386],[-106.7351295,32.2772781]]}},{"type":"Feature","properties":{"highway":"residential","name":"Linden Avenue"},"geometry":{"type":"LineString","coordinates":[[-106.7658465,32.2707077],[-106.7661308,32.2708889],[-106.7663161,32.2712039],[-106.7666285,32.2717167],[-106.7669266,32.272205],[-106.7675446,32.2730867],[-106.7681078,32.2740202],[-106.7681339,32.2740607],[-106.7687086,32.2749522],[-106.7692719,32.2758797],[-106.7695728,32.2763542],[-106.7698548,32.2767964],[-106.7699639,32.2770746],[-106.77035,32.277535]]}},{"type":"Feature","properties":{"highway":"residential","name":"Center Drive"},"geometry":{"type":"LineString","coordinates":[[-106.7488423,32.2711917],[-106.7487922,32.2712597],[-106.7484629,32.2717176],[-106.7483718,32.2718455],[-106.7482777,32.2719658],[-106.7481865,32.2720571],[-106.7480969,32.2721269],[-106.7479867,32.2722102],[-106.747859,32.2722824],[-106.7477225,32.2723508],[-106.7475961,32.2723992],[-106.7474496,32.2724329],[-106.7473831,32.2724466],[-106.7469618,32.2725352]]}},{"type":"Feature","properties":{"highway":"residential","name":"Guthrie Place"},"geometry":{"type":"LineString","coordinates":[[-106.7471592,32.2917415],[-106.7470757,32.291758],[-106.7464218,32.2918871],[-106.7463391,32.2919031],[-106.746266,32.2919179],[-106.7457952,32.2920133],[-106.7456563,32.2920221],[-106.7455288,32.2920018]]}},{"type":"Feature","properties":{"highway":"residential","name":"Ironwood Drive"},"geometry":{"type":"LineString","coordinates":[[-106.7621075,32.2723358],[-106.7611376,32.2725662],[-106.7600545,32.2729493],[-106.7595293,32.2731083],[-106.759088,32.2732419],[-106.7582512,32.2733916]]}},{"type":"Feature","properties":{"highway":"residential","name":"Mary Circle"},"geometry":{"type":"LineString","coordinates":[[-106.750648,32.2660393],[-106.75099,32.266319]]}},{"type":"Feature","properties":{"highway":"residential","name":"Buena Vida Court"},"geometry":{"type":"LineString","coordinates":[[-106.7374983,32.2947469],[-106.7373486,32.2948353],[-106.7359826,32.2950989],[-106.7358891,32.2951169],[-106.7357136,32.2950772]]}},{"type":"Feature","properties":{"highway":"residential","name":"Apollo Drive"},"geometry":{"type":"LineString","coordinates":[[-106.7671409,32.2884471],[-106.7672669,32.2887053],[-106.7675988,32.2890681],[-106.7678691,32.2893045],[-106.7683103,32.2895909],[-106.7687333,32.2898092],[-106.7692767,32.2899211],[-106.7693859,32.2900059]]}},{"type":"Feature","properties":{"highway":"residential","name":"Branson Avenue"},"geometry":{"type":"LineString","coordinates":[[-106.762422,32.2922989],[-106.7614537,32.2926582],[-106.759545,32.2933771],[-106.7594303,32.2934105],[-106.7593022,32.2934156],[-106.7592265,32.2934111],[-106.7591674,32.2934099],[-106.7591178,32.2934179],[-106.7590588,32.2934428],[-106.7584915,32.2937999],[-106.7583477,32.2938633]]}},{"type":"Feature","properties":{"highway":"residential","name":"Branson Avenue"},"geometry":{"type":"LineString","coordinates":[[-106.7581909,32.2936479],[-106.7556889,32.2945896]]}},{"type":"Feature","properties":{"highway":"residential","name":"Shadow Run Avenue"},"geometry":{"type":"LineString","coordinates":[[-106.7322105,32.2788112],[-106.7317109,32.2785638],[-106.7316806,32.2785456],[-106.731652,32.278523],[-106.7316259,32.2784943],[-106.7316078,32.2784646],[-106.7315953,32.2784315],[-106.7315904,32.2783972],[-106.7315902,32.2783663],[-106.7316298,32.2779835],[-106.7316367,32.2779461],[-106.7316479,32.2779097],[-106.7316642,32.2778758],[-106.7316851,32.277844],[-106.7317103,32.2778152],[-106.7317421,32.2777871],[-106.7317744,32.2777643],[-106.7328085,32.2770684],[-106.7328618,32.2770376],[-106.7329147,32.2770088],[-106.7329714,32.2769807],[-106.7330336,32.2769552],[-106.7330949,32.2769343],[-106.7331544,32.2769184],[-106.7348809,32.2765138]]}},{"type":"Feature","properties":{"highway":"residential","name":"Wonder Lane"},"geometry":{"type":"LineString","coordinates":[[-106.7584326,32.2624699],[-106.7570671,32.2630154],[-106.7568415,32.2631058]]}},{"type":"Feature","properties":{"highway":"residential","name":"Sanchez Place"},"geometry":{"type":"LineString","coordinates":[[-106.7722465,32.2780338],[-106.7717433,32.2773614],[-106.7709371,32.2777683]]}},{"type":"Feature","properties":{"highway":"residential","name":"West Conway Avenue"},"geometry":{"type":"LineString","coordinates":[[-106.7680477,32.2776432],[-106.7682796,32.2775214],[-106.7683967,32.2774727],[-106.768782,32.2772958],[-106.769279,32.2770643],[-106.7698548,32.2767964],[-106.7717454,32.2759101],[-106.7728535,32.2753938],[-106.7741213,32.2747413],[-106.7750928,32.2742823],[-106.7756215,32.2739839],[-106.7769957,32.2732949],[-106.7783123,32.2726351],[-106.7783367,32.2726232],[-106.778731,32.2723814],[-106.7791105,32.2721487],[-106.7799661,32.2716827],[-106.7804873,32.2714083]]}},{"type":"Feature","properties":{"highway":"residential","name":"Sage Road"},"geometry":{"type":"LineString","coordinates":[[-106.7220789,32.2766073],[-106.7218169,32.2757716],[-106.7217221,32.2754681],[-106.7216188,32.2751347],[-106.720297,32.2711215]]}},{"type":"Feature","properties":{"highway":"residential","name":"Buena Vida Circle"},"geometry":{"type":"LineString","coordinates":[[-106.7357136,32.2950772],[-106.7356403,32.2950903],[-106.7350838,32.2951895],[-106.7336305,32.2954659],[-106.7333965,32.2955104],[-106.7327476,32.2956101],[-106.7325662,32.295638],[-106.7318622,32.2956341],[-106.7318344,32.2956302],[-106.7316788,32.2956171],[-106.7311936,32.2955351],[-106.7308377,32.29544],[-106.7305581,32.2953436],[-106.7303426,32.2952153],[-106.7302153,32.2950829],[-106.7301119,32.2949614],[-106.73004,32.2948221],[-106.7299864,32.2945274],[-106.7299993,32.2942993],[-106.730138,32.2940552],[-106.7302448,32.2939512],[-106.7317637,32.2927993]]}},{"type":"Feature","properties":{"highway":"unclassified","name":"Frenger Street"},"geometry":{"type":"LineString","coordinates":[[-106.7574651,32.2801624],[-106.7561395,32.2804051],[-106.7555712,32.2805092],[-106.7554803,32.2805255]]}},{"type":"Feature","properties":{"highway":"unclassified","name":"Geothermal Drive"},"geometry":{"type":"LineString","coordinates":[[-106.7256549,32.2825883],[-106.725196,32.2827041],[-106.7203543,32.2838538],[-106.7197875,32.283856],[-106.7194314,32.283942],[-106.7191491,32.2840102],[-106.7183391,32.2843458],[-106.7178241,32.2845181],[-106.7164401,32.2848401],[-106.7157803,32.2850578],[-106.7150239,32.2853764],[-106.7142595,32.2856711],[-106.713457,32.2859322],[-106.7124042,32.286295],[-106.7121886,32.2864127],[-106.7119217,32.2865986],[-106.7118157,32.2866848],[-106.7117248,32.2867448],[-106.7112914,32.2869127],[-106.7111293,32.2869897],[-106.710932,32.2871576],[-106.7107775,32.2873652],[-106.7104813,32.2876406],[-106.7102591,32.2878084],[-106.7101423,32.2878967],[-106.7088637,32.2887108],[-106.7084256,32.2890168],[-106.7077766,32.289434],[-106.7071435,32.2899465],[-106.7067128,32.2902663],[-106.7063655,32.2906683],[-106.7061818,32.2910423]]}},{"type":"Feature","properties":{"highway":"residential","name":"Arenoso Court"},"geometry":{"type":"LineString","coordinates":[[-106.7485477,32.2903164],[-106.7486381,32.29063]]}},{"type":"Feature","properties":{"highway":"residential","name":"Larry Drive"},"geometry":{"type":"LineString","coordinates":[[-106.7602379,32.2905568],[-106.7586683,32.2911556],[-106.7585409,32.2911428],[-106.7584606,32.2910693],[-106.7581111,32.2905791]]}},{"type":"Feature","properties":{"highway":"residential","name":"Boston Drive"},"geometry":{"type":"LineString","coordinates":[[-106.7526346,32.3009256],[-106.7525002,32.3004941],[-106.7524749,32.3004198],[-106.7524435,32.3003471],[-106.7524085,32.300278],[-106.752369,32.3002135],[-106.7523,32.3001109],[-106.7522554,32.3000411],[-106.7522091,32.2999624],[-106.7521716,32.2998911],[-106.7521359,32.2998154],[-106.7521054,32.2997438],[-106.7520768,32.2996647],[-106.7520517,32.2995923],[-106.7520283,32.2995169],[-106.7518056,32.2987539],[-106.7517998,32.2987286],[-106.751795,32.2987041],[-106.7517889,32.2986764],[-106.7517808,32.2986479],[-106.7516702,32.2982821],[-106.7513472,32.2976399],[-106.7511578,32.29699],[-106.7511322,32.2969021],[-106.7509891,32.2964321],[-106.7509934,32.296379],[-106.7510109,32.2963144],[-106.7510538,32.2962441],[-106.7511233,32.2961906],[-106.7511839,32.2961557],[-106.7512818,32.2961364],[-106.7514183,32.2960864],[-106.7515473,32.2960174],[-106.7516718,32.2959174],[-106.7518276,32.2957283],[-106.7520207,32.295565],[-106.7524713,32.2952658],[-106.7527154,32.2951207],[-106.7529351,32.2950332],[-106.7536077,32.2948883]]}},{"type":"Feature","properties":{"highway":"residential","name":"Breland Drive"},"geometry":{"type":"LineString","coordinates":[[-106.7490015,32.2812278],[-106.7489615,32.2810643],[-106.748882,32.2807489],[-106.7488496,32.2806324],[-106.7488026,32.2804613],[-106.7487759,32.2803648],[-106.748756,32.2802968]]}},{"type":"Feature","properties":{"highway":"tertiary","name":"South Don Roser Drive"},"geometry":{"type":"LineString","coordinates":[[-106.7417197,32.2988776],[-106.7413544,32.2977902],[-106.7408957,32.2969187],[-106.7406039,32.2960698],[-106.7403464,32.2951919],[-106.7401863,32.2947113],[-106.740046,32.294314],[-106.7394926,32.2926047],[-106.7394554,32.2922852],[-106.739493,32.2919632],[-106.7394984,32.2917002],[-106.7394233,32.2913782],[-106.7390875,32.2903137],[-106.7389389,32.2900145],[-106.738723,32.2897841],[-106.7383903,32.2895612],[-106.7380735,32.289455],[-106.7375816,32.2893577],[-106.7375072,32.2893291],[-106.7371887,32.2892067],[-106.7369198,32.2889942],[-106.7367924,32.2888342],[-106.7365782,32.2886202],[-106.7365456,32.2885866],[-106.7362494,32.2882818],[-106.7361873,32.2882156],[-106.7361234,32.2881475]]}},{"type":"Feature","properties":{"highway":"residential","name":"Sharon Circle"},"geometry":{"type":"LineString","coordinates":[[-106.7588894,32.2903014],[-106.7583877,32.289571],[-106.7582471,32.2895574],[-106.7576796,32.2896618],[-106.7575935,32.2897635],[-106.7576127,32.2898861],[-106.7581111,32.2905791]]}},{"type":"Feature","properties":{"highway":"residential","name":"Sandalwood Drive"},"geometry":{"type":"LineString","coordinates":[[-106.7268856,32.2772184],[-106.7264646,32.2773234],[-106.7256087,32.2775961],[-106.7249862,32.2778017],[-106.7245483,32.2779465],[-106.724312,32.2780246],[-106.7242262,32.2780572],[-106.7241413,32.2780931],[-106.7240604,32.2781333],[-106.7239687,32.2781813],[-106.7238622,32.2782463],[-106.7237341,32.2783307],[-106.7236594,32.2783813],[-106.7235735,32.2784346],[-106.7234929,32.2784814],[-106.7234242,32.2785163],[-106.7233578,32.2785486],[-106.7233022,32.2785709],[-106.7232458,32.2785911],[-106.7231904,32.2786073],[-106.723132,32.2786208]]}},{"type":"Feature","properties":{"highway":"residential","name":"Senna Drive"},"geometry":{"type":"LineString","coordinates":[[-106.7339325,32.2736205],[-106.7335515,32.273789],[-106.7333255,32.2738892],[-106.731857,32.2742468],[-106.7287201,32.2750108],[-106.7280258,32.2749332],[-106.7279905,32.2749292],[-106.7264348,32.2753011],[-106.7254363,32.2755735],[-106.7253076,32.2756086],[-106.7243218,32.2758779],[-106.722905,32.2761447],[-106.7225403,32.2764078],[-106.7220789,32.2766073],[-106.7204481,32.2770337],[-106.7201692,32.2769702]]}},{"type":"Feature","properties":{"highway":"residential","name":"Moon Shadow Place"},"geometry":{"type":"LineString","coordinates":[[-106.7325447,32.2783225],[-106.7327061,32.2784048],[-106.7327514,32.2784316],[-106.7327882,32.2784585],[-106.7328218,32.2784901],[-106.7328498,32.2785269],[-106.732874,32.278566],[-106.732894,32.2786097],[-106.7331797,32.2794936]]}},{"type":"Feature","properties":{"highway":"residential","name":"Holy Cross Road"},"geometry":{"type":"LineString","coordinates":[[-106.7531521,32.2541038],[-106.7525637,32.254208],[-106.7488049,32.2548741],[-106.7440098,32.2557238]]}},{"type":"Feature","properties":{"highway":"residential","name":"Watson Place"},"geometry":{"type":"LineString","coordinates":[[-106.7695313,32.2663439],[-106.7689876,32.2650335],[-106.7682168,32.2631744],[-106.7680018,32.262654],[-106.7678886,32.2623795],[-106.7675931,32.2616665]]}},{"type":"Feature","properties":{"highway":"tertiary","name":"Tortugas Drive"},"geometry":{"type":"LineString","coordinates":[[-106.7619132,32.2679262],[-106.761673,32.2679928],[-106.7613033,32.2680418],[-106.7610026,32.2681053],[-106.7608855,32.2681511],[-106.7607599,32.2682009],[-106.7598227,32.2687146],[-106.7593019,32.2689767],[-106.7592588,32.2689919],[-106.7587163,32.2691831],[-106.7578162,32.2695516],[-106.7564508,32.2700543],[-106.7554152,32.2704432],[-106.7543754,32.2708321],[-106.753073,32.271306]]}},{"type":"Feature","properties":{"highway":"residential","name":"Jasper Avenue"},"geometry":{"type":"LineString","coordinates":[[-106.760059,32.2757683],[-106.760236,32.2752104],[-106.7603916,32.2747296],[-106.760295,32.2746208],[-106.7597049,32.2744802],[-106.7594635,32.2743123],[-106.7592597,32.2740357],[-106.759088,32.2732419],[-106.7588305,32.2725344],[-106.7587125,32.2724754],[-106.7580634,32.2726704],[-106.7582512,32.2733916],[-106.7586213,32.2746434],[-106.7588413,32.2746933],[-106.7595226,32.2749383],[-106.760236,32.2752104]]}},{"type":"Feature","properties":{"highway":"residential","name":"Ronna Drive"},"geometry":{"type":"LineString","coordinates":[[-106.7428745,32.2620681],[-106.7421279,32.2624382],[-106.7413768,32.2628084],[-106.7406194,32.2631759],[-106.7398713,32.2635357]]}},{"type":"Feature","properties":{"highway":"residential","name":"Juan Diego Avenue"},"geometry":{"type":"LineString","coordinates":[[-106.75726,32.267271],[-106.756297,32.2676652],[-106.7553361,32.268074],[-106.7543272,32.2685023],[-106.7532984,32.2689398],[-106.7522856,32.2693484],[-106.7512751,32.2697693],[-106.750215,32.2701998],[-106.7493662,32.2705655]]}},{"type":"Feature","properties":{"highway":"residential","name":"Calle de Las Margaritas"},"geometry":{"type":"LineString","coordinates":[[-106.772589,32.2656127],[-106.7724037,32.2649133],[-106.7721051,32.2641814],[-106.7718956,32.2635706],[-106.7715051,32.2623956],[-106.7714399,32.2622255],[-106.7711798,32.2614923],[-106.7710687,32.2611598],[-106.771772,32.2609713]]}},{"type":"Feature","properties":{"highway":"residential","name":"Williams Avenue"},"geometry":{"type":"LineString","coordinates":[[-106.7511365,32.2813999],[-106.7511117,32.2813087],[-106.7510902,32.2812325],[-106.7510537,32.2811032],[-106.750989,32.2808742],[-106.7509715,32.2808121],[-106.7509311,32.2806634],[-106.7508273,32.2802819],[-106.7507806,32.2801102],[-106.750765,32.2800406],[-106.7507531,32.279989],[-106.7507489,32.2799698],[-106.7507357,32.2799174]]}},{"type":"Feature","properties":{"highway":"residential","name":"Bromilow Street"},"geometry":{"type":"LineString","coordinates":[[-106.7441997,32.2971088],[-106.7436902,32.2952507],[-106.743263,32.2941399]]}},{"type":"Feature","properties":{"highway":"residential","name":"Jett Avenue"},"geometry":{"type":"LineString","coordinates":[[-106.762009,32.2915778],[-106.7612657,32.2918533],[-106.76103,32.2919406],[-106.7586964,32.292784]]}},{"type":"Feature","properties":{"highway":"residential","name":"Colt Road"},"geometry":{"type":"LineString","coordinates":[[-106.7296862,32.2605919],[-106.7278838,32.2609839],[-106.7264339,32.2607794],[-106.7257638,32.2610315],[-106.7251378,32.2615342],[-106.7244335,32.2620113],[-106.723816,32.2625503],[-106.7238434,32.2628732],[-106.7239862,32.2633082]]}},{"type":"Feature","properties":{"highway":"residential","name":"Micro Road"},"geometry":{"type":"LineString","coordinates":[[-106.7281784,32.2623116],[-106.7278838,32.2609839]]}},{"type":"Feature","properties":{"highway":"tertiary","name":"Watson Lane"},"geometry":{"type":"LineString","coordinates":[[-106.7821935,32.2606251],[-106.7803123,32.2617018],[-106.778558,32.2628747],[-106.77683,32.264386],[-106.7755826,32.264901],[-106.7747337,32.265099],[-106.773737,32.2653363],[-106.7729699,32.2655252],[-106.772589,32.2656127],[-106.7696379,32.2663183],[-106.7695313,32.2663439],[-106.7682658,32.2666656],[-106.7663122,32.2671425],[-106.7646451,32.267558],[-106.7642978,32.2676399],[-106.7638367,32.2677612],[-106.7630707,32.2679447],[-106.7630255,32.2679513],[-106.7629821,32.267955],[-106.762921,32.2679552],[-106.7628569,32.2679513],[-106.7627913,32.2679425],[-106.7626658,32.267918],[-106.7624033,32.2678614],[-106.7623551,32.2678548],[-106.7623153,32.267853],[-106.7622817,32.2678521],[-106.7622436,32.2678574],[-106.7621733,32.2678747],[-106.7619132,32.2679262]]}},{"type":"Feature","properties":{"highway":"residential","name":"Aguirre Court"},"geometry":{"type":"LineString","coordinates":[[-106.7371557,32.2939768],[-106.7369795,32.2938919],[-106.736842,32.293698],[-106.7366521,32.2931595]]}},{"type":"Feature","properties":{"highway":"service","name":""},"geometry":{"type":"LineString","coordinates":[[-106.7525336,32.2736256],[-106.7533088,32.2740212],[-106.7533408,32.274047],[-106.7533598,32.2740862],[-106.7533974,32.2742289]]}},{"type":"Feature","properties":{"highway":"residential","name":"El Dorado Court"},"geometry":{"type":"LineString","coordinates":[[-106.7298545,32.2950555],[-106.7297848,32.294661],[-106.7296024,32.2943617],[-106.7295293,32.2941743],[-106.7295358,32.2939288],[-106.7295863,32.2937632],[-106.7297955,32.293482],[-106.7300637,32.2932644],[-106.7304661,32.2930603],[-106.7308362,32.2927338]]}},{"type":"Feature","properties":{"highway":"residential","name":"Macaw Circle"},"geometry":{"type":"LineString","coordinates":[[-106.7492058,32.2650478],[-106.7497534,32.265335]]}},{"type":"Feature","properties":{"highway":"residential","name":"Hollyhock"},"geometry":{"type":"LineString","coordinates":[[-106.7646676,32.2745173],[-106.7647022,32.2744395],[-106.7648149,32.2743676],[-106.7650893,32.2742386],[-106.7656295,32.2739905]]}},{"type":"Feature","properties":{"highway":"residential","name":"Avenue A"},"geometry":{"type":"LineString","coordinates":[[-106.7533974,32.2742289],[-106.7528004,32.2743307]]}},{"type":"Feature","properties":{"highway":"residential","name":"Avenue B"},"geometry":{"type":"LineString","coordinates":[[-106.7527196,32.2733599],[-106.7525336,32.2736256],[-106.7524537,32.2737375],[-106.752264,32.2740032]]}},{"type":"Feature","properties":{"highway":"residential","name":"Diamond Avenue"},"geometry":{"type":"LineString","coordinates":[[-106.7597049,32.2744802],[-106.7595226,32.2749383]]}},{"type":"Feature","properties":{"highway":"residential","name":"Avenue C"},"geometry":{"type":"LineString","coordinates":[[-106.7521086,32.273045],[-106.7518448,32.2734275],[-106.7516608,32.2736943]]}},{"type":"Feature","properties":{"highway":"residential","name":"Avenue D"},"geometry":{"type":"LineString","coordinates":[[-106.7514909,32.2727333],[-106.7512296,32.2731131],[-106.7510459,32.2733801]]}},{"type":"Feature","properties":{"highway":"residential","name":"Avenue E"},"geometry":{"type":"LineString","coordinates":[[-106.7508925,32.2724218],[-106.7506152,32.2728],[-106.7504207,32.2730653]]}},{"type":"Feature","properties":{"highway":"tertiary","name":"Carver Road"},"geometry":{"type":"LineString","coordinates":[[-106.7759345,32.2522406],[-106.7753059,32.2525209],[-106.7749435,32.2526825],[-106.773953,32.253273],[-106.77348,32.253593],[-106.7719952,32.2546355],[-106.7712956,32.2549996],[-106.7712291,32.2550343],[-106.7702858,32.255525],[-106.7689758,32.256207],[-106.7684262,32.2564911],[-106.7674644,32.2569884],[-106.7673923,32.257023],[-106.766664,32.2573726],[-106.7658328,32.2577534],[-106.7648731,32.2582429],[-106.7630837,32.2591148],[-106.7629412,32.2591839],[-106.7628218,32.2592424],[-106.7621086,32.25959],[-106.7620381,32.2596185],[-106.762006,32.25964],[-106.761977,32.2596546],[-106.7618184,32.2597348],[-106.761367,32.2599629],[-106.7611066,32.2600944],[-106.7605754,32.260363],[-106.7599142,32.2606794],[-106.7592881,32.2609791],[-106.7588417,32.2611929],[-106.7581564,32.2615211],[-106.7581009,32.2615463],[-106.7579197,32.2616341]]}},{"type":"Feature","properties":{"highway":"residential","name":"San Pablo Road"},"geometry":{"type":"LineString","coordinates":[[-106.7689758,32.256207],[-106.7658913,32.2518423],[-106.7649444,32.250594]]}},{"type":"Feature","properties":{"highway":"residential","name":"O Donnell Drive"},"geometry":{"type":"LineString","coordinates":[[-106.7465611,32.292704],[-106.7461076,32.2927915],[-106.7458813,32.2928289],[-106.7456555,32.2928521],[-106.7454604,32.2928502],[-106.7452334,32.2928359],[-106.7447896,32.2927887],[-106.7445776,32.292772],[-106.7444716,32.2927785],[-106.7443656,32.2927915],[-106.7442247,32.2928308],[-106.7440958,32.2928799],[-106.7438219,32.2929826],[-106.7434862,32.29305]]}},{"type":"Feature","properties":{"highway":"residential","name":"Illinois Avenue"},"geometry":{"type":"LineString","coordinates":[[-106.7470727,32.2884256],[-106.7471639,32.2883531],[-106.7477603,32.2882315],[-106.7485201,32.2880769]]}},{"type":"Feature","properties":{"highway":"residential","name":"College Place"},"geometry":{"type":"LineString","coordinates":[[-106.765516,32.2851733],[-106.7653483,32.284713],[-106.7642647,32.2848298],[-106.7641068,32.2848617],[-106.7639643,32.284916],[-106.7638271,32.2849711],[-106.7637135,32.2850396],[-106.763581,32.2851355],[-106.7634902,32.2852335],[-106.7634241,32.2853475],[-106.7633963,32.2854614],[-106.7633906,32.2855471],[-106.763404,32.28563],[-106.7635226,32.2860153]]}},{"type":"Feature","properties":{"highway":"residential","name":"Tobosa Road"},"geometry":{"type":"LineString","coordinates":[[-106.7201692,32.2769702],[-106.7199546,32.2768704],[-106.719881,32.2766451],[-106.7191128,32.2742722],[-106.719057,32.2741073],[-106.7190168,32.2739596],[-106.7189766,32.2738425],[-106.7189139,32.2736486],[-106.718637,32.2727027],[-106.718018,32.2717733],[-106.7177324,32.2708503],[-106.7176919,32.2707265],[-106.7175906,32.2704161],[-106.7175847,32.2703958],[-106.7175246,32.2702869],[-106.7174216,32.2700765],[-106.7173272,32.2698152],[-106.7173616,32.269612],[-106.7174817,32.2693798],[-106.717765,32.2691838],[-106.7192148,32.2688612],[-106.7192899,32.2686888],[-106.7189797,32.2678114]]}},{"type":"Feature","properties":{"highway":"unclassified","name":"East Farney Lane"},"geometry":{"type":"LineString","coordinates":[[-106.7733536,32.2859506],[-106.7732418,32.2860265],[-106.7727556,32.2863277],[-106.7719014,32.286858],[-106.771688,32.2869796],[-106.7714396,32.2870984],[-106.7706377,32.2873491],[-106.7676499,32.2882933],[-106.7671409,32.2884471],[-106.7667923,32.2885305],[-106.765972,32.2887096],[-106.7645517,32.2890179],[-106.7641288,32.2891154],[-106.7640327,32.2891414],[-106.7638807,32.2891826],[-106.7632399,32.2893345],[-106.7630417,32.2893772],[-106.7625883,32.2894748],[-106.7624918,32.2894956],[-106.761899,32.2896233],[-106.7614216,32.2897185],[-106.7610735,32.2897286],[-106.7609549,32.2897321],[-106.760593,32.2897315],[-106.7604588,32.2897484],[-106.7603004,32.2897684],[-106.7601306,32.2898365],[-106.7598568,32.2899463]]}},{"type":"Feature","properties":{"highway":"residential","name":"Crescent Drive"},"geometry":{"type":"LineString","coordinates":[[-106.7675988,32.2890681],[-106.766462,32.2893232],[-106.7655061,32.2895336],[-106.7649372,32.2896472],[-106.7648119,32.2896278],[-106.7647153,32.2895326],[-106.7645517,32.2890179],[-106.7640582,32.2876755],[-106.7638517,32.2870815],[-106.7638359,32.2869671],[-106.7638812,32.2868842],[-106.7639565,32.2868197],[-106.7640877,32.2867709],[-106.7644444,32.2867005],[-106.7646003,32.2866814],[-106.7647421,32.2867005],[-106.764954,32.2868275],[-106.7651743,32.2870193],[-106.7653698,32.2872334],[-106.76548,32.2874104],[-106.7655498,32.2875884],[-106.7657292,32.2880599],[-106.765972,32.2887096]]}},{"type":"Feature","properties":{"highway":"residential","name":"South Crescent Drive"},"geometry":{"type":"LineString","coordinates":[[-106.7645624,32.2875486],[-106.7640582,32.2876755]]}},{"type":"Feature","properties":{"highway":"residential","name":"South Crescent Drive"},"geometry":{"type":"LineString","coordinates":[[-106.7657292,32.2880599],[-106.7652789,32.2881485],[-106.7652252,32.2881462],[-106.7651592,32.2881154]]}},{"type":"Feature","properties":{"highway":"residential","name":"Oleta Drive"},"geometry":{"type":"LineString","coordinates":[[-106.749794,32.2642382],[-106.750429,32.2644853],[-106.7505399,32.2645331],[-106.7506444,32.2645871],[-106.7507405,32.264648],[-106.7508303,32.2647133],[-106.750907,32.264773],[-106.7514867,32.2652487],[-106.7530506,32.266543]]}},{"type":"Feature","properties":{"highway":"residential","name":"Remington Road"},"geometry":{"type":"LineString","coordinates":[[-106.721537,32.2639098],[-106.7214194,32.2635545],[-106.7213248,32.2631482],[-106.7212432,32.2628119],[-106.7211512,32.2626302],[-106.7210304,32.2624492],[-106.7208695,32.2622719],[-106.7206652,32.2620974],[-106.7204444,32.2619838],[-106.7202146,32.2618922],[-106.7200555,32.2618455],[-106.7195091,32.2617323],[-106.7190277,32.2616461],[-106.7174558,32.2613242],[-106.7166302,32.2611223],[-106.716008,32.2608502],[-106.7154072,32.2605508],[-106.7149083,32.2603512],[-106.7143289,32.2601607],[-106.7138193,32.2600699],[-106.7134009,32.2600155],[-106.7128,32.2599928],[-106.7122668,32.260077],[-106.7105041,32.2604555],[-106.7092059,32.260764],[-106.708707,32.2608366],[-106.7082081,32.2608638],[-106.7077307,32.2608275],[-106.7073069,32.2607549],[-106.7062984,32.260451],[-106.7055849,32.2603603],[-106.7048929,32.2604419],[-106.7042223,32.2605099],[-106.7038844,32.2604918],[-106.7035572,32.2604101],[-106.7026881,32.2599973],[-106.7021678,32.2596979],[-106.7020015,32.2595029],[-106.7019264,32.2592761],[-106.7019247,32.257656],[-106.7019241,32.2567754],[-106.7019238,32.2563491],[-106.7019237,32.2560812],[-106.7019231,32.2550863],[-106.7019228,32.2547253],[-106.7019223,32.2540147],[-106.7019216,32.2530898],[-106.7019215,32.2528195],[-106.7019211,32.252258],[-106.701921,32.2520947],[-106.7019278,32.25089],[-106.7019297,32.2505521],[-106.7019317,32.2503117]]}},{"type":"Feature","properties":{"highway":"unclassified","name":"Montana Avenue"},"geometry":{"type":"LineString","coordinates":[[-106.7745273,32.2933445],[-106.773245,32.2936237],[-106.7731181,32.2936513],[-106.7727761,32.2937258],[-106.7723169,32.2938258],[-106.7721525,32.2938617],[-106.7718449,32.2939343],[-106.7716952,32.2939697],[-106.7715264,32.2940096],[-106.7712334,32.2940788],[-106.7710268,32.2941277],[-106.7709397,32.2941482],[-106.7706388,32.2942193],[-106.770371,32.2942826],[-106.7695752,32.2944707],[-106.7688453,32.2946432],[-106.7686571,32.2946921],[-106.7686199,32.2947214],[-106.7685435,32.2947817]]}},{"type":"Feature","properties":{"highway":"residential","name":"Turtle Dove Place"},"geometry":{"type":"LineString","coordinates":[[-106.7598227,32.2687146],[-106.7589296,32.2674802]]}},{"type":"Feature","properties":{"highway":"residential","name":"Scale Court"},"geometry":{"type":"LineString","coordinates":[[-106.7281054,32.2801683],[-106.7280626,32.280095],[-106.7279694,32.2799145],[-106.7279206,32.2796985],[-106.7279729,32.2794878],[-106.7280744,32.2792909],[-106.7281909,32.2791051]]}},{"type":"Feature","properties":{"highway":"unclassified","name":"South Horseshoe Street"},"geometry":{"type":"LineString","coordinates":[[-106.7568735,32.281737],[-106.7566964,32.2817164],[-106.7565157,32.2816797],[-106.756364,32.2816029],[-106.7562361,32.2814942],[-106.7561442,32.2814384],[-106.7559852,32.281391],[-106.755916,32.2813798],[-106.7558435,32.2813759],[-106.7558064,32.2813783],[-106.7557086,32.2813958]]}},{"type":"Feature","properties":{"highway":"residential","name":"Jones Road"},"geometry":{"type":"LineString","coordinates":[[-106.7721525,32.2938617],[-106.7719256,32.2931446],[-106.7717188,32.2924908],[-106.7716865,32.2923887]]}},{"type":"Feature","properties":{"highway":"residential","name":"Turquoise Loop"},"geometry":{"type":"LineString","coordinates":[[-106.7598048,32.2723268],[-106.759719,32.272151],[-106.7597989,32.2719866],[-106.7598943,32.2719233],[-106.7601931,32.2718313],[-106.7602712,32.2718473],[-106.7603379,32.2718767],[-106.7604492,32.2720978]]}},{"type":"Feature","properties":{"highway":"residential","name":"Rentfrow Avenue"},"geometry":{"type":"LineString","coordinates":[[-106.7509836,32.2918257],[-106.7501938,32.2923487],[-106.748469,32.2933098],[-106.7483102,32.2933998],[-106.7481441,32.2934577],[-106.7479059,32.2935321],[-106.7476707,32.2935793],[-106.7468504,32.2937477]]}},{"type":"Feature","properties":{"highway":"tertiary","name":"Geothermal Drive"},"geometry":{"type":"LineString","coordinates":[[-106.7368215,32.279348],[-106.7354501,32.2801129]]}},{"type":"Feature","properties":{"highway":"residential","name":"Tepeyac Street"},"geometry":{"type":"LineString","coordinates":[[-106.7497006,32.2692624],[-106.750215,32.2701998]]}},{"type":"Feature","properties":{"highway":"residential","name":"Corbett Avenue"},"geometry":{"type":"LineString","coordinates":[[-106.7527357,32.2924456],[-106.7527445,32.2924739],[-106.752756,32.2925049],[-106.7527697,32.2925351],[-106.7530066,32.2929837],[-106.7530882,32.2930597],[-106.7531918,32.2931166]]}},{"type":"Feature","properties":{"highway":"residential","name":"Newberry Lane"},"geometry":{"type":"LineString","coordinates":[[-106.7573338,32.2876132],[-106.7565989,32.2877413]]}},{"type":"Feature","properties":{"highway":"residential","name":"Sotol Drive"},"geometry":{"type":"LineString","coordinates":[[-106.7315582,32.266794],[-106.7313109,32.2668358],[-106.7311528,32.2668625],[-106.7304135,32.2670624],[-106.7303124,32.2670897],[-106.7301578,32.2671618],[-106.7297813,32.267338],[-106.7287068,32.2678971],[-106.728051,32.2682432],[-106.7278401,32.2684668],[-106.7277954,32.2685146],[-106.7275719,32.2686368],[-106.7268636,32.2687969],[-106.7266908,32.2688362],[-106.72642,32.2689404],[-106.7262922,32.2689898],[-106.725992,32.2693849],[-106.7257696,32.2695412],[-106.725675,32.2696077],[-106.724692,32.269904],[-106.7236828,32.270154],[-106.7225403,32.270487]]}},{"type":"Feature","properties":{"highway":"residential","name":"Sweet Avenue"},"geometry":{"type":"LineString","coordinates":[[-106.7516395,32.2751997],[-106.751617,32.2751385],[-106.7515627,32.2750348],[-106.7514772,32.2749223],[-106.7514373,32.2748862],[-106.7513797,32.2748465],[-106.7512697,32.2747921],[-106.7505535,32.2744168],[-106.7501351,32.2742025],[-106.7500091,32.2741435],[-106.7498773,32.2741037],[-106.7497301,32.27408],[-106.7495662,32.2740651],[-106.7493358,32.2740754],[-106.7491892,32.2740946]]}},{"type":"Feature","properties":{"highway":"residential","name":"La Posada Lane"},"geometry":{"type":"LineString","coordinates":[[-106.7699573,32.2829854],[-106.7698871,32.2830913],[-106.7698448,32.2831492],[-106.7694008,32.2837575],[-106.7693858,32.2837792],[-106.7693643,32.2838048],[-106.7693085,32.2838712],[-106.7692388,32.2839166],[-106.7691735,32.2839444]]}},{"type":"Feature","properties":{"highway":"residential","name":"Tyre Circle"},"geometry":{"type":"LineString","coordinates":[[-106.7447896,32.2927887],[-106.7447975,32.292577],[-106.7447896,32.2924712],[-106.7447479,32.2923555],[-106.7446725,32.2922507],[-106.7445632,32.2921521],[-106.7444373,32.2920847],[-106.7442878,32.2920421],[-106.7440923,32.2920264],[-106.7436145,32.2920417]]}},{"type":"Feature","properties":{"highway":"residential","name":"East Park Drive"},"geometry":{"type":"LineString","coordinates":[[-106.7628391,32.2930244],[-106.7627962,32.2929965],[-106.762422,32.2922989],[-106.762009,32.2915778],[-106.7618829,32.291357],[-106.7617945,32.2912024],[-106.7617302,32.2910898],[-106.7615945,32.2908523],[-106.761072,32.2899372],[-106.7610383,32.2898781],[-106.7609549,32.2897321]]}},{"type":"Feature","properties":{"highway":"tertiary","name":"East Union Avenue"},"geometry":{"type":"LineString","coordinates":[[-106.7662124,32.2749171],[-106.7657596,32.2751204],[-106.7656692,32.2751611],[-106.7651467,32.2753963],[-106.7647678,32.2755715],[-106.7642449,32.2758149],[-106.7638917,32.2759702],[-106.7637408,32.276037],[-106.7636088,32.2760958],[-106.7633914,32.2761922],[-106.762964,32.2763741],[-106.7628217,32.2764409],[-106.7623431,32.2766649],[-106.7622267,32.2767499],[-106.7621017,32.2768418]]}},{"type":"Feature","properties":{"highway":"residential","name":"Wall Avenue"},"geometry":{"type":"LineString","coordinates":[[-106.7551336,32.2658316],[-106.7550755,32.2658313],[-106.7550133,32.2658357],[-106.7549545,32.2658447],[-106.7549026,32.2658585],[-106.7541498,32.2661738],[-106.7540808,32.2662015],[-106.7540148,32.2662224],[-106.7539448,32.2662397],[-106.7538755,32.2662512],[-106.7537961,32.2662562],[-106.7537168,32.266258],[-106.753653,32.2662623],[-106.7535917,32.2662721],[-106.7535335,32.2662889],[-106.753477,32.2663111],[-106.7534157,32.2663413],[-106.7533451,32.266379],[-106.7530506,32.266543],[-106.7528107,32.2666833],[-106.752709,32.2667414],[-106.7526108,32.2667923],[-106.7525151,32.2668412],[-106.7524253,32.2668831],[-106.7523319,32.2669236],[-106.7521877,32.2669843],[-106.7507615,32.2675519],[-106.7507087,32.2675682],[-106.7506515,32.2675793],[-106.7505946,32.2675831],[-106.7505383,32.2675799]]}},{"type":"Feature","properties":{"highway":"residential","name":"Jill Circle"},"geometry":{"type":"LineString","coordinates":[[-106.7485298,32.2659565],[-106.748893,32.2661443]]}},{"type":"Feature","properties":{"highway":"residential","name":"Newton Street"},"geometry":{"type":"LineString","coordinates":[[-106.7434217,32.2972751],[-106.7427319,32.2951919],[-106.7424369,32.2942714]]}},{"type":"Feature","properties":{"highway":"residential","name":"Espina Street"},"geometry":{"type":"LineString","coordinates":[[-106.7539893,32.274765],[-106.7539663,32.2746819],[-106.7537534,32.2739147],[-106.7537323,32.2738743],[-106.7536958,32.2738449],[-106.7527196,32.2733599],[-106.7521086,32.273045],[-106.7514909,32.2727333],[-106.7508925,32.2724218],[-106.7507909,32.2723723]]}},{"type":"Feature","properties":{"highway":"residential","name":"Espina Street"},"geometry":{"type":"LineString","coordinates":[[-106.749656,32.2669143],[-106.7497353,32.2669674],[-106.7498083,32.2670192],[-106.7498595,32.2670573],[-106.7499107,32.2670982],[-106.7499702,32.2671476],[-106.7500381,32.267208],[-106.7500957,32.2672636],[-106.7501455,32.2673145],[-106.750193,32.2673687],[-106.7502371,32.2674166],[-106.7502824,32.2674651],[-106.7503261,32.2675015],[-106.7503746,32.2675306],[-106.7504249,32.2675535],[-106.7504815,32.2675704],[-106.7505383,32.2675799]]}},{"type":"Feature","properties":{"highway":"residential","name":"Gamble Court"},"geometry":{"type":"LineString","coordinates":[[-106.7298498,32.2796776],[-106.72984,32.2795685],[-106.7298788,32.2783943]]}},{"type":"Feature","properties":{"highway":"tertiary","name":"West Union Avenue"},"geometry":{"type":"LineString","coordinates":[[-106.7662124,32.2749171],[-106.7665337,32.2747627],[-106.7665772,32.2747435],[-106.7666724,32.2746999],[-106.7670383,32.2745284],[-106.7675269,32.274296],[-106.7681078,32.2740202],[-106.7690453,32.2735373],[-106.7694473,32.2733251],[-106.7705232,32.2727594],[-106.7708989,32.2725619],[-106.7721582,32.2719108],[-106.7725641,32.2716905],[-106.772939,32.2714872],[-106.7735948,32.2711232],[-106.7746168,32.2706013],[-106.7748173,32.2705017],[-106.7754608,32.2701551],[-106.7757726,32.2699985],[-106.7761701,32.2697994],[-106.7761977,32.2697848],[-106.7763509,32.2697036],[-106.7767185,32.2695115],[-106.7771997,32.2692545],[-106.7777898,32.2689596],[-106.7782726,32.2687328]]}},{"type":"Feature","properties":{"highway":"unclassified","name":"Wendell Street"},"geometry":{"type":"LineString","coordinates":[[-106.753449,32.2829198],[-106.7534352,32.282857],[-106.753254,32.2821415]]}},{"type":"Feature","properties":{"highway":"residential","name":"Bell Avenue"},"geometry":{"type":"LineString","coordinates":[[-106.7668158,32.2758414],[-106.7662651,32.2760952],[-106.7657445,32.276331]]}},{"type":"Feature","properties":{"highway":"residential","name":"Bell Avenue"},"geometry":{"type":"LineString","coordinates":[[-106.7676527,32.2754541],[-106.768122,32.2752307],[-106.7687086,32.2749522],[-106.7696724,32.2744864],[-106.7705849,32.2740682],[-106.7716239,32.2736088]]}},{"type":"Feature","properties":{"highway":"residential","name":"Vista Cuesta"},"geometry":{"type":"LineString","coordinates":[[-106.7421561,32.2649749],[-106.7422068,32.2649954],[-106.7422551,32.2650184],[-106.7423093,32.2650496],[-106.7424397,32.2651303],[-106.7425761,32.2652178],[-106.7427291,32.2653206],[-106.7450257,32.266964]]}},{"type":"Feature","properties":{"highway":"tertiary","name":"Las Alturas Drive"},"geometry":{"type":"LineString","coordinates":[[-106.7359005,32.2796505],[-106.7351295,32.2772781],[-106.735081,32.2771246],[-106.7348809,32.2765138],[-106.7345088,32.2753843],[-106.7339325,32.2736205],[-106.7333941,32.2719864],[-106.7331129,32.2710195],[-106.7326742,32.2701493],[-106.7319528,32.2693586],[-106.7318469,32.2692415],[-106.7316879,32.268929],[-106.7316535,32.268856],[-106.7316239,32.2687928],[-106.7316018,32.268743],[-106.7315844,32.2686971],[-106.7315717,32.2686581],[-106.7315613,32.2686182],[-106.7314972,32.2682054],[-106.7315144,32.2679078],[-106.7315745,32.2675957],[-106.731626,32.2672111],[-106.7315582,32.266794],[-106.7313938,32.2662297],[-106.7313668,32.2661369],[-106.7312436,32.2658076],[-106.7310521,32.2652957],[-106.7307974,32.2643111],[-106.7305667,32.2631825],[-106.730414,32.2627088],[-106.7301312,32.2618325],[-106.7296862,32.2605919],[-106.7285392,32.2571182],[-106.7282876,32.2565281],[-106.7280637,32.2560888],[-106.7280591,32.2560797],[-106.72786,32.2556897],[-106.7276422,32.2553237],[-106.7273303,32.2548146],[-106.7268793,32.254174],[-106.7260176,32.252967],[-106.7259276,32.2528406],[-106.7252719,32.2519199],[-106.7247974,32.2512819],[-106.7245531,32.2509493],[-106.7241579,32.2504023],[-106.7236633,32.249693],[-106.722879,32.2485857],[-106.7222058,32.2476471],[-106.7218076,32.2470859],[-106.7215027,32.2466645],[-106.7203704,32.2450957],[-106.7202005,32.2448618],[-106.7191335,32.2433891],[-106.717915,32.2416789],[-106.71626,32.2393847],[-106.7156744,32.2385663],[-106.71299,32.2348268],[-106.7107064,32.2316455],[-106.7091268,32.2294453],[-106.7069644,32.2264428],[-106.703632,32.221972],[-106.703166,32.221333],[-106.700101,32.217047],[-106.6796839,32.18843]]}},{"type":"Feature","properties":{"highway":"tertiary","name":"Las Alturas Drive"},"geometry":{"type":"LineString","coordinates":[[-106.7360238,32.2800188],[-106.7359005,32.2796505]]}},{"type":"Feature","properties":{"highway":"secondary","name":"East University Avenue"},"geometry":{"type":"LineString","coordinates":[[-106.7332421,32.2901304],[-106.7337123,32.2898667],[-106.7339018,32.2897303],[-106.7340873,32.2895963],[-106.734194,32.2895196]]}},{"type":"Feature","properties":{"highway":"primary","name":"East University Avenue"},"geometry":{"type":"LineString","coordinates":[[-106.7383735,32.2873511],[-106.7390571,32.2871974]]}},{"type":"Feature","properties":{"highway":"secondary","name":"East University Avenue"},"geometry":{"type":"LineString","coordinates":[[-106.7332421,32.2901304],[-106.7330949,32.2902391],[-106.732754,32.2904909],[-106.7318144,32.2912377],[-106.7308968,32.2919348],[-106.7308259,32.2919855],[-106.7288743,32.2934372],[-106.7288093,32.293491],[-106.7287728,32.2935215],[-106.7286186,32.2936938]]}},{"type":"Feature","properties":{"highway":"primary","name":"East University Avenue"},"geometry":{"type":"LineString","coordinates":[[-106.7485119,32.2856082],[-106.7483715,32.28558],[-106.7482061,32.2856148],[-106.7479992,32.2856557],[-106.7475444,32.2857417],[-106.7474105,32.285767],[-106.7473087,32.2857863],[-106.7466868,32.2859042],[-106.7462538,32.2859785],[-106.7460304,32.2860097],[-106.7458498,32.2860292],[-106.7456405,32.2860459],[-106.7454928,32.286055],[-106.7452,32.2860697],[-106.7450578,32.2860741],[-106.7449991,32.2860759],[-106.7448315,32.2860731],[-106.7446084,32.286057],[-106.7443701,32.2860345],[-106.7439968,32.2860091],[-106.7438201,32.2860026],[-106.7436263,32.2860067],[-106.7435531,32.2860101],[-106.7434263,32.286011]]}},{"type":"Feature","properties":{"highway":"primary","name":"East University Avenue"},"geometry":{"type":"LineString","coordinates":[[-106.7390209,32.2870692],[-106.738317,32.2872292]]}},{"type":"Feature","properties":{"highway":"secondary","name":"East University Avenue"},"geometry":{"type":"LineString","coordinates":[[-106.738317,32.2872292],[-106.7372854,32.2874365],[-106.737035,32.2874893]]}},{"type":"Feature","properties":{"highway":"residential","name":"Wildwood Place"},"geometry":{"type":"LineString","coordinates":[[-106.7229665,32.2781037],[-106.7229916,32.2782057],[-106.7230229,32.2783078],[-106.723132,32.2786208],[-106.7233033,32.2791514],[-106.723388,32.2793997],[-106.7235663,32.2799124]]}},{"type":"Feature","properties":{"highway":"tertiary","name":"Loop Drive"},"geometry":{"type":"LineString","coordinates":[[-106.7363051,32.2808921],[-106.7361636,32.2809259],[-106.7358202,32.2809996],[-106.7356861,32.281017],[-106.7355574,32.2810166],[-106.7354313,32.2810113],[-106.7353013,32.2809849],[-106.7351604,32.2809342],[-106.7350263,32.2808624],[-106.7348386,32.2807082],[-106.7347313,32.2805767],[-106.7346923,32.2805136],[-106.7346426,32.280424]]}},{"type":"Feature","properties":{"highway":"residential","name":"Memorial Court"},"geometry":{"type":"LineString","coordinates":[[-106.7367924,32.2888342],[-106.7364501,32.2891],[-106.7363674,32.2891645],[-106.7362846,32.2892292],[-106.7359769,32.2893914],[-106.7356109,32.2895998],[-106.7349431,32.2899809],[-106.7348559,32.2900312],[-106.7346421,32.2901128],[-106.7345163,32.2901351]]}},{"type":"Feature","properties":{"highway":"tertiary","name":"Wells Street"},"geometry":{"type":"LineString","coordinates":[[-106.7471537,32.2762541],[-106.7466359,32.2764909],[-106.745377,32.2770827],[-106.7453324,32.2771037],[-106.7452729,32.2771309],[-106.7452296,32.2771462],[-106.7451368,32.2771692],[-106.7451083,32.2771762],[-106.744403,32.2773506],[-106.743559,32.2775593],[-106.7433053,32.2776127],[-106.7432327,32.2776271],[-106.7431652,32.2776387],[-106.7430897,32.2776488],[-106.7429791,32.2776558],[-106.7428596,32.2776592],[-106.7427087,32.2776556],[-106.742618,32.27765],[-106.7425181,32.2776413],[-106.7424278,32.2776247],[-106.7423264,32.2776035],[-106.742001,32.2775304],[-106.7417779,32.2774872],[-106.741649,32.2774699],[-106.7415824,32.2774645],[-106.7414982,32.2774584],[-106.741396,32.2774573],[-106.7412816,32.2774604],[-106.7411598,32.2774689],[-106.7410418,32.2774812],[-106.7409261,32.2774981],[-106.7408093,32.2775179],[-106.7406682,32.2775448],[-106.7405819,32.2775635],[-106.7405022,32.277582],[-106.7403183,32.2776285],[-106.7400734,32.2776975],[-106.7398547,32.2777664],[-106.7396997,32.2778227],[-106.7396329,32.277849],[-106.739535,32.277888],[-106.739498,32.2779037],[-106.7394514,32.277923],[-106.7393449,32.2779705]]}},{"type":"Feature","properties":{"highway":"secondary","name":"South Telshor Boulevard"},"geometry":{"type":"LineString","coordinates":[[-106.7341556,32.2894184],[-106.734194,32.2895196],[-106.7342729,32.2897934],[-106.7343932,32.2902138],[-106.7344908,32.2905927],[-106.7345936,32.2906773]]}},{"type":"Feature","properties":{"highway":"residential","name":"Herb Wimberly Drive"},"geometry":{"type":"LineString","coordinates":[[-106.7260787,32.282484],[-106.7263261,32.2828977],[-106.7268458,32.2833638],[-106.726996,32.2836223],[-106.7270765,32.2839443],[-106.7270229,32.2842663],[-106.7268888,32.2845792],[-106.7266313,32.2848332],[-106.7261753,32.2851053],[-106.7259542,32.2853291],[-106.7253308,32.2859612],[-106.7251591,32.2861353],[-106.725097,32.2861982]]}},{"type":"Feature","properties":{"highway":"residential","name":"Citizens Place"},"geometry":{"type":"LineString","coordinates":[[-106.7352366,32.28875],[-106.7353805,32.2888663],[-106.735539,32.288985],[-106.735575,32.2890119],[-106.735834,32.2892564],[-106.7359769,32.2893914]]}},{"type":"Feature","properties":{"highway":"service","name":""},"geometry":{"type":"LineString","coordinates":[[-106.7237711,32.2611718],[-106.7232677,32.2606279],[-106.7232408,32.2605599],[-106.7231818,32.2605463]]}},{"type":"Feature","properties":{"highway":"service","name":""},"geometry":{"type":"LineString","coordinates":[[-106.7341724,32.2936024],[-106.7338241,32.2921862],[-106.7341035,32.292136],[-106.7343127,32.2920985],[-106.7347138,32.2920266],[-106.7347997,32.2920102]]}},{"type":"Feature","properties":{"highway":"service","name":""},"geometry":{"type":"LineString","coordinates":[[-106.7343127,32.2920985],[-106.7346952,32.2935268]]}},{"type":"Feature","properties":{"highway":"service","name":""},"geometry":{"type":"LineString","coordinates":[[-106.7341035,32.292136],[-106.7344628,32.2935678]]}},{"type":"Feature","properties":{"highway":"service","name":""},"geometry":{"type":"LineString","coordinates":[[-106.7347138,32.2920266],[-106.7350496,32.2932691]]}},{"type":"Feature","properties":{"highway":"residential","name":"Research Park Circle"},"geometry":{"type":"LineString","coordinates":[[-106.7433332,32.2698236],[-106.7431886,32.2697228],[-106.7428097,32.2694585],[-106.7425519,32.2693191],[-106.7423566,32.2692927],[-106.7421145,32.2693258],[-106.74204,32.2693381],[-106.7418332,32.2693723],[-106.7416124,32.2693455],[-106.7415598,32.2693391],[-106.7413411,32.2692263],[-106.7411056,32.2690154],[-106.741052,32.2689674],[-106.7409349,32.2688545]]}},{"type":"Feature","properties":{"highway":"tertiary","name":"Arrowhead Drive"},"geometry":{"type":"LineString","coordinates":[[-106.7420283,32.2678925],[-106.7419635,32.2679495],[-106.7409349,32.2688545],[-106.7396699,32.2699371],[-106.7382242,32.2711981],[-106.7381027,32.2713473],[-106.7380299,32.2714727],[-106.7380106,32.2715059],[-106.7379123,32.2717044],[-106.7378499,32.2718991],[-106.7378157,32.2720945],[-106.7378055,32.2722349],[-106.7378144,32.2724823],[-106.7378573,32.2726364],[-106.737949,32.273036],[-106.7381164,32.2736477],[-106.7384662,32.2749677],[-106.7390018,32.2770222],[-106.7392314,32.2778744],[-106.7392736,32.2779101],[-106.7393449,32.2779705]]}},{"type":"Feature","properties":{"highway":"service","name":""},"geometry":{"type":"LineString","coordinates":[[-106.7358767,32.269061],[-106.7336693,32.2696528]]}},{"type":"Feature","properties":{"highway":"service","name":""},"geometry":{"type":"LineString","coordinates":[[-106.742799,32.2769305],[-106.7424391,32.2769362],[-106.7423932,32.2770376],[-106.7423704,32.2770807],[-106.7423482,32.2771107],[-106.7423165,32.2771402],[-106.7422764,32.277168],[-106.7421547,32.2772431],[-106.7421237,32.2772657],[-106.7420942,32.2772944],[-106.7420741,32.2773216],[-106.7420559,32.2773625],[-106.742001,32.2775304]]}},{"type":"Feature","properties":{"highway":"tertiary","name":"Arrowhead Drive"},"geometry":{"type":"LineString","coordinates":[[-106.7393449,32.2779705],[-106.739374,32.2778672],[-106.7393904,32.2778194],[-106.7391729,32.2769909],[-106.7389158,32.2760072],[-106.7388205,32.2756361],[-106.7386886,32.2751377],[-106.7386012,32.2748191],[-106.7385052,32.2744546],[-106.7383882,32.2740102],[-106.7382849,32.2736177],[-106.7380211,32.2726059],[-106.7379841,32.2722343],[-106.7379995,32.272065],[-106.7380328,32.2718953],[-106.738162,32.2715729],[-106.7381835,32.2715412],[-106.7383547,32.2712895],[-106.741052,32.2689674],[-106.7421171,32.2680535],[-106.7421364,32.2680369],[-106.7422046,32.2679784]]}},{"type":"Feature","properties":{"highway":"service","name":""},"geometry":{"type":"LineString","coordinates":[[-106.7435415,32.2700215],[-106.7437011,32.2701304],[-106.7437136,32.2701968],[-106.7436322,32.2702792],[-106.7435134,32.2703164],[-106.743471,32.2703],[-106.7434446,32.2702898],[-106.743407,32.2701039],[-106.7433332,32.2698236],[-106.7435415,32.2700215]]}},{"type":"Feature","properties":{"highway":"service","name":""},"geometry":{"type":"LineString","coordinates":[[-106.7392981,32.2926423],[-106.7390972,32.2920146]]}},{"type":"Feature","properties":{"highway":"service","name":""},"geometry":{"type":"LineString","coordinates":[[-106.7348017,32.2914771],[-106.734868,32.2914656],[-106.7351339,32.2914195],[-106.7351918,32.2914093],[-106.7353429,32.2913833],[-106.73536,32.2913803],[-106.7355422,32.2913487],[-106.7357331,32.2913156],[-106.7357524,32.2913123],[-106.7359066,32.2912855],[-106.7359631,32.2912757],[-106.7360548,32.2912598],[-106.7361829,32.2912376],[-106.7364053,32.2911991],[-106.7366427,32.2911579]]}},{"type":"Feature","properties":{"highway":"service","name":""},"geometry":{"type":"LineString","coordinates":[[-106.734711,32.2908795],[-106.7349899,32.290824],[-106.7351892,32.2907838],[-106.7353768,32.2907464],[-106.7355232,32.2907173],[-106.7356148,32.2907123],[-106.7358285,32.2907006],[-106.7360583,32.2907201],[-106.7361845,32.2907499],[-106.7362947,32.2907759],[-106.7365549,32.2908489]]}},{"type":"Feature","properties":{"highway":"service","name":""},"geometry":{"type":"LineString","coordinates":[[-106.7377875,32.2929376],[-106.7376801,32.2926135],[-106.7377326,32.2924964],[-106.737719,32.2924426],[-106.7376734,32.2922626],[-106.7376291,32.2920874],[-106.7375816,32.2918997],[-106.7375351,32.2917324],[-106.737486,32.2915554],[-106.7374608,32.2914656],[-106.7374366,32.2913775],[-106.7373833,32.2911874],[-106.7373353,32.2910129],[-106.737292,32.2908664],[-106.7372477,32.2907166]]}},{"type":"Feature","properties":{"highway":"service","name":""},"geometry":{"type":"LineString","coordinates":[[-106.7387219,32.292755],[-106.7385873,32.2922867],[-106.738573,32.2920977],[-106.7385268,32.2919192],[-106.738481,32.2917423],[-106.7384357,32.2915673],[-106.7383922,32.291399],[-106.7383461,32.2912213],[-106.738189,32.2906142],[-106.7381233,32.2905723],[-106.7380642,32.2905249],[-106.7379682,32.2905575],[-106.7372477,32.2907166]]}},{"type":"Feature","properties":{"highway":"service","name":""},"geometry":{"type":"LineString","coordinates":[[-106.7351339,32.2914195],[-106.7349899,32.290824]]}},{"type":"Feature","properties":{"highway":"service","name":""},"geometry":{"type":"LineString","coordinates":[[-106.7353429,32.2913833],[-106.7351892,32.2907838]]}},{"type":"Feature","properties":{"highway":"service","name":""},"geometry":{"type":"LineString","coordinates":[[-106.7355422,32.2913487],[-106.7353768,32.2907464],[-106.7353362,32.2905786],[-106.7352713,32.2903107]]}},{"type":"Feature","properties":{"highway":"service","name":""},"geometry":{"type":"LineString","coordinates":[[-106.7357524,32.2913123],[-106.7356148,32.2907123]]}},{"type":"Feature","properties":{"highway":"service","name":""},"geometry":{"type":"LineString","coordinates":[[-106.7359631,32.2912757],[-106.7358285,32.2907006]]}},{"type":"Feature","properties":{"highway":"service","name":""},"geometry":{"type":"LineString","coordinates":[[-106.7361829,32.2912376],[-106.7360583,32.2907201]]}},{"type":"Feature","properties":{"highway":"service","name":""},"geometry":{"type":"LineString","coordinates":[[-106.7364053,32.2911991],[-106.7362947,32.2907759]]}},{"type":"Feature","properties":{"highway":"service","name":""},"geometry":{"type":"LineString","coordinates":[[-106.7578326,32.2748706],[-106.757865,32.2747471],[-106.7578744,32.2746597],[-106.7578369,32.2745841],[-106.757748,32.2745046],[-106.7569102,32.2741189],[-106.7568729,32.274171],[-106.7567647,32.2743224]]}},{"type":"Feature","properties":{"highway":"service","name":""},"geometry":{"type":"LineString","coordinates":[[-106.7633914,32.2761922],[-106.7631912,32.2758525],[-106.7631163,32.2757491],[-106.7631163,32.2752282],[-106.7635095,32.2752243],[-106.7635103,32.2757912],[-106.7632516,32.2757945],[-106.7631912,32.2758525]]}},{"type":"Feature","properties":{"highway":"service","name":""},"geometry":{"type":"LineString","coordinates":[[-106.7618007,32.2763644],[-106.7613376,32.2761326],[-106.7608077,32.2758244],[-106.7606272,32.275678],[-106.7608163,32.2751261],[-106.7609773,32.2745742],[-106.7612036,32.2746234],[-106.7626483,32.274938],[-106.7626349,32.2760382],[-106.7626332,32.2761644],[-106.7626854,32.276241],[-106.7628217,32.2764409]]}},{"type":"Feature","properties":{"highway":"service","name":""},"geometry":{"type":"LineString","coordinates":[[-106.7613376,32.2761326],[-106.7611958,32.2763324]]}},{"type":"Feature","properties":{"highway":"service","name":""},"geometry":{"type":"LineString","coordinates":[[-106.7608077,32.2758244],[-106.7612036,32.2746234]]}},{"type":"Feature","properties":{"highway":"service","name":""},"geometry":{"type":"LineString","coordinates":[[-106.7626349,32.2760382],[-106.7627456,32.2759933],[-106.7628713,32.2759754],[-106.762901,32.2749887],[-106.7626483,32.274938]]}},{"type":"Feature","properties":{"highway":"service","name":""},"geometry":{"type":"LineString","coordinates":[[-106.7251591,32.2861353],[-106.7253421,32.2862729],[-106.7253929,32.2862815],[-106.7254843,32.2862342],[-106.725535,32.2861656],[-106.7255097,32.286084],[-106.7253308,32.2859612]]}},{"type":"Feature","properties":{"highway":"service","name":""},"geometry":{"type":"LineString","coordinates":[[-106.7255097,32.286084],[-106.7257419,32.2858494],[-106.7261342,32.285453],[-106.7263576,32.2856075],[-106.7259768,32.2860153],[-106.7259577,32.2860018],[-106.7257419,32.2858494]]}},{"type":"Feature","properties":{"highway":"service","name":""},"geometry":{"type":"LineString","coordinates":[[-106.7261342,32.285453],[-106.7259542,32.2853291]]}},{"type":"Feature","properties":{"highway":"service","name":""},"geometry":{"type":"LineString","coordinates":[[-106.7253421,32.2862729],[-106.7251092,32.2864947],[-106.7249003,32.2866935],[-106.7251085,32.2868481],[-106.7253269,32.2866592],[-106.7251092,32.2864947]]}},{"type":"Feature","properties":{"highway":"tertiary","name":"South Espina Street"},"geometry":{"type":"LineString","coordinates":[[-106.7626755,32.2947286],[-106.7624555,32.294351],[-106.7618555,32.2933165],[-106.7617687,32.2931826],[-106.761666,32.2930242],[-106.7614537,32.2926582],[-106.76103,32.2919406],[-106.7608575,32.2916221],[-106.7607736,32.2914673],[-106.7606398,32.2912202],[-106.7602379,32.2905568],[-106.7601717,32.2904459],[-106.7600907,32.290321],[-106.7599494,32.2900947],[-106.7598568,32.2899463],[-106.7594052,32.2891836],[-106.7591232,32.2886999],[-106.7587822,32.2881132],[-106.7585133,32.2876502],[-106.7583568,32.2873808],[-106.7582853,32.2872577],[-106.758272,32.2872348],[-106.7581845,32.2870847],[-106.7580843,32.2869129],[-106.7580205,32.2868026],[-106.7579486,32.2866803],[-106.7576814,32.2862217],[-106.7576235,32.2861223],[-106.7573431,32.2856421],[-106.7570841,32.2851969],[-106.7570107,32.2850707],[-106.7569644,32.2849896],[-106.7567913,32.2846867],[-106.756679,32.2844879],[-106.756637,32.2844115],[-106.7564808,32.284136],[-106.7564185,32.2840244]]}},{"type":"Feature","properties":{"highway":"residential","name":"East Boutz Road"},"geometry":{"type":"LineString","coordinates":[[-106.7552069,32.2975794],[-106.7572448,32.2971565],[-106.7576544,32.2970693],[-106.7592061,32.2964979],[-106.7594397,32.2964079],[-106.7595973,32.2963471],[-106.7600388,32.2961773],[-106.7601952,32.2961625],[-106.7605969,32.2960184],[-106.761138,32.2958243],[-106.76154,32.2956824],[-106.7619154,32.2955537],[-106.7620958,32.2954862],[-106.7629203,32.2951635],[-106.7637003,32.294849],[-106.7641037,32.2946864]]}},{"type":"Feature","properties":{"highway":"service","name":""},"geometry":{"type":"LineString","coordinates":[[-106.7582188,32.2830899],[-106.7581382,32.283109],[-106.7580242,32.2831359],[-106.7565408,32.2834077]]}},{"type":"Feature","properties":{"highway":"service","name":""},"geometry":{"type":"LineString","coordinates":[[-106.7565408,32.2834077],[-106.7565748,32.2835069],[-106.7566608,32.2835616],[-106.7568004,32.2836506],[-106.7580829,32.2834077],[-106.7580562,32.283284],[-106.7580242,32.2831359],[-106.7579726,32.2829642],[-106.7579253,32.2828068],[-106.7575273,32.2828808],[-106.7564512,32.2830811],[-106.7564974,32.2832492],[-106.7565408,32.2834077]]}},{"type":"Feature","properties":{"highway":"service","name":""},"geometry":{"type":"LineString","coordinates":[[-106.7566608,32.2835616],[-106.7580562,32.283284]]}},{"type":"Feature","properties":{"highway":"service","name":""},"geometry":{"type":"LineString","coordinates":[[-106.7564974,32.2832492],[-106.7579726,32.2829642]]}},{"type":"Feature","properties":{"highway":"footway","name":""},"geometry":{"type":"LineString","coordinates":[[-106.7567933,32.2829845],[-106.7567342,32.2829384],[-106.7561949,32.2824697]]}},{"type":"Feature","properties":{"highway":"footway","name":""},"geometry":{"type":"LineString","coordinates":[[-106.7561949,32.2824697],[-106.756269,32.2824663],[-106.7566067,32.2824237]]}},{"type":"Feature","properties":{"highway":"footway","name":""},"geometry":{"type":"LineString","coordinates":[[-106.756771,32.2818361],[-106.7568385,32.2821103],[-106.7570509,32.2818334],[-106.7570742,32.281803],[-106.757114,32.2818241],[-106.7574173,32.2819845],[-106.7575391,32.2820495]]}},{"type":"Feature","properties":{"highway":"footway","name":""},"geometry":{"type":"LineString","coordinates":[[-106.7568404,32.2823599],[-106.7574427,32.2826786],[-106.7574991,32.2827631],[-106.7575202,32.2828512],[-106.7575273,32.2828808]]}},{"type":"Feature","properties":{"highway":"footway","name":""},"geometry":{"type":"LineString","coordinates":[[-106.756246,32.2830261],[-106.7561473,32.2830438],[-106.756063,32.2830593]]}},{"type":"Feature","properties":{"highway":"residential","name":"Sweet Avenue"},"geometry":{"type":"LineString","coordinates":[[-106.752525,32.2775277],[-106.7525438,32.2775939],[-106.7525493,32.2776151],[-106.7527406,32.2783553],[-106.7527934,32.2785598],[-106.752845,32.2787588],[-106.7528889,32.2789351],[-106.7529584,32.2792181],[-106.7529718,32.2792689],[-106.7529954,32.2793604],[-106.7530029,32.2793893],[-106.7530281,32.279479]]}},{"type":"Feature","properties":{"highway":"service","name":""},"geometry":{"type":"LineString","coordinates":[[-106.7495308,32.2839236],[-106.7502371,32.2837936],[-106.7505298,32.2837396],[-106.7505392,32.2837379],[-106.7512331,32.2836101],[-106.7512715,32.2837591],[-106.7513143,32.2839254],[-106.7506093,32.2840552],[-106.7496134,32.2842387]]}},{"type":"Feature","properties":{"highway":"service","name":""},"geometry":{"type":"LineString","coordinates":[[-106.7512715,32.2837591],[-106.7505692,32.2838958],[-106.7495723,32.2840817]]}},{"type":"Feature","properties":{"highway":"service","name":""},"geometry":{"type":"LineString","coordinates":[[-106.7502371,32.2837936],[-106.7501893,32.2836257],[-106.750143,32.2834608],[-106.7494464,32.2836012]]}},{"type":"Feature","properties":{"highway":"service","name":""},"geometry":{"type":"LineString","coordinates":[[-106.7501893,32.2836257],[-106.7494883,32.2837612]]}},{"type":"Feature","properties":{"highway":"service","name":""},"geometry":{"type":"LineString","coordinates":[[-106.7496566,32.2844038],[-106.7506481,32.284212]]}},{"type":"Feature","properties":{"highway":"service","name":""},"geometry":{"type":"LineString","coordinates":[[-106.7579909,32.2837234],[-106.7580135,32.2838108],[-106.7580962,32.2841301],[-106.7574826,32.2842484],[-106.7567329,32.284393],[-106.756637,32.2844115]]}},{"type":"Feature","properties":{"highway":"service","name":""},"geometry":{"type":"LineString","coordinates":[[-106.7579671,32.2821358],[-106.7581222,32.2821068]]}},{"type":"Feature","properties":{"highway":"service","name":""},"geometry":{"type":"LineString","coordinates":[[-106.7595773,32.2828492],[-106.7583862,32.283093]]}},{"type":"Feature","properties":{"highway":"service","name":""},"geometry":{"type":"LineString","coordinates":[[-106.7596199,32.2830036],[-106.7584238,32.2832337]]}},{"type":"Feature","properties":{"highway":"service","name":""},"geometry":{"type":"LineString","coordinates":[[-106.759098,32.2819244],[-106.7591438,32.2820851],[-106.7591941,32.2822617],[-106.7592402,32.2824232],[-106.7592875,32.2825892],[-106.7593286,32.2827333]]}},{"type":"Feature","properties":{"highway":"service","name":""},"geometry":{"type":"LineString","coordinates":[[-106.7592875,32.2825892],[-106.7582985,32.2827655]]}},{"type":"Feature","properties":{"highway":"service","name":""},"geometry":{"type":"LineString","coordinates":[[-106.7582551,32.2826033],[-106.7592402,32.2824232]]}},{"type":"Feature","properties":{"highway":"service","name":""},"geometry":{"type":"LineString","coordinates":[[-106.7582094,32.2824328],[-106.7591941,32.2822617]]}},{"type":"Feature","properties":{"highway":"service","name":""},"geometry":{"type":"LineString","coordinates":[[-106.7581662,32.2822713],[-106.7591438,32.2820851]]}},{"type":"Feature","properties":{"highway":"service","name":""},"geometry":{"type":"LineString","coordinates":[[-106.7580793,32.2819413],[-106.7592318,32.2817082]]}},{"type":"Feature","properties":{"highway":"service","name":""},"geometry":{"type":"LineString","coordinates":[[-106.7575866,32.2807355],[-106.7577186,32.2807102],[-106.7577649,32.2807013],[-106.7583394,32.2805912],[-106.7583868,32.2807679],[-106.7584348,32.2809472],[-106.758478,32.2811082],[-106.7579035,32.2812182],[-106.7578604,32.2810573],[-106.7578123,32.280878],[-106.7577649,32.2807013]]}},{"type":"Feature","properties":{"highway":"service","name":""},"geometry":{"type":"LineString","coordinates":[[-106.7578604,32.2810573],[-106.7584348,32.2809472]]}},{"type":"Feature","properties":{"highway":"service","name":""},"geometry":{"type":"LineString","coordinates":[[-106.7578123,32.280878],[-106.7583868,32.2807679]]}},{"type":"Feature","properties":{"highway":"service","name":""},"geometry":{"type":"LineString","coordinates":[[-106.7583394,32.2805912],[-106.7582088,32.280045]]}},{"type":"Feature","properties":{"highway":"service","name":""},"geometry":{"type":"LineString","coordinates":[[-106.7582088,32.280045],[-106.757546,32.2801689],[-106.7574651,32.2801624]]}},{"type":"Feature","properties":{"highway":"service","name":""},"geometry":{"type":"LineString","coordinates":[[-106.7571656,32.2764552],[-106.7569958,32.2763646]]}},{"type":"Feature","properties":{"highway":"service","name":""},"geometry":{"type":"LineString","coordinates":[[-106.7560818,32.2766922],[-106.7568334,32.2765514],[-106.7568909,32.2765156],[-106.7569379,32.2764623],[-106.7569958,32.2763646],[-106.7570817,32.2762533],[-106.7571942,32.2761076],[-106.7573099,32.2759577],[-106.7573656,32.2758856],[-106.7573714,32.275836],[-106.7573509,32.2757839],[-106.757301,32.2757342],[-106.7567932,32.2754567],[-106.7561886,32.2751262]]}},{"type":"Feature","properties":{"highway":"service","name":""},"geometry":{"type":"LineString","coordinates":[[-106.7557783,32.2747238],[-106.7557351,32.2747781],[-106.7556399,32.2748979],[-106.7555212,32.2750474],[-106.755414,32.2751823],[-106.7552904,32.2753379],[-106.7552259,32.2754191],[-106.7552153,32.2755121],[-106.7551936,32.275702],[-106.7555165,32.2758906],[-106.7556075,32.2758806],[-106.7556946,32.2757676],[-106.7558102,32.2756108],[-106.7559256,32.2754676],[-106.7559603,32.2754226],[-106.7560387,32.2753208],[-106.7560693,32.2752811],[-106.7561541,32.275171],[-106.7561886,32.2751262],[-106.7562887,32.2749944]]}},{"type":"Feature","properties":{"highway":"service","name":""},"geometry":{"type":"LineString","coordinates":[[-106.7570817,32.2762533],[-106.7564939,32.2759452],[-106.7566243,32.2758001]]}},{"type":"Feature","properties":{"highway":"service","name":""},"geometry":{"type":"LineString","coordinates":[[-106.7571942,32.2761076],[-106.7566243,32.2758001],[-106.7565657,32.2757446],[-106.7559603,32.2754226]]}},{"type":"Feature","properties":{"highway":"service","name":""},"geometry":{"type":"LineString","coordinates":[[-106.7573099,32.2759577],[-106.7566753,32.2756078],[-106.7560693,32.2752811]]}},{"type":"Feature","properties":{"highway":"service","name":""},"geometry":{"type":"LineString","coordinates":[[-106.7560818,32.2766922],[-106.7560389,32.2765234],[-106.7568246,32.276375],[-106.7569958,32.2763646]]}},{"type":"Feature","properties":{"highway":"service","name":""},"geometry":{"type":"LineString","coordinates":[[-106.7552666,32.2769982],[-106.7552905,32.2770941],[-106.7549206,32.2771611],[-106.7548919,32.2770641]]}},{"type":"Feature","properties":{"highway":"service","name":""},"geometry":{"type":"LineString","coordinates":[[-106.7556524,32.277493],[-106.7556941,32.2776548],[-106.7557275,32.2777878]]}},{"type":"Feature","properties":{"highway":"service","name":""},"geometry":{"type":"LineString","coordinates":[[-106.7556941,32.2776548],[-106.7556095,32.277688],[-106.7555304,32.2777595],[-106.7554754,32.2778733],[-106.7555971,32.2783249]]}},{"type":"Feature","properties":{"highway":"service","name":""},"geometry":{"type":"LineString","coordinates":[[-106.7601007,32.2811218],[-106.760115,32.281184],[-106.7601952,32.2815339],[-106.760236,32.281704],[-106.760325,32.2820752],[-106.7603595,32.2822192]]}},{"type":"Feature","properties":{"highway":"service","name":""},"geometry":{"type":"LineString","coordinates":[[-106.7601952,32.2815339],[-106.7608484,32.2814208]]}},{"type":"Feature","properties":{"highway":"service","name":""},"geometry":{"type":"LineString","coordinates":[[-106.7561289,32.2829769],[-106.7560434,32.2829937],[-106.7558627,32.283028]]}},{"type":"Feature","properties":{"highway":"service","name":""},"geometry":{"type":"LineString","coordinates":[[-106.7558627,32.283028],[-106.7558067,32.2828156],[-106.755328,32.2829058],[-106.755384,32.2831183],[-106.7558627,32.283028]]}},{"type":"Feature","properties":{"highway":"pedestrian","name":"Frank Bromilow Mall"},"geometry":{"type":"LineString","coordinates":[[-106.7542673,32.2805695],[-106.7543254,32.2807901],[-106.754342,32.2808531],[-106.7544212,32.2811538],[-106.7544471,32.2812522],[-106.7544817,32.2813836],[-106.7545303,32.2815682],[-106.7545426,32.2816148]]}},{"type":"Feature","properties":{"highway":"footway","name":""},"geometry":{"type":"LineString","coordinates":[[-106.7544212,32.2811538],[-106.754242,32.2811875],[-106.7542237,32.2811909],[-106.7540534,32.281223],[-106.7538822,32.2812552],[-106.7538127,32.2812683],[-106.7537928,32.281272],[-106.7535968,32.2813089],[-106.7534868,32.2813296]]}},{"type":"Feature","properties":{"highway":"service","name":""},"geometry":{"type":"LineString","coordinates":[[-106.7533725,32.2807687],[-106.753436,32.2807565],[-106.7535568,32.2807333],[-106.7538835,32.2806685],[-106.7538609,32.2805859],[-106.7538409,32.280513],[-106.7535179,32.2805775],[-106.7535568,32.2807333]]}},{"type":"Feature","properties":{"highway":"service","name":""},"geometry":{"type":"LineString","coordinates":[[-106.7531671,32.2799764],[-106.7532366,32.2799633],[-106.7533841,32.2799358],[-106.7535885,32.2798976],[-106.7535042,32.2795754],[-106.7532998,32.2796136],[-106.7533841,32.2799358]]}},{"type":"Feature","properties":{"highway":"service","name":""},"geometry":{"type":"LineString","coordinates":[[-106.7538097,32.2795201],[-106.7538439,32.2795385],[-106.7539554,32.2795165],[-106.7539925,32.2795097]]}},{"type":"Feature","properties":{"highway":"service","name":""},"geometry":{"type":"LineString","coordinates":[[-106.7532347,32.2802215],[-106.7531496,32.2802381],[-106.7529978,32.280268],[-106.7528068,32.2803041],[-106.7526574,32.2797131],[-106.7527612,32.2796909],[-106.7528557,32.2796707],[-106.7529978,32.280268]]}},{"type":"Feature","properties":{"highway":"service","name":""},"geometry":{"type":"LineString","coordinates":[[-106.7526574,32.2797131],[-106.7525749,32.279728],[-106.7525033,32.279741],[-106.7524797,32.2798001],[-106.7525005,32.2798829]]}},{"type":"Feature","properties":{"highway":"service","name":""},"geometry":{"type":"LineString","coordinates":[[-106.7528068,32.2803041],[-106.7526388,32.2803347],[-106.7526129,32.2802403]]}},{"type":"Feature","properties":{"highway":"footway","name":""},"geometry":{"type":"LineString","coordinates":[[-106.751753,32.2808872],[-106.7518261,32.2811723],[-106.7518499,32.2812653]]}},{"type":"Feature","properties":{"highway":"footway","name":""},"geometry":{"type":"LineString","coordinates":[[-106.751753,32.2808872],[-106.7523904,32.2810633],[-106.7526084,32.2811163]]}},{"type":"Feature","properties":{"highway":"footway","name":""},"geometry":{"type":"LineString","coordinates":[[-106.7528153,32.280348],[-106.7528628,32.2805292],[-106.7528749,32.2805755],[-106.7529441,32.2808393],[-106.7529542,32.2808778]]}},{"type":"Feature","properties":{"highway":"footway","name":""},"geometry":{"type":"LineString","coordinates":[[-106.7529542,32.2808778],[-106.7528309,32.280977],[-106.7526647,32.2811069]]}},{"type":"Feature","properties":{"highway":"service","name":""},"geometry":{"type":"LineString","coordinates":[[-106.7509715,32.2808121],[-106.7510527,32.2807973],[-106.7511467,32.2807677],[-106.7511833,32.280916],[-106.7515726,32.2808458],[-106.7515352,32.2806945],[-106.7511467,32.2807677]]}},{"type":"Feature","properties":{"highway":"service","name":""},"geometry":{"type":"LineString","coordinates":[[-106.7507806,32.2801102],[-106.7508609,32.2800956],[-106.7514273,32.2799773]]}},{"type":"Feature","properties":{"highway":"service","name":""},"geometry":{"type":"LineString","coordinates":[[-106.7505518,32.2792069],[-106.7506322,32.2791914],[-106.7508059,32.2791581],[-106.7509832,32.2791241],[-106.7511823,32.2790859],[-106.751308,32.2790618],[-106.7513764,32.2793169],[-106.7514345,32.2795333],[-106.7513088,32.2795574],[-106.7511097,32.2795956],[-106.7509323,32.2796296]]}},{"type":"Feature","properties":{"highway":"service","name":""},"geometry":{"type":"LineString","coordinates":[[-106.7509323,32.2796296],[-106.7508059,32.2791581]]}},{"type":"Feature","properties":{"highway":"service","name":""},"geometry":{"type":"LineString","coordinates":[[-106.7511097,32.2795956],[-106.7509832,32.2791241]]}},{"type":"Feature","properties":{"highway":"service","name":""},"geometry":{"type":"LineString","coordinates":[[-106.752845,32.2787588],[-106.7527691,32.27884],[-106.7527536,32.2788633],[-106.7527442,32.2788904],[-106.752809,32.2791554],[-106.7528388,32.2791836],[-106.7528891,32.279204],[-106.7529584,32.2792181]]}},{"type":"Feature","properties":{"highway":"service","name":""},"geometry":{"type":"LineString","coordinates":[[-106.7527934,32.2785598],[-106.7527277,32.2785704],[-106.7526018,32.2785908],[-106.7526239,32.2786768],[-106.7526215,32.2786949],[-106.7526061,32.2787074],[-106.7518907,32.2788433],[-106.751841,32.2786513],[-106.7518464,32.2786252],[-106.7518658,32.2786093],[-106.7518953,32.2785934],[-106.7519363,32.2785827],[-106.7525223,32.2784732],[-106.7525451,32.2784783],[-106.7525751,32.2785043],[-106.7526018,32.2785908]]}},{"type":"Feature","properties":{"highway":"service","name":""},"geometry":{"type":"LineString","coordinates":[[-106.7502165,32.2779571],[-106.7501299,32.2779745],[-106.7499424,32.2780054],[-106.7497237,32.2780471],[-106.7495153,32.2780867],[-106.7493045,32.2781269],[-106.7491222,32.2781616],[-106.7492905,32.2788289],[-106.749346,32.2788186],[-106.749469,32.2787959],[-106.7496898,32.2787551],[-106.7499004,32.2787162],[-106.7501164,32.2786763],[-106.7499424,32.2780054],[-106.7497708,32.2773184],[-106.7495513,32.2773612],[-106.749351,32.2774002],[-106.7491158,32.277446],[-106.7489478,32.2774787],[-106.7491222,32.2781616]]}},{"type":"Feature","properties":{"highway":"service","name":""},"geometry":{"type":"LineString","coordinates":[[-106.7491158,32.277446],[-106.7493045,32.2781269],[-106.749469,32.2787959]]}},{"type":"Feature","properties":{"highway":"service","name":""},"geometry":{"type":"LineString","coordinates":[[-106.7496898,32.2787551],[-106.7495153,32.2780867],[-106.749351,32.2774002]]}},{"type":"Feature","properties":{"highway":"service","name":""},"geometry":{"type":"LineString","coordinates":[[-106.7499004,32.2787162],[-106.7497237,32.2780471],[-106.7495513,32.2773612]]}},{"type":"Feature","properties":{"highway":"service","name":""},"geometry":{"type":"LineString","coordinates":[[-106.748756,32.2802968],[-106.7487383,32.2802341],[-106.748713,32.2801289],[-106.7486445,32.2798695],[-106.7486125,32.2797218]]}},{"type":"Feature","properties":{"highway":"service","name":""},"geometry":{"type":"LineString","coordinates":[[-106.749346,32.2788186],[-106.7493302,32.2789737],[-106.7493789,32.2792108],[-106.7494148,32.2793716],[-106.7494501,32.2794651],[-106.7494647,32.2795531],[-106.7495119,32.2797229],[-106.7486445,32.2798695]]}},{"type":"Feature","properties":{"highway":"service","name":""},"geometry":{"type":"LineString","coordinates":[[-106.7486125,32.2797218],[-106.7489823,32.279643],[-106.7494647,32.2795531]]}},{"type":"Feature","properties":{"highway":"service","name":""},"geometry":{"type":"LineString","coordinates":[[-106.7489417,32.2794688],[-106.7494148,32.2793716]]}},{"type":"Feature","properties":{"highway":"service","name":""},"geometry":{"type":"LineString","coordinates":[[-106.7505971,32.2793838],[-106.7505047,32.2794011],[-106.7497344,32.279545],[-106.7497819,32.2797306],[-106.7498313,32.2799098],[-106.748713,32.2801289]]}},{"type":"Feature","properties":{"highway":"service","name":""},"geometry":{"type":"LineString","coordinates":[[-106.7498313,32.2799098],[-106.7504962,32.2797937],[-106.7504507,32.2795995],[-106.7497819,32.2797306]]}},{"type":"Feature","properties":{"highway":"steps","name":""},"geometry":{"type":"LineString","coordinates":[[-106.7494501,32.2794651],[-106.7496357,32.2794308],[-106.7497399,32.2794116]]}},{"type":"Feature","properties":{"highway":"service","name":""},"geometry":{"type":"LineString","coordinates":[[-106.7485521,32.2803314],[-106.7484846,32.2802542],[-106.7483971,32.2801907],[-106.7477852,32.280301],[-106.7478194,32.2804681]]}},{"type":"Feature","properties":{"highway":"service","name":""},"geometry":{"type":"LineString","coordinates":[[-106.7466043,32.2814732],[-106.7467618,32.2814467],[-106.7467947,32.2814412],[-106.7469867,32.2814025],[-106.7471773,32.2813665],[-106.7473762,32.2813287],[-106.7475619,32.2812946],[-106.7473956,32.2806866],[-106.7472064,32.2807239],[-106.7470199,32.2807612],[-106.7468238,32.2807983],[-106.746635,32.2808338],[-106.7464501,32.2808664],[-106.7465957,32.2814394],[-106.7466043,32.2814732]]}},{"type":"Feature","properties":{"highway":"service","name":""},"geometry":{"type":"LineString","coordinates":[[-106.7467947,32.2814412],[-106.746635,32.2808338]]}},{"type":"Feature","properties":{"highway":"service","name":""},"geometry":{"type":"LineString","coordinates":[[-106.7469867,32.2814025],[-106.7468238,32.2807983]]}},{"type":"Feature","properties":{"highway":"service","name":""},"geometry":{"type":"LineString","coordinates":[[-106.7471773,32.2813665],[-106.7470199,32.2807612]]}},{"type":"Feature","properties":{"highway":"service","name":""},"geometry":{"type":"LineString","coordinates":[[-106.7473762,32.2813287],[-106.7472064,32.2807239]]}},{"type":"Feature","properties":{"highway":"footway","name":""},"geometry":{"type":"LineString","coordinates":[[-106.7477019,32.2813345],[-106.7477237,32.2813657],[-106.7477702,32.2814025],[-106.7478603,32.2814697],[-106.7479872,32.2815721],[-106.7481043,32.2816807],[-106.7482815,32.2818187],[-106.7483207,32.2818495]]}},{"type":"Feature","properties":{"highway":"footway","name":""},"geometry":{"type":"LineString","coordinates":[[-106.7487887,32.2806582],[-106.7483812,32.2807362],[-106.7483071,32.2804484]]}},{"type":"Feature","properties":{"highway":"footway","name":""},"geometry":{"type":"LineString","coordinates":[[-106.7487887,32.2806582],[-106.7483071,32.2804484]]}},{"type":"Feature","properties":{"highway":"footway","name":""},"geometry":{"type":"LineString","coordinates":[[-106.7479225,32.280517],[-106.747999,32.2808161],[-106.7476763,32.2808736],[-106.7475882,32.2808892]]}},{"type":"Feature","properties":{"highway":"service","name":""},"geometry":{"type":"LineString","coordinates":[[-106.7488026,32.2804613],[-106.7494047,32.2803512]]}},{"type":"Feature","properties":{"highway":"service","name":""},"geometry":{"type":"LineString","coordinates":[[-106.748705,32.2819131],[-106.7492682,32.2821409],[-106.7492235,32.2819705],[-106.74916,32.2817391],[-106.7490676,32.2813231],[-106.7490015,32.2812278]]}},{"type":"Feature","properties":{"highway":"service","name":""},"geometry":{"type":"LineString","coordinates":[[-106.7490676,32.2813231],[-106.748871,32.2816343],[-106.7487836,32.2817833],[-106.748705,32.2819131],[-106.7486504,32.2820248],[-106.7485817,32.2821537],[-106.748559,32.2822549],[-106.7485473,32.2823096],[-106.7485555,32.2823679],[-106.7486088,32.2825768],[-106.7486967,32.2828757]]}},{"type":"Feature","properties":{"highway":"service","name":""},"geometry":{"type":"LineString","coordinates":[[-106.7487836,32.2817833],[-106.7492235,32.2819705]]}},{"type":"Feature","properties":{"highway":"service","name":""},"geometry":{"type":"LineString","coordinates":[[-106.748871,32.2816343],[-106.74916,32.2817391]]}},{"type":"Feature","properties":{"highway":"service","name":""},"geometry":{"type":"LineString","coordinates":[[-106.7492682,32.2821409],[-106.7492405,32.2822561],[-106.7492367,32.2822719],[-106.7491566,32.2822866],[-106.7489713,32.2824945],[-106.74881,32.2826794],[-106.7486974,32.2822098],[-106.7487553,32.2821165],[-106.7488931,32.2821686],[-106.7491566,32.2822866]]}},{"type":"Feature","properties":{"highway":"service","name":""},"geometry":{"type":"LineString","coordinates":[[-106.7489713,32.2824945],[-106.7488931,32.2821686]]}},{"type":"Feature","properties":{"highway":"footway","name":""},"geometry":{"type":"LineString","coordinates":[[-106.7483963,32.2833314],[-106.7486258,32.2830602],[-106.7486756,32.2830018],[-106.7492978,32.2822702],[-106.7494101,32.282178],[-106.7494955,32.282131],[-106.7497734,32.2819781],[-106.7499512,32.2818812],[-106.7500694,32.2818168],[-106.7503974,32.281641],[-106.7504956,32.2815212]]}},{"type":"Feature","properties":{"highway":"footway","name":""},"geometry":{"type":"LineString","coordinates":[[-106.7493265,32.281804],[-106.7497623,32.2817191],[-106.7499879,32.2816808],[-106.7500295,32.2816585],[-106.7500805,32.2816311],[-106.7503624,32.2815714],[-106.7504956,32.2815212]]}},{"type":"Feature","properties":{"highway":"footway","name":""},"geometry":{"type":"LineString","coordinates":[[-106.7494101,32.282178],[-106.7493265,32.281804]]}},{"type":"Feature","properties":{"highway":"service","name":""},"geometry":{"type":"LineString","coordinates":[[-106.7429453,32.2785541],[-106.7438815,32.2783843],[-106.7451373,32.2781446],[-106.7454809,32.2780814]]}},{"type":"Feature","properties":{"highway":"service","name":""},"geometry":{"type":"LineString","coordinates":[[-106.7457666,32.2801125],[-106.7454856,32.2790785],[-106.7452967,32.2783661],[-106.7452877,32.2783488],[-106.7452745,32.2783316],[-106.7452563,32.2783182],[-106.7452319,32.2783075],[-106.745205,32.2783029],[-106.7451802,32.278303],[-106.745159,32.2783105],[-106.7451373,32.2783233],[-106.7451201,32.2783425],[-106.74511,32.27836],[-106.7451065,32.2783805],[-106.7451087,32.2784026],[-106.745298,32.2791109]]}},{"type":"Feature","properties":{"highway":"service","name":""},"geometry":{"type":"LineString","coordinates":[[-106.7457666,32.2801125],[-106.7460078,32.2800683]]}},{"type":"Feature","properties":{"highway":"service","name":""},"geometry":{"type":"LineString","coordinates":[[-106.7451802,32.278303],[-106.7451373,32.2781446]]}},{"type":"Feature","properties":{"highway":"service","name":""},"geometry":{"type":"LineString","coordinates":[[-106.745298,32.2791109],[-106.7454856,32.2790785]]}},{"type":"Feature","properties":{"highway":"service","name":""},"geometry":{"type":"LineString","coordinates":[[-106.7457666,32.2801125],[-106.7457675,32.2801941],[-106.7458187,32.2803769],[-106.7458673,32.2805565],[-106.7451046,32.2806994],[-106.7438535,32.2809372],[-106.7438069,32.2807561],[-106.743778,32.2806444],[-106.7442028,32.2805695]]}},{"type":"Feature","properties":{"highway":"service","name":""},"geometry":{"type":"LineString","coordinates":[[-106.7451046,32.2806994],[-106.7450583,32.2805209],[-106.7450108,32.2803366]]}},{"type":"Feature","properties":{"highway":"service","name":""},"geometry":{"type":"LineString","coordinates":[[-106.7458187,32.2803769],[-106.7450583,32.2805209],[-106.7442305,32.2806765],[-106.7438069,32.2807561]]}},{"type":"Feature","properties":{"highway":"service","name":""},"geometry":{"type":"LineString","coordinates":[[-106.7438535,32.2809372],[-106.7439074,32.2811462],[-106.743923,32.2812069]]}},{"type":"Feature","properties":{"highway":"service","name":""},"geometry":{"type":"LineString","coordinates":[[-106.7427077,32.2814383],[-106.7427233,32.2814984],[-106.7431184,32.2830081],[-106.7431447,32.2830408],[-106.7431955,32.2830541],[-106.7433458,32.2830256],[-106.7435691,32.2829843],[-106.7437813,32.2829317],[-106.7439924,32.2828886],[-106.7439039,32.2825342],[-106.7436038,32.2813327],[-106.7435878,32.2812704]]}},{"type":"Feature","properties":{"highway":"service","name":""},"geometry":{"type":"LineString","coordinates":[[-106.7437813,32.2829317],[-106.7433822,32.2813745],[-106.7433658,32.281312]]}},{"type":"Feature","properties":{"highway":"service","name":""},"geometry":{"type":"LineString","coordinates":[[-106.7431466,32.2813554],[-106.7431621,32.2814161],[-106.7435691,32.2829843]]}},{"type":"Feature","properties":{"highway":"service","name":""},"geometry":{"type":"LineString","coordinates":[[-106.7433458,32.2830256],[-106.7429443,32.2814574],[-106.7429298,32.2813969]]}},{"type":"Feature","properties":{"highway":"footway","name":""},"geometry":{"type":"LineString","coordinates":[[-106.7437143,32.2813121],[-106.7439066,32.2820436],[-106.7440332,32.2825127],[-106.7441083,32.2827912]]}},{"type":"Feature","properties":{"highway":"footway","name":""},"geometry":{"type":"LineString","coordinates":[[-106.7439066,32.2820436],[-106.7444037,32.2819447],[-106.7446766,32.2818904],[-106.7452498,32.2817743],[-106.7452092,32.2816243]]}},{"type":"Feature","properties":{"highway":"footway","name":""},"geometry":{"type":"LineString","coordinates":[[-106.7450452,32.2810606],[-106.7452092,32.2816243],[-106.7455246,32.2815591],[-106.7462659,32.2814149]]}},{"type":"Feature","properties":{"highway":"service","name":""},"geometry":{"type":"LineString","coordinates":[[-106.746657,32.282444],[-106.7468752,32.2824031],[-106.7470758,32.2823676],[-106.7472756,32.2823303],[-106.74709,32.2816982],[-106.746901,32.2817391],[-106.7467069,32.2817797],[-106.7464954,32.281819]]}},{"type":"Feature","properties":{"highway":"service","name":""},"geometry":{"type":"LineString","coordinates":[[-106.7470758,32.2823676],[-106.746901,32.2817391]]}},{"type":"Feature","properties":{"highway":"service","name":""},"geometry":{"type":"LineString","coordinates":[[-106.7468752,32.2824031],[-106.7467069,32.2817797]]}},{"type":"Feature","properties":{"highway":"footway","name":""},"geometry":{"type":"LineString","coordinates":[[-106.7456178,32.2828476],[-106.7455392,32.2828016],[-106.7454251,32.2826812],[-106.7453377,32.2826475],[-106.7452683,32.2826678],[-106.7452133,32.2827007],[-106.7451704,32.2828303],[-106.7451277,32.2829132],[-106.7450778,32.2829592],[-106.7450005,32.2829747],[-106.7446478,32.2830512]]}},{"type":"Feature","properties":{"highway":"footway","name":""},"geometry":{"type":"LineString","coordinates":[[-106.7446478,32.2830512],[-106.7444566,32.2830847]]}},{"type":"Feature","properties":{"highway":"footway","name":""},"geometry":{"type":"LineString","coordinates":[[-106.7444566,32.2830847],[-106.7443314,32.2831082],[-106.7442133,32.2831318],[-106.7441016,32.2831563],[-106.7440736,32.2830557]]}},{"type":"Feature","properties":{"highway":"footway","name":""},"geometry":{"type":"LineString","coordinates":[[-106.7440736,32.2830557],[-106.7431732,32.283225],[-106.7427763,32.2833041],[-106.742493,32.2833587],[-106.742389,32.2834744]]}},{"type":"Feature","properties":{"highway":"service","name":""},"geometry":{"type":"LineString","coordinates":[[-106.7527223,32.2833601],[-106.7528512,32.2838849],[-106.7528832,32.283931],[-106.752934,32.2839565],[-106.7530451,32.2839947],[-106.7530677,32.2840202]]}},{"type":"Feature","properties":{"highway":"service","name":""},"geometry":{"type":"LineString","coordinates":[[-106.7530677,32.2840202],[-106.7531084,32.2841756],[-106.7531529,32.2843456],[-106.7538177,32.2842228]]}},{"type":"Feature","properties":{"highway":"footway","name":""},"geometry":{"type":"LineString","coordinates":[[-106.7524652,32.2838733],[-106.7525187,32.2837894],[-106.7526615,32.2835653],[-106.752647,32.2835153],[-106.7523865,32.2833448],[-106.7521642,32.2832075],[-106.7520073,32.283237],[-106.7518675,32.2834436]]}},{"type":"Feature","properties":{"highway":"service","name":""},"geometry":{"type":"LineString","coordinates":[[-106.7472429,32.2850234],[-106.7473201,32.285009],[-106.7484478,32.284799],[-106.7486262,32.2854097]]}},{"type":"Feature","properties":{"highway":"service","name":""},"geometry":{"type":"LineString","coordinates":[[-106.7484478,32.284799],[-106.748402,32.2846293],[-106.7483568,32.2844618],[-106.7483132,32.2843001],[-106.7472051,32.2845137],[-106.7471079,32.2845324]]}},{"type":"Feature","properties":{"highway":"service","name":""},"geometry":{"type":"LineString","coordinates":[[-106.7471564,32.2846916],[-106.7472422,32.2846752],[-106.7483568,32.2844618]]}},{"type":"Feature","properties":{"highway":"service","name":""},"geometry":{"type":"LineString","coordinates":[[-106.7471953,32.2848526],[-106.74728,32.2848369],[-106.748402,32.2846293]]}},{"type":"Feature","properties":{"highway":"footway","name":""},"geometry":{"type":"LineString","coordinates":[[-106.749086,32.2843788],[-106.7490841,32.2844027],[-106.749067,32.2844218],[-106.7490403,32.2844298],[-106.749017,32.2844259],[-106.7489985,32.2844133],[-106.7489892,32.2843948],[-106.7489906,32.2843763],[-106.7490013,32.2843602],[-106.7490192,32.2843495],[-106.7490384,32.2843464],[-106.7490575,32.2843499],[-106.7490758,32.2843615],[-106.749086,32.2843788]]}},{"type":"Feature","properties":{"highway":"footway","name":""},"geometry":{"type":"LineString","coordinates":[[-106.7489892,32.2843948],[-106.7487271,32.2844473]]}},{"type":"Feature","properties":{"highway":"footway","name":""},"geometry":{"type":"LineString","coordinates":[[-106.7490192,32.2843495],[-106.7488977,32.2840976]]}},{"type":"Feature","properties":{"highway":"footway","name":""},"geometry":{"type":"LineString","coordinates":[[-106.7490575,32.2843499],[-106.7492406,32.2840292],[-106.7492851,32.2839512],[-106.7492704,32.2838926]]}},{"type":"Feature","properties":{"highway":"footway","name":""},"geometry":{"type":"LineString","coordinates":[[-106.749453,32.2838254],[-106.7492704,32.2838926]]}},{"type":"Feature","properties":{"highway":"footway","name":""},"geometry":{"type":"LineString","coordinates":[[-106.7490403,32.2844298],[-106.7490552,32.2847087]]}},{"type":"Feature","properties":{"highway":"footway","name":""},"geometry":{"type":"LineString","coordinates":[[-106.7486141,32.284966],[-106.7489499,32.2848921],[-106.7489717,32.2848969],[-106.7489874,32.284902],[-106.7490106,32.284902],[-106.7492072,32.2848678],[-106.7494297,32.2848237],[-106.7494632,32.2848028],[-106.7494665,32.2847784],[-106.749451,32.2847202],[-106.7496794,32.284678]]}},{"type":"Feature","properties":{"highway":"footway","name":""},"geometry":{"type":"LineString","coordinates":[[-106.7471854,32.2815223],[-106.7472499,32.2817869],[-106.7473502,32.2821654],[-106.74742,32.2824152],[-106.7471731,32.2824622],[-106.7469722,32.2825005],[-106.7467623,32.2825404],[-106.7466953,32.2825532]]}},{"type":"Feature","properties":{"highway":"footway","name":""},"geometry":{"type":"LineString","coordinates":[[-106.7473502,32.2821654],[-106.7476256,32.2821173]]}},{"type":"Feature","properties":{"highway":"footway","name":""},"geometry":{"type":"LineString","coordinates":[[-106.7472499,32.2817869],[-106.7473736,32.2817634]]}},{"type":"Feature","properties":{"highway":"footway","name":""},"geometry":{"type":"LineString","coordinates":[[-106.7477179,32.2820214],[-106.7483368,32.2819041],[-106.748349,32.2819569],[-106.7481589,32.2823592]]}},{"type":"Feature","properties":{"highway":"footway","name":""},"geometry":{"type":"LineString","coordinates":[[-106.7483368,32.2819041],[-106.7483207,32.2818495],[-106.7484054,32.2818939],[-106.7484992,32.2819223],[-106.7484809,32.2819485]]}},{"type":"Feature","properties":{"highway":"footway","name":""},"geometry":{"type":"LineString","coordinates":[[-106.7481043,32.2816807],[-106.7480047,32.2816474],[-106.7478481,32.2815987],[-106.7476521,32.2815539],[-106.7474014,32.2815345],[-106.7472102,32.2815237],[-106.7471854,32.2815223],[-106.7470603,32.2815352],[-106.7466724,32.281596],[-106.7465107,32.2816235]]}},{"type":"Feature","properties":{"highway":"footway","name":""},"geometry":{"type":"LineString","coordinates":[[-106.7484992,32.2819223],[-106.7485856,32.2817686],[-106.7486224,32.2817112],[-106.7487035,32.2815833],[-106.748926,32.2812043]]}},{"type":"Feature","properties":{"highway":"service","name":""},"geometry":{"type":"LineString","coordinates":[[-106.7396486,32.2822062],[-106.7398961,32.2831866],[-106.7401963,32.2843764],[-106.7404149,32.2852422],[-106.7405946,32.2860002]]}},{"type":"Feature","properties":{"highway":"service","name":""},"geometry":{"type":"LineString","coordinates":[[-106.7396486,32.2822062],[-106.739855,32.2821694],[-106.7400583,32.2821331],[-106.7403056,32.2831081],[-106.7406073,32.2842975],[-106.7408249,32.2851553],[-106.741032,32.2859717]]}},{"type":"Feature","properties":{"highway":"service","name":""},"geometry":{"type":"LineString","coordinates":[[-106.7408293,32.285994],[-106.7406206,32.2851986],[-106.7404026,32.2843363],[-106.7401024,32.2831481],[-106.739855,32.2821694]]}},{"type":"Feature","properties":{"highway":"service","name":""},"geometry":{"type":"LineString","coordinates":[[-106.7406073,32.2842975],[-106.7404026,32.2843363],[-106.7401963,32.2843764],[-106.7399844,32.2844175],[-106.739786,32.2844559],[-106.7395756,32.2844967],[-106.7393622,32.2845381],[-106.7391473,32.2845798],[-106.7389264,32.2846226],[-106.7387005,32.2846726],[-106.7386041,32.284694]]}},{"type":"Feature","properties":{"highway":"service","name":""},"geometry":{"type":"LineString","coordinates":[[-106.7403056,32.2831081],[-106.7401024,32.2831481],[-106.7398961,32.2831866],[-106.739685,32.2832272],[-106.7394775,32.2832671],[-106.7392625,32.2833084],[-106.7390626,32.2833468],[-106.7388611,32.2833856],[-106.7386454,32.283427],[-106.738459,32.2834629],[-106.7383071,32.2834913],[-106.7381934,32.2835138]]}},{"type":"Feature","properties":{"highway":"footway","name":""},"geometry":{"type":"LineString","coordinates":[[-106.7434374,32.2835966],[-106.7433681,32.2836299],[-106.7433048,32.2836884],[-106.7432415,32.2837712],[-106.7432199,32.2838357],[-106.7432233,32.2839298],[-106.7432527,32.2840073],[-106.743281,32.2840467],[-106.7434734,32.2841494],[-106.7437791,32.2843018]]}},{"type":"Feature","properties":{"highway":"footway","name":""},"geometry":{"type":"LineString","coordinates":[[-106.7434592,32.2843583],[-106.7434734,32.2841494],[-106.7434835,32.2840005]]}},{"type":"Feature","properties":{"highway":"footway","name":""},"geometry":{"type":"LineString","coordinates":[[-106.7427633,32.283924],[-106.7430619,32.2838696],[-106.7431293,32.2838818],[-106.7432233,32.2839298]]}},{"type":"Feature","properties":{"highway":"footway","name":""},"geometry":{"type":"LineString","coordinates":[[-106.7430619,32.2838696],[-106.7431197,32.2838508],[-106.7431871,32.2838163],[-106.7432415,32.2837712]]}},{"type":"Feature","properties":{"highway":"footway","name":""},"geometry":{"type":"LineString","coordinates":[[-106.7442632,32.2842101],[-106.7443016,32.2841446],[-106.7443388,32.2841063],[-106.7443517,32.2840866],[-106.744372,32.2839417],[-106.7443441,32.283855],[-106.7443202,32.2838026],[-106.7442484,32.283722],[-106.7441983,32.2836742],[-106.7441354,32.2836337],[-106.7440802,32.2836153],[-106.7439711,32.2835801],[-106.7439156,32.2835747],[-106.7438536,32.2836356],[-106.7438545,32.2837232]]}},{"type":"Feature","properties":{"highway":"footway","name":""},"geometry":{"type":"LineString","coordinates":[[-106.7439156,32.2835747],[-106.7439176,32.2835242],[-106.74391,32.2834712],[-106.7438601,32.283427],[-106.7438217,32.2834088],[-106.7437492,32.2834067],[-106.7436639,32.2834162],[-106.7436296,32.2834394],[-106.7436015,32.2835231],[-106.7435563,32.2835762],[-106.7435037,32.2835784],[-106.7434374,32.2835966]]}},{"type":"Feature","properties":{"highway":"footway","name":""},"geometry":{"type":"LineString","coordinates":[[-106.7435807,32.2836907],[-106.7435766,32.2836222],[-106.7435563,32.2835762]]}},{"type":"Feature","properties":{"highway":"footway","name":""},"geometry":{"type":"LineString","coordinates":[[-106.74391,32.2834712],[-106.7441016,32.2831563]]}},{"type":"Feature","properties":{"highway":"footway","name":""},"geometry":{"type":"LineString","coordinates":[[-106.7440802,32.2836153],[-106.7440752,32.2837325]]}},{"type":"Feature","properties":{"highway":"footway","name":""},"geometry":{"type":"LineString","coordinates":[[-106.7441144,32.2842382],[-106.7441009,32.2841207],[-106.7440946,32.2840266]]}},{"type":"Feature","properties":{"highway":"footway","name":""},"geometry":{"type":"LineString","coordinates":[[-106.7441009,32.2841207],[-106.7443016,32.2841446]]}},{"type":"Feature","properties":{"highway":"footway","name":""},"geometry":{"type":"LineString","coordinates":[[-106.7443517,32.2840866],[-106.7443866,32.2841234],[-106.7444374,32.284177]]}},{"type":"Feature","properties":{"highway":"footway","name":""},"geometry":{"type":"LineString","coordinates":[[-106.7443202,32.2838026],[-106.744996,32.2839852],[-106.7451283,32.2840381]]}},{"type":"Feature","properties":{"highway":"service","name":"Barbara Hubbard Way"},"geometry":{"type":"LineString","coordinates":[[-106.7451221,32.2857968],[-106.7451745,32.2857246],[-106.7451063,32.285429],[-106.7448162,32.2852554],[-106.744546,32.2850969],[-106.744309,32.2849703],[-106.7440397,32.2848188],[-106.7440094,32.2846302],[-106.743924,32.284572],[-106.743759,32.284603],[-106.7435484,32.2846425],[-106.7433451,32.2846806],[-106.7433144,32.2846864],[-106.7429682,32.2847513],[-106.7427847,32.284786],[-106.7425949,32.2848218],[-106.7424119,32.2848564],[-106.7422225,32.2848922],[-106.7420307,32.2849284],[-106.7418392,32.2849646],[-106.7416437,32.2850016],[-106.7414521,32.2850377],[-106.7411864,32.2850879]]}},{"type":"Feature","properties":{"highway":"service","name":""},"geometry":{"type":"LineString","coordinates":[[-106.7451221,32.2857968],[-106.7449591,32.2857918],[-106.7447344,32.285785],[-106.7445095,32.2857781],[-106.7442875,32.2857713],[-106.7440655,32.2857645],[-106.7438353,32.2857574],[-106.7436995,32.2852295],[-106.7435484,32.2846425]]}},{"type":"Feature","properties":{"highway":"service","name":""},"geometry":{"type":"LineString","coordinates":[[-106.7436995,32.2852295],[-106.7434939,32.2852647],[-106.7433451,32.2846806]]}},{"type":"Feature","properties":{"highway":"service","name":""},"geometry":{"type":"LineString","coordinates":[[-106.7440655,32.2857645],[-106.743759,32.284603]]}},{"type":"Feature","properties":{"highway":"service","name":""},"geometry":{"type":"LineString","coordinates":[[-106.7440397,32.2848188],[-106.7442875,32.2857713]]}},{"type":"Feature","properties":{"highway":"service","name":""},"geometry":{"type":"LineString","coordinates":[[-106.744309,32.2849703],[-106.7445095,32.2857781]]}},{"type":"Feature","properties":{"highway":"service","name":""},"geometry":{"type":"LineString","coordinates":[[-106.7449591,32.2857918],[-106.7448162,32.2852554]]}},{"type":"Feature","properties":{"highway":"service","name":""},"geometry":{"type":"LineString","coordinates":[[-106.7447344,32.285785],[-106.744546,32.2850969]]}},{"type":"Feature","properties":{"highway":"service","name":""},"geometry":{"type":"LineString","coordinates":[[-106.7451063,32.285429],[-106.7452982,32.2853994],[-106.7454493,32.285376],[-106.7455095,32.2853667],[-106.7455852,32.2853551],[-106.7458412,32.2853156],[-106.7471595,32.2851137],[-106.747201,32.2851073],[-106.7472578,32.2850986]]}},{"type":"Feature","properties":{"highway":"footway","name":""},"geometry":{"type":"LineString","coordinates":[[-106.7448006,32.284767],[-106.7446142,32.2850221],[-106.744546,32.2850969]]}},{"type":"Feature","properties":{"highway":"footway","name":""},"geometry":{"type":"LineString","coordinates":[[-106.7455874,32.2839517],[-106.7453254,32.2842591],[-106.745324,32.2843395],[-106.7453545,32.2844601],[-106.745395,32.2846269],[-106.7454077,32.2846805],[-106.7455075,32.2850949],[-106.745551,32.2852157],[-106.7455095,32.2853667]]}},{"type":"Feature","properties":{"highway":"footway","name":""},"geometry":{"type":"LineString","coordinates":[[-106.7453254,32.2842591],[-106.7452671,32.2843269],[-106.7451975,32.284408],[-106.7451094,32.2844807],[-106.7449605,32.2845628],[-106.7449584,32.284564],[-106.7448779,32.2846657]]}},{"type":"Feature","properties":{"highway":"footway","name":""},"geometry":{"type":"LineString","coordinates":[[-106.7449605,32.2845628],[-106.7449626,32.284463],[-106.7449857,32.2843974],[-106.745015,32.2843566],[-106.7450612,32.2843176],[-106.7451136,32.2843016],[-106.7452671,32.2843269]]}},{"type":"Feature","properties":{"highway":"footway","name":""},"geometry":{"type":"LineString","coordinates":[[-106.7453545,32.2844601],[-106.745587,32.2844266]]}},{"type":"Feature","properties":{"highway":"service","name":""},"geometry":{"type":"LineString","coordinates":[[-106.7429682,32.2847513],[-106.7429825,32.2848023],[-106.7431174,32.2853183],[-106.7429366,32.2853517],[-106.7427437,32.2853873],[-106.7425537,32.2854224],[-106.742372,32.285456],[-106.7421776,32.2854919],[-106.7419891,32.2855267],[-106.7417889,32.2855637],[-106.7415898,32.2856005],[-106.7414521,32.2850377]]}},{"type":"Feature","properties":{"highway":"service","name":""},"geometry":{"type":"LineString","coordinates":[[-106.7417889,32.2855637],[-106.7416437,32.2850016]]}},{"type":"Feature","properties":{"highway":"service","name":""},"geometry":{"type":"LineString","coordinates":[[-106.7419891,32.2855267],[-106.7418392,32.2849646]]}},{"type":"Feature","properties":{"highway":"service","name":""},"geometry":{"type":"LineString","coordinates":[[-106.7421776,32.2854919],[-106.7420307,32.2849284]]}},{"type":"Feature","properties":{"highway":"service","name":""},"geometry":{"type":"LineString","coordinates":[[-106.742372,32.285456],[-106.7422225,32.2848922]]}},{"type":"Feature","properties":{"highway":"service","name":""},"geometry":{"type":"LineString","coordinates":[[-106.7425537,32.2854224],[-106.7424119,32.2848564]]}},{"type":"Feature","properties":{"highway":"service","name":""},"geometry":{"type":"LineString","coordinates":[[-106.7427437,32.2853873],[-106.7425949,32.2848218]]}},{"type":"Feature","properties":{"highway":"service","name":""},"geometry":{"type":"LineString","coordinates":[[-106.7429366,32.2853517],[-106.7427847,32.284786]]}},{"type":"Feature","properties":{"highway":"steps","name":""},"geometry":{"type":"LineString","coordinates":[[-106.7428756,32.2843699],[-106.742959,32.2844161]]}},{"type":"Feature","properties":{"highway":"cycleway","name":""},"geometry":{"type":"LineString","coordinates":[[-106.7443866,32.2841234],[-106.7444792,32.2841095],[-106.7445508,32.2840709],[-106.744996,32.2839852],[-106.7460065,32.283796],[-106.7463342,32.2837347],[-106.7463886,32.2837247],[-106.746728,32.2836626],[-106.7468417,32.2837253]]}},{"type":"Feature","properties":{"highway":"service","name":""},"geometry":{"type":"LineString","coordinates":[[-106.7466868,32.2859042],[-106.7466709,32.285845],[-106.7465436,32.2853711],[-106.7472128,32.2852518],[-106.747259,32.2852436],[-106.7472904,32.285238]]}},{"type":"Feature","properties":{"highway":"service","name":""},"geometry":{"type":"LineString","coordinates":[[-106.7472098,32.284907],[-106.7471566,32.2849158],[-106.747121,32.2849217],[-106.745804,32.2851398],[-106.7458412,32.2853156],[-106.7458937,32.2855357],[-106.7456596,32.2855746],[-106.7456989,32.2857596],[-106.7464648,32.2856356]]}},{"type":"Feature","properties":{"highway":"service","name":""},"geometry":{"type":"LineString","coordinates":[[-106.7456989,32.2857596],[-106.7457143,32.285828],[-106.7457405,32.2858613],[-106.7457755,32.2858909],[-106.7458215,32.2859001],[-106.7464998,32.285791],[-106.7464648,32.2856356],[-106.7464254,32.2854543],[-106.7458937,32.2855357]]}},{"type":"Feature","properties":{"highway":"service","name":""},"geometry":{"type":"LineString","coordinates":[[-106.7454928,32.286055],[-106.745506,32.2859835],[-106.7455239,32.2858864],[-106.7454493,32.285376]]}},{"type":"Feature","properties":{"highway":"service","name":""},"geometry":{"type":"LineString","coordinates":[[-106.7476042,32.2855434],[-106.7475111,32.2851837],[-106.7479017,32.285098]]}},{"type":"Feature","properties":{"highway":"service","name":""},"geometry":{"type":"LineString","coordinates":[[-106.7475111,32.2851837],[-106.7473693,32.2852186],[-106.7472904,32.285238]]}},{"type":"Feature","properties":{"highway":"service","name":""},"geometry":{"type":"LineString","coordinates":[[-106.7608539,32.2819893],[-106.760535,32.2820416],[-106.760325,32.2820752]]}},{"type":"Feature","properties":{"highway":"service","name":""},"geometry":{"type":"LineString","coordinates":[[-106.760236,32.281704],[-106.7604406,32.2816675],[-106.760535,32.2820416]]}},{"type":"Feature","properties":{"highway":"service","name":""},"geometry":{"type":"LineString","coordinates":[[-106.7593037,32.2812675],[-106.7593202,32.2813326],[-106.7593552,32.2814704],[-106.7593831,32.2814901],[-106.7594203,32.2814979],[-106.7599989,32.2813899]]}},{"type":"Feature","properties":{"highway":"service","name":""},"geometry":{"type":"LineString","coordinates":[[-106.7593831,32.2814901],[-106.7593692,32.2815274],[-106.7593669,32.2815628],[-106.7594366,32.2818142],[-106.7594807,32.2818535],[-106.7595481,32.2818928],[-106.7595992,32.2819085],[-106.7596689,32.2819085],[-106.7601058,32.2818378],[-106.7599989,32.2813899],[-106.7599575,32.2812122],[-106.7599432,32.2811506]]}},{"type":"Feature","properties":{"highway":"service","name":""},"geometry":{"type":"LineString","coordinates":[[-106.7549346,32.2784191],[-106.7548533,32.2784359],[-106.7547299,32.2784615],[-106.7546754,32.2784727],[-106.7546098,32.278486],[-106.7545617,32.2784611],[-106.7543958,32.2783755],[-106.7542006,32.2776198],[-106.7541932,32.277591],[-106.7542193,32.2775523],[-106.7543288,32.277533],[-106.7544788,32.2775023],[-106.7545996,32.2774759],[-106.7546816,32.277458]]}},{"type":"Feature","properties":{"highway":"service","name":""},"geometry":{"type":"LineString","coordinates":[[-106.7547299,32.2784615],[-106.7544788,32.2775023]]}},{"type":"Feature","properties":{"highway":"service","name":""},"geometry":{"type":"LineString","coordinates":[[-106.7543288,32.277533],[-106.7545617,32.2784611]]}},{"type":"Feature","properties":{"highway":"service","name":""},"geometry":{"type":"LineString","coordinates":[[-106.7536284,32.2773004],[-106.7536797,32.2774985],[-106.7537142,32.2776317],[-106.7537409,32.2777348]]}},{"type":"Feature","properties":{"highway":"service","name":""},"geometry":{"type":"LineString","coordinates":[[-106.7526598,32.2775015],[-106.7526761,32.2775651],[-106.7527067,32.2776849]]}},{"type":"Feature","properties":{"highway":"service","name":""},"geometry":{"type":"LineString","coordinates":[[-106.7527067,32.2776849],[-106.752741,32.2778216],[-106.7537142,32.2776317]]}},{"type":"Feature","properties":{"highway":"service","name":""},"geometry":{"type":"LineString","coordinates":[[-106.7536797,32.2774985],[-106.7527067,32.2776849]]}},{"type":"Feature","properties":{"highway":"service","name":""},"geometry":{"type":"LineString","coordinates":[[-106.7529718,32.2792689],[-106.7530528,32.2792537],[-106.7531062,32.2792437],[-106.753171,32.2792316],[-106.7530838,32.2788986],[-106.7530211,32.2789104],[-106.7529689,32.2789202],[-106.7528889,32.2789351]]}},{"type":"Feature","properties":{"highway":"footway","name":""},"geometry":{"type":"LineString","coordinates":[[-106.7546754,32.2784727],[-106.7547229,32.2786769],[-106.7546996,32.2787661],[-106.75467,32.2788599],[-106.7546431,32.278903],[-106.7546231,32.2789245],[-106.7546043,32.2789345],[-106.7545769,32.2789444],[-106.7542391,32.2790065],[-106.754111,32.279188]]}},{"type":"Feature","properties":{"highway":"service","name":""},"geometry":{"type":"LineString","coordinates":[[-106.7467717,32.2717695],[-106.7463402,32.2720454],[-106.7460605,32.2722346],[-106.7457798,32.2723024],[-106.7456278,32.2723674],[-106.7447072,32.2730073]]}},{"type":"Feature","properties":{"highway":"service","name":""},"geometry":{"type":"LineString","coordinates":[[-106.7463402,32.2720454],[-106.7464999,32.2722134],[-106.7468234,32.2719858]]}},{"type":"Feature","properties":{"highway":"service","name":""},"geometry":{"type":"LineString","coordinates":[[-106.7453284,32.2736978],[-106.745307,32.2735695],[-106.7456126,32.2733656],[-106.746012,32.2730991],[-106.7461336,32.273217],[-106.7461824,32.2732644],[-106.7462137,32.2733192],[-106.7462608,32.2735165]]}},{"type":"Feature","properties":{"highway":"service","name":""},"geometry":{"type":"LineString","coordinates":[[-106.7458072,32.2736052],[-106.7457126,32.2734879],[-106.7456126,32.2733656]]}},{"type":"Feature","properties":{"highway":"service","name":""},"geometry":{"type":"LineString","coordinates":[[-106.7461336,32.273217],[-106.7457126,32.2734879]]}},{"type":"Feature","properties":{"highway":"service","name":""},"geometry":{"type":"LineString","coordinates":[[-106.7450952,32.2737387],[-106.7446237,32.2732418],[-106.7444716,32.2733449],[-106.7448663,32.2737667]]}},{"type":"Feature","properties":{"highway":"footway","name":""},"geometry":{"type":"LineString","coordinates":[[-106.7486889,32.2777115],[-106.7485991,32.2773893],[-106.7486867,32.2773711],[-106.7499094,32.277136]]}},{"type":"Feature","properties":{"highway":"service","name":""},"geometry":{"type":"LineString","coordinates":[[-106.7497708,32.2773184],[-106.7499495,32.2772852],[-106.7500383,32.2772704]]}},{"type":"Feature","properties":{"highway":"service","name":""},"geometry":{"type":"LineString","coordinates":[[-106.7476363,32.2751896],[-106.7478351,32.2751506],[-106.7480172,32.275115],[-106.7482041,32.2750784],[-106.7483784,32.2750442],[-106.7482842,32.2746652],[-106.7482318,32.2746511],[-106.7480899,32.2746771],[-106.7479091,32.2747102],[-106.7477311,32.2747429]]}},{"type":"Feature","properties":{"highway":"service","name":""},"geometry":{"type":"LineString","coordinates":[[-106.7482041,32.2750784],[-106.7480899,32.2746771]]}},{"type":"Feature","properties":{"highway":"service","name":""},"geometry":{"type":"LineString","coordinates":[[-106.7480172,32.275115],[-106.7479091,32.2747102]]}},{"type":"Feature","properties":{"highway":"service","name":""},"geometry":{"type":"LineString","coordinates":[[-106.7478351,32.2751506],[-106.7477311,32.2747429],[-106.747706,32.2746158],[-106.747564,32.2740692],[-106.7475586,32.2740485],[-106.7474935,32.2737977],[-106.7474342,32.2735695],[-106.7474437,32.2735363],[-106.747464,32.273502],[-106.7474902,32.2734778],[-106.7475248,32.2734586],[-106.7484261,32.2732812],[-106.7483864,32.2731179]]}},{"type":"Feature","properties":{"highway":"service","name":""},"geometry":{"type":"LineString","coordinates":[[-106.7474935,32.2737977],[-106.7476893,32.273887],[-106.7475586,32.2740485]]}},{"type":"Feature","properties":{"highway":"service","name":""},"geometry":{"type":"LineString","coordinates":[[-106.7475008,32.2746548],[-106.747706,32.2746158],[-106.7479027,32.2745775],[-106.7477954,32.2741693],[-106.747564,32.2740692]]}},{"type":"Feature","properties":{"highway":"service","name":""},"geometry":{"type":"LineString","coordinates":[[-106.7492887,32.2734744],[-106.7489902,32.2732763],[-106.7488847,32.2732389],[-106.7487769,32.2732379],[-106.7486043,32.2732581],[-106.7485584,32.2730869]]}},{"type":"Feature","properties":{"highway":"service","name":""},"geometry":{"type":"LineString","coordinates":[[-106.7493739,32.2747883],[-106.7492521,32.2748087],[-106.7492004,32.2748077],[-106.7491415,32.2747744],[-106.7488929,32.274634],[-106.74878,32.2741831],[-106.7489263,32.2739729],[-106.7489602,32.2739241],[-106.7490094,32.2739058],[-106.7491432,32.273895]]}},{"type":"Feature","properties":{"highway":"service","name":""},"geometry":{"type":"LineString","coordinates":[[-106.7491415,32.2747744],[-106.7489263,32.2739729]]}},{"type":"Feature","properties":{"highway":"pedestrian","name":""},"geometry":{"type":"LineString","coordinates":[[-106.7517746,32.2827093],[-106.7517427,32.2826067],[-106.7517319,32.2825634],[-106.7517237,32.2825301],[-106.7516943,32.2824743],[-106.7516349,32.2824031],[-106.7515865,32.2822157],[-106.7515232,32.2821168],[-106.7515062,32.2820603],[-106.7514608,32.2818928],[-106.7514108,32.2818039],[-106.7514006,32.2817837],[-106.7513648,32.2816487],[-106.7512999,32.2814044],[-106.7512911,32.2813721]]}},{"type":"Feature","properties":{"highway":"footway","name":""},"geometry":{"type":"LineString","coordinates":[[-106.7517427,32.2826067],[-106.7520837,32.2823756],[-106.7521835,32.2823087]]}},{"type":"Feature","properties":{"highway":"footway","name":""},"geometry":{"type":"LineString","coordinates":[[-106.7516349,32.2824031],[-106.7520714,32.2823273],[-106.7521835,32.2823087],[-106.7523392,32.2821877],[-106.7524413,32.2821272],[-106.7525689,32.2819895]]}},{"type":"Feature","properties":{"highway":"footway","name":""},"geometry":{"type":"LineString","coordinates":[[-106.7524413,32.2821272],[-106.7523795,32.2822663],[-106.7523457,32.2823995],[-106.7523463,32.2826016]]}},{"type":"Feature","properties":{"highway":"footway","name":""},"geometry":{"type":"LineString","coordinates":[[-106.7528767,32.2821421],[-106.7528455,32.2820106],[-106.7528277,32.2819477],[-106.7528117,32.281883],[-106.7527763,32.2817394],[-106.7527468,32.2816138],[-106.7526928,32.2813842],[-106.7526166,32.2813635],[-106.7525639,32.2811628],[-106.7525544,32.2811265]]}},{"type":"Feature","properties":{"highway":"footway","name":""},"geometry":{"type":"LineString","coordinates":[[-106.7526166,32.2813635],[-106.7524612,32.2813064],[-106.7522842,32.2812723],[-106.7520297,32.281265]]}},{"type":"Feature","properties":{"highway":"footway","name":""},"geometry":{"type":"LineString","coordinates":[[-106.7527468,32.2816138],[-106.7529481,32.2817933],[-106.7530072,32.2818468],[-106.7530596,32.2818937]]}},{"type":"Feature","properties":{"highway":"footway","name":""},"geometry":{"type":"LineString","coordinates":[[-106.7520837,32.2823756],[-106.7520714,32.2823273],[-106.7520268,32.282145],[-106.7519738,32.2821558],[-106.7519474,32.2820309],[-106.7518953,32.2819955],[-106.7518619,32.2819843],[-106.7518129,32.2819286],[-106.7517431,32.2818544],[-106.751664,32.2818061]]}},{"type":"Feature","properties":{"highway":"footway","name":""},"geometry":{"type":"LineString","coordinates":[[-106.7521469,32.2818628],[-106.7519192,32.2819489],[-106.7518619,32.2819843],[-106.7517769,32.2820496],[-106.7516771,32.2821295],[-106.7515865,32.2822157]]}},{"type":"Feature","properties":{"highway":"footway","name":""},"geometry":{"type":"LineString","coordinates":[[-106.7525689,32.2819895],[-106.7523113,32.2820296],[-106.7522751,32.2818781]]}},{"type":"Feature","properties":{"highway":"primary","name":"East University Avenue"},"geometry":{"type":"LineString","coordinates":[[-106.7664596,32.2821366],[-106.7667842,32.2821238],[-106.7670358,32.2821125],[-106.7679578,32.2819393]]}},{"type":"Feature","properties":{"highway":"tertiary","name":"Cholla Road"},"geometry":{"type":"LineString","coordinates":[[-106.7382544,32.2659657],[-106.738091,32.2661848],[-106.7379811,32.2663157],[-106.7378786,32.2664382],[-106.7377708,32.2665495],[-106.7376392,32.2666716],[-106.7374942,32.2668008],[-106.737386,32.2668877],[-106.7372619,32.2669825],[-106.7371054,32.2670903],[-106.7369637,32.2671833],[-106.7368154,32.267274],[-106.7366581,32.2673579],[-106.7365144,32.2674282],[-106.7363444,32.2675072],[-106.7361613,32.2675828],[-106.7359918,32.2676437],[-106.7358148,32.2677028],[-106.7356318,32.2677567],[-106.7354369,32.2678049],[-106.733994,32.2681405],[-106.733706,32.2682113],[-106.7332501,32.2683357],[-106.7329323,32.2684194],[-106.7326228,32.2684963],[-106.7321086,32.2686159],[-106.7317752,32.2686941],[-106.7316845,32.2687186],[-106.7316018,32.268743]]}},{"type":"Feature","properties":{"highway":"service","name":"Barbara Hubbard Way"},"geometry":{"type":"LineString","coordinates":[[-106.7411864,32.2850879],[-106.7408249,32.2851553],[-106.7406206,32.2851986],[-106.7404149,32.2852422],[-106.7402091,32.2852805],[-106.740006,32.2853183],[-106.7398005,32.2853565],[-106.7396984,32.2853754],[-106.7395905,32.2853955],[-106.7393565,32.285439],[-106.739197,32.2854613],[-106.7391611,32.2854782],[-106.7391354,32.2854839],[-106.7390484,32.2855353]]}},{"type":"Feature","properties":{"highway":"service","name":""},"geometry":{"type":"LineString","coordinates":[[-106.7365549,32.2908489],[-106.7366045,32.2910177],[-106.7366427,32.2911579]]}},{"type":"Feature","properties":{"highway":"service","name":""},"geometry":{"type":"LineString","coordinates":[[-106.737292,32.2908664],[-106.7366045,32.2910177]]}},{"type":"Feature","properties":{"highway":"service","name":""},"geometry":{"type":"LineString","coordinates":[[-106.7385873,32.2922867],[-106.7383408,32.292331],[-106.737719,32.2924426]]}},{"type":"Feature","properties":{"highway":"service","name":""},"geometry":{"type":"LineString","coordinates":[[-106.738573,32.2920977],[-106.7376734,32.2922626]]}},{"type":"Feature","properties":{"highway":"service","name":""},"geometry":{"type":"LineString","coordinates":[[-106.7385268,32.2919192],[-106.7376291,32.2920874]]}},{"type":"Feature","properties":{"highway":"service","name":""},"geometry":{"type":"LineString","coordinates":[[-106.738481,32.2917423],[-106.7375816,32.2918997]]}},{"type":"Feature","properties":{"highway":"service","name":""},"geometry":{"type":"LineString","coordinates":[[-106.7384357,32.2915673],[-106.7375351,32.2917324]]}},{"type":"Feature","properties":{"highway":"service","name":""},"geometry":{"type":"LineString","coordinates":[[-106.737486,32.2915554],[-106.7383922,32.291399]]}},{"type":"Feature","properties":{"highway":"service","name":""},"geometry":{"type":"LineString","coordinates":[[-106.7374366,32.2913775],[-106.7383461,32.2912213]]}},{"type":"Feature","properties":{"highway":"service","name":""},"geometry":{"type":"LineString","coordinates":[[-106.7383408,32.292331],[-106.73837,32.2924887],[-106.7376801,32.2926135],[-106.7369218,32.292755]]}},{"type":"Feature","properties":{"highway":"service","name":""},"geometry":{"type":"LineString","coordinates":[[-106.7372477,32.2907166],[-106.7371934,32.2905085],[-106.7363317,32.2906585],[-106.7362521,32.290686],[-106.7361845,32.2907499]]}},{"type":"Feature","properties":{"highway":"service","name":""},"geometry":{"type":"LineString","coordinates":[[-106.7369706,32.2930973],[-106.7369218,32.292755],[-106.7368929,32.2925866],[-106.7368893,32.2923357],[-106.7369001,32.2920969],[-106.7369291,32.2920419],[-106.7375816,32.2918997]]}},{"type":"Feature","properties":{"highway":"residential","name":"Tigua Drive"},"geometry":{"type":"LineString","coordinates":[[-106.7514742,32.26791],[-106.7517518,32.2684136],[-106.7522856,32.2693484],[-106.7527777,32.2702745],[-106.7529397,32.2707946],[-106.753073,32.271306]]}},{"type":"Feature","properties":{"highway":"tertiary","name":"Tigua Drive"},"geometry":{"type":"LineString","coordinates":[[-106.753073,32.271306],[-106.7532043,32.2717903],[-106.753366,32.2723964],[-106.7533916,32.2726161]]}},{"type":"Feature","properties":{"highway":"primary","name":"East University Avenue"},"geometry":{"type":"LineString","coordinates":[[-106.739158,32.2871767],[-106.7392944,32.2871438],[-106.7395369,32.2870854]]}},{"type":"Feature","properties":{"highway":"service","name":""},"geometry":{"type":"LineString","coordinates":[[-106.7478347,32.2866559],[-106.7477978,32.2866586],[-106.747361,32.2867307],[-106.7471564,32.2867667],[-106.7470163,32.2867914],[-106.7468052,32.2868286],[-106.7466227,32.2868603],[-106.7464426,32.2868925],[-106.7462531,32.2869258],[-106.7460843,32.2869556],[-106.7458998,32.2869881],[-106.7457597,32.2870128],[-106.7455883,32.287046],[-106.7454172,32.2870791],[-106.7452347,32.2871144],[-106.745088,32.2871429],[-106.7449438,32.2871708],[-106.7445209,32.2872527],[-106.7440516,32.2873435],[-106.7434567,32.2874587],[-106.743342,32.2874809],[-106.7428933,32.2875699],[-106.742839,32.2874416],[-106.7427026,32.28713],[-106.7426224,32.2869444],[-106.7425922,32.2868744],[-106.7425783,32.2868335],[-106.7425756,32.2868073],[-106.7425772,32.2867947],[-106.7425797,32.2867746],[-106.7425958,32.2867149]]}},{"type":"Feature","properties":{"highway":"service","name":""},"geometry":{"type":"LineString","coordinates":[[-106.7443701,32.2860345],[-106.7443581,32.2861733]]}},{"type":"Feature","properties":{"highway":"service","name":""},"geometry":{"type":"LineString","coordinates":[[-106.7454928,32.286055],[-106.7455095,32.2861834]]}},{"type":"Feature","properties":{"highway":"service","name":""},"geometry":{"type":"LineString","coordinates":[[-106.7475302,32.2874306],[-106.7475123,32.2873567],[-106.747361,32.2867307],[-106.7472321,32.2862268],[-106.7468875,32.2862919],[-106.7466805,32.286331],[-106.7464936,32.2863663],[-106.7463202,32.286399],[-106.7461311,32.2864347],[-106.7459532,32.2864539],[-106.7457664,32.2864741],[-106.7456062,32.2864913],[-106.7454439,32.2864942],[-106.7452526,32.2864977],[-106.7450702,32.2865009],[-106.7449056,32.2865038],[-106.7447466,32.2865067],[-106.7445053,32.286511],[-106.7443341,32.286514],[-106.7441852,32.2865393],[-106.7438759,32.2865918],[-106.7436335,32.286633],[-106.7436292,32.2866388],[-106.7435,32.2868144],[-106.7433354,32.2869372],[-106.7432131,32.2870166],[-106.7427026,32.28713]]}},{"type":"Feature","properties":{"highway":"service","name":""},"geometry":{"type":"LineString","coordinates":[[-106.7432131,32.2870166],[-106.7433065,32.2873488],[-106.743342,32.2874809]]}},{"type":"Feature","properties":{"highway":"service","name":""},"geometry":{"type":"LineString","coordinates":[[-106.7436292,32.2866388],[-106.7438091,32.2872542]]}},{"type":"Feature","properties":{"highway":"service","name":""},"geometry":{"type":"LineString","coordinates":[[-106.7438759,32.2865918],[-106.7440161,32.2872153],[-106.7440516,32.2873435]]}},{"type":"Feature","properties":{"highway":"service","name":""},"geometry":{"type":"LineString","coordinates":[[-106.7443428,32.2871538],[-106.7441852,32.2865393]]}},{"type":"Feature","properties":{"highway":"service","name":""},"geometry":{"type":"LineString","coordinates":[[-106.7445053,32.286511],[-106.744661,32.2870997],[-106.7448834,32.2870525],[-106.7447466,32.2865067]]}},{"type":"Feature","properties":{"highway":"service","name":""},"geometry":{"type":"LineString","coordinates":[[-106.742839,32.2874416],[-106.7433065,32.2873488],[-106.7438091,32.2872542],[-106.7440161,32.2872153],[-106.7443428,32.2871538],[-106.7444889,32.2871264],[-106.744661,32.2870997]]}},{"type":"Feature","properties":{"highway":"service","name":""},"geometry":{"type":"LineString","coordinates":[[-106.7449056,32.2865038],[-106.745088,32.2871429]]}},{"type":"Feature","properties":{"highway":"service","name":""},"geometry":{"type":"LineString","coordinates":[[-106.7452347,32.2871144],[-106.7450702,32.2865009]]}},{"type":"Feature","properties":{"highway":"service","name":""},"geometry":{"type":"LineString","coordinates":[[-106.7452526,32.2864977],[-106.7454172,32.2870791]]}},{"type":"Feature","properties":{"highway":"service","name":""},"geometry":{"type":"LineString","coordinates":[[-106.7455883,32.287046],[-106.7454439,32.2864942]]}},{"type":"Feature","properties":{"highway":"service","name":""},"geometry":{"type":"LineString","coordinates":[[-106.7458998,32.2869881],[-106.7457664,32.2864741]]}},{"type":"Feature","properties":{"highway":"service","name":""},"geometry":{"type":"LineString","coordinates":[[-106.7459532,32.2864539],[-106.7460843,32.2869556]]}},{"type":"Feature","properties":{"highway":"service","name":""},"geometry":{"type":"LineString","coordinates":[[-106.7462531,32.2869258],[-106.7461334,32.286446],[-106.7461311,32.2864347]]}},{"type":"Feature","properties":{"highway":"service","name":""},"geometry":{"type":"LineString","coordinates":[[-106.7463202,32.286399],[-106.7464426,32.2868925]]}},{"type":"Feature","properties":{"highway":"service","name":""},"geometry":{"type":"LineString","coordinates":[[-106.7466227,32.2868603],[-106.7464936,32.2863663]]}},{"type":"Feature","properties":{"highway":"service","name":""},"geometry":{"type":"LineString","coordinates":[[-106.7466805,32.286331],[-106.7468052,32.2868286]]}},{"type":"Feature","properties":{"highway":"service","name":""},"geometry":{"type":"LineString","coordinates":[[-106.7470163,32.2867914],[-106.7468875,32.2862919]]}},{"type":"Feature","properties":{"highway":"service","name":""},"geometry":{"type":"LineString","coordinates":[[-106.7471564,32.2867667],[-106.7473121,32.2873907],[-106.7475123,32.2873567]]}},{"type":"Feature","properties":{"highway":"primary","name":"East University Avenue"},"geometry":{"type":"LineString","coordinates":[[-106.7434263,32.286011],[-106.7432943,32.2860189],[-106.7431151,32.2860389],[-106.7427046,32.2860733],[-106.7425061,32.2861031],[-106.7423366,32.2861301],[-106.742183,32.2861581],[-106.74159,32.2862877]]}},{"type":"Feature","properties":{"highway":"footway","name":""},"geometry":{"type":"LineString","coordinates":[[-106.7493932,32.2831931],[-106.749368,32.2830829],[-106.7493924,32.2829659],[-106.7494349,32.2827622],[-106.7494748,32.2825713],[-106.7495048,32.2824276],[-106.7492978,32.2822702]]}},{"type":"Feature","properties":{"highway":"footway","name":""},"geometry":{"type":"LineString","coordinates":[[-106.7495994,32.2827306],[-106.7494349,32.2827622]]}},{"type":"Feature","properties":{"highway":"footway","name":""},"geometry":{"type":"LineString","coordinates":[[-106.7495048,32.2824276],[-106.7496153,32.2822426],[-106.7496306,32.282217],[-106.7497734,32.2819781]]}},{"type":"Feature","properties":{"highway":"footway","name":""},"geometry":{"type":"LineString","coordinates":[[-106.7456868,32.2818759],[-106.7456243,32.2818881],[-106.745338,32.2819462]]}},{"type":"Feature","properties":{"highway":"footway","name":""},"geometry":{"type":"LineString","coordinates":[[-106.7452521,32.2819014],[-106.745338,32.2819462]]}},{"type":"Feature","properties":{"highway":"footway","name":""},"geometry":{"type":"LineString","coordinates":[[-106.748988,32.283242],[-106.7489737,32.2831849],[-106.7486756,32.2830018]]}},{"type":"Feature","properties":{"highway":"footway","name":""},"geometry":{"type":"LineString","coordinates":[[-106.7476447,32.2824609],[-106.7475844,32.2824721],[-106.7474409,32.2824989],[-106.7471981,32.2825444],[-106.7469991,32.2825988],[-106.7467853,32.2826415]]}},{"type":"Feature","properties":{"highway":"footway","name":""},"geometry":{"type":"LineString","coordinates":[[-106.7496389,32.2829219],[-106.7493924,32.2829659]]}},{"type":"Feature","properties":{"highway":"steps","name":""},"geometry":{"type":"LineString","coordinates":[[-106.7456307,32.2821444],[-106.7456826,32.2820998]]}},{"type":"Feature","properties":{"highway":"footway","name":""},"geometry":{"type":"LineString","coordinates":[[-106.7469131,32.2831499],[-106.7468541,32.2831622],[-106.7468377,32.283183],[-106.7467411,32.2832915],[-106.7463579,32.2837089],[-106.7463342,32.2837347],[-106.7462634,32.2838272]]}},{"type":"Feature","properties":{"highway":"footway","name":""},"geometry":{"type":"LineString","coordinates":[[-106.7413194,32.282957],[-106.7414045,32.2833038],[-106.7414708,32.2835605],[-106.7417683,32.2846845],[-106.7418305,32.2849163],[-106.7422153,32.284845],[-106.7423101,32.284827],[-106.7426273,32.2847668],[-106.7426955,32.2847538],[-106.7430537,32.2846858],[-106.7429917,32.2844524],[-106.7429299,32.2842198]]}},{"type":"Feature","properties":{"highway":"service","name":""},"geometry":{"type":"LineString","coordinates":[[-106.7425726,32.2778838],[-106.7427542,32.2785934],[-106.7429453,32.2785541],[-106.742754,32.2778516],[-106.7427087,32.2776556]]}},{"type":"Feature","properties":{"highway":"service","name":""},"geometry":{"type":"LineString","coordinates":[[-106.7425726,32.2778838],[-106.7425181,32.2776413]]}},{"type":"Feature","properties":{"highway":"footway","name":""},"geometry":{"type":"LineString","coordinates":[[-106.748465,32.2824469],[-106.7486258,32.2830602]]}},{"type":"Feature","properties":{"highway":"footway","name":""},"geometry":{"type":"LineString","coordinates":[[-106.747644,32.2827143],[-106.7475844,32.2824721],[-106.747575,32.2824306]]}},{"type":"Feature","properties":{"highway":"footway","name":""},"geometry":{"type":"LineString","coordinates":[[-106.74475,32.2821371],[-106.7446766,32.2818904],[-106.7444639,32.2811705]]}},{"type":"Feature","properties":{"highway":"footway","name":""},"geometry":{"type":"LineString","coordinates":[[-106.7467623,32.2825404],[-106.7467853,32.2826415],[-106.7467971,32.2826967],[-106.7468703,32.2829825],[-106.7468865,32.2830552],[-106.7469131,32.2831499],[-106.7469789,32.2834189],[-106.7470325,32.2836381]]}},{"type":"Feature","properties":{"highway":"footway","name":""},"geometry":{"type":"LineString","coordinates":[[-106.746264,32.2806955],[-106.7462875,32.2807623],[-106.74631,32.2808276],[-106.74621,32.2808434],[-106.7461169,32.2808584]]}},{"type":"Feature","properties":{"highway":"steps","name":""},"geometry":{"type":"LineString","coordinates":[[-106.7470254,32.2830711],[-106.7469218,32.2830131]]}},{"type":"Feature","properties":{"highway":"footway","name":""},"geometry":{"type":"LineString","coordinates":[[-106.7469722,32.2825005],[-106.7469991,32.2825988]]}},{"type":"Feature","properties":{"highway":"footway","name":""},"geometry":{"type":"LineString","coordinates":[[-106.7469218,32.2830131],[-106.7468703,32.2829825],[-106.7468111,32.282939],[-106.7466743,32.2828635],[-106.7466071,32.2828299],[-106.7465483,32.2828005],[-106.7464819,32.2827699],[-106.7464313,32.2827427],[-106.7458743,32.2823152],[-106.7456307,32.2821444],[-106.745338,32.2819462]]}},{"type":"Feature","properties":{"highway":"steps","name":""},"geometry":{"type":"LineString","coordinates":[[-106.7461299,32.2817863],[-106.7463544,32.2817452]]}},{"type":"Feature","properties":{"highway":"footway","name":""},"geometry":{"type":"LineString","coordinates":[[-106.747038,32.2831286],[-106.7469131,32.2831499]]}},{"type":"Feature","properties":{"highway":"footway","name":""},"geometry":{"type":"LineString","coordinates":[[-106.7471981,32.2825444],[-106.7471731,32.2824622]]}},{"type":"Feature","properties":{"highway":"footway","name":""},"geometry":{"type":"LineString","coordinates":[[-106.7467971,32.2826967],[-106.7466218,32.2827277],[-106.7465369,32.2827427],[-106.7464819,32.2827699],[-106.746431,32.282792],[-106.7461469,32.2828418],[-106.7460997,32.2828502],[-106.7460825,32.2828532]]}},{"type":"Feature","properties":{"highway":"footway","name":""},"geometry":{"type":"LineString","coordinates":[[-106.7467971,32.2826967],[-106.7466743,32.2828635],[-106.7465886,32.2829832]]}},{"type":"Feature","properties":{"highway":"footway","name":""},"geometry":{"type":"LineString","coordinates":[[-106.7468377,32.283183],[-106.746804,32.2831649],[-106.7466881,32.2831027],[-106.7467706,32.2829929],[-106.7468111,32.282939]]}},{"type":"Feature","properties":{"highway":"footway","name":""},"geometry":{"type":"LineString","coordinates":[[-106.7469789,32.2834189],[-106.7467411,32.2832915],[-106.7466429,32.2832389],[-106.7465886,32.2829832]]}},{"type":"Feature","properties":{"highway":"footway","name":""},"geometry":{"type":"LineString","coordinates":[[-106.7442133,32.2831318],[-106.7441853,32.2830365],[-106.7441526,32.2830421],[-106.7440736,32.2830557]]}},{"type":"Feature","properties":{"highway":"footway","name":""},"geometry":{"type":"LineString","coordinates":[[-106.7439924,32.2828886],[-106.7440197,32.2829184],[-106.7441526,32.2830421]]}},{"type":"Feature","properties":{"highway":"steps","name":""},"geometry":{"type":"LineString","coordinates":[[-106.7426304,32.2834365],[-106.7426804,32.2833716]]}},{"type":"Feature","properties":{"highway":"footway","name":""},"geometry":{"type":"LineString","coordinates":[[-106.7425192,32.2828099],[-106.7425142,32.2827895],[-106.7425081,32.2827747],[-106.7424897,32.2827552],[-106.7424657,32.2827457],[-106.7424395,32.2827446],[-106.7421372,32.2828034],[-106.7419462,32.2828397],[-106.7413194,32.282957]]}},{"type":"Feature","properties":{"highway":"footway","name":""},"geometry":{"type":"LineString","coordinates":[[-106.7420114,32.2830692],[-106.7419462,32.2828397]]}},{"type":"Feature","properties":{"highway":"footway","name":""},"geometry":{"type":"LineString","coordinates":[[-106.7421952,32.2830396],[-106.7421372,32.2828034]]}},{"type":"Feature","properties":{"highway":"footway","name":""},"geometry":{"type":"LineString","coordinates":[[-106.749284,32.2831856],[-106.7493009,32.2832572],[-106.7493988,32.2836211],[-106.7494149,32.2836898],[-106.749453,32.2838254],[-106.7495735,32.2842797],[-106.7496794,32.284678],[-106.7497918,32.2851588],[-106.7497891,32.2851814],[-106.7497794,32.2851998],[-106.7497659,32.2852115],[-106.7497446,32.2852225],[-106.7492324,32.2853421],[-106.7484039,32.285529],[-106.7475761,32.2856914],[-106.7475222,32.2856919],[-106.7475051,32.2856737],[-106.7474893,32.2856477],[-106.7474775,32.2856261],[-106.7473693,32.2852186],[-106.7473201,32.285009],[-106.74728,32.2848369],[-106.7472422,32.2846752],[-106.7472123,32.2845471]]}},{"type":"Feature","properties":{"highway":"pedestrian","name":"International Mall"},"geometry":{"type":"LineString","coordinates":[[-106.7469839,32.2836473],[-106.7469328,32.2836758],[-106.7468417,32.2837253],[-106.7462634,32.2838272],[-106.7461987,32.2838391],[-106.746012,32.2838735],[-106.7455874,32.2839517],[-106.7451283,32.2840381],[-106.7444374,32.284177],[-106.7442632,32.2842101],[-106.7441144,32.2842382],[-106.7440114,32.2842577],[-106.7437791,32.2843018],[-106.7437635,32.2843046],[-106.743623,32.2843294],[-106.7434592,32.2843583],[-106.7434254,32.2843654],[-106.7431412,32.2844227]]}},{"type":"Feature","properties":{"highway":"footway","name":""},"geometry":{"type":"LineString","coordinates":[[-106.7479604,32.2838579],[-106.7479351,32.2837591],[-106.7478563,32.2834272],[-106.7478143,32.2832733]]}},{"type":"Feature","properties":{"highway":"secondary","name":"East University Avenue"},"geometry":{"type":"LineString","coordinates":[[-106.7341556,32.2894184],[-106.73366,32.289776],[-106.7332421,32.2901304]]}},{"type":"Feature","properties":{"highway":"secondary","name":"East University Avenue"},"geometry":{"type":"LineString","coordinates":[[-106.734194,32.2895196],[-106.734252,32.2894772],[-106.734341,32.2894231]]}},{"type":"Feature","properties":{"highway":"primary","name":"South Main Street"},"geometry":{"type":"LineString","coordinates":[[-106.7720772,32.2839294],[-106.7719655,32.2837544]]}},{"type":"Feature","properties":{"highway":"service","name":""},"geometry":{"type":"LineString","coordinates":[[-106.7449438,32.2871708],[-106.7450639,32.2876375],[-106.7450159,32.2877615]]}},{"type":"Feature","properties":{"highway":"service","name":""},"geometry":{"type":"LineString","coordinates":[[-106.7450159,32.2877615],[-106.7447703,32.2878094],[-106.7436249,32.2880328],[-106.7434567,32.2874587]]}},{"type":"Feature","properties":{"highway":"service","name":""},"geometry":{"type":"LineString","coordinates":[[-106.7447703,32.2878094],[-106.7448029,32.2879439]]}},{"type":"Feature","properties":{"highway":"service","name":""},"geometry":{"type":"LineString","coordinates":[[-106.7450159,32.2877615],[-106.7462214,32.2875208],[-106.7465665,32.287531],[-106.7473121,32.2873907]]}},{"type":"Feature","properties":{"highway":"service","name":""},"geometry":{"type":"LineString","coordinates":[[-106.7465665,32.287531],[-106.7465854,32.2876084]]}},{"type":"Feature","properties":{"highway":"service","name":""},"geometry":{"type":"LineString","coordinates":[[-106.7436249,32.2880328],[-106.7430624,32.2881449],[-106.7428933,32.2875699]]}},{"type":"Feature","properties":{"highway":"service","name":""},"geometry":{"type":"LineString","coordinates":[[-106.7430624,32.2881449],[-106.7430954,32.2882652]]}},{"type":"Feature","properties":{"highway":"footway","name":""},"geometry":{"type":"LineString","coordinates":[[-106.7486504,32.2820248],[-106.7484809,32.2819485]]}},{"type":"Feature","properties":{"highway":"service","name":""},"geometry":{"type":"LineString","coordinates":[[-106.7492957,32.2830259],[-106.7493796,32.282673],[-106.7493999,32.2825033],[-106.7493841,32.2824331],[-106.7493468,32.2823981],[-106.748848,32.2829845],[-106.7490183,32.2830818],[-106.7492957,32.2830259]]}},{"type":"Feature","properties":{"highway":"footway","name":""},"geometry":{"type":"LineString","coordinates":[[-106.7506239,32.2824655],[-106.7506984,32.2824524]]}},{"type":"Feature","properties":{"highway":"footway","name":""},"geometry":{"type":"LineString","coordinates":[[-106.7482815,32.2818187],[-106.7485856,32.2817686]]}},{"type":"Feature","properties":{"highway":"footway","name":""},"geometry":{"type":"LineString","coordinates":[[-106.7485534,32.2797718],[-106.7486055,32.2799569],[-106.7486296,32.2800442],[-106.7486836,32.2802399],[-106.7485612,32.2802635],[-106.7485168,32.2802431],[-106.7484888,32.2802171],[-106.748456,32.2800776],[-106.7484213,32.2800687],[-106.7474956,32.280247]]}},{"type":"Feature","properties":{"highway":"service","name":""},"geometry":{"type":"LineString","coordinates":[[-106.7493796,32.282673],[-106.7490183,32.2830818]]}},{"type":"Feature","properties":{"highway":"service","name":""},"geometry":{"type":"LineString","coordinates":[[-106.7402621,32.2778726],[-106.7404015,32.2784177]]}},{"type":"Feature","properties":{"highway":"footway","name":""},"geometry":{"type":"LineString","coordinates":[[-106.7500295,32.2816585],[-106.7500694,32.2818168]]}},{"type":"Feature","properties":{"highway":"footway","name":""},"geometry":{"type":"LineString","coordinates":[[-106.7505569,32.2836888],[-106.7505419,32.2836915],[-106.7505279,32.283694],[-106.7505123,32.2836969]]}},{"type":"Feature","properties":{"highway":"service","name":""},"geometry":{"type":"LineString","coordinates":[[-106.7407322,32.2777825],[-106.7408892,32.2777541],[-106.7410986,32.2777169],[-106.7413119,32.2776769],[-106.7415178,32.2776377],[-106.7416546,32.2781977],[-106.7414555,32.2782335],[-106.7412389,32.2782713],[-106.7410348,32.2783029],[-106.7408763,32.2783297]]}},{"type":"Feature","properties":{"highway":"footway","name":""},"geometry":{"type":"LineString","coordinates":[[-106.7524761,32.282814],[-106.7521927,32.2826912],[-106.7520776,32.2826528]]}},{"type":"Feature","properties":{"highway":"footway","name":""},"geometry":{"type":"LineString","coordinates":[[-106.7486504,32.2820248],[-106.7491652,32.2822376],[-106.7492405,32.2822561],[-106.7492978,32.2822702]]}},{"type":"Feature","properties":{"highway":"service","name":""},"geometry":{"type":"LineString","coordinates":[[-106.7401885,32.2784572],[-106.7400508,32.2779128]]}},{"type":"Feature","properties":{"highway":"footway","name":""},"geometry":{"type":"LineString","coordinates":[[-106.7486296,32.2800442],[-106.748456,32.2800776]]}},{"type":"Feature","properties":{"highway":"footway","name":""},"geometry":{"type":"LineString","coordinates":[[-106.748882,32.2807489],[-106.7491011,32.2807109],[-106.7491213,32.2807902],[-106.749018,32.2809116],[-106.7490086,32.280941],[-106.7490421,32.2810884],[-106.7490783,32.2811361],[-106.7491387,32.2811542],[-106.749491,32.2810893],[-106.7495162,32.2810824],[-106.749538,32.2810718],[-106.7495577,32.281059],[-106.7495798,32.2810438],[-106.7496027,32.2810303],[-106.7496286,32.2810194],[-106.7496577,32.2810126],[-106.7496838,32.2810099],[-106.749765,32.2810147],[-106.7498374,32.2810533],[-106.7498736,32.2810884],[-106.7499219,32.2811179],[-106.7499878,32.2811418],[-106.7500439,32.2811621],[-106.7500943,32.2811771],[-106.7503229,32.2812449],[-106.7503805,32.2812766],[-106.7504221,32.2813209],[-106.750465,32.28139],[-106.7504892,32.2814082],[-106.7505267,32.2814172],[-106.7505601,32.2814158],[-106.7507922,32.2813707],[-106.7510417,32.2813223],[-106.7511117,32.2813087],[-106.7511856,32.2812943]]}},{"type":"Feature","properties":{"highway":"footway","name":""},"geometry":{"type":"LineString","coordinates":[[-106.7535201,32.2829728],[-106.7534086,32.282994],[-106.753178,32.2830341],[-106.7531325,32.283042],[-106.7530332,32.2830585],[-106.7528985,32.2830499],[-106.7527428,32.2830023],[-106.7526071,32.2829278],[-106.752521,32.2828504],[-106.7525107,32.2828412],[-106.7524761,32.282814],[-106.7523751,32.2826563],[-106.7523463,32.2826016]]}},{"type":"Feature","properties":{"highway":"footway","name":""},"geometry":{"type":"LineString","coordinates":[[-106.7484809,32.2819485],[-106.7483848,32.2821051]]}},{"type":"Feature","properties":{"highway":"footway","name":""},"geometry":{"type":"LineString","coordinates":[[-106.7486224,32.2817112],[-106.7485902,32.2815617],[-106.7486045,32.281549],[-106.7486129,32.2815416],[-106.748694,32.2811105],[-106.7487317,32.2811258],[-106.748926,32.2812043]]}},{"type":"Feature","properties":{"highway":"footway","name":""},"geometry":{"type":"LineString","coordinates":[[-106.751753,32.2808872],[-106.7516685,32.280574],[-106.7515325,32.2800537],[-106.7514952,32.2799153],[-106.751477,32.2798471]]}},{"type":"Feature","properties":{"highway":"service","name":""},"geometry":{"type":"LineString","coordinates":[[-106.7404628,32.2778344],[-106.7406154,32.278378]]}},{"type":"Feature","properties":{"highway":"service","name":""},"geometry":{"type":"LineString","coordinates":[[-106.742754,32.2778516],[-106.7425726,32.2778838]]}},{"type":"Feature","properties":{"highway":"service","name":""},"geometry":{"type":"LineString","coordinates":[[-106.7353362,32.2905786],[-106.7348771,32.2906607]]}},{"type":"Feature","properties":{"highway":"service","name":""},"geometry":{"type":"LineString","coordinates":[[-106.7334164,32.2936754],[-106.7333884,32.2938185],[-106.7333559,32.2939842],[-106.7333521,32.2939941],[-106.7333334,32.2940429],[-106.7333289,32.2940833],[-106.7333668,32.2941085],[-106.733429,32.2941077],[-106.7334497,32.2940734],[-106.7334434,32.2940284],[-106.7334164,32.2940117],[-106.7333521,32.2939941]]}},{"type":"Feature","properties":{"highway":"service","name":""},"geometry":{"type":"LineString","coordinates":[[-106.7360548,32.2912598],[-106.7361798,32.2917097],[-106.736073,32.2917389],[-106.7360378,32.2918032],[-106.7360758,32.2918425],[-106.7361858,32.2918402],[-106.736314,32.2918116],[-106.736362,32.2917663],[-106.7363436,32.291721],[-106.7362823,32.2916978],[-106.7362235,32.2917052],[-106.7361798,32.2917097]]}},{"type":"Feature","properties":{"highway":"service","name":""},"geometry":{"type":"LineString","coordinates":[[-106.7358391,32.2917079],[-106.73565,32.2917379],[-106.7355422,32.2913487]]}},{"type":"Feature","properties":{"highway":"service","name":""},"geometry":{"type":"LineString","coordinates":[[-106.7340732,32.2938854],[-106.7336451,32.2938669],[-106.7336677,32.2936976]]}},{"type":"Feature","properties":{"highway":"service","name":""},"geometry":{"type":"LineString","coordinates":[[-106.7354087,32.2915816],[-106.73536,32.2913803]]}},{"type":"Feature","properties":{"highway":"service","name":""},"geometry":{"type":"LineString","coordinates":[[-106.7354652,32.2950476],[-106.7354057,32.2948652],[-106.7352978,32.2947032],[-106.7351371,32.2945189],[-106.7350902,32.2944829],[-106.7349433,32.29437],[-106.7347473,32.2942248],[-106.7344985,32.2941131],[-106.7342562,32.2940089],[-106.7341954,32.2939799],[-106.7340999,32.2939344],[-106.7340732,32.2938854],[-106.7340624,32.2938656],[-106.7340514,32.2937222]]}},{"type":"Feature","properties":{"highway":"service","name":""},"geometry":{"type":"LineString","coordinates":[[-106.7333884,32.2938185],[-106.732683,32.2936379],[-106.7327351,32.2934985]]}},{"type":"Feature","properties":{"highway":"service","name":""},"geometry":{"type":"LineString","coordinates":[[-106.7359066,32.2912855],[-106.736004,32.2916805],[-106.7358391,32.2917079],[-106.7357331,32.2913156]]}},{"type":"Feature","properties":{"highway":"service","name":""},"geometry":{"type":"LineString","coordinates":[[-106.7341954,32.2939799],[-106.734617,32.2939295],[-106.7348453,32.2940296],[-106.7351385,32.2942607],[-106.7352076,32.2943298],[-106.7352019,32.2943929],[-106.7351695,32.294437],[-106.7350902,32.2944829]]}},{"type":"Feature","properties":{"highway":"service","name":""},"geometry":{"type":"LineString","coordinates":[[-106.732683,32.2936379],[-106.7325432,32.2939708],[-106.7325469,32.2940294],[-106.73253,32.2940778],[-106.7325075,32.2941036],[-106.7324848,32.2941111],[-106.7324679,32.2941098]]}},{"type":"Feature","properties":{"highway":"footway","name":""},"geometry":{"type":"LineString","coordinates":[[-106.7411697,32.285023],[-106.7412815,32.2850337],[-106.7418356,32.2849304],[-106.7418305,32.2849163]]}},{"type":"Feature","properties":{"highway":"footway","name":""},"geometry":{"type":"LineString","coordinates":[[-106.7471108,32.2847177],[-106.7470852,32.2847543],[-106.7470389,32.2848202],[-106.747018,32.2848445],[-106.7469791,32.2848602],[-106.7469656,32.2848809]]}},{"type":"Feature","properties":{"highway":"footway","name":""},"geometry":{"type":"LineString","coordinates":[[-106.7461987,32.2838391],[-106.7462515,32.2840548]]}},{"type":"Feature","properties":{"highway":"footway","name":""},"geometry":{"type":"LineString","coordinates":[[-106.7460635,32.2840877],[-106.746012,32.2838735]]}},{"type":"Feature","properties":{"highway":"footway","name":""},"geometry":{"type":"LineString","coordinates":[[-106.7455075,32.2850949],[-106.7457169,32.2850605],[-106.7457235,32.2850866],[-106.7457756,32.2852915],[-106.7455725,32.2853239],[-106.7455852,32.2853551]]}},{"type":"Feature","properties":{"highway":"service","name":""},"geometry":{"type":"LineString","coordinates":[[-106.7452982,32.2853994],[-106.7453851,32.2857983],[-106.7454639,32.285986],[-106.7454928,32.286055]]}},{"type":"Feature","properties":{"highway":"footway","name":""},"geometry":{"type":"LineString","coordinates":[[-106.7457235,32.2850866],[-106.7462551,32.2849945],[-106.7469656,32.2848809]]}},{"type":"Feature","properties":{"highway":"pedestrian","name":"International Mall"},"geometry":{"type":"LineString","coordinates":[[-106.7431412,32.2844227],[-106.7429917,32.2844524]]}},{"type":"Feature","properties":{"highway":"footway","name":""},"geometry":{"type":"LineString","coordinates":[[-106.7517309,32.2794412],[-106.7517443,32.2794865]]}},{"type":"Feature","properties":{"highway":"footway","name":""},"geometry":{"type":"LineString","coordinates":[[-106.7508128,32.2797996],[-106.7507926,32.279779],[-106.7506443,32.279238],[-106.7506322,32.2791914],[-106.7506124,32.279116],[-106.7504453,32.2784786],[-106.7503316,32.2780452],[-106.7503343,32.2780237],[-106.750349,32.278001],[-106.7503685,32.2779936],[-106.7503893,32.2779879],[-106.7524197,32.2776092],[-106.7524425,32.2776064],[-106.7524639,32.2776088],[-106.7524854,32.2776223],[-106.7524955,32.2776376],[-106.7527277,32.2785704],[-106.752771,32.2787337],[-106.7527744,32.2787465],[-106.752767,32.2787658],[-106.7527395,32.2787941],[-106.7526986,32.2788463],[-106.752702,32.2788718],[-106.7527147,32.2789228],[-106.7527033,32.2789239],[-106.7527302,32.2790311],[-106.7527724,32.279191],[-106.7528006,32.2792131],[-106.7528864,32.2792545],[-106.7529058,32.2792715],[-106.752927,32.2793591],[-106.752932,32.2793798],[-106.7529244,32.2794026]]}},{"type":"Feature","properties":{"highway":"footway","name":""},"geometry":{"type":"LineString","coordinates":[[-106.7508837,32.2801714],[-106.750909,32.2802672],[-106.7510247,32.2806916],[-106.7510527,32.2807973]]}},{"type":"Feature","properties":{"highway":"footway","name":""},"geometry":{"type":"LineString","coordinates":[[-106.7518169,32.2796231],[-106.7517937,32.2795424],[-106.7517578,32.2795353]]}},{"type":"Feature","properties":{"highway":"footway","name":""},"geometry":{"type":"LineString","coordinates":[[-106.7435412,32.2859198],[-106.7435243,32.2859184],[-106.7435259,32.2858981],[-106.7435227,32.2858777],[-106.7434124,32.2854331],[-106.7432303,32.2847549],[-106.7429825,32.2848023]]}},{"type":"Feature","properties":{"highway":"footway","name":""},"geometry":{"type":"LineString","coordinates":[[-106.7431412,32.2844227],[-106.7431946,32.2846168],[-106.7432088,32.2846684],[-106.7430569,32.2846967],[-106.7430537,32.2846858]]}},{"type":"Feature","properties":{"highway":"footway","name":""},"geometry":{"type":"LineString","coordinates":[[-106.7480599,32.2809988],[-106.7479771,32.2812297],[-106.7479717,32.2812445],[-106.7478555,32.2812674],[-106.7477712,32.2812375]]}},{"type":"Feature","properties":{"highway":"footway","name":""},"geometry":{"type":"LineString","coordinates":[[-106.7508609,32.2800956],[-106.7508407,32.2800257],[-106.7508383,32.2800081],[-106.7508371,32.2799899],[-106.7508437,32.2799758],[-106.7508658,32.2799646],[-106.7508969,32.2799565],[-106.751477,32.2798471],[-106.7515296,32.2798372],[-106.7518736,32.2797731],[-106.7519091,32.2797665],[-106.7521503,32.2797215],[-106.7523503,32.2796842],[-106.7525554,32.279646],[-106.7527412,32.2796114],[-106.752935,32.2795753],[-106.7529651,32.2795744]]}},{"type":"Feature","properties":{"highway":"footway","name":""},"geometry":{"type":"LineString","coordinates":[[-106.7415361,32.2812892],[-106.7415236,32.281235]]}},{"type":"Feature","properties":{"highway":"footway","name":""},"geometry":{"type":"LineString","coordinates":[[-106.7515325,32.2800537],[-106.7508837,32.2801714],[-106.7508609,32.2800956]]}},{"type":"Feature","properties":{"highway":"footway","name":""},"geometry":{"type":"LineString","coordinates":[[-106.7434767,32.2845622],[-106.7431946,32.2846168]]}},{"type":"Feature","properties":{"highway":"footway","name":""},"geometry":{"type":"LineString","coordinates":[[-106.7441065,32.2805308],[-106.7439792,32.2805565],[-106.7439249,32.2805675],[-106.7436338,32.2806213],[-106.7436575,32.2807133],[-106.743777,32.2811705],[-106.7430691,32.2813005],[-106.7420207,32.2815009],[-106.74194,32.2812152],[-106.7419279,32.2811687],[-106.7419253,32.2811474],[-106.7419267,32.2811248],[-106.741928,32.2811045],[-106.7419242,32.2810823],[-106.7418261,32.2807102],[-106.7415687,32.2803485],[-106.7410697,32.280439],[-106.7410393,32.28044],[-106.7409969,32.2804359],[-106.7409557,32.2804253],[-106.7409127,32.2804122],[-106.7408578,32.2803859],[-106.740813,32.2803592],[-106.7407741,32.2803329],[-106.7407311,32.2802824],[-106.7406858,32.2802158],[-106.7406135,32.2800799],[-106.7405568,32.2799482],[-106.7405048,32.2797916],[-106.7404713,32.2796518],[-106.7404487,32.2794972],[-106.7404385,32.2793821],[-106.7404355,32.2792423],[-106.7404433,32.2791882],[-106.7404558,32.2791483],[-106.7404833,32.2790933],[-106.7405138,32.2790468],[-106.7405568,32.2789969],[-106.7406063,32.2789575],[-106.7406481,32.2789342],[-106.7406331,32.2788858],[-106.7405761,32.2786728],[-106.7405697,32.2786485],[-106.7405311,32.2785015],[-106.7406111,32.2784591],[-106.7406768,32.2784328],[-106.7407112,32.2784231],[-106.7407359,32.2784162],[-106.7408034,32.278399],[-106.7409288,32.2783783],[-106.7409688,32.2783753],[-106.7412179,32.2783879],[-106.7412588,32.2785471],[-106.7412668,32.2785769],[-106.741274,32.278604],[-106.7412053,32.2787824],[-106.7411904,32.2788237],[-106.7412621,32.2788459],[-106.7413469,32.2788762],[-106.7414084,32.2789034],[-106.7414538,32.2789358],[-106.7414956,32.2789767],[-106.7415422,32.2790408],[-106.7416825,32.2793266],[-106.7417279,32.2794614],[-106.741756,32.2795826],[-106.7417751,32.2797022],[-106.7417906,32.2798255],[-106.7417972,32.2799406],[-106.7417978,32.280036],[-106.7417924,32.280088],[-106.7417757,32.280134],[-106.7417387,32.2802072],[-106.7416843,32.2802718],[-106.7416342,32.2803137],[-106.7415687,32.2803485]]}},{"type":"Feature","properties":{"highway":"footway","name":""},"geometry":{"type":"LineString","coordinates":[[-106.7440114,32.2842577],[-106.7440305,32.2843327],[-106.7440891,32.2844136],[-106.7440959,32.2844446],[-106.7438099,32.2844968],[-106.7436754,32.2845232],[-106.7434767,32.2845622],[-106.7434254,32.2843654]]}},{"type":"Feature","properties":{"highway":"footway","name":""},"geometry":{"type":"LineString","coordinates":[[-106.7436754,32.2845232],[-106.743623,32.2843294]]}},{"type":"Feature","properties":{"highway":"footway","name":""},"geometry":{"type":"LineString","coordinates":[[-106.7481043,32.2816807],[-106.7480618,32.2815205],[-106.7480089,32.2813344],[-106.7479834,32.2812445],[-106.7479771,32.2812297]]}},{"type":"Feature","properties":{"highway":"footway","name":""},"geometry":{"type":"LineString","coordinates":[[-106.7518924,32.2798457],[-106.7514952,32.2799153]]}},{"type":"Feature","properties":{"highway":"footway","name":""},"geometry":{"type":"LineString","coordinates":[[-106.7488963,32.2810775],[-106.7487904,32.281097],[-106.7487317,32.2811258]]}},{"type":"Feature","properties":{"highway":"footway","name":""},"geometry":{"type":"LineString","coordinates":[[-106.7511047,32.2809874],[-106.7516253,32.2808847]]}},{"type":"Feature","properties":{"highway":"footway","name":""},"geometry":{"type":"LineString","coordinates":[[-106.7476997,32.2813259],[-106.7477886,32.2813116],[-106.7477741,32.2812486],[-106.7477712,32.2812375],[-106.747706,32.2809875],[-106.7476763,32.2808736],[-106.7475997,32.2805794]]}},{"type":"Feature","properties":{"highway":"footway","name":""},"geometry":{"type":"LineString","coordinates":[[-106.74194,32.2812152],[-106.7415361,32.2812892],[-106.7411334,32.281363]]}},{"type":"Feature","properties":{"highway":"footway","name":""},"geometry":{"type":"LineString","coordinates":[[-106.748926,32.2812043],[-106.748927,32.281183],[-106.7488963,32.2810775],[-106.7488407,32.2808759],[-106.7487887,32.2806582],[-106.7487558,32.2805363],[-106.748735,32.2804869],[-106.7487008,32.2804546],[-106.7486445,32.2804166],[-106.7486157,32.2804042],[-106.7485828,32.2803992]]}},{"type":"Feature","properties":{"highway":"footway","name":""},"geometry":{"type":"LineString","coordinates":[[-106.7525554,32.279646],[-106.7525663,32.2796913],[-106.7525749,32.279728]]}},{"type":"Feature","properties":{"highway":"footway","name":""},"geometry":{"type":"LineString","coordinates":[[-106.744947,32.280831],[-106.7460514,32.2806206],[-106.7460735,32.2807],[-106.7460751,32.2807108],[-106.7460733,32.28072],[-106.7460683,32.2807278],[-106.7460588,32.280736],[-106.7460464,32.2807414],[-106.7460336,32.2807442]]}},{"type":"Feature","properties":{"highway":"footway","name":""},"geometry":{"type":"LineString","coordinates":[[-106.7522428,32.2797769],[-106.7521503,32.2797215]]}},{"type":"Feature","properties":{"highway":"footway","name":""},"geometry":{"type":"LineString","coordinates":[[-106.751759,32.2796338],[-106.7517351,32.2795474],[-106.7517578,32.2795353]]}},{"type":"Feature","properties":{"highway":"footway","name":""},"geometry":{"type":"LineString","coordinates":[[-106.7471854,32.2815223],[-106.7470843,32.2814427],[-106.7472607,32.2814089],[-106.7477019,32.2813345]]}},{"type":"Feature","properties":{"highway":"footway","name":""},"geometry":{"type":"LineString","coordinates":[[-106.7477019,32.2813345],[-106.7476997,32.2813259],[-106.7475882,32.2808892],[-106.7475096,32.280595]]}},{"type":"Feature","properties":{"highway":"footway","name":""},"geometry":{"type":"LineString","coordinates":[[-106.7480089,32.2813344],[-106.7478555,32.2812674]]}},{"type":"Feature","properties":{"highway":"footway","name":""},"geometry":{"type":"LineString","coordinates":[[-106.7439074,32.2811462],[-106.7439597,32.2811358],[-106.7439332,32.2810387],[-106.7439345,32.28103],[-106.7439387,32.2810218],[-106.743946,32.2810163],[-106.7444637,32.2809235]]}},{"type":"Feature","properties":{"highway":"footway","name":""},"geometry":{"type":"LineString","coordinates":[[-106.7472102,32.2815237],[-106.7472607,32.2814089]]}},{"type":"Feature","properties":{"highway":"footway","name":""},"geometry":{"type":"LineString","coordinates":[[-106.7527412,32.2796114],[-106.7527513,32.2796569],[-106.7527612,32.2796909]]}},{"type":"Feature","properties":{"highway":"footway","name":""},"geometry":{"type":"LineString","coordinates":[[-106.7448127,32.2808562],[-106.744947,32.280831],[-106.744978,32.2809425],[-106.7449949,32.2810058],[-106.7450097,32.2810669]]}},{"type":"Feature","properties":{"highway":"footway","name":""},"geometry":{"type":"LineString","coordinates":[[-106.7515641,32.2796698],[-106.7515736,32.2796273],[-106.7515904,32.279599],[-106.7516143,32.2795656],[-106.7516478,32.2795343],[-106.7516753,32.279509],[-106.7517088,32.2794938],[-106.7517443,32.2794865],[-106.7517578,32.2794837],[-106.7518176,32.2794807],[-106.7518631,32.2794928],[-106.7519049,32.279507],[-106.7519384,32.2795262],[-106.7519719,32.2795474],[-106.7519899,32.2795686],[-106.751997,32.2795899]]}},{"type":"Feature","properties":{"highway":"footway","name":""},"geometry":{"type":"LineString","coordinates":[[-106.7510247,32.2806916],[-106.7516685,32.280574]]}},{"type":"Feature","properties":{"highway":"footway","name":""},"geometry":{"type":"LineString","coordinates":[[-106.7438099,32.2844968],[-106.7437635,32.2843046]]}},{"type":"Feature","properties":{"highway":"footway","name":""},"geometry":{"type":"LineString","coordinates":[[-106.7516685,32.280574],[-106.7517264,32.2805635]]}},{"type":"Feature","properties":{"highway":"steps","name":""},"geometry":{"type":"LineString","coordinates":[[-106.7516253,32.2808847],[-106.7516576,32.2808788]]}},{"type":"Feature","properties":{"highway":"footway","name":""},"geometry":{"type":"LineString","coordinates":[[-106.7477683,32.2809736],[-106.747706,32.2809875]]}},{"type":"Feature","properties":{"highway":"footway","name":""},"geometry":{"type":"LineString","coordinates":[[-106.7524602,32.2804167],[-106.7523246,32.2804405],[-106.7523151,32.2804018]]}},{"type":"Feature","properties":{"highway":"footway","name":""},"geometry":{"type":"LineString","coordinates":[[-106.7531626,32.2802835],[-106.7530865,32.2802976],[-106.7528153,32.280348],[-106.75253,32.2804032],[-106.7524602,32.2804167],[-106.7524081,32.2803843],[-106.7523151,32.2804018],[-106.7522589,32.2804119],[-106.7521253,32.2804376],[-106.7520274,32.280368],[-106.7520135,32.2803141],[-106.7518924,32.2798457],[-106.7518736,32.2797731]]}},{"type":"Feature","properties":{"highway":"footway","name":""},"geometry":{"type":"LineString","coordinates":[[-106.7486836,32.2802399],[-106.7487383,32.2802341],[-106.748806,32.2802209],[-106.7505869,32.2798872],[-106.7506021,32.2798784],[-106.7506143,32.2798644],[-106.7506207,32.2798474]]}},{"type":"Feature","properties":{"highway":"footway","name":""},"geometry":{"type":"LineString","coordinates":[[-106.7522589,32.2804119],[-106.7522231,32.2802749],[-106.7520135,32.2803141]]}},{"type":"Feature","properties":{"highway":"service","name":""},"geometry":{"type":"LineString","coordinates":[[-106.7630653,32.2819379],[-106.7630221,32.2817694]]}},{"type":"Feature","properties":{"highway":"service","name":""},"geometry":{"type":"LineString","coordinates":[[-106.7626488,32.2810882],[-106.7615636,32.281296],[-106.7614929,32.2813402],[-106.7614816,32.2813899]]}},{"type":"Feature","properties":{"highway":"service","name":""},"geometry":{"type":"LineString","coordinates":[[-106.7617478,32.2834481],[-106.7617074,32.2834612],[-106.7616016,32.2834839],[-106.7614486,32.2835141]]}},{"type":"Feature","properties":{"highway":"service","name":""},"geometry":{"type":"LineString","coordinates":[[-106.7607302,32.2836596],[-106.7614522,32.2835237]]}},{"type":"Feature","properties":{"highway":"service","name":""},"geometry":{"type":"LineString","coordinates":[[-106.7630221,32.2817694],[-106.7634578,32.2816858]]}},{"type":"Feature","properties":{"highway":"service","name":""},"geometry":{"type":"LineString","coordinates":[[-106.7614816,32.2813899],[-106.761486,32.2814922],[-106.7613767,32.2815096],[-106.7612508,32.2815297]]}},{"type":"Feature","properties":{"highway":"service","name":""},"geometry":{"type":"LineString","coordinates":[[-106.7607665,32.2836912],[-106.7614624,32.2835581]]}},{"type":"Feature","properties":{"highway":"unclassified","name":"Wendell Street"},"geometry":{"type":"LineString","coordinates":[[-106.753254,32.2821415],[-106.7532545,32.2820851],[-106.7532679,32.282017],[-106.7532948,32.2819296],[-106.7533554,32.2818294]]}},{"type":"Feature","properties":{"highway":"service","name":""},"geometry":{"type":"LineString","coordinates":[[-106.7614624,32.2835581],[-106.7617188,32.2835009],[-106.7617646,32.2834907]]}},{"type":"Feature","properties":{"highway":"service","name":""},"geometry":{"type":"LineString","coordinates":[[-106.7607182,32.2836268],[-106.7614399,32.283486]]}},{"type":"Feature","properties":{"highway":"service","name":""},"geometry":{"type":"LineString","coordinates":[[-106.7606448,32.2834269],[-106.7612799,32.2833014],[-106.7613699,32.2833075],[-106.7613879,32.2833288],[-106.7614335,32.2834658],[-106.7614399,32.283486],[-106.7614486,32.2835141],[-106.7614522,32.2835237],[-106.7614624,32.2835581]]}},{"type":"Feature","properties":{"highway":"service","name":""},"geometry":{"type":"LineString","coordinates":[[-106.7616016,32.2834839],[-106.7615197,32.283248],[-106.7614764,32.283222],[-106.7614228,32.283212],[-106.7613535,32.283224],[-106.7613,32.2832473],[-106.7612842,32.2832679],[-106.7612799,32.2833014]]}},{"type":"Feature","properties":{"highway":"service","name":""},"geometry":{"type":"LineString","coordinates":[[-106.7605862,32.2832268],[-106.7606131,32.2833185],[-106.7606448,32.2834269],[-106.7607182,32.2836268],[-106.7607302,32.2836596],[-106.7607665,32.2836912]]}},{"type":"Feature","properties":{"highway":"service","name":""},"geometry":{"type":"LineString","coordinates":[[-106.7581492,32.2951828],[-106.7579401,32.2952298],[-106.7578604,32.2949438],[-106.7576341,32.2949889]]}},{"type":"Feature","properties":{"highway":"service","name":""},"geometry":{"type":"LineString","coordinates":[[-106.7584879,32.2948209],[-106.7585643,32.2947715]]}},{"type":"Feature","properties":{"highway":"service","name":""},"geometry":{"type":"LineString","coordinates":[[-106.7588871,32.2946266],[-106.7587853,32.2946787],[-106.7587455,32.2947175],[-106.7586981,32.2947436],[-106.758635,32.294762],[-106.7585868,32.2947671],[-106.7585643,32.2947715],[-106.758541,32.2947042],[-106.7585154,32.2946469],[-106.7584485,32.294427],[-106.7584101,32.2943234],[-106.7583895,32.2942751]]}},{"type":"Feature","properties":{"highway":"service","name":""},"geometry":{"type":"LineString","coordinates":[[-106.7578604,32.2949438],[-106.758062,32.2949056],[-106.7582956,32.2948614],[-106.7584879,32.2948209],[-106.7585342,32.2951021],[-106.7583604,32.2951385],[-106.7581492,32.2951828]]}},{"type":"Feature","properties":{"highway":"service","name":""},"geometry":{"type":"LineString","coordinates":[[-106.7583604,32.2951385],[-106.7582956,32.2948614]]}},{"type":"Feature","properties":{"highway":"service","name":""},"geometry":{"type":"LineString","coordinates":[[-106.7573077,32.2953727],[-106.7574779,32.2953369],[-106.7577123,32.2952877],[-106.7576341,32.2949889],[-106.7573933,32.2950378],[-106.7572867,32.2950595],[-106.7572405,32.2951096]]}},{"type":"Feature","properties":{"highway":"cycleway","name":""},"geometry":{"type":"LineString","coordinates":[[-106.7565335,32.2838504],[-106.7565765,32.2838371],[-106.7571807,32.2837285],[-106.7572483,32.2837174],[-106.7575263,32.2836885],[-106.7579208,32.283619],[-106.7582321,32.2835595],[-106.7583373,32.2835394],[-106.7584565,32.2835166],[-106.7585066,32.283507],[-106.7591499,32.2833839],[-106.7598296,32.2832572],[-106.7602691,32.2831717],[-106.7607108,32.2830862],[-106.7610237,32.283024],[-106.7614795,32.2829377]]}},{"type":"Feature","properties":{"highway":"cycleway","name":""},"geometry":{"type":"LineString","coordinates":[[-106.7497794,32.2851998],[-106.7496549,32.2851681],[-106.7495224,32.2851273],[-106.7494281,32.2851045],[-106.7493409,32.2850931],[-106.7492547,32.2850947],[-106.7491765,32.2851007],[-106.7491638,32.2851029],[-106.7490948,32.2851106],[-106.7490454,32.2851152],[-106.7489474,32.2851235],[-106.7488603,32.2851243],[-106.7487994,32.2851191],[-106.7487189,32.2850941],[-106.7486639,32.2850624],[-106.7486381,32.285054]]}},{"type":"Feature","properties":{"highway":"service","name":""},"geometry":{"type":"LineString","coordinates":[[-106.758062,32.2949056],[-106.7581492,32.2951828]]}},{"type":"Feature","properties":{"highway":"tertiary","name":"Stern Drive"},"geometry":{"type":"LineString","coordinates":[[-106.7214725,32.2448582],[-106.7223899,32.2461119],[-106.7224576,32.2462123],[-106.7229571,32.2468804],[-106.7235493,32.2476571],[-106.7243218,32.2485935],[-106.7251801,32.2494936],[-106.7258413,32.2501571],[-106.7270153,32.2512831],[-106.7279887,32.2521027],[-106.7293829,32.2533001],[-106.7298298,32.2538175],[-106.730177,32.2542704],[-106.7305314,32.254869],[-106.7308125,32.2554934],[-106.7310472,32.2561639],[-106.7311596,32.2570727],[-106.7312789,32.2580372],[-106.7313592,32.2583577],[-106.731428,32.2585705],[-106.7316973,32.2591516],[-106.7318933,32.2594646],[-106.7321988,32.2598703],[-106.7325538,32.2603448],[-106.7325682,32.260363],[-106.7327799,32.2606301],[-106.7331657,32.2610645],[-106.7336269,32.2615107],[-106.7341394,32.2619964],[-106.7354784,32.2631383],[-106.7355749,32.2632143],[-106.7356897,32.2632969],[-106.7358963,32.2634448],[-106.7359867,32.2635091],[-106.7360776,32.2635737],[-106.7361791,32.2636435],[-106.7362467,32.2636902],[-106.7363179,32.2637376],[-106.7363897,32.2637843],[-106.7364632,32.2638295],[-106.7365369,32.2638723],[-106.7366171,32.2639163],[-106.736692,32.2639546],[-106.7367639,32.2639901],[-106.7368309,32.2640217],[-106.7368983,32.2640517],[-106.7369705,32.2640817],[-106.7370433,32.2641102],[-106.7371399,32.2641461],[-106.737241,32.2641808],[-106.7373421,32.2642124],[-106.7374329,32.2642373],[-106.7375285,32.2642609],[-106.7376323,32.2642845],[-106.7377529,32.2643088],[-106.73796,32.2643493],[-106.7380486,32.2643668],[-106.7381404,32.2643863],[-106.7382289,32.2644081],[-106.7383191,32.2644327],[-106.7383848,32.264452],[-106.7384524,32.2644741],[-106.7385222,32.2644985],[-106.7385944,32.264526],[-106.7386639,32.2645544],[-106.7387289,32.2645836],[-106.7387956,32.264615],[-106.7388654,32.2646512],[-106.7389298,32.2646873],[-106.7389843,32.2647193],[-106.7390389,32.2647528],[-106.7390888,32.264786],[-106.7391306,32.264816],[-106.7391824,32.2648524],[-106.7392415,32.2648988],[-106.7392951,32.2649451],[-106.7393524,32.2649969],[-106.7394149,32.265057],[-106.7394807,32.2651221],[-106.7395747,32.2652179],[-106.7396724,32.2653206],[-106.7397664,32.2654249],[-106.7398513,32.2655223],[-106.7399253,32.2656027],[-106.7400057,32.2656832],[-106.7400861,32.2657589],[-106.7401753,32.2658346],[-106.740274,32.2659127],[-106.7403604,32.2659752],[-106.7404499,32.2660364],[-106.7405441,32.2660971],[-106.7406438,32.2661578],[-106.7407379,32.2662131],[-106.7408432,32.2662724],[-106.7429367,32.2673401],[-106.7444524,32.2681096],[-106.7455509,32.268666]]}},{"type":"Feature","properties":{"highway":"residential","name":"White Rose Court"},"geometry":{"type":"LineString","coordinates":[[-106.7721763,32.2843412],[-106.7718533,32.2845119],[-106.7713023,32.2848033],[-106.7707546,32.2850933]]}},{"type":"Feature","properties":{"highway":"primary","name":"South Main Street"},"geometry":{"type":"LineString","coordinates":[[-106.7674513,32.2768494],[-106.767382,32.2767359],[-106.7668158,32.2758414],[-106.7662124,32.2749171]]}},{"type":"Feature","properties":{"highway":"primary","name":"West University Avenue"},"geometry":{"type":"LineString","coordinates":[[-106.7699081,32.2807722],[-106.7700394,32.2807027]]}},{"type":"Feature","properties":{"highway":"tertiary","name":"West University Avenue"},"geometry":{"type":"LineString","coordinates":[[-106.7721289,32.2802856],[-106.771761,32.2803232],[-106.7714324,32.2803341],[-106.7708861,32.2803396],[-106.7707588,32.280358],[-106.7706108,32.2803794],[-106.7703674,32.2804344],[-106.7702887,32.2804585],[-106.7701654,32.2804963],[-106.7700605,32.280538],[-106.7699664,32.2805842]]}},{"type":"Feature","properties":{"highway":"primary","name":"East University Avenue"},"geometry":{"type":"LineString","coordinates":[[-106.7664596,32.2821366],[-106.7664068,32.2821465],[-106.7655887,32.2822851],[-106.764205,32.2825417],[-106.7641444,32.2825535],[-106.7639446,32.2825925],[-106.7638206,32.2826167],[-106.7637004,32.2826397],[-106.7635918,32.2826604],[-106.7626246,32.2828405],[-106.7616645,32.2830167]]}},{"type":"Feature","properties":{"highway":"unclassified","name":"Calle de Alegra"},"geometry":{"type":"LineString","coordinates":[[-106.774693,32.288052],[-106.774571,32.2881055],[-106.7737892,32.2884576],[-106.7733079,32.2886743],[-106.7728996,32.2888585],[-106.7727961,32.2889352],[-106.7726753,32.2890263],[-106.772451,32.2892259],[-106.7720282,32.2898557],[-106.7719013,32.2900441],[-106.7716928,32.2903552]]}},{"type":"Feature","properties":{"highway":"unclassified","name":"Calle de Ninos"},"geometry":{"type":"LineString","coordinates":[[-106.7737707,32.2914494],[-106.7728515,32.2904278],[-106.772718,32.2902872],[-106.7725258,32.2901285],[-106.7723069,32.2899879],[-106.7720282,32.2898557],[-106.7713885,32.2895252],[-106.7712443,32.2893846],[-106.7710521,32.2890354],[-106.7708759,32.2887497],[-106.7706531,32.2885424]]}},{"type":"Feature","properties":{"highway":"service","name":""},"geometry":{"type":"LineString","coordinates":[[-106.7628876,32.2819694],[-106.7628448,32.281802],[-106.7627982,32.2816142]]}},{"type":"Feature","properties":{"highway":"service","name":""},"geometry":{"type":"LineString","coordinates":[[-106.7627478,32.281418],[-106.7626895,32.2812514]]}},{"type":"Feature","properties":{"highway":"service","name":""},"geometry":{"type":"LineString","coordinates":[[-106.7630221,32.2817694],[-106.7628448,32.281802],[-106.7617233,32.2820085],[-106.7616691,32.2818195],[-106.7627982,32.2816142],[-106.7627478,32.281418],[-106.7616104,32.2816152],[-106.7615652,32.2814529],[-106.7626895,32.2812514],[-106.7626488,32.2810882],[-106.7625323,32.2806663]]}},{"type":"Feature","properties":{"highway":"service","name":""},"geometry":{"type":"LineString","coordinates":[[-106.761773,32.282167],[-106.7617233,32.2820085]]}},{"type":"Feature","properties":{"highway":"service","name":""},"geometry":{"type":"LineString","coordinates":[[-106.7616691,32.2818195],[-106.7616104,32.2816152]]}},{"type":"Feature","properties":{"highway":"service","name":""},"geometry":{"type":"LineString","coordinates":[[-106.7615652,32.2814529],[-106.761486,32.2814922]]}},{"type":"Feature","properties":{"highway":"service","name":""},"geometry":{"type":"LineString","coordinates":[[-106.761773,32.282167],[-106.7628876,32.2819694],[-106.7629766,32.2819536],[-106.7630653,32.2819379],[-106.7632351,32.2819073],[-106.7635052,32.2818596],[-106.7636077,32.2820001],[-106.7635901,32.2825503],[-106.7635918,32.2826604]]}},{"type":"Feature","properties":{"highway":"unclassified","name":"South Locust Street"},"geometry":{"type":"LineString","coordinates":[[-106.74646,32.2816836],[-106.7464469,32.2816338],[-106.7464103,32.2814968],[-106.7462713,32.2809377],[-106.746227,32.2808696],[-106.74621,32.2808434],[-106.746191,32.2807786],[-106.7461725,32.2807135],[-106.746164,32.2806805],[-106.7460078,32.2800683],[-106.7459936,32.2800147],[-106.7454809,32.2780814],[-106.7453739,32.2776996],[-106.745331,32.2775307],[-106.7452554,32.2772441],[-106.7452296,32.2771462],[-106.7452061,32.2770569],[-106.7451983,32.2770274],[-106.744383,32.2739306],[-106.7443559,32.2738278],[-106.7443297,32.2737255],[-106.7442031,32.2732321],[-106.7441946,32.2731679],[-106.7441938,32.273093],[-106.7442061,32.2730317],[-106.744228,32.272955],[-106.7442602,32.2728908],[-106.7443068,32.2728261],[-106.7443624,32.2727694],[-106.7444233,32.2727189],[-106.7451128,32.2722438],[-106.7451972,32.2721833],[-106.7452713,32.2721221],[-106.7453351,32.2720622],[-106.745386,32.2720022],[-106.7460863,32.2710126],[-106.7465812,32.2703018],[-106.7466299,32.2702334]]}},{"type":"Feature","properties":{"highway":"primary","name":"East University Avenue"},"geometry":{"type":"LineString","coordinates":[[-106.7698253,32.2806406],[-106.7694222,32.2808725],[-106.7692002,32.2810665],[-106.768957,32.2813185],[-106.7687105,32.2814943],[-106.7685864,32.2815679],[-106.7685068,32.281608],[-106.7683955,32.2816635],[-106.7682942,32.2817081],[-106.768172,32.2817542],[-106.768073,32.2817858],[-106.7679847,32.2818142],[-106.7678514,32.2818471]]}},{"type":"Feature","properties":{"highway":"secondary","name":"South Main Street"},"geometry":{"type":"LineString","coordinates":[[-106.7718702,32.2838584],[-106.7721045,32.284228],[-106.7721763,32.2843412],[-106.7725217,32.2848883],[-106.7732418,32.2860265],[-106.774571,32.2881055],[-106.7753825,32.2893883],[-106.775715,32.2899139],[-106.7758035,32.2900538],[-106.77621,32.2906375],[-106.7762985,32.2907679],[-106.7766052,32.2912049],[-106.7766633,32.2912952],[-106.7768511,32.2915867],[-106.7769469,32.2916464]]}},{"type":"Feature","properties":{"highway":"primary","name":"East University Avenue"},"geometry":{"type":"LineString","coordinates":[[-106.7678514,32.2818471],[-106.7676186,32.2818911],[-106.7669653,32.2820024],[-106.7664596,32.2821366]]}},{"type":"Feature","properties":{"highway":"primary","name":"South Main Street"},"geometry":{"type":"LineString","coordinates":[[-106.7717644,32.283672],[-106.7718702,32.2838584]]}},{"type":"Feature","properties":{"highway":"primary","name":"South Main Street"},"geometry":{"type":"LineString","coordinates":[[-106.7719655,32.2837544],[-106.7709638,32.2821909]]}},{"type":"Feature","properties":{"highway":"primary","name":"South Main Street"},"geometry":{"type":"LineString","coordinates":[[-106.7674513,32.2768494],[-106.7675668,32.2771007],[-106.7676781,32.2772764],[-106.7678992,32.2776213],[-106.7679471,32.2776851],[-106.7684385,32.2784307],[-106.7690815,32.2794584],[-106.7698253,32.2806406],[-106.7699081,32.2807722]]}},{"type":"Feature","properties":{"highway":"primary_link","name":""},"geometry":{"type":"LineString","coordinates":[[-106.7712689,32.282919],[-106.7712972,32.2831106],[-106.7712992,32.2831489],[-106.7712956,32.2831883],[-106.7712874,32.2832199],[-106.771271,32.283246],[-106.7712495,32.283271],[-106.7712214,32.283297],[-106.7711878,32.2833197],[-106.7711507,32.2833354],[-106.771107,32.2833429],[-106.7710533,32.283344],[-106.770988,32.2833401],[-106.7709357,32.2833333],[-106.7707618,32.2833074]]}},{"type":"Feature","properties":{"highway":"residential","name":"Casa de Pueblo"},"geometry":{"type":"LineString","coordinates":[[-106.7512751,32.2697693],[-106.7517455,32.2706694],[-106.7520189,32.27116]]}},{"type":"Feature","properties":{"highway":"residential","name":"East Guadalupe Street"},"geometry":{"type":"LineString","coordinates":[[-106.7517455,32.2706694],[-106.7527777,32.2702745],[-106.7538176,32.2698729],[-106.7548612,32.2694487],[-106.7558859,32.2690672]]}},{"type":"Feature","properties":{"highway":"service","name":""},"geometry":{"type":"LineString","coordinates":[[-106.7688959,32.2825744],[-106.7689758,32.2824735],[-106.7690421,32.282389],[-106.7690761,32.2823],[-106.7690444,32.2822051],[-106.7687737,32.2820483],[-106.7686651,32.2820209],[-106.7685848,32.2819864],[-106.7685826,32.2819394],[-106.7685708,32.2818709],[-106.768562,32.2818198],[-106.768505,32.2817606]]}},{"type":"Feature","properties":{"highway":"service","name":""},"geometry":{"type":"LineString","coordinates":[[-106.7690444,32.2822051],[-106.7689501,32.281944],[-106.7688964,32.2818555],[-106.7688696,32.2818215],[-106.7687972,32.281817],[-106.7687221,32.281826],[-106.7685708,32.2818709]]}},{"type":"Feature","properties":{"highway":"residential","name":""},"geometry":{"type":"LineString","coordinates":[[-106.7511823,32.2572141],[-106.7499831,32.2553058]]}},{"type":"Feature","properties":{"highway":"residential","name":"Morning Dove Place"},"geometry":{"type":"LineString","coordinates":[[-106.7345375,32.2614959],[-106.7344987,32.2616049],[-106.7344308,32.2617491],[-106.7341394,32.2619964]]}},{"type":"Feature","properties":{"highway":"residential","name":"Stoneville Court"},"geometry":{"type":"LineString","coordinates":[[-106.7634411,32.2573431],[-106.7639358,32.2570697]]}},{"type":"Feature","properties":{"highway":"residential","name":"Ringneck Drive"},"geometry":{"type":"LineString","coordinates":[[-106.7370056,32.2625023],[-106.7370889,32.262405],[-106.7371265,32.2623548],[-106.7371586,32.2622999],[-106.7371846,32.2622379],[-106.7372082,32.2621665],[-106.7373449,32.261687],[-106.7373484,32.2616552],[-106.7373471,32.2616221],[-106.7373392,32.2615925],[-106.7373216,32.2615636],[-106.7372924,32.2615436],[-106.7372563,32.2615284],[-106.7372151,32.2615196],[-106.7371788,32.2615161],[-106.7363903,32.2615158],[-106.7358577,32.2615158],[-106.735188,32.2615137],[-106.7347155,32.2615124],[-106.7346569,32.261511],[-106.7345957,32.2615057],[-106.7345375,32.2614959],[-106.734479,32.2614819],[-106.7344242,32.2614638],[-106.7343715,32.2614416],[-106.7343217,32.2614174],[-106.734276,32.261388],[-106.7342387,32.2613564],[-106.7341983,32.2613122],[-106.7341592,32.2612623]]}},{"type":"Feature","properties":{"highway":"residential","name":"Jerry Street"},"geometry":{"type":"LineString","coordinates":[[-106.7705562,32.2639885],[-106.7700345,32.2627402]]}},{"type":"Feature","properties":{"highway":"residential","name":"Biset Dove Street"},"geometry":{"type":"LineString","coordinates":[[-106.7350921,32.2606047],[-106.7351128,32.2606794],[-106.7351189,32.2607016],[-106.7351823,32.260945],[-106.7351864,32.2610131],[-106.7351858,32.2611776],[-106.735188,32.2615137]]}},{"type":"Feature","properties":{"highway":"residential","name":"Spotted Dove Drive"},"geometry":{"type":"LineString","coordinates":[[-106.7363903,32.2615158],[-106.7363935,32.2620304],[-106.736391,32.2620893],[-106.7363865,32.2621533],[-106.736379,32.2622155],[-106.7363649,32.2622725],[-106.7363467,32.2623218],[-106.7363247,32.2623719],[-106.7362949,32.2624218],[-106.7362585,32.2624694],[-106.7362181,32.2625111],[-106.7361765,32.2625493],[-106.7358933,32.2627867],[-106.7354784,32.2631383]]}},{"type":"Feature","properties":{"highway":"residential","name":"Boggy Spur"},"geometry":{"type":"LineString","coordinates":[[-106.7569647,32.2501975],[-106.7556889,32.2515712],[-106.7553397,32.2522145],[-106.7547129,32.2540182],[-106.7546261,32.254282],[-106.7545561,32.2545316],[-106.7545207,32.2547827],[-106.7545844,32.2550519]]}},{"type":"Feature","properties":{"highway":"residential","name":"Bravia Dove Loop"},"geometry":{"type":"LineString","coordinates":[[-106.7358933,32.2627867],[-106.7364302,32.2631857],[-106.7365249,32.2632489],[-106.7366228,32.2633107],[-106.7367232,32.2633698],[-106.7368172,32.2634208],[-106.7369152,32.263469],[-106.7370166,32.2635137],[-106.7371251,32.2635571],[-106.7372324,32.263597],[-106.7373394,32.2636321],[-106.7374362,32.263661],[-106.7375321,32.2636868],[-106.7376125,32.263706],[-106.7376829,32.2637202],[-106.7377588,32.2637313],[-106.7378228,32.263735],[-106.7378878,32.263735],[-106.7379522,32.2637304],[-106.7380185,32.2637203],[-106.7380799,32.2637064],[-106.738315,32.2636462],[-106.7383644,32.2636354],[-106.738411,32.263635],[-106.7384585,32.2636446],[-106.738507,32.2636607],[-106.7385492,32.2636667],[-106.7385863,32.2636619],[-106.7386161,32.2636433],[-106.7386327,32.2636158],[-106.7386337,32.2635868],[-106.7386244,32.2635586],[-106.7386022,32.2635366],[-106.7385671,32.2635242],[-106.7385216,32.2635208],[-106.7384726,32.2635165],[-106.7384285,32.2635069],[-106.7383863,32.263488],[-106.7383359,32.263454],[-106.7370056,32.2625023],[-106.7367892,32.2623465],[-106.7367356,32.2623145],[-106.7366781,32.2622858],[-106.7366061,32.2622579],[-106.7365304,32.2622377],[-106.7364521,32.2622239],[-106.736379,32.2622155]]}},{"type":"Feature","properties":{"highway":"residential","name":""},"geometry":{"type":"LineString","coordinates":[[-106.7704046,32.2640512],[-106.7705562,32.2639885],[-106.7711405,32.2638],[-106.7718956,32.2635706]]}},{"type":"Feature","properties":{"highway":"residential","name":"Willow Brook Court"},"geometry":{"type":"LineString","coordinates":[[-106.7651743,32.261393],[-106.765052,32.261478],[-106.7640231,32.2615998]]}},{"type":"Feature","properties":{"highway":"residential","name":"Shady Brook Court"},"geometry":{"type":"LineString","coordinates":[[-106.7640719,32.2605424],[-106.763492,32.2609291]]}},{"type":"Feature","properties":{"highway":"residential","name":""},"geometry":{"type":"LineString","coordinates":[[-106.7733389,32.2568067],[-106.7730557,32.2567511],[-106.7718369,32.2562827],[-106.771441,32.2562294],[-106.770595,32.2562124],[-106.7700616,32.2563432],[-106.7693103,32.2564914],[-106.7691904,32.2565281],[-106.7689857,32.2565912],[-106.768681,32.2565855],[-106.7684262,32.2564911]]}},{"type":"Feature","properties":{"highway":"residential","name":""},"geometry":{"type":"LineString","coordinates":[[-106.7333715,32.2548618],[-106.7333517,32.2563934],[-106.7333429,32.257077]]}},{"type":"Feature","properties":{"highway":"residential","name":""},"geometry":{"type":"LineString","coordinates":[[-106.7688118,32.2589979],[-106.7673923,32.257023]]}},{"type":"Feature","properties":{"highway":"residential","name":""},"geometry":{"type":"LineString","coordinates":[[-106.7712192,32.2644327],[-106.7721051,32.2641814]]}},{"type":"Feature","properties":{"highway":"residential","name":""},"geometry":{"type":"LineString","coordinates":[[-106.7662633,32.2618783],[-106.7666066,32.2627538],[-106.7678886,32.2623795]]}},{"type":"Feature","properties":{"highway":"residential","name":""},"geometry":{"type":"LineString","coordinates":[[-106.7600084,32.2631195],[-106.7603034,32.2632891]]}},{"type":"Feature","properties":{"highway":"residential","name":""},"geometry":{"type":"LineString","coordinates":[[-106.7664188,32.2615291],[-106.7675931,32.2616665]]}},{"type":"Feature","properties":{"highway":"residential","name":"Patriot Place"},"geometry":{"type":"LineString","coordinates":[[-106.7532438,32.2579862],[-106.752467,32.2566421]]}},{"type":"Feature","properties":{"highway":"residential","name":""},"geometry":{"type":"LineString","coordinates":[[-106.7325157,32.2563893],[-106.7333517,32.2563934],[-106.7343396,32.2563984]]}},{"type":"Feature","properties":{"highway":"residential","name":"Judy Lane"},"geometry":{"type":"LineString","coordinates":[[-106.7711405,32.2638],[-106.7706355,32.2625554]]}},{"type":"Feature","properties":{"highway":"residential","name":"Larjon Road"},"geometry":{"type":"LineString","coordinates":[[-106.7342967,32.2570789],[-106.7333429,32.257077],[-106.7311596,32.2570727]]}},{"type":"Feature","properties":{"highway":"residential","name":""},"geometry":{"type":"LineString","coordinates":[[-106.7358594,32.2616502],[-106.7358577,32.2615158]]}},{"type":"Feature","properties":{"highway":"residential","name":"Mesa Avenue"},"geometry":{"type":"LineString","coordinates":[[-106.7530853,32.2859183],[-106.7524146,32.2860605],[-106.7516327,32.2862267]]}},{"type":"Feature","properties":{"highway":"residential","name":"Mesa Avenue"},"geometry":{"type":"LineString","coordinates":[[-106.7516052,32.2861164],[-106.7501989,32.2863993]]}},{"type":"Feature","properties":{"highway":"residential","name":"Rentfrow Avenue"},"geometry":{"type":"LineString","coordinates":[[-106.7467472,32.2933749],[-106.7462834,32.2934727],[-106.7460994,32.2935005],[-106.7459238,32.2935187],[-106.7456727,32.2935297],[-106.7447087,32.2935206],[-106.7445075,32.2935277],[-106.7442488,32.2935599],[-106.7440052,32.2936096]]}},{"type":"Feature","properties":{"highway":"residential","name":""},"geometry":{"type":"LineString","coordinates":[[-106.7655605,32.2897044],[-106.7655061,32.2895336]]}},{"type":"Feature","properties":{"highway":"residential","name":""},"geometry":{"type":"LineString","coordinates":[[-106.7482175,32.2684376],[-106.7480553,32.268169]]}},{"type":"Feature","properties":{"highway":"footway","name":""},"geometry":{"type":"LineString","coordinates":[[-106.7294469,32.2851697],[-106.7295273,32.2852241],[-106.7296132,32.2853125],[-106.7296319,32.2854395],[-106.7295729,32.2855416],[-106.7295224,32.2856535]]}},{"type":"Feature","properties":{"highway":"footway","name":""},"geometry":{"type":"LineString","coordinates":[[-106.7334121,32.2854774],[-106.7335453,32.2855143],[-106.7336955,32.285605],[-106.7338081,32.2857434],[-106.7338725,32.2858817],[-106.7340629,32.2863306],[-106.7342507,32.2867116]]}},{"type":"Feature","properties":{"highway":"path","name":""},"geometry":{"type":"LineString","coordinates":[[-106.7271026,32.2860903],[-106.7273091,32.2859542],[-106.727513,32.2858159],[-106.7276578,32.2856912],[-106.7278295,32.2855846],[-106.7281031,32.2854146],[-106.7282935,32.2853216],[-106.7285322,32.285215],[-106.7285766,32.2851948],[-106.7288621,32.2850654],[-106.7291169,32.2849815],[-106.7292672,32.2849112],[-106.7295059,32.2848114],[-106.7295956,32.2847817],[-106.7296546,32.2847623],[-106.7297339,32.2847366],[-106.7299913,32.2845801],[-106.730009,32.2845478],[-106.7300209,32.284528],[-106.7299806,32.2844259],[-106.7300262,32.284308],[-106.730163,32.2841878],[-106.7302864,32.284147],[-106.7304902,32.2841379],[-106.7307906,32.2841561],[-106.7311796,32.2841924],[-106.7315256,32.284215],[-106.7315658,32.2842513],[-106.7316686,32.2844067],[-106.7317267,32.2844486],[-106.7318639,32.2844887],[-106.7318849,32.2844949],[-106.731952,32.2845144],[-106.7322578,32.284528],[-106.7323061,32.2845506],[-106.7323301,32.2845905],[-106.7323578,32.2846363],[-106.7323903,32.2846901],[-106.7324027,32.2847094],[-106.7324178,32.2847209],[-106.7327755,32.2849815],[-106.7331161,32.2852264],[-106.7333387,32.2854055],[-106.7334121,32.2854774],[-106.7335077,32.285571],[-106.7335962,32.2857524],[-106.7336901,32.2858454],[-106.7337763,32.2859667],[-106.7337937,32.286016],[-106.7338351,32.2861154],[-106.7338591,32.2861599],[-106.7339163,32.2862616],[-106.733983,32.2864533],[-106.7340181,32.2865319],[-106.7340655,32.2865816],[-106.7341275,32.2866391],[-106.7341917,32.2866866],[-106.7342507,32.2867116],[-106.7342856,32.2867731]]}},{"type":"Feature","properties":{"highway":"footway","name":""},"geometry":{"type":"LineString","coordinates":[[-106.7290418,32.2860722],[-106.7291223,32.2859724],[-106.729302,32.2857456],[-106.7293127,32.2857403],[-106.7295224,32.2856535],[-106.7296158,32.2856277],[-106.7297041,32.2855832],[-106.7297687,32.2855506],[-106.7299028,32.2854259],[-106.7300825,32.2852649],[-106.7302891,32.2851357],[-106.7304554,32.2849928],[-106.7306404,32.2848681],[-106.7309301,32.2847547],[-106.7311232,32.2847207],[-106.7313405,32.284664],[-106.7315524,32.2845189],[-106.7317267,32.2844486]]}},{"type":"Feature","properties":{"highway":"path","name":""},"geometry":{"type":"LineString","coordinates":[[-106.7276417,32.2863533],[-106.7270838,32.286766],[-106.7269739,32.2868658],[-106.7269014,32.2869089],[-106.726829,32.286927],[-106.7267056,32.2869247],[-106.7265478,32.2869361],[-106.7264963,32.286916],[-106.7263755,32.2866756],[-106.7263349,32.2866101],[-106.726271,32.286501],[-106.7262371,32.2864404],[-106.7262203,32.2863819],[-106.726216,32.2863374],[-106.7262206,32.286281],[-106.7262383,32.286251],[-106.7262675,32.2862179],[-106.7263186,32.2861747],[-106.7263767,32.2861355],[-106.726429,32.286096],[-106.7264741,32.286062],[-106.7265338,32.2860069],[-106.7265853,32.2859494],[-106.7266383,32.2858823],[-106.7266793,32.2858242],[-106.7267122,32.2857746],[-106.726763,32.2857193],[-106.7268081,32.2856686],[-106.7269609,32.2855036],[-106.7270215,32.2854391],[-106.7271012,32.2853547],[-106.7271754,32.2852754],[-106.7272286,32.285213],[-106.7272449,32.2851872],[-106.7272613,32.2851597],[-106.7273386,32.2850586],[-106.7274085,32.284979],[-106.7274396,32.2849352],[-106.7275072,32.2848346],[-106.7275525,32.2847643],[-106.7275861,32.2847226],[-106.7276047,32.2847015],[-106.7276501,32.2846587],[-106.7276894,32.2846217],[-106.7277447,32.2845797],[-106.7277924,32.2845484],[-106.7278576,32.2845028],[-106.7279516,32.2844476],[-106.7280561,32.2843911],[-106.7281586,32.284341],[-106.7282166,32.2843133],[-106.72825,32.284308],[-106.7282864,32.2843053],[-106.728381,32.2843104],[-106.7284948,32.2843163],[-106.7285695,32.2843153],[-106.7286243,32.2843091],[-106.7286771,32.2842989],[-106.7288755,32.2842598],[-106.728984,32.2842379],[-106.7290109,32.2842297],[-106.7290366,32.2842188],[-106.7290743,32.2841938],[-106.7291117,32.2841703],[-106.729137,32.2841502],[-106.729169,32.2841327],[-106.7292051,32.2841193],[-106.7292398,32.2841088],[-106.7292752,32.2840993],[-106.7293077,32.2841006],[-106.7293489,32.2841007],[-106.7293964,32.2840969],[-106.7294394,32.2840906],[-106.7294828,32.2840799],[-106.7295127,32.2840621],[-106.7295277,32.2840446],[-106.7295426,32.2840035],[-106.7295514,32.2839688],[-106.7295717,32.2839265],[-106.7295789,32.2839082],[-106.7295962,32.2838917],[-106.7296223,32.2838728],[-106.7296535,32.283859],[-106.7297191,32.2838488],[-106.729935,32.2837955],[-106.7300443,32.2837791],[-106.7301137,32.2837709],[-106.7301776,32.2837644],[-106.730242,32.2837632],[-106.7303239,32.2837711],[-106.7303896,32.2837824],[-106.73045,32.2837982],[-106.7304882,32.2838164],[-106.7305906,32.2838873],[-106.7306787,32.283941],[-106.7307394,32.2839764],[-106.7307651,32.2839849],[-106.7308624,32.2839881],[-106.7309206,32.2839908],[-106.7310102,32.2840035],[-106.7310987,32.2840182],[-106.7312168,32.2840358],[-106.7312602,32.2840407],[-106.731469,32.2840287],[-106.731543,32.2840205],[-106.7317173,32.2839907],[-106.7317554,32.2839879],[-106.731831,32.2839504],[-106.7319413,32.2838885],[-106.7320491,32.283775],[-106.7321763,32.2836729],[-106.7323269,32.2835576],[-106.7324924,32.2834335],[-106.7325446,32.2833996],[-106.7325848,32.2833765],[-106.7326365,32.2833567],[-106.7326732,32.2833467],[-106.732705,32.2833473],[-106.7327331,32.2833472],[-106.7327621,32.2833494],[-106.732793,32.2833536],[-106.7328239,32.283362],[-106.7328466,32.2833705],[-106.7329085,32.2834049],[-106.7329905,32.2834479],[-106.7330933,32.2834978],[-106.7331678,32.2835315],[-106.7332213,32.2835511],[-106.7332779,32.2835663],[-106.7333031,32.2835713],[-106.7333316,32.2835747],[-106.7333655,32.2835761],[-106.7334011,32.2835765],[-106.7334403,32.2835693],[-106.7334893,32.2835575],[-106.7335275,32.2835445],[-106.7336246,32.283504],[-106.7337135,32.2834653],[-106.7338076,32.283426],[-106.7339097,32.2833822],[-106.733996,32.2833446],[-106.7340907,32.2833032],[-106.7343734,32.2831787],[-106.7345642,32.2830869],[-106.7346271,32.2830586],[-106.7346778,32.2830372],[-106.7347338,32.2830183],[-106.7348336,32.2829865],[-106.7352538,32.2828522],[-106.7353733,32.2828178],[-106.7354885,32.2827814],[-106.735542,32.2827623],[-106.7357013,32.2827015],[-106.7357502,32.2826843],[-106.7359239,32.2826298],[-106.7359619,32.2826167],[-106.7360826,32.282562],[-106.7361213,32.2825476],[-106.7361615,32.2825335],[-106.736195,32.2825241],[-106.7362288,32.2825167],[-106.7362615,32.2825193],[-106.7362731,32.282528],[-106.7362803,32.2825407],[-106.7362788,32.2825679],[-106.7362725,32.2825925],[-106.736254,32.2826187],[-106.7362222,32.282635],[-106.736179,32.2826517],[-106.7360676,32.2826855],[-106.7360412,32.2826991],[-106.7359067,32.2827925],[-106.7358295,32.2828409],[-106.7357733,32.2828752],[-106.7357273,32.2829019],[-106.7354373,32.283105],[-106.73538,32.2831449],[-106.7352317,32.2832394],[-106.735163,32.2832824],[-106.7350923,32.283321],[-106.7349818,32.2833775],[-106.7348278,32.2834569],[-106.7347555,32.2835015],[-106.734417,32.2837252],[-106.7342896,32.2838042],[-106.7342033,32.2838631],[-106.7341237,32.2839195],[-106.7340766,32.2839514],[-106.734028,32.2839888],[-106.7339866,32.2840223],[-106.7338784,32.2841198],[-106.7336772,32.2843005],[-106.7335745,32.2843878],[-106.7335092,32.2844412],[-106.7334366,32.2844973],[-106.7332671,32.2845865],[-106.7332194,32.2846129],[-106.7331795,32.284638],[-106.7331404,32.2846737],[-106.7331221,32.2846993],[-106.7331084,32.2847262],[-106.7330926,32.2847734],[-106.7330641,32.284964],[-106.7330625,32.2849821],[-106.7330651,32.2849946],[-106.7330762,32.2850247],[-106.7330893,32.2850522],[-106.7331123,32.2850924],[-106.7331605,32.2851582],[-106.7331919,32.2851953],[-106.7332082,32.2852114],[-106.7332288,32.2852241],[-106.7332521,32.2852358],[-106.7332885,32.2852464],[-106.7333288,32.2852562],[-106.7333682,32.2852626],[-106.7333996,32.2852732],[-106.7334365,32.2852796],[-106.7334618,32.2852811],[-106.7334916,32.2852649],[-106.7337196,32.2850971],[-106.7337582,32.2850666],[-106.7338054,32.285045],[-106.7338447,32.2850389],[-106.7339916,32.2850363],[-106.7340457,32.2850361],[-106.7340833,32.2850341],[-106.7341226,32.2850277],[-106.7341622,32.2850155],[-106.7342277,32.284986],[-106.7343955,32.284884],[-106.7345487,32.2847972],[-106.7346396,32.2847533],[-106.7348238,32.2846589],[-106.7349319,32.2846073],[-106.7349927,32.2845762],[-106.7351095,32.2845021],[-106.7351991,32.2844377],[-106.7352781,32.2843785],[-106.7353854,32.2842959],[-106.7355288,32.2841872],[-106.7356454,32.284102],[-106.735747,32.2840311],[-106.7358216,32.2839774],[-106.7358953,32.2839234],[-106.7359758,32.2838607],[-106.7360355,32.2838147],[-106.7360922,32.283777],[-106.7361377,32.2837467],[-106.7361908,32.2837175],[-106.7362442,32.2836927],[-106.7362799,32.2836742],[-106.7363142,32.2836512],[-106.7364608,32.283528],[-106.7364856,32.2835061],[-106.7365108,32.2834938],[-106.7365306,32.2834917],[-106.7365502,32.2834965],[-106.7365649,32.2835068],[-106.7365654,32.2835257],[-106.7365563,32.2835434],[-106.7364769,32.2836255],[-106.7363558,32.2837243],[-106.7362375,32.2838256],[-106.7361355,32.2839132],[-106.7360915,32.2839512],[-106.7360373,32.2839857],[-106.7359749,32.2840197],[-106.7358082,32.284096],[-106.7355901,32.2842638],[-106.7353851,32.2844106],[-106.7351948,32.2845438],[-106.7349722,32.2846935],[-106.734918,32.2847262],[-106.7348772,32.2847539],[-106.734849,32.2847719],[-106.7347578,32.2848099],[-106.7346543,32.2848501],[-106.7346353,32.2848598],[-106.734613,32.2848716],[-106.734589,32.284887],[-106.7345693,32.2849018],[-106.7345512,32.2849198],[-106.7345396,32.2849336],[-106.7345318,32.2849547],[-106.7345281,32.2849783],[-106.7345289,32.2849991],[-106.7345337,32.2850169],[-106.7345435,32.2850632],[-106.7345439,32.2850942],[-106.7345424,32.2851195],[-106.7345343,32.2851483],[-106.7345189,32.2851833],[-106.734413,32.2853503],[-106.7343609,32.2854364],[-106.73435,32.2854569],[-106.734341,32.2854792],[-106.7343297,32.2855159],[-106.734323,32.2855495],[-106.7343173,32.2855988],[-106.7343164,32.2856659],[-106.734318,32.2857529],[-106.7343265,32.2858276],[-106.734358,32.286054],[-106.7343817,32.2861895],[-106.7343924,32.2862698],[-106.7343942,32.2863287],[-106.7343905,32.2863883],[-106.7343768,32.286503],[-106.7343424,32.286608],[-106.7342856,32.2867731],[-106.7342964,32.2868267],[-106.734337,32.2869629],[-106.734417,32.2871968],[-106.7344908,32.2874199],[-106.7345136,32.2874871],[-106.7345828,32.2876764],[-106.7345096,32.2877239],[-106.7341836,32.287936],[-106.7339181,32.2881197],[-106.7335331,32.2882906],[-106.733477,32.2883163],[-106.7333599,32.2883627],[-106.7332744,32.288385],[-106.7331262,32.2884148],[-106.7330411,32.2884337],[-106.7328835,32.2884729],[-106.7327165,32.288521],[-106.7325186,32.2885727],[-106.7323344,32.2886248],[-106.7322142,32.2886636],[-106.7321329,32.288687],[-106.7319655,32.2887228],[-106.7317389,32.2887563],[-106.7316541,32.2887628],[-106.7315619,32.2887778],[-106.731511,32.2887886],[-106.731445,32.2888122],[-106.7311923,32.2889172],[-106.7309272,32.2890233],[-106.7307969,32.2890695],[-106.7307193,32.2890935],[-106.7305652,32.2891417],[-106.7304877,32.2891699],[-106.7304141,32.2891982],[-106.7303473,32.2892258],[-106.7303225,32.2892416],[-106.7303245,32.2892584],[-106.7303498,32.2892657],[-106.7303668,32.2892586],[-106.7304249,32.2892244],[-106.7304871,32.2892059],[-106.7305552,32.2892123],[-106.7305933,32.2892214],[-106.7306527,32.2892415],[-106.7307168,32.2892493],[-106.730771,32.2892559],[-106.7308466,32.2892641],[-106.7309286,32.2892765],[-106.7310113,32.289289],[-106.7310896,32.2893043],[-106.7311817,32.289328],[-106.7312945,32.2893599],[-106.7313466,32.2893798],[-106.7314602,32.2894332],[-106.7315712,32.2894802],[-106.7316409,32.2895004],[-106.7317287,32.2895065],[-106.7317818,32.2894957],[-106.731843,32.289479],[-106.7318801,32.289471],[-106.7319216,32.2894663],[-106.731977,32.2894747],[-106.7320345,32.2894909],[-106.7320887,32.289508],[-106.7321276,32.2895244],[-106.7321705,32.2895497],[-106.7322055,32.289581],[-106.7322344,32.2896117],[-106.7322585,32.2896453],[-106.7322754,32.2896834],[-106.7322831,32.2897255],[-106.7322861,32.2897637],[-106.7322779,32.2898061],[-106.7322614,32.2898524],[-106.7322462,32.2898908],[-106.7322099,32.2899343],[-106.7321785,32.2899681],[-106.732145,32.2899962],[-106.7321049,32.2900221],[-106.7320569,32.2900491],[-106.7319687,32.2900872],[-106.7318388,32.2901376],[-106.731764,32.2901626],[-106.7316014,32.2902155],[-106.7314935,32.2902513],[-106.7314073,32.2902787],[-106.7312816,32.2903171],[-106.7312109,32.2903343],[-106.7311626,32.2903476],[-106.7311247,32.2903547],[-106.7310755,32.2903601],[-106.7310139,32.2903624],[-106.7309675,32.2903623],[-106.7308937,32.2903614],[-106.7308024,32.2903607],[-106.73072,32.2903621],[-106.7306672,32.2903632],[-106.7306364,32.2903638],[-106.7305884,32.29037],[-106.7304983,32.290374],[-106.7304098,32.29038],[-106.7303084,32.2903821],[-106.7302412,32.290385],[-106.7301614,32.2903856],[-106.7300885,32.2903837],[-106.7300213,32.2903838],[-106.729963,32.2903844],[-106.7297741,32.2903948],[-106.7296525,32.2903962],[-106.7295184,32.2903902],[-106.7294124,32.2903838],[-106.7293079,32.2903726],[-106.7292162,32.2903531],[-106.7291203,32.2903192],[-106.729056,32.2902882],[-106.7290012,32.290242],[-106.7289558,32.2901789],[-106.7289189,32.2901446],[-106.7288713,32.2901188],[-106.728682,32.2901108],[-106.7285458,32.2901071],[-106.7284925,32.2900869],[-106.7284402,32.2900572],[-106.7284031,32.290027],[-106.7283815,32.2899754],[-106.7283651,32.2899249],[-106.7283565,32.2898612],[-106.7283614,32.2897972],[-106.7283772,32.2897424],[-106.7284,32.2896849],[-106.7284218,32.2896438],[-106.7284528,32.2895886],[-106.7284918,32.28955],[-106.7285386,32.2895179],[-106.7286181,32.2894768],[-106.7287167,32.2894441],[-106.7288096,32.2894076],[-106.7288543,32.2893752],[-106.728921,32.2893214],[-106.7290388,32.28921],[-106.7291033,32.2891516],[-106.7292005,32.2890653],[-106.7293028,32.2889708],[-106.7294816,32.2888229],[-106.729555,32.2887641],[-106.7296724,32.2886548],[-106.7297704,32.2885636],[-106.7298655,32.2884787],[-106.7299116,32.2884388],[-106.7299771,32.2883885],[-106.7300638,32.2883351],[-106.7301722,32.2882675],[-106.7302522,32.2882017],[-106.7303272,32.2881412],[-106.730389,32.2881116],[-106.7304661,32.2880948],[-106.7305175,32.2880824],[-106.730561,32.2880638],[-106.7306363,32.2880091],[-106.7307723,32.2879323],[-106.7308504,32.2878998],[-106.7309575,32.2878624],[-106.7310709,32.2878285],[-106.7312468,32.2877932],[-106.7313807,32.2877663],[-106.7314684,32.2877455],[-106.7316355,32.2877206],[-106.7318955,32.2876878],[-106.7320863,32.2876605],[-106.7321976,32.2876337],[-106.7326172,32.2874893],[-106.7326381,32.2874704],[-106.732636,32.2874485],[-106.7325609,32.287376],[-106.7323927,32.2872406],[-106.7323284,32.2871986],[-106.7322246,32.2871308],[-106.732103,32.2870587],[-106.7319568,32.2869708],[-106.7318643,32.2869199],[-106.7317968,32.2868903],[-106.7315658,32.286791],[-106.7314161,32.2867251],[-106.7312793,32.2866585],[-106.7311036,32.2865744],[-106.7309766,32.2865068],[-106.7308555,32.2864368],[-106.7307723,32.2863809],[-106.7306426,32.2862913],[-106.7305041,32.2862014],[-106.7304481,32.2861648],[-106.7303909,32.2861059],[-106.7303199,32.2860529],[-106.7302605,32.2860181],[-106.7302206,32.2860012],[-106.7301863,32.2859898],[-106.7301429,32.2859532],[-106.7300867,32.2859189],[-106.7300604,32.2859098],[-106.7300427,32.2859127],[-106.730036,32.2859201],[-106.7300309,32.2859391],[-106.7300515,32.2859608],[-106.7300956,32.2859734],[-106.7301863,32.2859898]]}},{"type":"Feature","properties":{"highway":"footway","name":""},"geometry":{"type":"LineString","coordinates":[[-106.7278466,32.2867375],[-106.7279851,32.2866368],[-106.7282345,32.2864486],[-106.7284276,32.2863193],[-106.7286073,32.2861492],[-106.7287817,32.2860064],[-106.728897,32.2859157],[-106.7291196,32.2858046],[-106.7293127,32.2857403]]}},{"type":"Feature","properties":{"highway":"path","name":""},"geometry":{"type":"LineString","coordinates":[[-106.7302296,32.2855985],[-106.730129,32.2856952],[-106.7300537,32.2857114],[-106.7299686,32.2857508],[-106.7298112,32.2858301],[-106.7296439,32.2859146],[-106.7295307,32.2859888],[-106.7294509,32.2860391],[-106.7293395,32.2860375],[-106.7291679,32.2860177],[-106.7290418,32.2860722],[-106.7287683,32.2862218],[-106.7282372,32.2865665],[-106.7280575,32.2866662],[-106.7278466,32.2867375],[-106.7277088,32.2867841],[-106.727521,32.2868431],[-106.7273452,32.2869078],[-106.7273306,32.2869134],[-106.7271455,32.2869089],[-106.72699,32.2869497],[-106.7268558,32.2870086],[-106.7268022,32.2870472],[-106.726627,32.287196]]}},{"type":"Feature","properties":{"highway":"path","name":""},"geometry":{"type":"LineString","coordinates":[[-106.7336492,32.2874273],[-106.7337015,32.2873986],[-106.7337894,32.2873215],[-106.7339583,32.2872218],[-106.7340924,32.2871651],[-106.7342319,32.2870971],[-106.7342963,32.2870177],[-106.734337,32.2869629]]}},{"type":"Feature","properties":{"highway":"footway","name":""},"geometry":{"type":"LineString","coordinates":[[-106.7315879,32.2896952],[-106.731671,32.2896346],[-106.7317122,32.2896039],[-106.731755,32.2895745],[-106.731764,32.2895484],[-106.7317631,32.2895214],[-106.7317818,32.2894957]]}},{"type":"Feature","properties":{"highway":"footway","name":""},"geometry":{"type":"LineString","coordinates":[[-106.7295676,32.2850858],[-106.7295676,32.2851923],[-106.7296132,32.2853125]]}},{"type":"Feature","properties":{"highway":"path","name":""},"geometry":{"type":"LineString","coordinates":[[-106.7264963,32.286916],[-106.7265246,32.2869769],[-106.7265626,32.2870583],[-106.726627,32.287196],[-106.7266483,32.2872734],[-106.7266823,32.2873496],[-106.7267276,32.2874245],[-106.7267557,32.2874642],[-106.7267951,32.2874923],[-106.7268409,32.287508],[-106.7269095,32.2875195],[-106.7269901,32.2875245],[-106.7270541,32.2875362],[-106.727094,32.2875603],[-106.7271272,32.2875751],[-106.7272442,32.2875712],[-106.7273172,32.287571],[-106.7273628,32.2875693],[-106.7274144,32.2875823],[-106.727462,32.2875988],[-106.7275282,32.2876398],[-106.7276054,32.2876852],[-106.7276783,32.2877262],[-106.7277463,32.2877546],[-106.7278245,32.2877737],[-106.7279086,32.2877824],[-106.7280763,32.2877932],[-106.7282482,32.2878052],[-106.7283117,32.2878063],[-106.7283879,32.2878041],[-106.7285138,32.2877955],[-106.7286254,32.2877827],[-106.7286951,32.2877749],[-106.7287717,32.2877726],[-106.7289137,32.2877749],[-106.72905,32.2877735],[-106.7291367,32.2877704],[-106.7292716,32.2877657],[-106.7293613,32.2877598],[-106.7294584,32.2877522],[-106.7295708,32.2877352],[-106.7297215,32.2877046],[-106.7298177,32.2876807],[-106.7299451,32.2876573],[-106.7300432,32.2876398],[-106.7301208,32.2876278],[-106.7302607,32.2876062],[-106.7303716,32.2875887],[-106.7305276,32.287559],[-106.7306523,32.2875389],[-106.7307774,32.287522],[-106.7308964,32.2875088],[-106.7309474,32.2875058],[-106.7309822,32.2875093],[-106.7310275,32.2875057],[-106.7311892,32.2874902],[-106.7312215,32.2874846],[-106.7312574,32.2874735],[-106.7312863,32.2874622],[-106.7313178,32.2874408],[-106.7313451,32.2874106],[-106.7314009,32.2873203],[-106.7314471,32.2872288],[-106.731454,32.2871996],[-106.7314509,32.2871723],[-106.7314137,32.2871423],[-106.7313687,32.2871148],[-106.7313131,32.2870777],[-106.7312582,32.2870384],[-106.7312069,32.2870017],[-106.7311631,32.2869726],[-106.7311154,32.2869418],[-106.7310863,32.28692],[-106.7310569,32.2868936],[-106.731011,32.286845],[-106.7309635,32.2867933],[-106.7309186,32.2867362],[-106.7308845,32.2866892],[-106.730859,32.2866397],[-106.7308418,32.2865787],[-106.7308074,32.2864764],[-106.7307723,32.2863809]]}},{"type":"Feature","properties":{"highway":"residential","name":"Cholla Road"},"geometry":{"type":"LineString","coordinates":[[-106.7316018,32.268743],[-106.7315395,32.2687622],[-106.7314779,32.2687786],[-106.7313843,32.268802],[-106.7312913,32.2688248],[-106.7307876,32.268972],[-106.730523,32.2691129],[-106.7302977,32.2692506],[-106.7297422,32.2696886],[-106.7285675,32.2706147],[-106.7284148,32.2707254],[-106.7281973,32.270778],[-106.7278623,32.2707345],[-106.7275028,32.2707481],[-106.7267366,32.2709049],[-106.7257878,32.2711382],[-106.7254098,32.2712312],[-106.722986,32.2718276]]}},{"type":"Feature","properties":{"highway":"pedestrian","name":"McFie Circle"},"geometry":{"type":"LineString","coordinates":[[-106.7503556,32.283026],[-106.7504704,32.2829071],[-106.7505559,32.2827981],[-106.7505804,32.2827432],[-106.7505988,32.2826825],[-106.7506125,32.2825964],[-106.7506239,32.2824655],[-106.7506257,32.2823598],[-106.7506141,32.2822468],[-106.75059,32.2821435],[-106.750564,32.282023],[-106.7505655,32.2819985],[-106.7505685,32.2819498],[-106.7505723,32.2818889],[-106.7505455,32.2817256],[-106.7505145,32.2815988],[-106.7504956,32.2815212],[-106.750447,32.2814558],[-106.7503693,32.2813435],[-106.7503417,32.2813135],[-106.7503054,32.2812875],[-106.7500973,32.2812255],[-106.7498009,32.2811324],[-106.7496738,32.2811032],[-106.7496014,32.2811066],[-106.7491521,32.281195],[-106.7490015,32.2812278]]}},{"type":"Feature","properties":{"highway":"footway","name":""},"geometry":{"type":"LineString","coordinates":[[-106.7458764,32.2828823],[-106.745849,32.2828901],[-106.7458185,32.2828841],[-106.7457839,32.2828679],[-106.7457617,32.282837],[-106.7456894,32.2828515],[-106.7456178,32.2828476]]}},{"type":"Feature","properties":{"highway":"footway","name":""},"geometry":{"type":"LineString","coordinates":[[-106.7427763,32.2833041],[-106.7427306,32.2833282],[-106.7427029,32.2833507],[-106.7426804,32.2833716]]}},{"type":"Feature","properties":{"highway":"footway","name":""},"geometry":{"type":"LineString","coordinates":[[-106.7475096,32.280595],[-106.7474968,32.2805273],[-106.7474856,32.2804702]]}},{"type":"Feature","properties":{"highway":"footway","name":""},"geometry":{"type":"LineString","coordinates":[[-106.7460683,32.2807278],[-106.7460752,32.2807337],[-106.7460788,32.280742],[-106.7460961,32.2807981],[-106.7461169,32.2808584]]}},{"type":"Feature","properties":{"highway":"footway","name":""},"geometry":{"type":"LineString","coordinates":[[-106.7475096,32.280595],[-106.7475997,32.2805794],[-106.7479225,32.280517]]}},{"type":"Feature","properties":{"highway":"footway","name":""},"geometry":{"type":"LineString","coordinates":[[-106.7461169,32.2808584],[-106.7450452,32.2810606],[-106.7450097,32.2810669],[-106.7444639,32.2811705],[-106.7437143,32.2813121],[-106.7436038,32.2813327],[-106.7433822,32.2813745],[-106.7431621,32.2814161],[-106.7429443,32.2814574],[-106.7427233,32.2814984]]}},{"type":"Feature","properties":{"highway":"footway","name":""},"geometry":{"type":"LineString","coordinates":[[-106.7461169,32.2808584],[-106.7461286,32.2808753],[-106.7461836,32.2811037],[-106.7462659,32.2814149],[-106.7463301,32.2816547],[-106.7463544,32.2817452],[-106.7465766,32.2825748],[-106.7466953,32.2825532]]}},{"type":"Feature","properties":{"highway":"footway","name":""},"geometry":{"type":"LineString","coordinates":[[-106.7429917,32.2844524],[-106.742959,32.2844161]]}},{"type":"Feature","properties":{"highway":"footway","name":""},"geometry":{"type":"LineString","coordinates":[[-106.751753,32.2808872],[-106.7516576,32.2808788]]}},{"type":"Feature","properties":{"highway":"service","name":""},"geometry":{"type":"LineString","coordinates":[[-106.7581222,32.2821068],[-106.759098,32.2819244],[-106.7591677,32.2819072],[-106.7592288,32.2818802],[-106.7592491,32.2818335],[-106.759252,32.2817917],[-106.7592318,32.2817082],[-106.759191,32.2815387],[-106.7580374,32.2817795],[-106.7580793,32.2819413],[-106.7581222,32.2821068]]}},{"type":"Feature","properties":{"highway":"service","name":""},"geometry":{"type":"LineString","coordinates":[[-106.7583388,32.2829162],[-106.7581801,32.2829431]]}},{"type":"Feature","properties":{"highway":"service","name":""},"geometry":{"type":"LineString","coordinates":[[-106.7581222,32.2821068],[-106.7581662,32.2822713],[-106.7582094,32.2824328],[-106.7582551,32.2826033],[-106.7582985,32.2827655],[-106.7583388,32.2829162]]}},{"type":"Feature","properties":{"highway":"service","name":""},"geometry":{"type":"LineString","coordinates":[[-106.7583388,32.2829162],[-106.7583862,32.283093],[-106.7584238,32.2832337],[-106.7584587,32.283364],[-106.7596589,32.283134],[-106.7596199,32.2830036],[-106.7595773,32.2828492],[-106.7595365,32.2826962],[-106.7593286,32.2827333],[-106.7583388,32.2829162]]}},{"type":"Feature","properties":{"highway":"footway","name":""},"geometry":{"type":"LineString","coordinates":[[-106.7570742,32.281803],[-106.7570702,32.2817807],[-106.7570638,32.2817453]]}},{"type":"Feature","properties":{"highway":"footway","name":""},"geometry":{"type":"LineString","coordinates":[[-106.7561364,32.2825148],[-106.7561017,32.2824515],[-106.7560741,32.2824033]]}},{"type":"Feature","properties":{"highway":"footway","name":""},"geometry":{"type":"LineString","coordinates":[[-106.7561949,32.2824697],[-106.7561614,32.2824842],[-106.7561364,32.2825148],[-106.7561295,32.282538],[-106.7561278,32.2825621],[-106.7561295,32.2825885],[-106.7561352,32.2826225],[-106.756246,32.2830261],[-106.7563089,32.2832693],[-106.7563257,32.2833339],[-106.7563458,32.2833884],[-106.7563806,32.2834921],[-106.7564028,32.2835647],[-106.7564685,32.2838084],[-106.7564873,32.2838371],[-106.7565111,32.2838574],[-106.7565208,32.2838607],[-106.7565416,32.283868],[-106.7565865,32.2838677],[-106.7572544,32.2837381],[-106.7573415,32.2837313],[-106.7575729,32.2837081],[-106.7581898,32.283589],[-106.7582159,32.2835766],[-106.7582321,32.2835595],[-106.7582475,32.2835273],[-106.7582408,32.2834751],[-106.7582059,32.283356],[-106.7581583,32.2831786]]}},{"type":"Feature","properties":{"highway":"service","name":""},"geometry":{"type":"LineString","coordinates":[[-106.7538989,32.2845256],[-106.7538689,32.2844109],[-106.7538177,32.2842228],[-106.7537728,32.2840583],[-106.7537311,32.2839033],[-106.7536691,32.2836728],[-106.7535962,32.2834021],[-106.7535857,32.2833629]]}},{"type":"Feature","properties":{"highway":"residential","name":""},"geometry":{"type":"LineString","coordinates":[[-106.7561509,32.2954364],[-106.7559072,32.2949132],[-106.7558854,32.2948628],[-106.755808,32.2948236]]}},{"type":"Feature","properties":{"highway":"residential","name":""},"geometry":{"type":"LineString","coordinates":[[-106.756828,32.2952928],[-106.7561509,32.2954364],[-106.7555367,32.2955679],[-106.7554509,32.2955316],[-106.7552175,32.2950487],[-106.755808,32.2948236],[-106.7557351,32.2946803],[-106.7556889,32.2945896]]}},{"type":"Feature","properties":{"highway":"primary","name":"South Valley Drive"},"geometry":{"type":"LineString","coordinates":[[-106.7679578,32.2819393],[-106.7680912,32.2820474],[-106.7680995,32.2820537],[-106.7682277,32.2821501],[-106.768269,32.2821797],[-106.7683463,32.2822342],[-106.7684341,32.2822961],[-106.768644,32.2824283],[-106.7688959,32.2825744],[-106.769244,32.2827671],[-106.7694833,32.2828894],[-106.7695866,32.2829419],[-106.7698871,32.2830913],[-106.7701164,32.2831948],[-106.7701797,32.2832208],[-106.7704213,32.2833193],[-106.7706801,32.2834186],[-106.770796,32.2834631],[-106.7711501,32.283591],[-106.7713272,32.283655],[-106.7715054,32.283721],[-106.7716533,32.283769],[-106.7718702,32.2838584]]}},{"type":"Feature","properties":{"highway":"cycleway","name":""},"geometry":{"type":"LineString","coordinates":[[-106.7670832,32.2745839],[-106.7675631,32.2743447],[-106.7681339,32.2740607],[-106.769074,32.2735807],[-106.7709343,32.272613],[-106.7721912,32.2719587],[-106.7725951,32.271737],[-106.77297,32.2715314],[-106.7736352,32.2711844],[-106.7748524,32.2705498],[-106.7755023,32.2702148],[-106.7761267,32.2698756],[-106.7761701,32.2697994]]}},{"type":"Feature","properties":{"highway":"footway","name":""},"geometry":{"type":"LineString","coordinates":[[-106.746264,32.2806955],[-106.7461725,32.2807135],[-106.7460976,32.2807275],[-106.7460836,32.2807282],[-106.7460683,32.2807278]]}},{"type":"Feature","properties":{"highway":"tertiary","name":"East Union Avenue"},"geometry":{"type":"LineString","coordinates":[[-106.7616645,32.2830167],[-106.7616271,32.2828864],[-106.7612508,32.2815297],[-106.7610887,32.2809469],[-106.7607568,32.2797499],[-106.7607299,32.2794795],[-106.7607272,32.2793514],[-106.7607344,32.2792219],[-106.7607533,32.2791003],[-106.7607815,32.2789716],[-106.7608485,32.2787624],[-106.7609045,32.2786153],[-106.7609589,32.2785017],[-106.7611072,32.2782535],[-106.7614604,32.277769]]}},{"type":"Feature","properties":{"highway":"tertiary","name":"Locust Street"},"geometry":{"type":"LineString","coordinates":[[-106.7546898,32.2961516],[-106.7545981,32.2960681],[-106.7541209,32.2955003],[-106.7539162,32.2952532],[-106.7536077,32.2948883],[-106.7535326,32.2948007],[-106.7529127,32.2940703],[-106.752572,32.2936707],[-106.7524835,32.2935692],[-106.7524429,32.2935169],[-106.7522299,32.2932666],[-106.7521491,32.2931716],[-106.7519514,32.2929393],[-106.7514527,32.2923609],[-106.7509836,32.2918257],[-106.7506177,32.291389],[-106.7504309,32.2911623],[-106.7503565,32.291073],[-106.7502045,32.2908897],[-106.7498873,32.2905219],[-106.7498223,32.2904465],[-106.7496928,32.2902791],[-106.7495411,32.290075],[-106.7491715,32.2894149],[-106.7490681,32.289194],[-106.7487937,32.2886075],[-106.7486247,32.2882797],[-106.7485612,32.2881508],[-106.7485201,32.2880769],[-106.7483785,32.2877902],[-106.7481633,32.287354],[-106.7481446,32.287315],[-106.7478347,32.2866559],[-106.7477884,32.2865575],[-106.7476505,32.2862642],[-106.7474868,32.2859386],[-106.747454,32.2858735]]}},{"type":"Feature","properties":{"highway":"residential","name":"Locust Street"},"geometry":{"type":"LineString","coordinates":[[-106.7474105,32.285767],[-106.7473965,32.2857095],[-106.7472904,32.285238],[-106.7472578,32.2850986],[-106.7472429,32.2850234],[-106.7472098,32.284907],[-106.7471953,32.2848526],[-106.7471564,32.2846916],[-106.7471079,32.2845324],[-106.7470749,32.2843774],[-106.7470496,32.2842596],[-106.7470341,32.2841439],[-106.7469898,32.283935],[-106.7469328,32.2836758]]}},{"type":"Feature","properties":{"highway":"service","name":""},"geometry":{"type":"LineString","coordinates":[[-106.7443581,32.2861733],[-106.7443526,32.2862507],[-106.7443341,32.286514],[-106.7444889,32.2871264],[-106.7445209,32.2872527]]}},{"type":"Feature","properties":{"highway":"primary","name":"East University Avenue"},"geometry":{"type":"LineString","coordinates":[[-106.73711,32.2876189],[-106.7376575,32.2874926],[-106.7379537,32.287434],[-106.7383735,32.2873511]]}},{"type":"Feature","properties":{"highway":"service","name":""},"geometry":{"type":"LineString","coordinates":[[-106.7455095,32.2861834],[-106.7455303,32.2862498],[-106.7456062,32.2864913],[-106.7457597,32.2870128]]}},{"type":"Feature","properties":{"highway":"primary","name":"East University Avenue"},"geometry":{"type":"LineString","coordinates":[[-106.7403138,32.2868787],[-106.7407254,32.2867646],[-106.7412754,32.2865559],[-106.7416417,32.2864401],[-106.7419025,32.2863718],[-106.7426832,32.2862265],[-106.7431168,32.2861693],[-106.7431465,32.2861631],[-106.7433289,32.2861531],[-106.7434419,32.2861488]]}},{"type":"Feature","properties":{"highway":"secondary","name":"East University Avenue"},"geometry":{"type":"LineString","coordinates":[[-106.737035,32.2874893],[-106.73673,32.2876033],[-106.736216,32.2879162],[-106.7361617,32.2879493],[-106.7360155,32.2880383],[-106.735917,32.2881111],[-106.7353205,32.2885527],[-106.7351078,32.2887101],[-106.7348853,32.2888748]]}},{"type":"Feature","properties":{"highway":"primary","name":"East University Avenue"},"geometry":{"type":"LineString","coordinates":[[-106.7395084,32.2869429],[-106.7392533,32.2870092],[-106.739115,32.2870452],[-106.7390209,32.2870692]]}},{"type":"Feature","properties":{"highway":"unclassified","name":"Sweet Avenue"},"geometry":{"type":"LineString","coordinates":[[-106.7530281,32.279479],[-106.7530489,32.2795603],[-106.7530548,32.2795811],[-106.7531671,32.2799764],[-106.7532347,32.2802215],[-106.7532877,32.2804318],[-106.7533725,32.2807687],[-106.7533766,32.2808458],[-106.7533747,32.2808983],[-106.7533728,32.2809735],[-106.7533773,32.2810436],[-106.7534114,32.2813387],[-106.7534195,32.2814819],[-106.7534192,32.2815726],[-106.7534063,32.2816296],[-106.753371,32.2817733],[-106.7533554,32.2818294]]}},{"type":"Feature","properties":{"highway":"residential","name":"Geothermal Drive"},"geometry":{"type":"LineString","coordinates":[[-106.7346426,32.280424],[-106.733727,32.2806442],[-106.7296987,32.2816132],[-106.7260787,32.282484],[-106.7256549,32.2825883]]}},{"type":"Feature","properties":{"highway":"unclassified","name":"Arrowhead Drive"},"geometry":{"type":"LineString","coordinates":[[-106.7403497,32.2818764],[-106.7403268,32.2817892],[-106.7401663,32.2811593],[-106.7401532,32.2811078],[-106.7401267,32.2810138],[-106.7400972,32.2809246],[-106.7400568,32.2808348],[-106.7400121,32.2807559],[-106.739966,32.2806891],[-106.73972,32.2803396],[-106.7396695,32.2802581],[-106.7396277,32.2801823],[-106.739594,32.2801065],[-106.7395626,32.2800128],[-106.7395341,32.2799091],[-106.7395208,32.279827],[-106.7395116,32.2797264],[-106.7395133,32.2796293],[-106.7395185,32.2795426],[-106.7395365,32.2793605],[-106.7395647,32.2791173],[-106.7395694,32.2790389],[-106.7395701,32.2789393],[-106.7395637,32.2788574],[-106.7395503,32.2787652],[-106.7395041,32.2785842],[-106.7393751,32.2780912],[-106.73937,32.278072],[-106.7393449,32.2779705]]}},{"type":"Feature","properties":{"highway":"residential","name":"Montana Avenue"},"geometry":{"type":"LineString","coordinates":[[-106.7685435,32.2947817],[-106.7684497,32.2948566],[-106.7681004,32.2951353],[-106.7680057,32.2951936],[-106.7678465,32.2952569],[-106.7676231,32.2953003],[-106.7674325,32.2953379],[-106.7672381,32.2953754],[-106.7670298,32.2954156],[-106.7668213,32.2954561],[-106.7665647,32.295511],[-106.7656754,32.2957076],[-106.7647096,32.2959265],[-106.7636855,32.2961528],[-106.7631286,32.2962712],[-106.762633,32.2963766],[-106.7624441,32.2964184],[-106.7621122,32.2964918],[-106.7618186,32.2965589],[-106.7615779,32.2966099],[-106.76051,32.2968259],[-106.7602486,32.2968894],[-106.7600509,32.2969374],[-106.7596967,32.2970235],[-106.7593777,32.297101],[-106.7583732,32.2973116],[-106.7579293,32.2974048],[-106.7573738,32.297519],[-106.7553087,32.2979643],[-106.7544082,32.2981528],[-106.7533794,32.2983714],[-106.7525932,32.2985359],[-106.751795,32.2987041],[-106.7511264,32.298846],[-106.7509972,32.2988734],[-106.7504769,32.2989824],[-106.7502052,32.2990394],[-106.7499759,32.2990881],[-106.7494115,32.2992082],[-106.7494079,32.2992089],[-106.7489974,32.2992961],[-106.7484712,32.2994079],[-106.7483154,32.2994431],[-106.7481942,32.2994714],[-106.7480633,32.2995049],[-106.7479288,32.2995432],[-106.7477942,32.2995853],[-106.7477111,32.2996129],[-106.7476263,32.2996417],[-106.7475422,32.2996729],[-106.7474472,32.2997094],[-106.747341,32.2997511],[-106.7472539,32.2997862],[-106.7471766,32.2998177],[-106.7470947,32.29985],[-106.7470122,32.2998803],[-106.7469143,32.2999137],[-106.7468188,32.2999455],[-106.7467184,32.2999772],[-106.7466441,32.2999998],[-106.7465695,32.3000204],[-106.7464841,32.3000422],[-106.746305,32.3000832],[-106.7459844,32.3001529],[-106.745859,32.3001797],[-106.7455026,32.3002534]]}},{"type":"Feature","properties":{"highway":"tertiary","name":"South Espina Street"},"geometry":{"type":"LineString","coordinates":[[-106.768524,32.3090894],[-106.7683831,32.3085878],[-106.7682518,32.3081055],[-106.7681918,32.3078903],[-106.7681452,32.3077208],[-106.7681198,32.3076254],[-106.7679997,32.3071739],[-106.7678734,32.3067163],[-106.7676557,32.305927],[-106.7674037,32.3051513],[-106.7672317,32.3046134],[-106.7668798,32.3034316],[-106.7665492,32.3023081],[-106.7662268,32.301151],[-106.7658533,32.2999],[-106.7656044,32.2990504],[-106.7654768,32.2986151],[-106.7651728,32.298205],[-106.7645508,32.2973742],[-106.7640504,32.2966679],[-106.7636855,32.2961528],[-106.7632408,32.2955772],[-106.7631993,32.2955243],[-106.7629203,32.2951635],[-106.7627476,32.2948567],[-106.7626755,32.2947286]]}},{"type":"Feature","properties":{"highway":"residential","name":"Jordan Road"},"geometry":{"type":"LineString","coordinates":[[-106.7498888,32.2852902],[-106.7499219,32.2853881],[-106.7499487,32.2854673],[-106.750057,32.2858651],[-106.7501566,32.2862402],[-106.7501989,32.2863993],[-106.7503211,32.2869194],[-106.7504621,32.2874624],[-106.7506337,32.2881948]]}},{"type":"Feature","properties":{"highway":"tertiary","name":"Stewart Street"},"geometry":{"type":"LineString","coordinates":[[-106.7403497,32.2818764],[-106.740243,32.2818951],[-106.7401404,32.2819131],[-106.7395978,32.282005],[-106.7379388,32.2823261]]}},{"type":"Feature","properties":{"highway":"tertiary","name":"Wells Street"},"geometry":{"type":"LineString","coordinates":[[-106.7393449,32.2779705],[-106.7391802,32.2780485],[-106.7391127,32.2780805],[-106.7390417,32.2781141],[-106.7388913,32.2781929],[-106.7387261,32.2782781],[-106.738579,32.2783605],[-106.7384104,32.2784555],[-106.7379782,32.2787023],[-106.7375946,32.2789214],[-106.7368215,32.279348]]}},{"type":"Feature","properties":{"highway":"tertiary","name":"South Espina Street"},"geometry":{"type":"LineString","coordinates":[[-106.7564185,32.2840244],[-106.756383,32.2838986],[-106.7562292,32.2833399],[-106.7561473,32.2830438],[-106.7561289,32.2829769],[-106.7560052,32.2825331],[-106.755989,32.2824692]]}},{"type":"Feature","properties":{"highway":"service","name":""},"geometry":{"type":"LineString","coordinates":[[-106.7350838,32.2951895],[-106.7347771,32.2947934],[-106.7345505,32.2946347]]}},{"type":"Feature","properties":{"highway":"service","name":""},"geometry":{"type":"LineString","coordinates":[[-106.7318622,32.2956341],[-106.7319392,32.2950337],[-106.7328111,32.2948866],[-106.7327634,32.294703],[-106.7319592,32.2948527],[-106.7319392,32.2950337]]}},{"type":"Feature","properties":{"highway":"service","name":""},"geometry":{"type":"LineString","coordinates":[[-106.7340514,32.2937222],[-106.7340449,32.2936067]]}},{"type":"Feature","properties":{"highway":"service","name":""},"geometry":{"type":"LineString","coordinates":[[-106.7336677,32.2936976],[-106.7336747,32.2935895]]}},{"type":"Feature","properties":{"highway":"service","name":""},"geometry":{"type":"LineString","coordinates":[[-106.7334164,32.2936754],[-106.7334334,32.2935784]]}},{"type":"Feature","properties":{"highway":"service","name":""},"geometry":{"type":"LineString","coordinates":[[-106.7327351,32.2934985],[-106.732762,32.293425]]}},{"type":"Feature","properties":{"highway":"service","name":""},"geometry":{"type":"LineString","coordinates":[[-106.7324591,32.2932725],[-106.7326124,32.293094],[-106.7327926,32.2928842],[-106.7330453,32.2926081],[-106.7332224,32.2922721],[-106.7336538,32.2922031],[-106.7339187,32.2933856],[-106.7337739,32.2933934],[-106.7334134,32.293353],[-106.7329929,32.2932501],[-106.7327772,32.2931746],[-106.7326124,32.293094]]}},{"type":"Feature","properties":{"highway":"service","name":""},"geometry":{"type":"LineString","coordinates":[[-106.7332224,32.2922721],[-106.7331993,32.2921732],[-106.7328881,32.2920364],[-106.7327972,32.2919518],[-106.7324561,32.2922198],[-106.7319238,32.292638],[-106.7317438,32.2927794]]}},{"type":"Feature","properties":{"highway":"service","name":""},"geometry":{"type":"LineString","coordinates":[[-106.7319238,32.292638],[-106.731212,32.2919518],[-106.7319546,32.2913736],[-106.7318144,32.2912377]]}},{"type":"Feature","properties":{"highway":"service","name":""},"geometry":{"type":"LineString","coordinates":[[-106.7319546,32.2913736],[-106.7321826,32.291608],[-106.7324368,32.2918411],[-106.7322349,32.292],[-106.7324561,32.2922198]]}},{"type":"Feature","properties":{"highway":"service","name":""},"geometry":{"type":"LineString","coordinates":[[-106.732754,32.2904909],[-106.73308,32.2917846],[-106.7328351,32.2918224],[-106.7327972,32.2919518]]}},{"type":"Feature","properties":{"highway":"service","name":""},"geometry":{"type":"LineString","coordinates":[[-106.7330949,32.2902391],[-106.7332174,32.2903562],[-106.7332455,32.2903824],[-106.7332797,32.290415],[-106.7341914,32.2902496],[-106.7343932,32.2902138]]}},{"type":"Feature","properties":{"highway":"service","name":""},"geometry":{"type":"LineString","coordinates":[[-106.7341914,32.2902496],[-106.7343675,32.2909139],[-106.7343749,32.2909418],[-106.7344089,32.2910702]]}},{"type":"Feature","properties":{"highway":"secondary","name":"South Telshor Boulevard"},"geometry":{"type":"LineString","coordinates":[[-106.7345936,32.2906773],[-106.734616,32.290573],[-106.7345163,32.2901351],[-106.7344188,32.2897553],[-106.7343857,32.2896262],[-106.7343742,32.2895763],[-106.734341,32.2894231]]}},{"type":"Feature","properties":{"highway":"secondary","name":""},"geometry":{"type":"LineString","coordinates":[[-106.7349333,32.2917095],[-106.7348272,32.2915748]]}},{"type":"Feature","properties":{"highway":"secondary","name":"South Telshor Boulevard"},"geometry":{"type":"LineString","coordinates":[[-106.7348272,32.2915748],[-106.734806,32.2917229],[-106.7348502,32.291895],[-106.7348768,32.2919997]]}},{"type":"Feature","properties":{"highway":"secondary","name":"South Telshor Boulevard"},"geometry":{"type":"LineString","coordinates":[[-106.7345936,32.2906773],[-106.7346492,32.2908909],[-106.7346832,32.2910217],[-106.7348017,32.2914771],[-106.7348123,32.2915178],[-106.7348272,32.2915748]]}},{"type":"Feature","properties":{"highway":"service","name":""},"geometry":{"type":"LineString","coordinates":[[-106.734711,32.2908795],[-106.7346492,32.2908909]]}},{"type":"Feature","properties":{"highway":"service","name":""},"geometry":{"type":"LineString","coordinates":[[-106.7344089,32.2910702],[-106.7346832,32.2910217]]}},{"type":"Feature","properties":{"highway":"service","name":""},"geometry":{"type":"LineString","coordinates":[[-106.7347997,32.2920102],[-106.7348768,32.2919997]]}},{"type":"Feature","properties":{"highway":"secondary","name":"South Telshor Boulevard"},"geometry":{"type":"LineString","coordinates":[[-106.7348768,32.2919997],[-106.7348998,32.2920899],[-106.7352434,32.2934349],[-106.7357136,32.2950772],[-106.7359733,32.2959918],[-106.7359936,32.2960805],[-106.7360682,32.2964075],[-106.7361062,32.2969834],[-106.7360642,32.2978282],[-106.7361951,32.2982936],[-106.7363328,32.2987824],[-106.7364456,32.2991806],[-106.7365831,32.2996824],[-106.7366403,32.299891],[-106.7366603,32.2999639],[-106.7366977,32.3000849],[-106.7367569,32.3002761],[-106.7369255,32.3008213],[-106.7370834,32.3013316],[-106.7372711,32.3019936],[-106.7375554,32.3029277],[-106.7375754,32.302994],[-106.7378054,32.3037575],[-106.7379494,32.3042353],[-106.7380052,32.3044208],[-106.7381088,32.3047626],[-106.7382153,32.3051131],[-106.7382307,32.3051685],[-106.738423,32.3058483],[-106.7385588,32.3063622],[-106.7388768,32.3072062],[-106.7390162,32.3075037],[-106.7392238,32.3079469],[-106.7394871,32.308406],[-106.7395581,32.3085298],[-106.739626,32.3086573],[-106.739858,32.309093],[-106.7402135,32.3097488],[-106.7402659,32.3098454],[-106.7403204,32.3099493],[-106.7405868,32.3104144],[-106.740683,32.3105845],[-106.7408223,32.3108308],[-106.7408579,32.3108921],[-106.7411314,32.3113566],[-106.7413195,32.3117153],[-106.7417565,32.3124599],[-106.7418283,32.3125822]]}},{"type":"Feature","properties":{"highway":"secondary_link","name":""},"geometry":{"type":"LineString","coordinates":[[-106.7348768,32.2919997],[-106.7350054,32.2919785]]}},{"type":"Feature","properties":{"highway":"service","name":""},"geometry":{"type":"LineString","coordinates":[[-106.7346492,32.2908909],[-106.7343749,32.2909418]]}},{"type":"Feature","properties":{"highway":"service","name":""},"geometry":{"type":"LineString","coordinates":[[-106.7343675,32.2909139],[-106.734045,32.290972],[-106.733999,32.2910109],[-106.7340415,32.2911575],[-106.734114,32.2911739],[-106.7344166,32.2911231]]}},{"type":"Feature","properties":{"highway":"service","name":""},"geometry":{"type":"LineString","coordinates":[[-106.7344166,32.2911231],[-106.73454,32.2915738],[-106.7346042,32.2918082],[-106.7333956,32.2920431],[-106.733231,32.2914507]]}},{"type":"Feature","properties":{"highway":"service","name":""},"geometry":{"type":"LineString","coordinates":[[-106.7331508,32.2911745],[-106.7329815,32.290592],[-106.7332455,32.2903824]]}},{"type":"Feature","properties":{"highway":"service","name":""},"geometry":{"type":"LineString","coordinates":[[-106.73454,32.2915738],[-106.7348123,32.2915178]]}},{"type":"Feature","properties":{"highway":"service","name":""},"geometry":{"type":"LineString","coordinates":[[-106.7368929,32.2925866],[-106.737719,32.2924426]]}},{"type":"Feature","properties":{"highway":"service","name":""},"geometry":{"type":"LineString","coordinates":[[-106.7368929,32.2925866],[-106.7364747,32.2926564],[-106.7364694,32.2928838],[-106.736342,32.2929062]]}},{"type":"Feature","properties":{"highway":"service","name":""},"geometry":{"type":"LineString","coordinates":[[-106.7375072,32.2893291],[-106.7375793,32.2891775],[-106.7373687,32.2890548],[-106.7370891,32.2888155],[-106.7374536,32.2883024],[-106.7377067,32.2883996],[-106.7379562,32.2885312],[-106.7382411,32.2887272],[-106.7384039,32.2888918],[-106.7382393,32.2890907],[-106.7379704,32.2892149],[-106.7378323,32.2892239],[-106.7375793,32.2891775]]}},{"type":"Feature","properties":{"highway":"service","name":""},"geometry":{"type":"LineString","coordinates":[[-106.7367924,32.2888342],[-106.736925,32.2887453],[-106.736978,32.2887085],[-106.7370891,32.2888155]]}},{"type":"Feature","properties":{"highway":"residential","name":""},"geometry":{"type":"LineString","coordinates":[[-106.7414602,32.2939156],[-106.7415322,32.2939014],[-106.7419303,32.2938228],[-106.7426,32.2936939],[-106.7430788,32.2936018]]}},{"type":"Feature","properties":{"highway":"service","name":""},"geometry":{"type":"LineString","coordinates":[[-106.7430788,32.2936018],[-106.7431265,32.2937679],[-106.7433194,32.2937335]]}},{"type":"Feature","properties":{"highway":"service","name":""},"geometry":{"type":"LineString","coordinates":[[-106.7426,32.2936939],[-106.7426948,32.2940506]]}},{"type":"Feature","properties":{"highway":"service","name":""},"geometry":{"type":"LineString","coordinates":[[-106.7426,32.2936939],[-106.7425036,32.2933371]]}},{"type":"Feature","properties":{"highway":"service","name":""},"geometry":{"type":"LineString","coordinates":[[-106.7420241,32.2941852],[-106.7419303,32.2938228],[-106.741845,32.2934688]]}},{"type":"Feature","properties":{"highway":"service","name":""},"geometry":{"type":"LineString","coordinates":[[-106.7411409,32.2929218],[-106.7411993,32.2929091],[-106.7413495,32.2928764],[-106.7412072,32.2924176],[-106.7416501,32.2923344],[-106.7421008,32.2922496],[-106.7425446,32.2921662],[-106.7429716,32.292086],[-106.7431952,32.2929915],[-106.7427642,32.2930739],[-106.7423333,32.2931562],[-106.7418874,32.2932414],[-106.7414593,32.2933232],[-106.7413495,32.2928764]]}},{"type":"Feature","properties":{"highway":"service","name":""},"geometry":{"type":"LineString","coordinates":[[-106.7427642,32.2930739],[-106.7426789,32.2927303]]}},{"type":"Feature","properties":{"highway":"service","name":""},"geometry":{"type":"LineString","coordinates":[[-106.7423333,32.2931562],[-106.7422358,32.292818]]}},{"type":"Feature","properties":{"highway":"service","name":""},"geometry":{"type":"LineString","coordinates":[[-106.7418874,32.2932414],[-106.7417926,32.2929039]]}},{"type":"Feature","properties":{"highway":"service","name":""},"geometry":{"type":"LineString","coordinates":[[-106.7416501,32.2923344],[-106.7417621,32.2926857]]}},{"type":"Feature","properties":{"highway":"service","name":""},"geometry":{"type":"LineString","coordinates":[[-106.7421008,32.2922496],[-106.742189,32.292598]]}},{"type":"Feature","properties":{"highway":"service","name":""},"geometry":{"type":"LineString","coordinates":[[-106.7425446,32.2921662],[-106.7426301,32.2925207]]}},{"type":"Feature","properties":{"highway":"service","name":""},"geometry":{"type":"LineString","coordinates":[[-106.7407019,32.2915758],[-106.7407601,32.2915628],[-106.7408798,32.2915362],[-106.7411152,32.2914933],[-106.7412803,32.2914632],[-106.7412233,32.2911937]]}},{"type":"Feature","properties":{"highway":"service","name":""},"geometry":{"type":"LineString","coordinates":[[-106.7411152,32.2914933],[-106.7416207,32.2919581],[-106.7416516,32.2921821],[-106.7415114,32.2921704],[-106.7413743,32.2920467]]}},{"type":"Feature","properties":{"highway":"service","name":""},"geometry":{"type":"LineString","coordinates":[[-106.7416207,32.2919581],[-106.7416777,32.2919516],[-106.7419088,32.2917758],[-106.7428085,32.2916039],[-106.7428778,32.2915166],[-106.7427946,32.2911846],[-106.7428746,32.2911734]]}},{"type":"Feature","properties":{"highway":"service","name":""},"geometry":{"type":"LineString","coordinates":[[-106.7427946,32.2911846],[-106.7422877,32.2912638],[-106.7421029,32.2912926]]}},{"type":"Feature","properties":{"highway":"service","name":""},"geometry":{"type":"LineString","coordinates":[[-106.7422877,32.2912638],[-106.7422631,32.2909853]]}},{"type":"Feature","properties":{"highway":"service","name":""},"geometry":{"type":"LineString","coordinates":[[-106.7432395,32.2910345],[-106.7433076,32.2912458],[-106.7429687,32.2913213]]}},{"type":"Feature","properties":{"highway":"service","name":""},"geometry":{"type":"LineString","coordinates":[[-106.7433076,32.2912458],[-106.7433646,32.2914242],[-106.7429995,32.2914867]]}},{"type":"Feature","properties":{"highway":"service","name":""},"geometry":{"type":"LineString","coordinates":[[-106.7433646,32.2914242],[-106.7434571,32.2917328],[-106.7434201,32.2921027],[-106.7434293,32.2922355],[-106.7434725,32.2924165]]}},{"type":"Feature","properties":{"highway":"service","name":""},"geometry":{"type":"LineString","coordinates":[[-106.7440503,32.2880855],[-106.7442537,32.2888069],[-106.7440249,32.2888464],[-106.7438219,32.2881285]]}},{"type":"Feature","properties":{"highway":"residential","name":"Wisconsin Avenue"},"geometry":{"type":"LineString","coordinates":[[-106.7406795,32.2887199],[-106.7402699,32.2888088],[-106.7399621,32.2888616],[-106.7398972,32.2888728]]}},{"type":"Feature","properties":{"highway":"residential","name":"Wisconsin Avenue"},"geometry":{"type":"LineString","coordinates":[[-106.7430954,32.2882652],[-106.7426342,32.288357],[-106.7409356,32.2886717],[-106.7406795,32.2887199]]}},{"type":"Feature","properties":{"highway":"service","name":""},"geometry":{"type":"LineString","coordinates":[[-106.7411142,32.2870063],[-106.7415155,32.2869196]]}},{"type":"Feature","properties":{"highway":"service","name":""},"geometry":{"type":"LineString","coordinates":[[-106.7411142,32.2870063],[-106.7411376,32.2871013],[-106.7411627,32.2871919],[-106.7411878,32.2872976],[-106.7412206,32.28739],[-106.741289,32.2876581],[-106.7416957,32.2875851]]}},{"type":"Feature","properties":{"highway":"service","name":""},"geometry":{"type":"LineString","coordinates":[[-106.7411878,32.2872976],[-106.7412425,32.2872566],[-106.7412668,32.2872019]]}},{"type":"Feature","properties":{"highway":"service","name":""},"geometry":{"type":"LineString","coordinates":[[-106.7409755,32.2874414],[-106.7406774,32.2874953],[-106.7406024,32.2874856],[-106.7405039,32.2875071],[-106.7404291,32.2875539],[-106.7403032,32.2875748],[-106.7401983,32.2877779],[-106.7402322,32.287925]]}},{"type":"Feature","properties":{"highway":"service","name":""},"geometry":{"type":"LineString","coordinates":[[-106.7409755,32.2874414],[-106.7410641,32.287774]]}},{"type":"Feature","properties":{"highway":"service","name":""},"geometry":{"type":"LineString","coordinates":[[-106.7409755,32.2874414],[-106.7409289,32.2872433],[-106.7405071,32.2873273],[-106.7403032,32.2875748]]}},{"type":"Feature","properties":{"highway":"service","name":""},"geometry":{"type":"LineString","coordinates":[[-106.7399178,32.2883194],[-106.739976,32.2883331],[-106.740035,32.288347],[-106.7401167,32.2886543],[-106.7403123,32.2886192],[-106.7402338,32.288304],[-106.740035,32.288347]]}},{"type":"Feature","properties":{"highway":"service","name":""},"geometry":{"type":"LineString","coordinates":[[-106.7402699,32.2888088],[-106.7403139,32.2889643],[-106.740129,32.2890073]]}},{"type":"Feature","properties":{"highway":"service","name":""},"geometry":{"type":"LineString","coordinates":[[-106.7403139,32.2889643],[-106.7405973,32.2889213]]}},{"type":"Feature","properties":{"highway":"service","name":""},"geometry":{"type":"LineString","coordinates":[[-106.7400946,32.2897075],[-106.7401476,32.289694],[-106.7402929,32.289657],[-106.7404122,32.2899631],[-106.7407944,32.2898758],[-106.7406174,32.2892273],[-106.7404645,32.2891581],[-106.7401722,32.2892296],[-106.7402929,32.289657]]}},{"type":"Feature","properties":{"highway":"service","name":""},"geometry":{"type":"LineString","coordinates":[[-106.740307,32.2903621],[-106.7403632,32.2903517],[-106.740932,32.2902464],[-106.7410968,32.2907504],[-106.7405318,32.2908646],[-106.7404744,32.2908762]]}},{"type":"Feature","properties":{"highway":"service","name":""},"geometry":{"type":"LineString","coordinates":[[-106.7483373,32.2857002],[-106.7483503,32.2857495],[-106.748407,32.2859648],[-106.7486407,32.2863463],[-106.7487268,32.2863312],[-106.7489192,32.2862973],[-106.7487551,32.2856565],[-106.7487295,32.2855566]]}},{"type":"Feature","properties":{"highway":"service","name":""},"geometry":{"type":"LineString","coordinates":[[-106.7487268,32.2863312],[-106.748593,32.2858763]]}},{"type":"Feature","properties":{"highway":"service","name":""},"geometry":{"type":"LineString","coordinates":[[-106.7491083,32.2854665],[-106.7491348,32.2855646],[-106.7492043,32.2858219]]}},{"type":"Feature","properties":{"highway":"service","name":""},"geometry":{"type":"LineString","coordinates":[[-106.7492043,32.2858219],[-106.749118,32.2859352],[-106.7492166,32.2863311]]}},{"type":"Feature","properties":{"highway":"service","name":""},"geometry":{"type":"LineString","coordinates":[[-106.7492166,32.2863311],[-106.7492933,32.2863179],[-106.7497712,32.286236],[-106.7498482,32.2862959],[-106.7499963,32.2862692],[-106.750047,32.28626],[-106.7500708,32.2862557],[-106.7501566,32.2862402]]}},{"type":"Feature","properties":{"highway":"service","name":""},"geometry":{"type":"LineString","coordinates":[[-106.7497712,32.286236],[-106.7496819,32.2858518],[-106.7498559,32.2857932],[-106.7499099,32.2858831],[-106.750057,32.2858651]]}},{"type":"Feature","properties":{"highway":"service","name":""},"geometry":{"type":"LineString","coordinates":[[-106.7499963,32.2862692],[-106.7499099,32.2858831]]}},{"type":"Feature","properties":{"highway":"service","name":""},"geometry":{"type":"LineString","coordinates":[[-106.7492933,32.2863179],[-106.7494369,32.2868572],[-106.7494985,32.2870786],[-106.750218,32.2869354],[-106.750047,32.28626]]}},{"type":"Feature","properties":{"highway":"service","name":""},"geometry":{"type":"LineString","coordinates":[[-106.750218,32.2869354],[-106.7503211,32.2869194]]}},{"type":"Feature","properties":{"highway":"service","name":""},"geometry":{"type":"LineString","coordinates":[[-106.7567913,32.2846867],[-106.7566978,32.2847053],[-106.7562114,32.2848022],[-106.7561729,32.2848934],[-106.7560851,32.2849377],[-106.7561301,32.2850863],[-106.7561632,32.2851892],[-106.7561755,32.2852277]]}},{"type":"Feature","properties":{"highway":"service","name":""},"geometry":{"type":"LineString","coordinates":[[-106.7560851,32.2849377],[-106.7559849,32.2849207],[-106.7555936,32.2850041],[-106.7556522,32.2851773],[-106.7561301,32.2850863]]}},{"type":"Feature","properties":{"highway":"service","name":""},"geometry":{"type":"LineString","coordinates":[[-106.7562114,32.2848022],[-106.7561251,32.2847697],[-106.755355,32.2849115],[-106.7553117,32.2849194]]}},{"type":"Feature","properties":{"highway":"service","name":""},"geometry":{"type":"LineString","coordinates":[[-106.7554704,32.2853699],[-106.7554592,32.2853254],[-106.755355,32.2849115]]}},{"type":"Feature","properties":{"highway":"service","name":""},"geometry":{"type":"LineString","coordinates":[[-106.7553117,32.2849194],[-106.7552147,32.2848986],[-106.755036,32.2849259],[-106.7550129,32.2848361],[-106.7549567,32.2848459],[-106.754907,32.2848545]]}},{"type":"Feature","properties":{"highway":"service","name":""},"geometry":{"type":"LineString","coordinates":[[-106.7550129,32.2848361],[-106.7550051,32.2847514],[-106.7552809,32.2846967],[-106.7553086,32.2846459],[-106.7553972,32.2846291],[-106.7557615,32.28456],[-106.7557293,32.2844276],[-106.75572,32.2843894],[-106.7554564,32.2844371],[-106.7554214,32.2843278],[-106.755393,32.2842391]]}},{"type":"Feature","properties":{"highway":"service","name":""},"geometry":{"type":"LineString","coordinates":[[-106.7554564,32.2844371],[-106.7553528,32.2844566],[-106.7553972,32.2846291]]}},{"type":"Feature","properties":{"highway":"service","name":""},"geometry":{"type":"LineString","coordinates":[[-106.7557293,32.2844276],[-106.7563485,32.2842943]]}},{"type":"Feature","properties":{"highway":"service","name":""},"geometry":{"type":"LineString","coordinates":[[-106.7524146,32.2860605],[-106.7523759,32.2859171],[-106.7523326,32.2857565],[-106.7517049,32.2858774],[-106.7515456,32.2859082]]}},{"type":"Feature","properties":{"highway":"service","name":""},"geometry":{"type":"LineString","coordinates":[[-106.7523759,32.2859171],[-106.7517498,32.2860403],[-106.7517049,32.2858774]]}},{"type":"Feature","properties":{"highway":"service","name":""},"geometry":{"type":"LineString","coordinates":[[-106.7514611,32.2856123],[-106.7516837,32.2856049],[-106.7520565,32.2855312]]}},{"type":"Feature","properties":{"highway":"service","name":""},"geometry":{"type":"LineString","coordinates":[[-106.754295,32.2856019],[-106.7542802,32.2855468],[-106.7541481,32.285056],[-106.754025,32.2845982],[-106.7540002,32.284506]]}},{"type":"Feature","properties":{"highway":"service","name":""},"geometry":{"type":"LineString","coordinates":[[-106.7529154,32.2852785],[-106.7529982,32.2852636],[-106.7541481,32.285056]]}},{"type":"Feature","properties":{"highway":"service","name":""},"geometry":{"type":"LineString","coordinates":[[-106.754295,32.2856019],[-106.7544312,32.286135],[-106.7545627,32.2865856],[-106.75459,32.2866793]]}},{"type":"Feature","properties":{"highway":"service","name":""},"geometry":{"type":"LineString","coordinates":[[-106.7552,32.2859947],[-106.7544312,32.286135],[-106.7537864,32.286259]]}},{"type":"Feature","properties":{"highway":"service","name":""},"geometry":{"type":"LineString","coordinates":[[-106.7537864,32.286259],[-106.7532791,32.2863516],[-106.7532047,32.2863652]]}},{"type":"Feature","properties":{"highway":"service","name":""},"geometry":{"type":"LineString","coordinates":[[-106.7532176,32.2864139],[-106.7517502,32.2866987]]}},{"type":"Feature","properties":{"highway":"service","name":""},"geometry":{"type":"LineString","coordinates":[[-106.7517365,32.2866435],[-106.7503211,32.2869194]]}},{"type":"Feature","properties":{"highway":"service","name":""},"geometry":{"type":"LineString","coordinates":[[-106.7562069,32.2871504],[-106.7561708,32.2870162],[-106.7553569,32.2871638]]}},{"type":"Feature","properties":{"highway":"service","name":""},"geometry":{"type":"LineString","coordinates":[[-106.7553214,32.286723],[-106.7560611,32.2865808]]}},{"type":"Feature","properties":{"highway":"service","name":""},"geometry":{"type":"LineString","coordinates":[[-106.756989,32.2885644],[-106.7567427,32.2881373],[-106.7565676,32.2878373],[-106.7565449,32.2877715],[-106.7565989,32.2877413]]}},{"type":"Feature","properties":{"highway":"service","name":""},"geometry":{"type":"LineString","coordinates":[[-106.7555855,32.288971],[-106.7547469,32.287819],[-106.7544773,32.2874791]]}},{"type":"Feature","properties":{"highway":"service","name":""},"geometry":{"type":"LineString","coordinates":[[-106.7567427,32.2881373],[-106.7557928,32.288309]]}},{"type":"Feature","properties":{"highway":"service","name":""},"geometry":{"type":"LineString","coordinates":[[-106.7555855,32.288971],[-106.7560802,32.2896752]]}},{"type":"Feature","properties":{"highway":"service","name":""},"geometry":{"type":"LineString","coordinates":[[-106.7565936,32.2894374],[-106.7565355,32.2895085],[-106.7560802,32.2896752],[-106.7558078,32.2898539],[-106.7557093,32.2898944]]}},{"type":"Feature","properties":{"highway":"service","name":""},"geometry":{"type":"LineString","coordinates":[[-106.756989,32.2885644],[-106.7572809,32.2890327],[-106.7575418,32.2889888]]}},{"type":"Feature","properties":{"highway":"service","name":""},"geometry":{"type":"LineString","coordinates":[[-106.7524254,32.2894601],[-106.7528681,32.2893743],[-106.7533145,32.2892877],[-106.7533514,32.289283]]}},{"type":"Feature","properties":{"highway":"service","name":""},"geometry":{"type":"LineString","coordinates":[[-106.7528681,32.2893743],[-106.7534338,32.2901561]]}},{"type":"Feature","properties":{"highway":"service","name":""},"geometry":{"type":"LineString","coordinates":[[-106.7513996,32.2885643],[-106.7499078,32.2888158]]}},{"type":"Feature","properties":{"highway":"service","name":""},"geometry":{"type":"LineString","coordinates":[[-106.7528389,32.2882893],[-106.7521881,32.2884032],[-106.752119,32.2884341],[-106.7513996,32.2885643]]}},{"type":"Feature","properties":{"highway":"service","name":""},"geometry":{"type":"LineString","coordinates":[[-106.74204,32.2693381],[-106.7420821,32.2694382],[-106.742482,32.2697794],[-106.7421936,32.2700278],[-106.7416663,32.2695729],[-106.7416096,32.2695086],[-106.7415937,32.2694337],[-106.7416124,32.2693455]]}},{"type":"Feature","properties":{"highway":"service","name":""},"geometry":{"type":"LineString","coordinates":[[-106.7431886,32.2697228],[-106.7428804,32.2700132],[-106.7433317,32.2704033],[-106.7433215,32.2705615],[-106.7433785,32.2709207]]}},{"type":"Feature","properties":{"highway":"service","name":""},"geometry":{"type":"LineString","coordinates":[[-106.743471,32.2703],[-106.7434427,32.2704253],[-106.7434684,32.270522],[-106.7435314,32.2705951],[-106.7435524,32.2706306],[-106.7435659,32.270706],[-106.7436108,32.2709583],[-106.7437579,32.270751],[-106.7435659,32.270706]]}},{"type":"Feature","properties":{"highway":"cycleway","name":"Triviz Path"},"geometry":{"type":"LineString","coordinates":[[-106.7508755,32.3202214],[-106.7508525,32.3201918],[-106.7507737,32.3200188],[-106.7507099,32.3198918],[-106.7505869,32.3197146],[-106.7503802,32.3194218],[-106.749969,32.3188406],[-106.7498211,32.3185533],[-106.7495501,32.3182276],[-106.7494814,32.3180666],[-106.7493918,32.3179086],[-106.7492247,32.317595],[-106.7489996,32.317154],[-106.7487864,32.3167048],[-106.748691,32.316387],[-106.7485876,32.316065],[-106.7485334,32.315887],[-106.7484811,32.3156543],[-106.7484567,32.315313],[-106.7484498,32.3149669],[-106.7484368,32.3142778],[-106.7484178,32.314125],[-106.7483684,32.3139046],[-106.7482938,32.313694],[-106.7482043,32.313415],[-106.7481333,32.3132756],[-106.7480516,32.3131508],[-106.747901,32.312907],[-106.7477356,32.3126749],[-106.7475894,32.3124353],[-106.7472843,32.3119378],[-106.7472409,32.3118238],[-106.7471622,32.311709],[-106.7470874,32.3116158],[-106.7470234,32.3115106],[-106.7467699,32.3107972],[-106.7465328,32.3100635],[-106.7464692,32.3098196],[-106.7464362,32.3095779],[-106.7463181,32.3092049],[-106.7462595,32.3090583],[-106.7461739,32.3088986],[-106.746091,32.3086797],[-106.7456615,32.3073569],[-106.7452294,32.3060253],[-106.7451733,32.3056773],[-106.7451191,32.3055157],[-106.7450571,32.3053676],[-106.7449288,32.3050918],[-106.7447559,32.3045564],[-106.7447312,32.3044041],[-106.744685,32.3042968],[-106.7445032,32.303781],[-106.7444546,32.3035654],[-106.7444128,32.3033457],[-106.7441071,32.3023814],[-106.7437918,32.3014235],[-106.743735,32.3012382],[-106.7436789,32.3010901],[-106.7435657,32.3008438],[-106.743455,32.3005283],[-106.7433759,32.3002771],[-106.7433141,32.3000244],[-106.7432852,32.2998719],[-106.7432368,32.299719],[-106.7431315,32.2994062],[-106.7429378,32.2988035],[-106.7428744,32.2986461],[-106.7428282,32.2985323],[-106.742792,32.2984433],[-106.7426699,32.2980563],[-106.7425732,32.2977209],[-106.742539,32.2976012],[-106.7424792,32.2973452],[-106.7423963,32.2970745],[-106.7422929,32.2967966],[-106.7421123,32.2962549],[-106.7417628,32.2951698],[-106.7414911,32.2943327],[-106.7413966,32.2939973],[-106.7412769,32.2936563],[-106.7406374,32.2916926],[-106.73988,32.2893646],[-106.7398334,32.2891368],[-106.7398002,32.2889143],[-106.739795,32.2888734],[-106.7397914,32.28882],[-106.7397963,32.2886655],[-106.7398019,32.2885147],[-106.73981,32.2883167],[-106.7398471,32.2881939],[-106.7399047,32.2879761],[-106.7399496,32.2878458],[-106.7399837,32.2877467],[-106.7399947,32.2877103],[-106.7400025,32.2876708],[-106.7400014,32.2876288],[-106.739994,32.287587],[-106.7399765,32.2875452],[-106.7399361,32.2874899],[-106.7398743,32.2874302],[-106.7398499,32.2873922],[-106.7398394,32.2873562],[-106.7398362,32.2873089],[-106.7398414,32.2872552],[-106.7398453,32.2871521]]}},{"type":"Feature","properties":{"highway":"service","name":""},"geometry":{"type":"LineString","coordinates":[[-106.7365549,32.2908489],[-106.7372477,32.2907166]]}},{"type":"Feature","properties":{"highway":"service","name":""},"geometry":{"type":"LineString","coordinates":[[-106.7430788,32.2936018],[-106.7430345,32.2934298],[-106.7431779,32.2934029]]}},{"type":"Feature","properties":{"highway":"tertiary","name":"Terrace Drive"},"geometry":{"type":"LineString","coordinates":[[-106.7394926,32.2926047],[-106.7392981,32.2926423],[-106.7387734,32.2927449],[-106.7387219,32.292755],[-106.7380165,32.2928928],[-106.7377875,32.2929376],[-106.7374732,32.292999],[-106.7369706,32.2930973],[-106.7366521,32.2931595],[-106.7358976,32.293307],[-106.7354505,32.2933944],[-106.7353881,32.2934066],[-106.7352434,32.2934349],[-106.7351573,32.2934493],[-106.7346952,32.2935268],[-106.7344628,32.2935678],[-106.7341724,32.2936024],[-106.7340579,32.2936073],[-106.7340449,32.2936067],[-106.7336747,32.2935895],[-106.7334334,32.2935784],[-106.733361,32.293575],[-106.7328079,32.2934481],[-106.732762,32.293425],[-106.7324591,32.2932725],[-106.7322232,32.2931538],[-106.7320956,32.2930554],[-106.7317637,32.2927993],[-106.7317438,32.2927794],[-106.7308968,32.2919348]]}},{"type":"Feature","properties":{"highway":"service","name":""},"geometry":{"type":"LineString","coordinates":[[-106.7366427,32.2911579],[-106.7373353,32.2910129]]}},{"type":"Feature","properties":{"highway":"primary","name":"South Valley Drive"},"geometry":{"type":"LineString","coordinates":[[-106.7719655,32.2837544],[-106.7717644,32.283672],[-106.7707618,32.2833074],[-106.7701814,32.2830866],[-106.7699573,32.2829854],[-106.7696601,32.2828376],[-106.7693205,32.2826644],[-106.7689758,32.2824735],[-106.7687275,32.2823296],[-106.7685231,32.2822008],[-106.7683215,32.2820582],[-106.7682333,32.2819919],[-106.7681886,32.2819583],[-106.7681199,32.2819026],[-106.7679847,32.2818142]]}},{"type":"Feature","properties":{"highway":"primary","name":"South Valley Drive"},"geometry":{"type":"LineString","coordinates":[[-106.7718702,32.2838584],[-106.7720772,32.2839294],[-106.772412,32.2840516],[-106.7728522,32.2842113],[-106.7732394,32.2843505],[-106.7749142,32.2849525],[-106.7755419,32.2851813],[-106.7762751,32.2854485],[-106.7767319,32.285615],[-106.777214,32.2857907],[-106.7773159,32.2858275],[-106.7780834,32.2861033],[-106.7785819,32.2862825],[-106.7788799,32.2864],[-106.7790709,32.2864799],[-106.7792495,32.2865634],[-106.7794553,32.2866607],[-106.7796568,32.2867667],[-106.7798408,32.286863],[-106.7800409,32.2869707],[-106.7801914,32.287061],[-106.7803444,32.287153],[-106.7806535,32.2873571],[-106.7808132,32.2874695],[-106.7809271,32.2875493],[-106.7811953,32.2877602],[-106.7812861,32.2878336],[-106.7813325,32.2878706],[-106.7814748,32.2879911],[-106.7816151,32.2881207],[-106.7816933,32.2881947],[-106.7817159,32.2882165],[-106.7818207,32.2883172]]}},{"type":"Feature","properties":{"highway":"service","name":""},"geometry":{"type":"LineString","coordinates":[[-106.7382849,32.2736177],[-106.7383759,32.2735995],[-106.7385947,32.2735556],[-106.7387989,32.2735147],[-106.739022,32.27347],[-106.73922,32.2734292],[-106.7398264,32.2733087],[-106.7399371,32.2732927],[-106.7400239,32.2732921],[-106.7401093,32.2733025],[-106.7401956,32.2733305],[-106.7402727,32.2733714],[-106.7403426,32.2734221],[-106.7403894,32.2734829],[-106.7404222,32.2735491],[-106.7405332,32.2739784],[-106.7405442,32.2740485],[-106.740537,32.2741093],[-106.7405237,32.2741776],[-106.7404922,32.2742423],[-106.7404472,32.2743088],[-106.7404011,32.2743577],[-106.7403459,32.2744005],[-106.7402891,32.2744335],[-106.7402403,32.2744566],[-106.7401648,32.2744766],[-106.7386809,32.2748017],[-106.7386012,32.2748191]]}},{"type":"Feature","properties":{"highway":"secondary_link","name":""},"geometry":{"type":"LineString","coordinates":[[-106.7339018,32.2897303],[-106.7340278,32.2897046],[-106.7341294,32.2897028],[-106.7342156,32.2897401],[-106.7342729,32.2897934]]}},{"type":"Feature","properties":{"highway":"service","name":""},"geometry":{"type":"LineString","coordinates":[[-106.7568729,32.274171],[-106.756742,32.2740295],[-106.7566095,32.2737382],[-106.7565145,32.2734954],[-106.7564195,32.2731573],[-106.756404,32.2730919]]}},{"type":"Feature","properties":{"highway":"residential","name":"Quail Run Avenue"},"geometry":{"type":"LineString","coordinates":[[-106.735081,32.2771246],[-106.7344067,32.2772883],[-106.7343793,32.2772976],[-106.7343536,32.2773108],[-106.7343323,32.2773289],[-106.7343163,32.2773461]]}},{"type":"Feature","properties":{"highway":"residential","name":"Quail Run Avenue"},"geometry":{"type":"LineString","coordinates":[[-106.7343163,32.2773461],[-106.7334129,32.2775584],[-106.7333551,32.2775732],[-106.733302,32.2775881],[-106.7332419,32.2776094],[-106.7331883,32.2776321],[-106.7331365,32.2776575],[-106.733087,32.2776855],[-106.7330377,32.2777173],[-106.7329899,32.277753],[-106.732946,32.2777881],[-106.7329073,32.2778259],[-106.7328685,32.2778663],[-106.7328359,32.2779061],[-106.7328049,32.2779471],[-106.7325447,32.2783225],[-106.7322105,32.2788112],[-106.7320349,32.2790627],[-106.7319992,32.279112],[-106.7319601,32.2791634],[-106.7319155,32.2792139],[-106.7318799,32.2792506],[-106.7318369,32.2792924],[-106.731785,32.2793384],[-106.7317265,32.2793851],[-106.7316633,32.2794334],[-106.7316008,32.2794771],[-106.7315396,32.2795177],[-106.7314754,32.2795531],[-106.7314077,32.2795868],[-106.7313438,32.2796125],[-106.7312777,32.2796348],[-106.73121,32.2796523],[-106.7311465,32.2796658],[-106.7310824,32.2796771],[-106.7310176,32.2796852],[-106.730946,32.2796906],[-106.7308809,32.279692],[-106.7308174,32.2796901],[-106.7307399,32.2796862],[-106.7305308,32.2796689],[-106.730435,32.2796623],[-106.7303432,32.2796579],[-106.7302569,32.2796563],[-106.7301836,32.2796566],[-106.7301123,32.2796586],[-106.7300366,32.2796622],[-106.7299676,32.2796664],[-106.7299087,32.2796714],[-106.7298498,32.2796776],[-106.7297892,32.2796844],[-106.7297233,32.2796936],[-106.7296485,32.2797051],[-106.729575,32.2797178],[-106.7294969,32.2797321],[-106.729423,32.2797469],[-106.7293552,32.2797628],[-106.729294,32.2797794],[-106.729181,32.2798121],[-106.7291141,32.2798317],[-106.7289934,32.279869],[-106.728866,32.2799104],[-106.7287432,32.2799505],[-106.7285997,32.2799978],[-106.7284593,32.2800439],[-106.7283582,32.2800775],[-106.7282699,32.280108],[-106.7281822,32.2801396],[-106.7281054,32.2801683],[-106.7280495,32.2801908],[-106.7279823,32.2802198],[-106.7279182,32.28025],[-106.7278594,32.2802795],[-106.7277288,32.2803444],[-106.7276512,32.2803845],[-106.7275973,32.2804114],[-106.7275479,32.2804342],[-106.7274999,32.2804544],[-106.7274583,32.2804716],[-106.7274043,32.2804912],[-106.7273554,32.2805072],[-106.7273124,32.2805197],[-106.727267,32.2805316],[-106.7272236,32.2805397],[-106.727178,32.2805473],[-106.7271229,32.2805546],[-106.727075,32.2805591],[-106.7270256,32.2805624],[-106.7269395,32.2805666],[-106.7268437,32.2805703],[-106.72676,32.2805725],[-106.7266339,32.280574],[-106.726527,32.2805758],[-106.7264864,32.2805774],[-106.7264211,32.2805801],[-106.7263205,32.2805866],[-106.7262325,32.2805938],[-106.7261421,32.2806032],[-106.7261246,32.2806054],[-106.7260503,32.2806151],[-106.7259582,32.2806303],[-106.7258153,32.2806559],[-106.7257625,32.2806655],[-106.7255481,32.2807063],[-106.7253133,32.2807523],[-106.7252407,32.2807668],[-106.7251727,32.2807824],[-106.7251043,32.2808002],[-106.7250432,32.2808176],[-106.7249831,32.2808376],[-106.72493,32.2808575],[-106.7248793,32.2808804],[-106.7248275,32.2809052],[-106.7247768,32.2809326],[-106.7247324,32.280959],[-106.724687,32.2809877],[-106.7243526,32.2812015],[-106.7243191,32.2812246],[-106.7242855,32.2812456],[-106.7242502,32.2812662],[-106.7242161,32.2812847],[-106.7241776,32.2813032],[-106.7241379,32.2813198],[-106.7240991,32.2813335],[-106.7240597,32.2813453],[-106.7240058,32.2813609],[-106.7239543,32.2813742],[-106.7238979,32.2813882],[-106.7238415,32.2814009],[-106.7237777,32.2814136],[-106.7237113,32.2814246],[-106.7236483,32.2814327],[-106.7235715,32.2814419],[-106.7234965,32.2814505],[-106.72342,32.2814605],[-106.7233455,32.28147],[-106.723284,32.2814793],[-106.7232166,32.2814912],[-106.7231547,32.2815054],[-106.7230918,32.2815216],[-106.7230319,32.2815384],[-106.7229733,32.2815563],[-106.7228985,32.2815828],[-106.7228002,32.2816186],[-106.7226887,32.2816614],[-106.7225787,32.2817053],[-106.7224098,32.2817731],[-106.7223147,32.2818093],[-106.7221539,32.28187],[-106.7220142,32.2819193],[-106.7218134,32.2819908],[-106.7216249,32.2820558]]}},{"type":"Feature","properties":{"highway":"tertiary","name":"Stern Drive"},"geometry":{"type":"LineString","coordinates":[[-106.7455509,32.268666],[-106.7460094,32.2689007]]}},{"type":"Feature","properties":{"highway":"tertiary","name":"Stern Drive"},"geometry":{"type":"LineString","coordinates":[[-106.7460094,32.2689007],[-106.7466739,32.2692462],[-106.7478282,32.2698339],[-106.7493662,32.2705655],[-106.7510969,32.271494],[-106.7533916,32.2726161],[-106.7535534,32.2726947],[-106.7546025,32.2732251],[-106.756162,32.2740169],[-106.7567647,32.2743224],[-106.7578326,32.2748706],[-106.7583531,32.2751378],[-106.760059,32.2757683],[-106.7604388,32.2759603],[-106.7611958,32.2763324],[-106.7620069,32.2767932],[-106.7621017,32.2768418]]}},{"type":"Feature","properties":{"highway":"secondary_link","name":""},"geometry":{"type":"LineString","coordinates":[[-106.7711501,32.283591],[-106.7714097,32.2837391],[-106.7714818,32.2837831],[-106.7716926,32.2839103],[-106.7718267,32.284001],[-106.7719405,32.284086],[-106.7721045,32.284228]]}},{"type":"Feature","properties":{"highway":"service","name":""},"geometry":{"type":"LineString","coordinates":[[-106.748027,32.2728875],[-106.7473792,32.272964]]}},{"type":"Feature","properties":{"highway":"service","name":""},"geometry":{"type":"LineString","coordinates":[[-106.7473449,32.2727654],[-106.7479903,32.2726892]]}},{"type":"Feature","properties":{"highway":"service","name":""},"geometry":{"type":"LineString","coordinates":[[-106.7471479,32.27184],[-106.7472205,32.272168]]}},{"type":"Feature","properties":{"highway":"service","name":""},"geometry":{"type":"LineString","coordinates":[[-106.7473649,32.2728776],[-106.7470556,32.2729199]]}},{"type":"Feature","properties":{"highway":"service","name":""},"geometry":{"type":"LineString","coordinates":[[-106.7473827,32.2717969],[-106.7474737,32.2721226]]}},{"type":"Feature","properties":{"highway":"service","name":""},"geometry":{"type":"LineString","coordinates":[[-106.7473831,32.2724466],[-106.7473448,32.2722614],[-106.7473468,32.2721464]]}},{"type":"Feature","properties":{"highway":"service","name":""},"geometry":{"type":"LineString","coordinates":[[-106.7473792,32.272964],[-106.7473649,32.2728776],[-106.7473449,32.2727654]]}},{"type":"Feature","properties":{"highway":"service","name":""},"geometry":{"type":"LineString","coordinates":[[-106.7474737,32.2721226],[-106.7473468,32.2721464],[-106.7472205,32.272168]]}},{"type":"Feature","properties":{"highway":"service","name":""},"geometry":{"type":"LineString","coordinates":[[-106.7473468,32.2721464],[-106.7474089,32.2722487],[-106.7474496,32.2724329]]}},{"type":"Feature","properties":{"highway":"service","name":""},"geometry":{"type":"LineString","coordinates":[[-106.7490131,32.2730587],[-106.7490247,32.2729881],[-106.7490334,32.2729518],[-106.7490508,32.2729149],[-106.7490996,32.2728421],[-106.7491381,32.2727901]]}},{"type":"Feature","properties":{"highway":"service","name":""},"geometry":{"type":"LineString","coordinates":[[-106.7483404,32.2731267],[-106.7482732,32.2728557],[-106.7482723,32.272818],[-106.7482843,32.2727731],[-106.7483718,32.2726638]]}},{"type":"Feature","properties":{"highway":"service","name":""},"geometry":{"type":"LineString","coordinates":[[-106.7625582,32.2855119],[-106.7624382,32.2854842],[-106.7624273,32.2854869],[-106.7622261,32.2855369],[-106.7618609,32.2856084],[-106.7618805,32.2856819],[-106.7622496,32.2856075],[-106.7624544,32.2855661],[-106.7625582,32.2855119]]}},{"type":"Feature","properties":{"highway":"footway","name":""},"geometry":{"type":"LineString","coordinates":[[-106.7618805,32.2856819],[-106.7617229,32.2857026],[-106.7614136,32.2857566],[-106.7611079,32.2857897],[-106.7607851,32.285797],[-106.7607201,32.2858263],[-106.7606558,32.2858657],[-106.7606092,32.2859104],[-106.7605569,32.285994],[-106.7605074,32.2860938],[-106.7604384,32.2861835],[-106.7603047,32.2863087],[-106.7600192,32.2865744],[-106.7597805,32.2867293],[-106.7596377,32.2868503],[-106.7595469,32.2869404],[-106.7595119,32.2871209]]}},{"type":"Feature","properties":{"highway":"service","name":""},"geometry":{"type":"LineString","coordinates":[[-106.7595119,32.2871209],[-106.7584498,32.2873599],[-106.7583568,32.2873808]]}},{"type":"Feature","properties":{"highway":"residential","name":""},"geometry":{"type":"LineString","coordinates":[[-106.7296987,32.2816132],[-106.7297854,32.2819448],[-106.7297747,32.2823212],[-106.7296969,32.2824686],[-106.7296243,32.2825454],[-106.7294422,32.2826795],[-106.7291471,32.2829153],[-106.7290156,32.2829221],[-106.7287823,32.2829584],[-106.7286482,32.2829947],[-106.7285543,32.2830287],[-106.7284524,32.2830967],[-106.7283665,32.283167]]}},{"type":"Feature","properties":{"highway":"residential","name":""},"geometry":{"type":"LineString","coordinates":[[-106.7283665,32.283167],[-106.7283455,32.2831457],[-106.7283165,32.2831329],[-106.7282838,32.2831304],[-106.7282525,32.2831387],[-106.7282274,32.2831564],[-106.7282122,32.283181],[-106.7282092,32.2832086],[-106.728219,32.283235],[-106.72824,32.2832563],[-106.7282691,32.2832692],[-106.7283017,32.2832717],[-106.728333,32.2832634],[-106.7283582,32.2832456],[-106.7283734,32.2832211],[-106.7283763,32.2831935],[-106.7283665,32.283167]]}},{"type":"Feature","properties":{"highway":"service","name":""},"geometry":{"type":"LineString","coordinates":[[-106.7489823,32.279643],[-106.7489417,32.2794688],[-106.7488916,32.2792928],[-106.7493789,32.2792108]]}},{"type":"Feature","properties":{"highway":"pedestrian","name":"Frenger Mall"},"geometry":{"type":"LineString","coordinates":[[-106.7554803,32.2805255],[-106.7553319,32.2806059],[-106.7544638,32.2807603],[-106.7543254,32.2807901],[-106.7541786,32.2808165],[-106.7541077,32.2808302],[-106.7537295,32.2809054],[-106.7535431,32.2809408],[-106.7534816,32.2809525],[-106.7534355,32.2809613],[-106.7533728,32.2809735],[-106.7532828,32.2809897],[-106.7529788,32.2810451],[-106.7526647,32.2811069],[-106.7526084,32.2811163],[-106.7525544,32.2811265],[-106.7518499,32.2812653],[-106.751525,32.2813285],[-106.7512911,32.2813721],[-106.7511365,32.2813999],[-106.7508172,32.2814623],[-106.750709,32.2814825],[-106.7504956,32.2815212]]}},{"type":"Feature","properties":{"highway":"tertiary","name":"South Espina Street"},"geometry":{"type":"LineString","coordinates":[[-106.7554803,32.2805255],[-106.7554647,32.2804662],[-106.7551349,32.2791954],[-106.7551306,32.2791787],[-106.7551035,32.2790712]]}},{"type":"Feature","properties":{"highway":"footway","name":""},"geometry":{"type":"LineString","coordinates":[[-106.7542838,32.2845478],[-106.7542626,32.2844553],[-106.7542439,32.2843664]]}},{"type":"Feature","properties":{"highway":"footway","name":""},"geometry":{"type":"LineString","coordinates":[[-106.7485534,32.2797718],[-106.7485005,32.2797509],[-106.7484616,32.2797271]]}},{"type":"Feature","properties":{"highway":"tertiary","name":"Triviz Drive"},"geometry":{"type":"LineString","coordinates":[[-106.7368215,32.279348],[-106.736208,32.277474],[-106.7349143,32.273522],[-106.734435,32.2720323],[-106.7336693,32.2696528],[-106.7332501,32.2683357]]}},{"type":"Feature","properties":{"highway":"tertiary","name":"Triviz Drive"},"geometry":{"type":"LineString","coordinates":[[-106.737791,32.2823547],[-106.7372482,32.2806872],[-106.7372179,32.2806],[-106.7368215,32.279348]]}},{"type":"Feature","properties":{"highway":"tertiary","name":"Stewart Street"},"geometry":{"type":"LineString","coordinates":[[-106.7551035,32.2790712],[-106.7549896,32.2790929],[-106.7549171,32.2791067],[-106.7545264,32.2791813],[-106.7543315,32.2792131],[-106.7542697,32.2792248],[-106.7539999,32.2792763],[-106.7539645,32.2792831],[-106.7539349,32.2792893],[-106.7531459,32.2794544],[-106.7531202,32.2794598],[-106.7530281,32.279479],[-106.752946,32.2794938],[-106.7529236,32.2794975],[-106.7524046,32.2795829],[-106.7518859,32.2796848],[-106.7508598,32.2798876],[-106.7508282,32.2798938],[-106.7507357,32.2799174]]}},{"type":"Feature","properties":{"highway":"tertiary","name":"South Espina Street"},"geometry":{"type":"LineString","coordinates":[[-106.7551035,32.2790712],[-106.7550792,32.278981],[-106.7550742,32.2789611],[-106.7550023,32.2786758],[-106.754947,32.2784598],[-106.7549346,32.2784191],[-106.7546816,32.277458],[-106.7546207,32.2772208],[-106.7546131,32.2771912],[-106.7545952,32.2771214]]}},{"type":"Feature","properties":{"highway":"tertiary","name":"Stewart Street"},"geometry":{"type":"LineString","coordinates":[[-106.7571379,32.2786923],[-106.7570336,32.2787118],[-106.7556457,32.2789715],[-106.7552407,32.2790473],[-106.7552034,32.2790541],[-106.7551035,32.2790712]]}},{"type":"Feature","properties":{"highway":"unclassified","name":"Knox Street"},"geometry":{"type":"LineString","coordinates":[[-106.7571379,32.2786923],[-106.7571174,32.2786106],[-106.7571119,32.2785842],[-106.7569693,32.2779901],[-106.7568371,32.2774394],[-106.7566802,32.2768382],[-106.7566556,32.2767437]]}},{"type":"Feature","properties":{"highway":"unclassified","name":"Knox Street"},"geometry":{"type":"LineString","coordinates":[[-106.7578101,32.2815405],[-106.7577946,32.2814847],[-106.757711,32.2811861],[-106.7576056,32.2808057],[-106.7575866,32.2807355],[-106.7574651,32.2801624],[-106.7574509,32.2800981],[-106.7573498,32.2796875],[-106.7571694,32.2788446],[-106.7571379,32.2786923]]}},{"type":"Feature","properties":{"highway":"unclassified","name":"College Avenue"},"geometry":{"type":"LineString","coordinates":[[-106.7578101,32.2815405],[-106.7570559,32.2817001],[-106.7568735,32.281737]]}},{"type":"Feature","properties":{"highway":"unclassified","name":"South Horseshoe Street"},"geometry":{"type":"LineString","coordinates":[[-106.7557086,32.2813958],[-106.7556209,32.2814133],[-106.7545426,32.2816148],[-106.753625,32.2817841],[-106.7534479,32.2818176],[-106.7533554,32.2818294],[-106.7531764,32.2818684],[-106.7530596,32.2818937],[-106.7528863,32.2819313],[-106.7528277,32.2819477],[-106.7527535,32.2819735],[-106.7526588,32.2820212]]}},{"type":"Feature","properties":{"highway":"tertiary","name":"South Espina Street"},"geometry":{"type":"LineString","coordinates":[[-106.7557086,32.2813958],[-106.7556816,32.2812931],[-106.7556728,32.2812592],[-106.7554803,32.2805255]]}},{"type":"Feature","properties":{"highway":"unclassified","name":"Research Drive"},"geometry":{"type":"LineString","coordinates":[[-106.7469618,32.2725352],[-106.7468234,32.2719858],[-106.7467717,32.2717695],[-106.7466968,32.2714727],[-106.7466753,32.2714126],[-106.7466425,32.2713541],[-106.7466008,32.2713043],[-106.7465461,32.2712581],[-106.7464583,32.271205],[-106.7461804,32.2710613],[-106.7460863,32.2710126]]}},{"type":"Feature","properties":{"highway":"tertiary","name":"Sam Steel Way"},"geometry":{"type":"LineString","coordinates":[[-106.750359,32.2719611],[-106.7498911,32.2717221],[-106.7492701,32.2714071],[-106.7488423,32.2711917]]}},{"type":"Feature","properties":{"highway":"tertiary","name":"Sam Steel Way"},"geometry":{"type":"LineString","coordinates":[[-106.7488423,32.2711917],[-106.748744,32.2711495],[-106.7486415,32.2711166],[-106.7485217,32.2710796],[-106.7483558,32.2710324],[-106.7483258,32.2710239],[-106.7482127,32.2709896],[-106.748108,32.2709552],[-106.7480105,32.2709194],[-106.7479217,32.2708809],[-106.7477072,32.2707764],[-106.7466299,32.2702334],[-106.7462538,32.2700372],[-106.745393,32.269601]]}},{"type":"Feature","properties":{"highway":"residential","name":"Williams Avenue"},"geometry":{"type":"LineString","coordinates":[[-106.7496455,32.2757698],[-106.749597,32.2755909]]}},{"type":"Feature","properties":{"highway":"tertiary","name":"Wells Street"},"geometry":{"type":"LineString","coordinates":[[-106.7496455,32.2757698],[-106.7497424,32.275752],[-106.750058,32.275694],[-106.7503843,32.2756322],[-106.7507137,32.2755699],[-106.7513575,32.2754475],[-106.7514193,32.2754361],[-106.7520488,32.2753216],[-106.7526878,32.275198],[-106.7533316,32.2750801],[-106.7537531,32.275001],[-106.7539065,32.274972],[-106.7540385,32.2749471]]}},{"type":"Feature","properties":{"highway":"tertiary","name":"Wells Street"},"geometry":{"type":"LineString","coordinates":[[-106.749597,32.2755909],[-106.7495014,32.275612],[-106.7478512,32.2759751]]}},{"type":"Feature","properties":{"highway":"residential","name":"Williams Avenue"},"geometry":{"type":"LineString","coordinates":[[-106.7495737,32.2755064],[-106.7494912,32.2752048],[-106.7494657,32.2751205],[-106.7493739,32.2747883],[-106.7493316,32.2746194],[-106.7491892,32.2740946],[-106.7491637,32.2739969],[-106.7491501,32.2739403],[-106.7491432,32.273895],[-106.7491405,32.2738253],[-106.749149,32.2737669],[-106.7491634,32.2737101],[-106.749208,32.2736064],[-106.7492887,32.2734744],[-106.7494525,32.2732409],[-106.749791,32.2727501],[-106.7499831,32.2724803],[-106.7502768,32.2720702],[-106.750359,32.2719611]]}},{"type":"Feature","properties":{"highway":"unclassified","name":"Research Drive"},"geometry":{"type":"LineString","coordinates":[[-106.747884,32.2761015],[-106.7478512,32.2759751],[-106.7478248,32.2758786],[-106.7477599,32.2756414],[-106.7476363,32.2751896],[-106.7475008,32.2746548],[-106.747232,32.2735931],[-106.7471885,32.2734214],[-106.7471694,32.2733457],[-106.7471514,32.2732783],[-106.7470556,32.2729199],[-106.7469618,32.2725352]]}},{"type":"Feature","properties":{"highway":"tertiary","name":"Wells Street"},"geometry":{"type":"LineString","coordinates":[[-106.7478512,32.2759751],[-106.7476984,32.2760144],[-106.7476359,32.2760314],[-106.7476024,32.2760405],[-106.7475115,32.2760695],[-106.7474111,32.2761141],[-106.7472209,32.2762008],[-106.7471537,32.2762541]]}},{"type":"Feature","properties":{"highway":"tertiary","name":"South Espina Street"},"geometry":{"type":"LineString","coordinates":[[-106.7540385,32.2749471],[-106.7539893,32.274765]]}},{"type":"Feature","properties":{"highway":"tertiary","name":"Wells Street"},"geometry":{"type":"LineString","coordinates":[[-106.7540385,32.2749471],[-106.7543732,32.2748801],[-106.7544361,32.2748628],[-106.7544864,32.2748406],[-106.7545177,32.2748221],[-106.7545547,32.2747928],[-106.7545835,32.27476],[-106.7548761,32.2743734],[-106.7549355,32.274295]]}},{"type":"Feature","properties":{"highway":"tertiary","name":"South Espina Street"},"geometry":{"type":"LineString","coordinates":[[-106.7545952,32.2771214],[-106.7545777,32.277053],[-106.7545712,32.2770278],[-106.7540619,32.2750399],[-106.7540553,32.2750138],[-106.7540385,32.2749471]]}},{"type":"Feature","properties":{"highway":"residential","name":"Agriculture Way"},"geometry":{"type":"LineString","coordinates":[[-106.7545952,32.2771214],[-106.7545035,32.2771391],[-106.7544663,32.2771462],[-106.7539328,32.2772487],[-106.7536284,32.2773004],[-106.7533627,32.2773556],[-106.7526598,32.2775015],[-106.7526376,32.2775055],[-106.752525,32.2775277],[-106.7524207,32.2775482],[-106.7517365,32.2776765],[-106.7509913,32.277815],[-106.7503676,32.2779295],[-106.7503376,32.277935],[-106.7502165,32.2779571]]}},{"type":"Feature","properties":{"highway":"tertiary","name":"Sam Steel Way"},"geometry":{"type":"LineString","coordinates":[[-106.7576533,32.2758009],[-106.7572957,32.2755985],[-106.7571837,32.2755299],[-106.7565657,32.2751461],[-106.756452,32.2750836],[-106.7562887,32.2749944],[-106.7557783,32.2747238],[-106.7549355,32.274295],[-106.7547406,32.2741954],[-106.7542269,32.2739344],[-106.750359,32.2719611]]}},{"type":"Feature","properties":{"highway":"tertiary","name":"East Union Avenue"},"geometry":{"type":"LineString","coordinates":[[-106.7614604,32.277769],[-106.7620428,32.2769271],[-106.7621017,32.2768418]]}},{"type":"Feature","properties":{"highway":"primary","name":"East University Avenue"},"geometry":{"type":"LineString","coordinates":[[-106.7616645,32.2830167],[-106.7605862,32.2832268],[-106.7602271,32.2832955],[-106.7599092,32.2833564],[-106.7596262,32.2834106],[-106.7591436,32.2835055],[-106.7590695,32.2835198],[-106.7590054,32.2835304],[-106.7583664,32.2836529]]}},{"type":"Feature","properties":{"highway":"primary","name":"East University Avenue"},"geometry":{"type":"LineString","coordinates":[[-106.7546694,32.2843765],[-106.7542626,32.2844553],[-106.7540002,32.284506],[-106.7538989,32.2845256],[-106.7528878,32.2847183],[-106.7527737,32.284739]]}},{"type":"Feature","properties":{"highway":"unclassified","name":"North Horseshoe Street"},"geometry":{"type":"LineString","coordinates":[[-106.755989,32.2824692],[-106.7561017,32.2824515],[-106.7561374,32.2824367],[-106.7562349,32.2823858],[-106.7562837,32.2823513],[-106.756331,32.2823113],[-106.7563957,32.2822191],[-106.7564668,32.282061],[-106.7565725,32.2819168],[-106.7567108,32.2818185],[-106.7568735,32.281737]]}},{"type":"Feature","properties":{"highway":"tertiary","name":"South Espina Street"},"geometry":{"type":"LineString","coordinates":[[-106.755989,32.2824692],[-106.7559715,32.2824015],[-106.7557334,32.2814907],[-106.7557265,32.2814644],[-106.7557086,32.2813958]]}},{"type":"Feature","properties":{"highway":"primary","name":"East University Avenue"},"geometry":{"type":"LineString","coordinates":[[-106.7583664,32.2836529],[-106.7582275,32.2836781],[-106.7579909,32.2837234],[-106.7565869,32.2839922],[-106.7564185,32.2840244]]}},{"type":"Feature","properties":{"highway":"residential","name":"Williams Avenue"},"geometry":{"type":"LineString","coordinates":[[-106.7507357,32.2799174],[-106.7507107,32.2798255],[-106.7507046,32.2798011],[-106.7506409,32.279554],[-106.7505971,32.2793838],[-106.7505518,32.2792069],[-106.7505305,32.2791266],[-106.7502165,32.2779571],[-106.750074,32.2774124],[-106.7500383,32.2772704],[-106.7496677,32.2758547],[-106.7496598,32.2758245],[-106.7496455,32.2757698]]}},{"type":"Feature","properties":{"highway":"tertiary","name":"Stewart Street"},"geometry":{"type":"LineString","coordinates":[[-106.7507357,32.2799174],[-106.750637,32.2799415],[-106.7506059,32.2799485],[-106.7503546,32.2799959],[-106.7503095,32.2800043],[-106.7488405,32.2802811],[-106.748756,32.2802968],[-106.7486162,32.2803221],[-106.7485521,32.2803314],[-106.7482644,32.2803837],[-106.7478194,32.2804681],[-106.7474968,32.2805273],[-106.7472258,32.2805793],[-106.7471291,32.2805978],[-106.7463266,32.2807547],[-106.7462875,32.2807623],[-106.746191,32.2807786],[-106.7460961,32.2807981],[-106.7460663,32.2808036],[-106.7450605,32.28099],[-106.7449949,32.2810058],[-106.7449095,32.2810205],[-106.743923,32.2812069],[-106.7435878,32.2812704],[-106.7433658,32.281312],[-106.7431466,32.2813554],[-106.7429298,32.2813969],[-106.7427077,32.2814383],[-106.7421871,32.2815355],[-106.7420385,32.2815636],[-106.7403497,32.2818764]]}},{"type":"Feature","properties":{"highway":"secondary","name":"El Paseo Road"},"geometry":{"type":"LineString","coordinates":[[-106.7745387,32.3001643],[-106.7744609,32.3000943],[-106.7742272,32.2998838],[-106.7740442,32.2997184],[-106.7739928,32.2996724],[-106.7738859,32.2995757],[-106.773585,32.2993044],[-106.7735612,32.299283],[-106.7733026,32.2990498],[-106.7731451,32.2989078],[-106.7729776,32.2987567],[-106.7729055,32.2986922],[-106.7728343,32.2986285],[-106.7726682,32.298479],[-106.7724282,32.2982624],[-106.7722527,32.2981044],[-106.7719794,32.2978579],[-106.7718902,32.2977774],[-106.7717525,32.2976527],[-106.7717278,32.2976303],[-106.7716201,32.2975339],[-106.7715043,32.2974292],[-106.7714115,32.2973453],[-106.7713252,32.2972702],[-106.7710985,32.2970729],[-106.7709308,32.2969274],[-106.770916,32.2969146],[-106.770634,32.2966693],[-106.7705541,32.2965998],[-106.7704973,32.2965465],[-106.7704538,32.2965057],[-106.7702365,32.296299],[-106.7701199,32.2961925],[-106.7696318,32.2957699],[-106.7695186,32.2956719],[-106.7693737,32.2955418],[-106.7692358,32.2954179],[-106.76915,32.2953419],[-106.769046,32.2952451],[-106.7688597,32.2950754],[-106.7685435,32.2947817],[-106.7682101,32.294488],[-106.768053,32.2943474]]}},{"type":"Feature","properties":{"highway":"secondary","name":"El Paseo Road"},"geometry":{"type":"LineString","coordinates":[[-106.7651441,32.291696],[-106.7651096,32.2916554],[-106.7650724,32.2916115],[-106.7648151,32.2912785],[-106.7645431,32.2908194],[-106.7645048,32.2907588],[-106.7643736,32.2904873],[-106.7642645,32.2902265],[-106.7642489,32.2901892],[-106.7638807,32.2891826],[-106.7633984,32.2878508],[-106.763021,32.2868019],[-106.7628061,32.286186],[-106.762748,32.2860281],[-106.7626688,32.2858126],[-106.7625582,32.2855119],[-106.7622514,32.2846319],[-106.7621992,32.2844839],[-106.7620852,32.2841748],[-106.7620142,32.2839671]]}},{"type":"Feature","properties":{"highway":"secondary","name":"East University Avenue"},"geometry":{"type":"LineString","coordinates":[[-106.734341,32.2894231],[-106.7347456,32.2891188],[-106.7352366,32.28875],[-106.7359967,32.2882336],[-106.7360328,32.288209],[-106.7361234,32.2881475],[-106.7362675,32.2880598],[-106.7365537,32.2878853],[-106.7368161,32.2877254],[-106.7369388,32.2876786],[-106.73711,32.2876189]]}},{"type":"Feature","properties":{"highway":"secondary","name":"East University Avenue"},"geometry":{"type":"LineString","coordinates":[[-106.7348853,32.2888748],[-106.7344217,32.2892174],[-106.7343168,32.2892956],[-106.7342925,32.2893136],[-106.7341556,32.2894184]]}},{"type":"Feature","properties":{"highway":"secondary","name":"South Telshor Boulevard"},"geometry":{"type":"LineString","coordinates":[[-106.7419475,32.3125201],[-106.741878,32.3123971],[-106.741261,32.3113055],[-106.7404706,32.309912],[-106.7404193,32.3098027],[-106.7403831,32.3097381],[-106.7403422,32.3096663],[-106.7399871,32.3090428],[-106.7396769,32.3084873],[-106.7395066,32.308176],[-106.7393797,32.3079436],[-106.7393565,32.3079001],[-106.7392182,32.3076151],[-106.7390013,32.3071658],[-106.7387153,32.3063665],[-106.7385654,32.3058007],[-106.7383468,32.3050683],[-106.7380886,32.3042044],[-106.7379505,32.3037422],[-106.737844,32.3033856],[-106.7377174,32.302962],[-106.7376918,32.3028764],[-106.7374222,32.3019659],[-106.737066,32.3007631],[-106.7369592,32.3004027],[-106.7369223,32.3002781],[-106.7368529,32.3000438],[-106.7368193,32.2999302],[-106.736794,32.2998431],[-106.7367378,32.2996491],[-106.7366108,32.2992114],[-106.7365923,32.2991475],[-106.7362034,32.2978062],[-106.7362505,32.2968003],[-106.7362344,32.2963696],[-106.7361619,32.2960488],[-106.7361416,32.2959592],[-106.7360048,32.295504],[-106.7358891,32.2951169],[-106.7353881,32.2934066],[-106.7350301,32.2920722],[-106.7350166,32.2920219],[-106.7350054,32.2919785],[-106.7349333,32.2917095]]}},{"type":"Feature","properties":{"highway":"primary","name":"West University Avenue"},"geometry":{"type":"LineString","coordinates":[[-106.7699664,32.2805842],[-106.7698253,32.2806406]]}},{"type":"Feature","properties":{"highway":"primary","name":"South Main Street"},"geometry":{"type":"LineString","coordinates":[[-106.7699664,32.2805842],[-106.7692463,32.2794308],[-106.7685552,32.2783582],[-106.7680477,32.2776432],[-106.7678015,32.2772799],[-106.7676486,32.2770576],[-106.7674513,32.2768494]]}},{"type":"Feature","properties":{"highway":"primary","name":"South Main Street"},"geometry":{"type":"LineString","coordinates":[[-106.7662124,32.2749171],[-106.7656295,32.2739905],[-106.7637785,32.2708913],[-106.7637305,32.2708101],[-106.7635152,32.2704462],[-106.7631353,32.2698856],[-106.7630092,32.2696862],[-106.7628314,32.2693865],[-106.7625105,32.268886],[-106.7623206,32.2686061],[-106.7622696,32.2684711],[-106.7619132,32.2679262],[-106.7615657,32.2673836],[-106.7612881,32.2669498],[-106.761205,32.26682],[-106.7606591,32.2659448],[-106.7592316,32.2637629],[-106.7586581,32.262842],[-106.7584326,32.2624699],[-106.7579197,32.2616341],[-106.7574253,32.2608725],[-106.7574163,32.2608586],[-106.7561055,32.2587871],[-106.7560911,32.2587646],[-106.7551731,32.2573272],[-106.7542521,32.2558606],[-106.7531521,32.2541038],[-106.7509691,32.2506792],[-106.7500021,32.2491581],[-106.7494743,32.2483085],[-106.7492353,32.2479553],[-106.7488493,32.2473415],[-106.748742,32.2471706],[-106.7483549,32.2465546],[-106.7477069,32.2455219],[-106.7464849,32.2435798],[-106.7451141,32.2413881],[-106.7437118,32.2391813],[-106.7434063,32.2386988],[-106.7432084,32.2383868],[-106.7428643,32.2378435],[-106.7401504,32.2335571]]}},{"type":"Feature","properties":{"highway":"primary","name":"South Valley Drive"},"geometry":{"type":"LineString","coordinates":[[-106.7819287,32.2882373],[-106.7818143,32.2881296],[-106.7817222,32.28804],[-106.7816243,32.2879496],[-106.7815786,32.2879073],[-106.7814328,32.2877838],[-106.7812936,32.2876718],[-106.781022,32.2874581],[-106.7807436,32.2872626],[-106.7804302,32.2870557],[-106.7803879,32.2870303],[-106.7802745,32.2869621],[-106.7801211,32.28687],[-106.7799172,32.2867603],[-106.7797325,32.2866636],[-106.7795283,32.2865562],[-106.7794292,32.2865093],[-106.7793193,32.2864573],[-106.7791375,32.2863723],[-106.778942,32.2862906],[-106.7786404,32.2861716],[-106.7782022,32.2860163],[-106.7773724,32.285716],[-106.7768787,32.2855363],[-106.7758859,32.2851746],[-106.7750701,32.2848775],[-106.7749708,32.284841],[-106.7747921,32.2847751],[-106.7744572,32.2846517],[-106.7740104,32.2844924],[-106.7737006,32.2843791],[-106.7732968,32.2842337],[-106.7730985,32.2841622],[-106.7728249,32.2840636],[-106.7726959,32.2840171],[-106.7724859,32.2839415],[-106.7724164,32.2839156],[-106.7722983,32.2838715],[-106.7721429,32.2838171],[-106.7719655,32.2837544]]}},{"type":"Feature","properties":{"highway":"service","name":""},"geometry":{"type":"LineString","coordinates":[[-106.764859,32.2921804],[-106.7645181,32.2924122]]}},{"type":"Feature","properties":{"highway":"service","name":""},"geometry":{"type":"LineString","coordinates":[[-106.7649921,32.2923146],[-106.7646429,32.2925564]]}},{"type":"Feature","properties":{"highway":"service","name":""},"geometry":{"type":"LineString","coordinates":[[-106.7652018,32.2925276],[-106.7648314,32.2927798]]}},{"type":"Feature","properties":{"highway":"service","name":""},"geometry":{"type":"LineString","coordinates":[[-106.7653322,32.292665],[-106.7649607,32.2929249]]}},{"type":"Feature","properties":{"highway":"service","name":""},"geometry":{"type":"LineString","coordinates":[[-106.765468,32.292805],[-106.7650896,32.2930688]]}},{"type":"Feature","properties":{"highway":"service","name":""},"geometry":{"type":"LineString","coordinates":[[-106.765601,32.2929439],[-106.7652135,32.2932087]]}},{"type":"Feature","properties":{"highway":"service","name":""},"geometry":{"type":"LineString","coordinates":[[-106.7661799,32.2929947],[-106.7659105,32.2931832],[-106.765865,32.2932163],[-106.7654625,32.2934999]]}},{"type":"Feature","properties":{"highway":"service","name":""},"geometry":{"type":"LineString","coordinates":[[-106.7660024,32.2933529],[-106.765865,32.2932163],[-106.7657282,32.2930754],[-106.765601,32.2929439],[-106.765468,32.292805],[-106.7653322,32.292665],[-106.7652018,32.2925276],[-106.7649921,32.2923146],[-106.764859,32.2921804],[-106.7647834,32.2921029],[-106.7646923,32.2920152]]}},{"type":"Feature","properties":{"highway":"service","name":""},"geometry":{"type":"LineString","coordinates":[[-106.7653377,32.2933557],[-106.7656869,32.2931106],[-106.7657087,32.293094],[-106.7657282,32.2930754]]}},{"type":"Feature","properties":{"highway":"footway","name":""},"geometry":{"type":"LineString","coordinates":[[-106.7645425,32.291719],[-106.7645735,32.2917935],[-106.7645818,32.2918109],[-106.7645924,32.2918264],[-106.7646673,32.2919033],[-106.7647413,32.2919792],[-106.7657701,32.2930389],[-106.7659105,32.2931832],[-106.766046,32.2933215]]}},{"type":"Feature","properties":{"highway":"service","name":""},"geometry":{"type":"LineString","coordinates":[[-106.7657282,32.2930754],[-106.7657487,32.2930558],[-106.7657701,32.2930389],[-106.7659592,32.2929075],[-106.765979,32.2928966],[-106.7660026,32.2928882],[-106.7660272,32.292884],[-106.7660517,32.2928867],[-106.7660721,32.2928953],[-106.7660895,32.2929083],[-106.7661799,32.2929947],[-106.7662625,32.2930745],[-106.7662721,32.2930908],[-106.7662792,32.2931105],[-106.7662791,32.293132],[-106.7662719,32.2931514],[-106.7662592,32.2931682],[-106.7662438,32.2931804],[-106.766046,32.2933215],[-106.7660024,32.2933529],[-106.7656698,32.2935862],[-106.765653,32.293595],[-106.7656346,32.2936021],[-106.7656146,32.2936065],[-106.7655916,32.2936069],[-106.7655705,32.2936024],[-106.7655539,32.2935947],[-106.7655393,32.2935833],[-106.7654625,32.2934999],[-106.7653377,32.2933557],[-106.7652135,32.2932087],[-106.7650896,32.2930688],[-106.7649607,32.2929249],[-106.7648314,32.2927798],[-106.7646429,32.2925564],[-106.7645181,32.2924122],[-106.7643715,32.2922452],[-106.7642978,32.2921602]]}},{"type":"Feature","properties":{"highway":"service","name":""},"geometry":{"type":"LineString","coordinates":[[-106.7643266,32.2921415],[-106.7641016,32.2918799],[-106.7640205,32.2917899],[-106.7640126,32.2917724],[-106.7640076,32.2917509],[-106.7640078,32.2917287],[-106.7640172,32.2917072],[-106.7640349,32.2916902],[-106.7640589,32.2916793],[-106.7646207,32.2915082],[-106.7646399,32.2915061],[-106.7646607,32.2915069],[-106.7646803,32.2915117],[-106.7646961,32.2915211],[-106.7647076,32.2915326],[-106.7647369,32.2915735],[-106.7647437,32.2915907],[-106.7647463,32.2916107],[-106.7647425,32.2916309],[-106.7647317,32.2916466],[-106.7647148,32.2916597],[-106.7646971,32.2916685],[-106.7645425,32.291719],[-106.7641807,32.2918318],[-106.764152,32.2918441],[-106.7641239,32.2918616],[-106.7641016,32.2918799]]}},{"type":"Feature","properties":{"highway":"service","name":""},"geometry":{"type":"LineString","coordinates":[[-106.7698357,32.2929108],[-106.7697876,32.2927902],[-106.7697642,32.2927315],[-106.7696716,32.2926356],[-106.768892,32.2918152],[-106.7684278,32.2913221],[-106.7691212,32.2908132]]}},{"type":"Feature","properties":{"highway":"service","name":""},"geometry":{"type":"LineString","coordinates":[[-106.7643715,32.2922452],[-106.7646923,32.2920152],[-106.7647413,32.2919792],[-106.7651441,32.291696]]}},{"type":"Feature","properties":{"highway":"service","name":""},"geometry":{"type":"LineString","coordinates":[[-106.7650724,32.2916115],[-106.7646673,32.2919033],[-106.7643266,32.2921415],[-106.7642978,32.2921602],[-106.7642373,32.2922002],[-106.7641697,32.2922432]]}},{"type":"Feature","properties":{"highway":"service","name":""},"geometry":{"type":"LineString","coordinates":[[-106.7627952,32.2771347],[-106.7627281,32.2771483],[-106.7626771,32.2771393],[-106.7622898,32.2769388],[-106.7621017,32.2768418]]}},{"type":"Feature","properties":{"highway":"unclassified","name":"Tellbrook Road"},"geometry":{"type":"LineString","coordinates":[[-106.7301312,32.2618325],[-106.7282205,32.2623013],[-106.7281784,32.2623116],[-106.7270647,32.2625764],[-106.726446,32.2626919],[-106.7241215,32.2632742],[-106.7239862,32.2633082],[-106.7224008,32.2636851],[-106.721537,32.2639098],[-106.7206703,32.26412],[-106.7185733,32.2646288],[-106.7184939,32.2646481]]}},{"type":"Feature","properties":{"highway":"unclassified","name":""},"geometry":{"type":"LineString","coordinates":[[-106.7203543,32.2838538],[-106.7200702,32.2839626],[-106.7199147,32.2840964],[-106.719802,32.2843028],[-106.7187157,32.2867381],[-106.7187157,32.2868764],[-106.7188203,32.2869762],[-106.7190886,32.2871961],[-106.7191905,32.2873753],[-106.7192227,32.2875045],[-106.7191932,32.2875725],[-106.7191127,32.287602],[-106.7189866,32.2875861],[-106.7187372,32.2875612],[-106.7185897,32.2875793],[-106.7184153,32.2876723],[-106.7182195,32.287831],[-106.7180452,32.2879149],[-106.7177984,32.287992],[-106.7176509,32.288094],[-106.7175758,32.2882936],[-106.7175731,32.2884364],[-106.7176348,32.2900985],[-106.7175543,32.2902799],[-106.7172647,32.2905293],[-106.717078,32.2906082],[-106.716578,32.2908195],[-106.7162615,32.2909828],[-106.7159573,32.2912389]]}},{"type":"Feature","properties":{"highway":"footway","name":""},"geometry":{"type":"LineString","coordinates":[[-106.7491335,32.2849669],[-106.7491638,32.2851029],[-106.7492324,32.2853421]]}},{"type":"Feature","properties":{"highway":"footway","name":""},"geometry":{"type":"LineString","coordinates":[[-106.7492072,32.2848678],[-106.7492031,32.2848991],[-106.7491923,32.2849195],[-106.7491722,32.2849399],[-106.7491414,32.284957],[-106.7491335,32.2849669],[-106.7491034,32.2849538],[-106.7490703,32.2849487],[-106.7490508,32.2849422],[-106.7490337,32.284928],[-106.7490106,32.284902]]}},{"type":"Feature","properties":{"highway":"footway","name":""},"geometry":{"type":"LineString","coordinates":[[-106.7499487,32.2854673],[-106.749891,32.2855454],[-106.7498401,32.2856123],[-106.7498112,32.2856446],[-106.749773,32.2856766],[-106.7497351,32.2857024],[-106.7496976,32.2857254],[-106.7496222,32.2857659],[-106.7495411,32.2857989],[-106.7495246,32.2858057]]}},{"type":"Feature","properties":{"highway":"service","name":""},"geometry":{"type":"LineString","coordinates":[[-106.733739,32.2807571],[-106.7338925,32.2807336],[-106.7339523,32.2810126]]}},{"type":"Feature","properties":{"highway":"service","name":""},"geometry":{"type":"LineString","coordinates":[[-106.733727,32.2806442],[-106.733739,32.2807571],[-106.7338058,32.2810374]]}},{"type":"Feature","properties":{"highway":"service","name":"Water Tank Road"},"geometry":{"type":"LineString","coordinates":[[-106.7338058,32.2810374],[-106.7338944,32.2812891],[-106.7339265,32.2815114],[-106.7338997,32.281686],[-106.7337924,32.2818492],[-106.7336878,32.2819354],[-106.7335001,32.2820261],[-106.7315246,32.2827869]]}},{"type":"Feature","properties":{"highway":"footway","name":""},"geometry":{"type":"LineString","coordinates":[[-106.7508128,32.2797996],[-106.7508282,32.2798938],[-106.7508437,32.2799758],[-106.7507531,32.279989],[-106.7506534,32.2800018]]}},{"type":"Feature","properties":{"highway":"footway","name":""},"geometry":{"type":"LineString","coordinates":[[-106.7506143,32.2798644],[-106.750637,32.2799415],[-106.7506534,32.2800018]]}},{"type":"Feature","properties":{"highway":"footway","name":""},"geometry":{"type":"LineString","coordinates":[[-106.7510417,32.2813223],[-106.7510205,32.2812464],[-106.7509842,32.2811164],[-106.7509201,32.2808869],[-106.7508614,32.2806763],[-106.75084,32.2805997],[-106.7507713,32.2803363],[-106.7506964,32.2800453],[-106.7506742,32.2800113],[-106.7506534,32.2800018],[-106.7506276,32.2800047],[-106.7504288,32.2800476],[-106.7494827,32.2802255],[-106.7487759,32.2803648],[-106.7485828,32.2803992],[-106.7483071,32.2804484],[-106.7479225,32.280517]]}},{"type":"Feature","properties":{"highway":"footway","name":""},"geometry":{"type":"LineString","coordinates":[[-106.7434374,32.2835966],[-106.7431732,32.283225],[-106.7430163,32.2830007],[-106.7429927,32.2829048]]}},{"type":"Feature","properties":{"highway":"footway","name":""},"geometry":{"type":"LineString","coordinates":[[-106.7540981,32.2828038],[-106.7541136,32.2828621],[-106.7542066,32.2832111]]}},{"type":"Feature","properties":{"highway":"footway","name":""},"geometry":{"type":"LineString","coordinates":[[-106.7561949,32.2824697],[-106.7562774,32.2824229],[-106.7563364,32.2823798],[-106.75639,32.2823254],[-106.7564276,32.2822733],[-106.7564598,32.2822007],[-106.7564893,32.2821213],[-106.7565134,32.2820737],[-106.756551,32.2820148],[-106.7566234,32.2819331],[-106.7566861,32.2818799],[-106.7567297,32.2818543],[-106.756771,32.2818361],[-106.7569536,32.2818025],[-106.7570702,32.2817807],[-106.7572013,32.2817535],[-106.757354,32.2817236],[-106.7577622,32.2816528]]}},{"type":"Feature","properties":{"highway":"footway","name":""},"geometry":{"type":"LineString","coordinates":[[-106.7563525,32.2813293],[-106.7560816,32.2813776]]}},{"type":"Feature","properties":{"highway":"footway","name":""},"geometry":{"type":"LineString","coordinates":[[-106.7564209,32.2816009],[-106.7563813,32.2814348],[-106.7563525,32.2813293],[-106.7562962,32.2810975]]}},{"type":"Feature","properties":{"highway":"footway","name":""},"geometry":{"type":"LineString","coordinates":[[-106.7573081,32.2815762],[-106.757295,32.2815368],[-106.7570277,32.2813974],[-106.7570131,32.2813997],[-106.7569432,32.2814107],[-106.7569305,32.2814127],[-106.7567334,32.2816417]]}},{"type":"Feature","properties":{"highway":"footway","name":""},"geometry":{"type":"LineString","coordinates":[[-106.7567427,32.2816826],[-106.7567334,32.2816417],[-106.7563813,32.2814348]]}},{"type":"Feature","properties":{"highway":"footway","name":""},"geometry":{"type":"LineString","coordinates":[[-106.757266,32.2815841],[-106.757295,32.2815368],[-106.7574804,32.2812336],[-106.757711,32.2811861],[-106.7578385,32.2811594]]}},{"type":"Feature","properties":{"highway":"footway","name":""},"geometry":{"type":"LineString","coordinates":[[-106.7553038,32.2841375],[-106.7551616,32.2836157],[-106.7551267,32.283542],[-106.7550944,32.283461]]}},{"type":"Feature","properties":{"highway":"footway","name":""},"geometry":{"type":"LineString","coordinates":[[-106.7557389,32.2840717],[-106.7557414,32.2840098],[-106.7557399,32.2839911],[-106.7557263,32.2839585],[-106.7557136,32.2839409],[-106.7556912,32.2839221],[-106.7556638,32.2839044],[-106.7556296,32.2838904],[-106.7555981,32.2838846],[-106.7555663,32.2838878],[-106.7555349,32.2839025],[-106.7555119,32.2839229],[-106.7554989,32.2839434],[-106.7554887,32.2839621],[-106.7554823,32.2839828],[-106.7554804,32.2840029],[-106.7554822,32.2840192],[-106.7554855,32.2840395],[-106.755492,32.2840567],[-106.7555272,32.2841146]]}},{"type":"Feature","properties":{"highway":"footway","name":""},"geometry":{"type":"LineString","coordinates":[[-106.7491387,32.2811542],[-106.7491521,32.281195],[-106.7491722,32.281246],[-106.7493265,32.281804]]}},{"type":"Feature","properties":{"highway":"footway","name":""},"geometry":{"type":"LineString","coordinates":[[-106.7534816,32.2809525],[-106.7534573,32.2808562],[-106.753436,32.2807565],[-106.7533512,32.2804192],[-106.7532366,32.2799633],[-106.7531379,32.2795663],[-106.7531403,32.2795448],[-106.7531533,32.2795334],[-106.7531814,32.2795232],[-106.7539576,32.2793762],[-106.754023,32.2793638],[-106.754056,32.2793575],[-106.7543019,32.279311],[-106.7545414,32.2792666],[-106.7545917,32.2792575],[-106.7549842,32.2791867],[-106.7550013,32.279187],[-106.7550176,32.2791928],[-106.7550346,32.279202],[-106.7550465,32.2792174],[-106.7551931,32.2797687],[-106.7553574,32.2804376],[-106.7553064,32.2804932],[-106.7553319,32.2806059]]}},{"type":"Feature","properties":{"highway":"footway","name":""},"geometry":{"type":"LineString","coordinates":[[-106.7577946,32.2814847],[-106.7573081,32.2815762],[-106.757266,32.2815841],[-106.7571792,32.2816004],[-106.7570416,32.2816263],[-106.7569052,32.281652],[-106.7567427,32.2816826],[-106.7566757,32.281686],[-106.756563,32.2816621],[-106.7564209,32.2816009],[-106.7563364,32.281551],[-106.7562465,32.2814649],[-106.7561553,32.2814082],[-106.7560816,32.2813776],[-106.7559944,32.2813549],[-106.7558965,32.2813469],[-106.7558348,32.2813288],[-106.7557879,32.2812982],[-106.7557704,32.2812755],[-106.7555712,32.2805092],[-106.7555557,32.2804508],[-106.755475,32.2801398],[-106.755445,32.2800243],[-106.7552832,32.2794005],[-106.7552323,32.2792044],[-106.7552304,32.2791832],[-106.7552391,32.2791652]]}},{"type":"Feature","properties":{"highway":"footway","name":""},"geometry":{"type":"LineString","coordinates":[[-106.7632351,32.2819073],[-106.7632518,32.2819695],[-106.7634165,32.2825824]]}},{"type":"Feature","properties":{"highway":"footway","name":""},"geometry":{"type":"LineString","coordinates":[[-106.7537865,32.284427],[-106.7537884,32.2844074],[-106.7537826,32.2843794],[-106.7537665,32.2843231],[-106.7531245,32.2844405],[-106.7530882,32.2844581],[-106.7529816,32.2845818],[-106.7529519,32.2846179]]}},{"type":"Feature","properties":{"highway":"footway","name":""},"geometry":{"type":"LineString","coordinates":[[-106.7515444,32.275216],[-106.7515527,32.2752627],[-106.7514172,32.2754067],[-106.7514193,32.2754361]]}},{"type":"Feature","properties":{"highway":"footway","name":""},"geometry":{"type":"LineString","coordinates":[[-106.7492406,32.2840292],[-106.7488977,32.2840976],[-106.7486217,32.2841503],[-106.748678,32.2843543],[-106.7487035,32.2843646],[-106.7487271,32.2844473],[-106.7487538,32.2845375],[-106.748727,32.2845579],[-106.7487853,32.2847665],[-106.7490552,32.2847087],[-106.749425,32.2846349],[-106.749451,32.2847202]]}},{"type":"Feature","properties":{"highway":"cycleway","name":""},"geometry":{"type":"LineString","coordinates":[[-106.7500426,32.2851344],[-106.7507061,32.2850134],[-106.7508699,32.2849835],[-106.7510947,32.2849433]]}},{"type":"Feature","properties":{"highway":"footway","name":""},"geometry":{"type":"LineString","coordinates":[[-106.7497794,32.2851998],[-106.749861,32.2851839],[-106.7500178,32.2851534]]}},{"type":"Feature","properties":{"highway":"service","name":""},"geometry":{"type":"LineString","coordinates":[[-106.7504191,32.2846036],[-106.7503949,32.2845177],[-106.750377,32.284454]]}},{"type":"Feature","properties":{"highway":"service","name":""},"geometry":{"type":"LineString","coordinates":[[-106.7506981,32.2843984],[-106.7506481,32.284212],[-106.7506093,32.2840552],[-106.7505692,32.2838958],[-106.7505298,32.2837396]]}},{"type":"Feature","properties":{"highway":"service","name":""},"geometry":{"type":"LineString","coordinates":[[-106.7497043,32.2845856],[-106.7498575,32.2845565],[-106.750377,32.284454],[-106.7506981,32.2843984]]}},{"type":"Feature","properties":{"highway":"service","name":""},"geometry":{"type":"LineString","coordinates":[[-106.7411321,32.2833111],[-106.7410533,32.2829512],[-106.7407875,32.2819568]]}},{"type":"Feature","properties":{"highway":"service","name":""},"geometry":{"type":"LineString","coordinates":[[-106.7412584,32.2829111],[-106.7410019,32.2819168]]}},{"type":"Feature","properties":{"highway":"service","name":""},"geometry":{"type":"LineString","coordinates":[[-106.7414653,32.2828714],[-106.7412034,32.281879]]}},{"type":"Feature","properties":{"highway":"service","name":""},"geometry":{"type":"LineString","coordinates":[[-106.7416738,32.2828307],[-106.7414242,32.2818377]]}},{"type":"Feature","properties":{"highway":"service","name":""},"geometry":{"type":"LineString","coordinates":[[-106.7418778,32.2827904],[-106.7416151,32.281802]]}},{"type":"Feature","properties":{"highway":"service","name":""},"geometry":{"type":"LineString","coordinates":[[-106.7420858,32.2827521],[-106.7418263,32.2817541]]}},{"type":"Feature","properties":{"highway":"service","name":""},"geometry":{"type":"LineString","coordinates":[[-106.7422943,32.2827097],[-106.7420355,32.2817148]]}},{"type":"Feature","properties":{"highway":"service","name":""},"geometry":{"type":"LineString","coordinates":[[-106.7405941,32.281993],[-106.7408418,32.2829935]]}},{"type":"Feature","properties":{"highway":"service","name":""},"geometry":{"type":"LineString","coordinates":[[-106.7406472,32.2830273],[-106.7408418,32.2829935],[-106.7410533,32.2829512],[-106.7411856,32.2829253],[-106.7412584,32.2829111],[-106.7414653,32.2828714],[-106.7416738,32.2828307],[-106.7418778,32.2827904],[-106.7420858,32.2827521],[-106.7422943,32.2827097],[-106.7424763,32.282676]]}},{"type":"Feature","properties":{"highway":"service","name":""},"geometry":{"type":"LineString","coordinates":[[-106.7422229,32.2816798],[-106.7420767,32.2817071],[-106.7420355,32.2817148],[-106.7418263,32.2817541],[-106.7416151,32.281802],[-106.7414242,32.2818377],[-106.7412034,32.281879],[-106.7410019,32.2819168],[-106.7407875,32.2819568],[-106.7405941,32.281993]]}},{"type":"Feature","properties":{"highway":"service","name":""},"geometry":{"type":"LineString","coordinates":[[-106.7421871,32.2815355],[-106.7422229,32.2816798],[-106.7424763,32.282676]]}},{"type":"Feature","properties":{"highway":"service","name":""},"geometry":{"type":"LineString","coordinates":[[-106.7424763,32.282676],[-106.7425097,32.2826811],[-106.7425446,32.2826928],[-106.7425784,32.2827064],[-106.7426089,32.282731],[-106.7426286,32.2827611],[-106.742641,32.2827942],[-106.7427763,32.2833041],[-106.742804,32.2834085],[-106.7428042,32.283432],[-106.7427973,32.2834554],[-106.7427833,32.2834858],[-106.7427793,32.2835084],[-106.74278,32.2835305],[-106.7428062,32.2836321],[-106.7428089,32.2836553],[-106.7428076,32.2836767],[-106.7428058,32.2836967],[-106.742808,32.2837179],[-106.7428462,32.2838526]]}},{"type":"Feature","properties":{"highway":"steps","name":""},"geometry":{"type":"LineString","coordinates":[[-106.7422662,32.2846613],[-106.7422602,32.2846386]]}},{"type":"Feature","properties":{"highway":"footway","name":""},"geometry":{"type":"LineString","coordinates":[[-106.7423101,32.284827],[-106.7422662,32.2846613]]}},{"type":"Feature","properties":{"highway":"steps","name":""},"geometry":{"type":"LineString","coordinates":[[-106.7425829,32.2846008],[-106.742578,32.2845824]]}},{"type":"Feature","properties":{"highway":"footway","name":""},"geometry":{"type":"LineString","coordinates":[[-106.7426273,32.2847668],[-106.7425829,32.2846008]]}},{"type":"Feature","properties":{"highway":"footway","name":""},"geometry":{"type":"LineString","coordinates":[[-106.7422482,32.2845931],[-106.7417683,32.2846845]]}},{"type":"Feature","properties":{"highway":"footway","name":""},"geometry":{"type":"LineString","coordinates":[[-106.7429917,32.2844524],[-106.7425649,32.2845332]]}},{"type":"Feature","properties":{"highway":"footway","name":""},"geometry":{"type":"LineString","coordinates":[[-106.7422602,32.2846386],[-106.7422482,32.2845931],[-106.7422218,32.2844937]]}},{"type":"Feature","properties":{"highway":"footway","name":""},"geometry":{"type":"LineString","coordinates":[[-106.742578,32.2845824],[-106.7425649,32.2845332],[-106.7425381,32.2844332]]}},{"type":"Feature","properties":{"highway":"footway","name":""},"geometry":{"type":"LineString","coordinates":[[-106.7414708,32.2835605],[-106.7418183,32.2834983]]}},{"type":"Feature","properties":{"highway":"footway","name":""},"geometry":{"type":"LineString","coordinates":[[-106.7418857,32.2835707],[-106.7418183,32.2834983],[-106.7416057,32.2832688],[-106.7413194,32.282957]]}},{"type":"Feature","properties":{"highway":"footway","name":""},"geometry":{"type":"LineString","coordinates":[[-106.7407528,32.2834217],[-106.7414045,32.2833038],[-106.7416057,32.2832688]]}},{"type":"Feature","properties":{"highway":"pedestrian","name":""},"geometry":{"type":"LineString","coordinates":[[-106.7422213,32.2848674],[-106.7422153,32.284845],[-106.7421711,32.2846794],[-106.7422662,32.2846613],[-106.7425829,32.2846008],[-106.7426512,32.2845878],[-106.7426955,32.2847538],[-106.7427014,32.2847757],[-106.7422213,32.2848674]]}},{"type":"Feature","properties":{"highway":"pedestrian","name":"International Mall"},"geometry":{"type":"LineString","coordinates":[[-106.7469839,32.2836473],[-106.7470325,32.2836381],[-106.7470847,32.2836282],[-106.7472696,32.2835931],[-106.7474791,32.2835534],[-106.7474663,32.2834966],[-106.7475414,32.2834831],[-106.7478563,32.2834272],[-106.7483963,32.2833314]]}},{"type":"Feature","properties":{"highway":"service","name":""},"geometry":{"type":"LineString","coordinates":[[-106.7630255,32.2679513],[-106.762944,32.2677628],[-106.7625833,32.2669089]]}},{"type":"Feature","properties":{"highway":"service","name":""},"geometry":{"type":"LineString","coordinates":[[-106.7705232,32.2727594],[-106.7701028,32.2721886],[-106.77008,32.2721263],[-106.7701377,32.2720015],[-106.7702195,32.2719176],[-106.7702745,32.2718451],[-106.7703,32.2717555],[-106.7702638,32.2716602],[-106.7700318,32.2713064],[-106.769718,32.2708698],[-106.7689656,32.2698153],[-106.7686665,32.2694037],[-106.7685887,32.2693152],[-106.7685646,32.2692642],[-106.7685981,32.2691746],[-106.7686692,32.2691406],[-106.7688033,32.269127]]}},{"type":"Feature","properties":{"highway":"tertiary","name":"West University Avenue"},"geometry":{"type":"LineString","coordinates":[[-106.7700394,32.2807027],[-106.7701465,32.2806557],[-106.7702413,32.28062],[-106.7704287,32.2805673],[-106.7706812,32.280519],[-106.7710867,32.2804828],[-106.7714516,32.2804773],[-106.7717759,32.2804211],[-106.7721289,32.2802856]]}},{"type":"Feature","properties":{"highway":"primary","name":"South Main Street"},"geometry":{"type":"LineString","coordinates":[[-106.7700394,32.2807027],[-106.7699664,32.2805842]]}},{"type":"Feature","properties":{"highway":"service","name":""},"geometry":{"type":"LineString","coordinates":[[-106.7280591,32.2560797],[-106.7279451,32.2561111],[-106.7278211,32.2561332],[-106.7276711,32.256153],[-106.7274794,32.2561773],[-106.7273294,32.2561894],[-106.7272237,32.2561949],[-106.727122,32.2561938],[-106.7270424,32.2561883],[-106.7269889,32.2561762],[-106.7269485,32.2561541],[-106.7269159,32.2561254],[-106.7268963,32.2560846],[-106.7268493,32.2559688],[-106.7268206,32.2558982],[-106.7267841,32.2558232],[-106.7267489,32.2557603],[-106.7267032,32.255693]]}},{"type":"Feature","properties":{"highway":"service","name":""},"geometry":{"type":"LineString","coordinates":[[-106.7549351,32.2849813],[-106.754868,32.2849927],[-106.7547118,32.2850191]]}},{"type":"Feature","properties":{"highway":"service","name":""},"geometry":{"type":"LineString","coordinates":[[-106.7545396,32.2850523],[-106.7544896,32.2850792],[-106.7543307,32.2851022],[-106.7542739,32.285106],[-106.7542171,32.2849812],[-106.7541694,32.2848276],[-106.7541649,32.2847931],[-106.7541808,32.2847681],[-106.7542444,32.2847336],[-106.7545237,32.284674],[-106.754585,32.2846721],[-106.7546123,32.2847009],[-106.7546412,32.284784],[-106.7546691,32.2848641],[-106.7547118,32.2850191]]}},{"type":"Feature","properties":{"highway":"service","name":""},"geometry":{"type":"LineString","coordinates":[[-106.7547118,32.2850191],[-106.7545396,32.2850523]]}},{"type":"Feature","properties":{"highway":"service","name":""},"geometry":{"type":"LineString","coordinates":[[-106.7545396,32.2850523],[-106.7544397,32.2850542],[-106.7544124,32.2850369],[-106.7543761,32.2849198],[-106.7543715,32.2848603],[-106.7544397,32.2848027],[-106.7546412,32.284784]]}},{"type":"Feature","properties":{"highway":"service","name":""},"geometry":{"type":"LineString","coordinates":[[-106.7674952,32.2938477],[-106.767406,32.2939176],[-106.7673206,32.2939844]]}},{"type":"Feature","properties":{"highway":"service","name":""},"geometry":{"type":"LineString","coordinates":[[-106.7673206,32.2939844],[-106.7671393,32.2938213]]}},{"type":"Feature","properties":{"highway":"service","name":""},"geometry":{"type":"LineString","coordinates":[[-106.7673206,32.2939844],[-106.7674856,32.2941251],[-106.7675674,32.2940628],[-106.7676582,32.2939936]]}},{"type":"Feature","properties":{"highway":"service","name":""},"geometry":{"type":"LineString","coordinates":[[-106.7679725,32.2942749],[-106.7678796,32.2943437],[-106.7677372,32.2944492],[-106.7675211,32.2942553],[-106.7676606,32.2941467],[-106.7677508,32.2940765]]}},{"type":"Feature","properties":{"highway":"secondary_link","name":""},"geometry":{"type":"LineString","coordinates":[[-106.7669349,32.2933687],[-106.7669573,32.2934292],[-106.7669767,32.2934848],[-106.7669814,32.2935347],[-106.7669773,32.2935846],[-106.7669693,32.2936163],[-106.7669506,32.2936526],[-106.766919,32.2936956],[-106.7668851,32.2937311]]}},{"type":"Feature","properties":{"highway":"secondary_link","name":""},"geometry":{"type":"LineString","coordinates":[[-106.76755,32.2938968],[-106.767544,32.2937829],[-106.767548,32.2937314],[-106.7675546,32.2936957],[-106.7675567,32.2936843],[-106.7675688,32.2936486],[-106.7675916,32.2936123],[-106.7676178,32.2935862],[-106.7676526,32.2935641],[-106.7677002,32.2935227]]}},{"type":"Feature","properties":{"highway":"residential","name":"Salopek Boulevard"},"geometry":{"type":"LineString","coordinates":[[-106.7477846,32.2682862],[-106.747758,32.268277],[-106.7477314,32.2682724],[-106.7477056,32.2682725],[-106.7476811,32.2682749],[-106.7476036,32.2683036],[-106.7475387,32.268332],[-106.7474769,32.2683631],[-106.7474149,32.2683958],[-106.7473561,32.2684299],[-106.7472923,32.2684691],[-106.747227,32.2685123],[-106.7471651,32.2685585],[-106.7470968,32.2686155],[-106.7470405,32.2686669],[-106.7469849,32.2687197],[-106.7469348,32.2687746],[-106.7468891,32.2688282],[-106.7468418,32.2688866],[-106.7467955,32.2689488],[-106.746734,32.2690392],[-106.7467271,32.2690642],[-106.7467265,32.2690899],[-106.7467319,32.2691156],[-106.7467421,32.26914]]}},{"type":"Feature","properties":{"highway":"residential","name":"Salopek Boulevard"},"geometry":{"type":"LineString","coordinates":[[-106.7496034,32.2669583],[-106.7495926,32.2670195],[-106.7495504,32.2670898],[-106.7487404,32.2678337],[-106.7485781,32.2679556],[-106.748497,32.267993],[-106.7483997,32.2680089]]}},{"type":"Feature","properties":{"highway":"residential","name":"Salopek Boulevard"},"geometry":{"type":"LineString","coordinates":[[-106.7467421,32.26914],[-106.7466739,32.2692462]]}},{"type":"Feature","properties":{"highway":"residential","name":"Salopek Boulevard"},"geometry":{"type":"LineString","coordinates":[[-106.7477846,32.2682862],[-106.7477755,32.2683089],[-106.7477623,32.2683322],[-106.7477418,32.2683512],[-106.7477185,32.2683661],[-106.7476252,32.2684055],[-106.747559,32.268435],[-106.7474956,32.2684681],[-106.7474357,32.2685023],[-106.7473702,32.2685423],[-106.7473085,32.2685825],[-106.7472461,32.2686292],[-106.74718,32.2686803],[-106.747127,32.2687264],[-106.7470719,32.2687801],[-106.7470193,32.2688382],[-106.7469659,32.2689023],[-106.7469057,32.268984],[-106.7468461,32.2690702],[-106.7468245,32.2690934],[-106.7467995,32.2691131],[-106.7467698,32.2691289],[-106.7467421,32.26914]]}},{"type":"Feature","properties":{"highway":"residential","name":"Salopek Boulevard"},"geometry":{"type":"LineString","coordinates":[[-106.7496034,32.2669583],[-106.7495316,32.2669628],[-106.7494512,32.267011],[-106.7489409,32.2674861],[-106.7486767,32.2677367],[-106.7485707,32.2678246],[-106.7484849,32.2678796],[-106.7484346,32.2679454],[-106.7483997,32.2680089]]}},{"type":"Feature","properties":{"highway":"residential","name":"Salopek Boulevard"},"geometry":{"type":"LineString","coordinates":[[-106.7514867,32.2652487],[-106.750648,32.2660393],[-106.7503656,32.266298],[-106.7502781,32.2663814],[-106.7502024,32.266454],[-106.7501212,32.2665282],[-106.749656,32.2669143],[-106.7496034,32.2669583]]}},{"type":"Feature","properties":{"highway":"residential","name":""},"geometry":{"type":"LineString","coordinates":[[-106.7699255,32.2531475],[-106.7699774,32.2532494],[-106.7700297,32.253339],[-106.770078,32.2534105],[-106.7701565,32.2535057],[-106.7702262,32.2535931],[-106.7702591,32.2536538],[-106.7703483,32.2538437],[-106.7704046,32.2539532],[-106.7704468,32.2540224],[-106.7705005,32.2540966],[-106.770591,32.2542123],[-106.770814,32.2544803],[-106.7709759,32.2547029],[-106.771106,32.2548735],[-106.7712291,32.2550343]]}},{"type":"Feature","properties":{"highway":"path","name":"Stern Arroyo Path"},"geometry":{"type":"LineString","coordinates":[[-106.745393,32.269601],[-106.7455567,32.2693508],[-106.7460272,32.2687371]]}},{"type":"Feature","properties":{"highway":"path","name":"Arroyo Path"},"geometry":{"type":"LineString","coordinates":[[-106.7491124,32.2638752],[-106.7489515,32.2640113],[-106.74893,32.2641202],[-106.7487154,32.2644309],[-106.7480476,32.2653154],[-106.7478008,32.2656488],[-106.7477927,32.265735],[-106.7478142,32.2660185],[-106.7475064,32.26641],[-106.7474379,32.2665107],[-106.7474053,32.2665452],[-106.747353,32.2665687],[-106.7470479,32.2670999],[-106.7468701,32.2675676],[-106.7468505,32.2677842],[-106.7467379,32.2679083],[-106.746534,32.2681746],[-106.7463839,32.268525],[-106.7462468,32.2686809],[-106.7460272,32.2687371]]}},{"type":"Feature","properties":{"highway":"service","name":"Arroyo Trail"},"geometry":{"type":"LineString","coordinates":[[-106.7491124,32.2638752],[-106.7491688,32.263721],[-106.749201,32.2631608],[-106.7492332,32.2623556],[-106.7492627,32.2619791],[-106.7497294,32.2612601],[-106.7501264,32.2607203],[-106.7501773,32.2606091]]}},{"type":"Feature","properties":{"highway":"track","name":"Las Cruces Lateral Trail (East)"},"geometry":{"type":"LineString","coordinates":[[-106.773033,32.2919275],[-106.7729081,32.2918323],[-106.7727606,32.2917198],[-106.7727489,32.29171],[-106.7725526,32.2915467],[-106.7723943,32.2914602],[-106.7722134,32.2914107],[-106.7718368,32.2913661],[-106.7712124,32.2913214],[-106.7708442,32.2912235],[-106.7704947,32.2910597],[-106.770048,32.2909405],[-106.7696218,32.2908344],[-106.7691391,32.2906413],[-106.7687528,32.2905395],[-106.7684812,32.2904731],[-106.7681722,32.2904715],[-106.7676225,32.2904437],[-106.7673385,32.2904117],[-106.7671443,32.2903785],[-106.7669743,32.2903141],[-106.7667522,32.2902125],[-106.7664999,32.2901134],[-106.7662707,32.2901118],[-106.765936,32.290139],[-106.7652771,32.2901552],[-106.7651445,32.2901547],[-106.7650027,32.2901502],[-106.7648209,32.2901417],[-106.7646179,32.2901274],[-106.7645636,32.2901215],[-106.7645274,32.2901124],[-106.7644967,32.2900959],[-106.7644728,32.2900733],[-106.7644545,32.2900485],[-106.7643091,32.2896378],[-106.7641901,32.2892781],[-106.7641288,32.2891154],[-106.7641048,32.2890519],[-106.7640701,32.288966],[-106.7640294,32.2888719],[-106.763949,32.2886409],[-106.7636248,32.2877629],[-106.7634515,32.2872942],[-106.7632372,32.2867131],[-106.7630615,32.2862011],[-106.7630376,32.2861286],[-106.7630129,32.2860562],[-106.7628488,32.2856361],[-106.7628206,32.2855399],[-106.7628065,32.2854662],[-106.7627997,32.285383],[-106.7627999,32.285308],[-106.7628145,32.2852335],[-106.7628456,32.2851579],[-106.7628771,32.2850927],[-106.7629236,32.2850284],[-106.7629663,32.2849781],[-106.7631811,32.2847873],[-106.7633607,32.2846461],[-106.7634236,32.2845901],[-106.7634666,32.2845434],[-106.7635051,32.2844918],[-106.7635374,32.2844324],[-106.763588,32.2843035],[-106.7636422,32.2841371],[-106.7636964,32.2839764],[-106.7637453,32.2838281],[-106.7637759,32.2837251],[-106.7637977,32.2836442],[-106.7638133,32.2835708],[-106.7638228,32.2835006],[-106.7638359,32.2833991],[-106.7638445,32.2832932],[-106.7638452,32.2831752],[-106.7638333,32.2830101],[-106.7638256,32.2828994],[-106.7638206,32.2826167],[-106.7638198,32.2825221],[-106.7638196,32.2824971],[-106.7638215,32.2823851],[-106.7638388,32.282015],[-106.7638561,32.2816164],[-106.7638682,32.2813813],[-106.7638821,32.2811627],[-106.7639045,32.2809541],[-106.7639257,32.2808159],[-106.7639421,32.2807379],[-106.7639584,32.2806643],[-106.76398,32.2805915],[-106.7640064,32.2804838],[-106.764014,32.2804469],[-106.7640181,32.280407],[-106.7640196,32.2803539],[-106.7640194,32.2803038],[-106.7640041,32.2799668],[-106.7639959,32.2798108],[-106.7639923,32.2797037],[-106.7639905,32.2795892],[-106.7639919,32.2794259],[-106.7639977,32.2792462],[-106.7640075,32.2791394],[-106.7640191,32.2790466],[-106.7640299,32.2789786],[-106.7640274,32.2789317],[-106.7640196,32.2788937],[-106.7639986,32.2788627],[-106.763938,32.2788322],[-106.7638399,32.2787828],[-106.7632667,32.2785104],[-106.7622916,32.2779908],[-106.7619885,32.2778422],[-106.7619221,32.2778133],[-106.7618416,32.2777969],[-106.7617773,32.2777714],[-106.7617296,32.2777436],[-106.7617014,32.2777103]]}},{"type":"Feature","properties":{"highway":"track","name":"Las Cruces Lateral Trail (East)"},"geometry":{"type":"LineString","coordinates":[[-106.763802,32.2775965],[-106.7637807,32.2774168],[-106.7637048,32.2771369],[-106.7636532,32.2769315],[-106.7635924,32.2767646],[-106.763605,32.276251],[-106.7636056,32.2762254],[-106.7636062,32.2762032],[-106.7636088,32.2760958],[-106.7636137,32.2758966],[-106.7636198,32.2753445],[-106.7635773,32.2751674],[-106.7634861,32.2750621],[-106.76331,32.2749671],[-106.7625446,32.2747719],[-106.7604581,32.2742943],[-106.7599479,32.2741762],[-106.7597809,32.2740606],[-106.7596746,32.2739142],[-106.7596321,32.2738115],[-106.7596078,32.2735496],[-106.7595926,32.2734331],[-106.7595422,32.2731859],[-106.7595293,32.2731083],[-106.7592717,32.2725073],[-106.7591478,32.2721357],[-106.7590758,32.2718165],[-106.7590152,32.2714486],[-106.7589691,32.2711623],[-106.7589259,32.2708443],[-106.7589288,32.2706298],[-106.7590181,32.2702765],[-106.7591478,32.2698318],[-106.7593308,32.2693907],[-106.7593394,32.2693103],[-106.7593394,32.269208],[-106.7592789,32.269052],[-106.7592588,32.2689919],[-106.759204,32.2688278],[-106.7591046,32.2685257],[-106.7589821,32.2683076],[-106.7586593,32.2680493],[-106.7582414,32.2677617],[-106.7577198,32.2673633],[-106.7575022,32.2671367],[-106.7569975,32.2666591],[-106.7568188,32.2665215],[-106.7566303,32.2664132],[-106.7562283,32.2661111],[-106.7559702,32.2658652],[-106.7558382,32.2657024],[-106.7556824,32.2655396],[-106.7555385,32.2654355],[-106.7553916,32.2653851],[-106.7553201,32.2653683],[-106.7553003,32.2653532],[-106.7552506,32.2653129],[-106.7551782,32.2652424],[-106.7550472,32.2651485],[-106.7549827,32.2650729],[-106.7548854,32.2648925],[-106.7547911,32.264702],[-106.7543077,32.2639751],[-106.7541043,32.263631],[-106.7539008,32.2633776],[-106.7537053,32.2632357],[-106.7534174,32.2630763],[-106.7531246,32.2628916],[-106.7527872,32.2627598],[-106.7524993,32.2626398],[-106.7524318,32.2625903],[-106.7523703,32.2625164],[-106.7523256,32.2624283],[-106.7522859,32.2623402],[-106.7522204,32.2622193],[-106.7520338,32.2620389],[-106.7518482,32.2618618],[-106.7516815,32.261699],[-106.7515177,32.261563],[-106.7513222,32.2614606],[-106.7512467,32.2613951],[-106.7511505,32.2612902],[-106.7510443,32.2611861],[-106.750819,32.2609948],[-106.7505758,32.2608571],[-106.7502731,32.2607077],[-106.7501966,32.2606355],[-106.7501773,32.2606091]]}},{"type":"Feature","properties":{"highway":"footway","name":""},"geometry":{"type":"LineString","coordinates":[[-106.7542159,32.2832452],[-106.7542879,32.2835114]]}},{"type":"Feature","properties":{"highway":"footway","name":""},"geometry":{"type":"LineString","coordinates":[[-106.7542066,32.2832111],[-106.7542159,32.2832452]]}},{"type":"Feature","properties":{"highway":"primary","name":"East University Avenue"},"geometry":{"type":"LineString","coordinates":[[-106.7443581,32.2861733],[-106.7449896,32.2862025],[-106.7450122,32.2862035],[-106.7455095,32.2861834],[-106.7458973,32.2861535],[-106.746427,32.2860776],[-106.7473598,32.2858922],[-106.747454,32.2858735],[-106.7475885,32.2858476],[-106.7477706,32.2858124],[-106.7479148,32.2857871],[-106.7483373,32.2857002],[-106.7484116,32.2856843],[-106.7485119,32.2856082]]}},{"type":"Feature","properties":{"highway":"primary_link","name":""},"geometry":{"type":"LineString","coordinates":[[-106.7622696,32.2684711],[-106.7621299,32.2680636],[-106.7621664,32.2679587],[-106.762206,32.2679252],[-106.7622525,32.2678891],[-106.7623153,32.267853]]}},{"type":"Feature","properties":{"highway":"residential","name":""},"geometry":{"type":"LineString","coordinates":[[-106.7479061,32.2620285],[-106.7478011,32.2621188]]}},{"type":"Feature","properties":{"highway":"residential","name":""},"geometry":{"type":"LineString","coordinates":[[-106.7373216,32.2615636],[-106.7373985,32.2615067]]}},{"type":"Feature","properties":{"highway":"residential","name":"Bravia Dove Loop"},"geometry":{"type":"LineString","coordinates":[[-106.738411,32.263635],[-106.7384285,32.2635069]]}},{"type":"Feature","properties":{"highway":"residential","name":"Shadow Mountain Road"},"geometry":{"type":"LineString","coordinates":[[-106.7341217,32.2792046],[-106.7340681,32.2792876]]}},{"type":"Feature","properties":{"highway":"residential","name":"Shadow Mountain Road"},"geometry":{"type":"LineString","coordinates":[[-106.7349974,32.2790659],[-106.7349149,32.2790259]]}},{"type":"Feature","properties":{"highway":"service","name":""},"geometry":{"type":"LineString","coordinates":[[-106.7442305,32.2806765],[-106.7442028,32.2805695],[-106.7441766,32.2804811],[-106.7450108,32.2803366],[-106.7456092,32.2802239],[-106.7457675,32.2801941]]}},{"type":"Feature","properties":{"highway":"service","name":""},"geometry":{"type":"LineString","coordinates":[[-106.745298,32.2791109],[-106.7456092,32.2802239]]}},{"type":"Feature","properties":{"highway":"footway","name":""},"geometry":{"type":"LineString","coordinates":[[-106.7420207,32.2815009],[-106.7420385,32.2815636],[-106.7420767,32.2817071]]}},{"type":"Feature","properties":{"highway":"service","name":""},"geometry":{"type":"LineString","coordinates":[[-106.7477884,32.2865575],[-106.7479262,32.2865078],[-106.7482155,32.2864035],[-106.7482332,32.2863721],[-106.7482421,32.2862928],[-106.7482209,32.2862],[-106.7481552,32.2860769],[-106.748074,32.2859248],[-106.7480515,32.2858985],[-106.7480184,32.2858838],[-106.7479475,32.2858803],[-106.7479311,32.2858336],[-106.7479148,32.2857871]]}},{"type":"Feature","properties":{"highway":"service","name":""},"geometry":{"type":"LineString","coordinates":[[-106.7481552,32.2860769],[-106.7477852,32.2862143],[-106.7476505,32.2862642]]}},{"type":"Feature","properties":{"highway":"service","name":""},"geometry":{"type":"LineString","coordinates":[[-106.7479262,32.2865078],[-106.7477852,32.2862143],[-106.7477183,32.28604],[-106.7478046,32.2859164],[-106.7477866,32.2858613],[-106.7477706,32.2858124]]}},{"type":"Feature","properties":{"highway":"service","name":""},"geometry":{"type":"LineString","coordinates":[[-106.7479475,32.2858803],[-106.7478046,32.2859164]]}},{"type":"Feature","properties":{"highway":"footway","name":""},"geometry":{"type":"LineString","coordinates":[[-106.7505808,32.2829801],[-106.7506434,32.2828708],[-106.750685,32.2827892],[-106.7507152,32.2827183],[-106.7507587,32.28261],[-106.7507842,32.2825329],[-106.7507909,32.2824898],[-106.7507781,32.2824388]]}},{"type":"Feature","properties":{"highway":"steps","name":""},"geometry":{"type":"LineString","coordinates":[[-106.7506592,32.2827004],[-106.7506796,32.2827078]]}},{"type":"Feature","properties":{"highway":"footway","name":""},"geometry":{"type":"LineString","coordinates":[[-106.7506796,32.2827078],[-106.7507152,32.2827183],[-106.7511477,32.2828675]]}},{"type":"Feature","properties":{"highway":"footway","name":""},"geometry":{"type":"LineString","coordinates":[[-106.7505988,32.2826825],[-106.7506592,32.2827004]]}},{"type":"Feature","properties":{"highway":"steps","name":""},"geometry":{"type":"LineString","coordinates":[[-106.7506984,32.2824524],[-106.7507537,32.2824431]]}},{"type":"Feature","properties":{"highway":"footway","name":""},"geometry":{"type":"LineString","coordinates":[[-106.7507537,32.2824431],[-106.7507781,32.2824388],[-106.7507944,32.2824359],[-106.7509547,32.2824078]]}},{"type":"Feature","properties":{"highway":"footway","name":""},"geometry":{"type":"LineString","coordinates":[[-106.7539345,32.2843981],[-106.7539431,32.2844118],[-106.7539576,32.2844179],[-106.7539743,32.2844173],[-106.7542439,32.2843664],[-106.7554861,32.2841248]]}},{"type":"Feature","properties":{"highway":"footway","name":""},"geometry":{"type":"LineString","coordinates":[[-106.7536213,32.2833583],[-106.7535857,32.2833629],[-106.7535127,32.2833765],[-106.7533782,32.2834021],[-106.7532572,32.2834252],[-106.7532466,32.2833879]]}},{"type":"Feature","properties":{"highway":"footway","name":""},"geometry":{"type":"LineString","coordinates":[[-106.7535482,32.2829672],[-106.7535201,32.2829728],[-106.7536213,32.2833583],[-106.753787,32.2840023],[-106.7538084,32.2840125],[-106.7538258,32.2840119]]}},{"type":"Feature","properties":{"highway":"footway","name":""},"geometry":{"type":"LineString","coordinates":[[-106.7533853,32.2828889],[-106.7533937,32.2829307],[-106.7534086,32.282994],[-106.7535127,32.2833765]]}},{"type":"Feature","properties":{"highway":"footway","name":""},"geometry":{"type":"LineString","coordinates":[[-106.7545205,32.284186],[-106.7543677,32.2842166],[-106.7542014,32.284178]]}},{"type":"Feature","properties":{"highway":"service","name":""},"geometry":{"type":"LineString","coordinates":[[-106.7546573,32.2838005],[-106.7547056,32.2837529],[-106.7547324,32.2837019],[-106.7547673,32.2835613]]}},{"type":"Feature","properties":{"highway":"service","name":""},"geometry":{"type":"LineString","coordinates":[[-106.7541625,32.2839071],[-106.7543301,32.2838821],[-106.7545688,32.2838379],[-106.7546573,32.2838005]]}},{"type":"Feature","properties":{"highway":"pedestrian","name":""},"geometry":{"type":"LineString","coordinates":[[-106.7562292,32.2833399],[-106.7561374,32.2833589],[-106.7556572,32.2834584],[-106.7555492,32.2834808],[-106.7552541,32.2835284],[-106.7551267,32.283542],[-106.7550087,32.2835556],[-106.7549095,32.2835885],[-106.7548437,32.2836327],[-106.7547888,32.283686],[-106.7547324,32.2837019]]}},{"type":"Feature","properties":{"highway":"service","name":""},"geometry":{"type":"LineString","coordinates":[[-106.7540744,32.2835533],[-106.7540757,32.2834369]]}},{"type":"Feature","properties":{"highway":"service","name":""},"geometry":{"type":"LineString","coordinates":[[-106.7541407,32.2838297],[-106.7541192,32.283755]]}},{"type":"Feature","properties":{"highway":"footway","name":""},"geometry":{"type":"LineString","coordinates":[[-106.7541407,32.2838297],[-106.7541826,32.283822],[-106.7545051,32.2837625],[-106.7545695,32.2837353]]}},{"type":"Feature","properties":{"highway":"footway","name":""},"geometry":{"type":"LineString","coordinates":[[-106.7544387,32.2832766],[-106.754491,32.2834706],[-106.7542879,32.2835114],[-106.7540974,32.2835494],[-106.7540744,32.2835533]]}},{"type":"Feature","properties":{"highway":"service","name":""},"geometry":{"type":"LineString","coordinates":[[-106.7537728,32.2840583],[-106.7538335,32.2840463],[-106.7540953,32.2839946],[-106.7541195,32.2839898],[-106.7541584,32.2839536],[-106.7541625,32.2839071],[-106.7541407,32.2838297]]}},{"type":"Feature","properties":{"highway":"cycleway","name":""},"geometry":{"type":"LineString","coordinates":[[-106.7482719,32.2841467],[-106.7482375,32.2840193],[-106.7492038,32.2838442],[-106.7492515,32.2838087],[-106.7494149,32.2836898],[-106.7494665,32.2836778]]}},{"type":"Feature","properties":{"highway":"service","name":""},"geometry":{"type":"LineString","coordinates":[[-106.7588486,32.2851745],[-106.7620904,32.2845056],[-106.7621992,32.2844839]]}},{"type":"Feature","properties":{"highway":"service","name":""},"geometry":{"type":"LineString","coordinates":[[-106.7588486,32.2851745],[-106.758381,32.2852705]]}},{"type":"Feature","properties":{"highway":"service","name":""},"geometry":{"type":"LineString","coordinates":[[-106.7618157,32.2836237],[-106.7617648,32.2836314],[-106.7591663,32.2841318],[-106.7587128,32.2842209],[-106.758657,32.2842677],[-106.7587232,32.2845541],[-106.7587236,32.2846424],[-106.7588486,32.2851745]]}},{"type":"Feature","properties":{"highway":"service","name":""},"geometry":{"type":"LineString","coordinates":[[-106.7591663,32.2841318],[-106.7591202,32.2839593],[-106.7590725,32.2837812],[-106.7590296,32.2836209],[-106.7590054,32.2835304]]}},{"type":"Feature","properties":{"highway":"service","name":""},"geometry":{"type":"LineString","coordinates":[[-106.7585415,32.2845768],[-106.7578335,32.2846895],[-106.7577795,32.2845098],[-106.7575642,32.2845462],[-106.7570813,32.284628],[-106.7568689,32.284671],[-106.7567913,32.2846867]]}},{"type":"Feature","properties":{"highway":"service","name":""},"geometry":{"type":"LineString","coordinates":[[-106.7573431,32.2856421],[-106.7574251,32.2856099],[-106.7575224,32.2855717],[-106.7576303,32.2855278],[-106.7577483,32.2854779],[-106.7578126,32.2854507],[-106.7578997,32.2854375],[-106.7580876,32.2853586]]}},{"type":"Feature","properties":{"highway":"service","name":""},"geometry":{"type":"LineString","coordinates":[[-106.762893,32.2840155],[-106.7629843,32.284342]]}},{"type":"Feature","properties":{"highway":"service","name":""},"geometry":{"type":"LineString","coordinates":[[-106.7620852,32.2841748],[-106.762346,32.2841179],[-106.762893,32.2840155]]}},{"type":"Feature","properties":{"highway":"service","name":""},"geometry":{"type":"LineString","coordinates":[[-106.762893,32.2840155],[-106.7628826,32.2838172],[-106.7626624,32.282964],[-106.7626246,32.2828405]]}},{"type":"Feature","properties":{"highway":"service","name":""},"geometry":{"type":"LineString","coordinates":[[-106.7565194,32.2851631],[-106.7566574,32.2857486],[-106.7567855,32.2862918]]}},{"type":"Feature","properties":{"highway":"service","name":""},"geometry":{"type":"LineString","coordinates":[[-106.7566574,32.2857486],[-106.7556264,32.2859466]]}},{"type":"Feature","properties":{"highway":"track","name":"Tortugas Site 1 Dam"},"geometry":{"type":"LineString","coordinates":[[-106.7277132,32.2961819],[-106.7281973,32.2938396],[-106.7285997,32.2918444],[-106.7286533,32.2916267],[-106.7285977,32.2914925],[-106.7282081,32.2912095],[-106.7267329,32.2902572],[-106.7243455,32.2887864]]}},{"type":"Feature","properties":{"highway":"track","name":""},"geometry":{"type":"LineString","coordinates":[[-106.7222899,32.2964264],[-106.7225271,32.2962135],[-106.7227685,32.2960457],[-106.7231843,32.2957646],[-106.7236993,32.2953474],[-106.7242169,32.2949347],[-106.7246193,32.2945765],[-106.724807,32.2944269],[-106.7250189,32.2941525],[-106.7251503,32.2938759],[-106.7252979,32.2935834],[-106.7256278,32.2931504],[-106.7257565,32.292944],[-106.7257793,32.2927932],[-106.7257176,32.2925076],[-106.7255835,32.2923069],[-106.7255312,32.2922423],[-106.7254561,32.2921471],[-106.7253059,32.2918761],[-106.7252228,32.29157],[-106.7250243,32.2910054],[-106.7248178,32.2905247],[-106.7246327,32.2899738],[-106.7246193,32.2899114],[-106.7247172,32.289832],[-106.7247199,32.2897583],[-106.7245831,32.289611],[-106.7244543,32.2894636],[-106.7242827,32.2892538],[-106.7242102,32.2891427],[-106.7241968,32.2890475],[-106.7242169,32.2889364],[-106.7243455,32.2887864],[-106.7245227,32.2887335],[-106.7247292,32.2887471],[-106.7252442,32.2888287],[-106.7259765,32.2889103],[-106.726234,32.2889149],[-106.7263842,32.2889466],[-106.7264539,32.2890645],[-106.7265558,32.2895044],[-106.7268723,32.289781],[-106.7274571,32.2901529],[-106.727795,32.2903524],[-106.7279559,32.2905656],[-106.7282403,32.290756],[-106.728605,32.2908875],[-106.7289001,32.2911233],[-106.7290556,32.2912866],[-106.7291308,32.2914272],[-106.7292059,32.2915541],[-106.7291844,32.2916675],[-106.7290556,32.2918035],[-106.7289698,32.2920348],[-106.7289215,32.2921799],[-106.7288786,32.2923523],[-106.7289054,32.2926697],[-106.7289001,32.2928284],[-106.7288518,32.2930098],[-106.728766,32.2931821],[-106.7287418,32.2933023],[-106.7287338,32.2933748],[-106.7288093,32.293491]]}},{"type":"Feature","properties":{"highway":"primary","name":"East University Avenue"},"geometry":{"type":"LineString","coordinates":[[-106.7434419,32.2861488],[-106.7435715,32.2861492],[-106.7438117,32.2861514],[-106.7443581,32.2861733]]}},{"type":"Feature","properties":{"highway":"service","name":""},"geometry":{"type":"LineString","coordinates":[[-106.759096,32.2869001],[-106.7589914,32.2869296],[-106.7582754,32.2870672],[-106.7581845,32.2870847]]}},{"type":"Feature","properties":{"highway":"service","name":""},"geometry":{"type":"LineString","coordinates":[[-106.759096,32.2869001],[-106.7591452,32.2869689]]}},{"type":"Feature","properties":{"highway":"service","name":""},"geometry":{"type":"LineString","coordinates":[[-106.7589777,32.2867107],[-106.7585862,32.2868018],[-106.7581752,32.2868928],[-106.7580843,32.2869129]]}},{"type":"Feature","properties":{"highway":"service","name":""},"geometry":{"type":"LineString","coordinates":[[-106.758832,32.2864776],[-106.7584052,32.2865702],[-106.7580384,32.2866586],[-106.7579486,32.2866803]]}},{"type":"Feature","properties":{"highway":"service","name":""},"geometry":{"type":"LineString","coordinates":[[-106.759096,32.2869001],[-106.7589777,32.2867107],[-106.758832,32.2864776],[-106.7586776,32.2861631],[-106.7588486,32.2860943]]}},{"type":"Feature","properties":{"highway":"service","name":""},"geometry":{"type":"LineString","coordinates":[[-106.7680018,32.262654],[-106.7690924,32.2623295]]}},{"type":"Feature","properties":{"highway":"service","name":""},"geometry":{"type":"LineString","coordinates":[[-106.7267366,32.2709049],[-106.7266205,32.2708086],[-106.726563,32.2707574],[-106.7265468,32.2707199],[-106.7265448,32.2706772],[-106.726561,32.270632],[-106.7265761,32.2705715],[-106.72657,32.2705357],[-106.7265454,32.2704859],[-106.7265337,32.2704623],[-106.7264984,32.270383],[-106.7264762,32.2703352],[-106.726452,32.2702892],[-106.7264218,32.2702602],[-106.7263885,32.2702525],[-106.7263623,32.2702696],[-106.726337,32.2702994]]}},{"type":"Feature","properties":{"highway":"service","name":""},"geometry":{"type":"LineString","coordinates":[[-106.7701797,32.2832208],[-106.77015,32.2832822],[-106.7700867,32.2834132],[-106.7700582,32.2834721],[-106.7700525,32.283497],[-106.7700535,32.2835227],[-106.7700668,32.2835549],[-106.7701953,32.283785],[-106.7702,32.2838156],[-106.7702019,32.2838583],[-106.7702,32.2838961],[-106.7702058,32.283921],[-106.7703894,32.2842243],[-106.7703361,32.2842605],[-106.7703266,32.2842766],[-106.7703276,32.2842951],[-106.7704189,32.2844086],[-106.7704361,32.284419],[-106.770457,32.2844166],[-106.7705674,32.2843474],[-106.7705741,32.284337],[-106.7705741,32.2843177],[-106.7705179,32.2842428],[-106.7705036,32.2842364],[-106.7704789,32.2842324],[-106.7703894,32.2842243]]}},{"type":"Feature","properties":{"highway":"service","name":""},"geometry":{"type":"LineString","coordinates":[[-106.7706801,32.2834186],[-106.7706494,32.2834826],[-106.770611,32.2835626],[-106.7705847,32.2835789],[-106.7705546,32.2835816],[-106.7705244,32.2835796],[-106.770495,32.283575],[-106.7700867,32.2834132]]}},{"type":"Feature","properties":{"highway":"service","name":""},"geometry":{"type":"LineString","coordinates":[[-106.7481633,32.287354],[-106.7485254,32.2872865],[-106.7488212,32.2872313],[-106.7488637,32.2872511],[-106.7490613,32.2876162],[-106.7490452,32.2876509],[-106.7487779,32.2877067],[-106.7483785,32.2877902]]}},{"type":"Feature","properties":{"highway":"service","name":""},"geometry":{"type":"LineString","coordinates":[[-106.7487779,32.2877067],[-106.7485254,32.2872865]]}},{"type":"Feature","properties":{"highway":"service","name":""},"geometry":{"type":"LineString","coordinates":[[-106.7477603,32.2882315],[-106.7478152,32.2884142],[-106.7473239,32.288526],[-106.7473082,32.288558],[-106.7473019,32.2885952],[-106.7473812,32.2888838],[-106.7474877,32.2892714],[-106.7475255,32.2892861],[-106.7475727,32.2892834],[-106.7481404,32.2891642],[-106.7486828,32.2890531],[-106.7487253,32.2890239],[-106.7487143,32.2889679],[-106.748467,32.288373],[-106.7484119,32.2883264],[-106.7483379,32.288317],[-106.7482702,32.288317],[-106.7478152,32.2884142]]}},{"type":"Feature","properties":{"highway":"service","name":""},"geometry":{"type":"LineString","coordinates":[[-106.7473812,32.2888838],[-106.7471929,32.2889197]]}},{"type":"Feature","properties":{"highway":"service","name":""},"geometry":{"type":"LineString","coordinates":[[-106.7481404,32.2891642],[-106.7482713,32.2896055]]}},{"type":"Feature","properties":{"highway":"service","name":""},"geometry":{"type":"LineString","coordinates":[[-106.7467314,32.2893134],[-106.7468862,32.2899001]]}},{"type":"Feature","properties":{"highway":"service","name":""},"geometry":{"type":"LineString","coordinates":[[-106.7454324,32.2902915],[-106.7452341,32.2901562],[-106.7451387,32.2900218],[-106.7450173,32.2898678],[-106.7449493,32.289814],[-106.7448467,32.2897712],[-106.7447282,32.2897724],[-106.7445054,32.2897719],[-106.7444325,32.2897581],[-106.7443582,32.289762],[-106.7439337,32.2898417],[-106.7438591,32.2898447],[-106.743777,32.2898775],[-106.7437827,32.2899094],[-106.7438581,32.2902467],[-106.7438628,32.2902675],[-106.7439589,32.2904209],[-106.744071,32.2905518],[-106.7442063,32.2905955],[-106.7443202,32.2905879],[-106.7448097,32.290457],[-106.7449396,32.2904631],[-106.7450309,32.2904897]]}},{"type":"Feature","properties":{"highway":"service","name":""},"geometry":{"type":"LineString","coordinates":[[-106.7441061,32.2908253],[-106.7439599,32.2907401],[-106.7435435,32.2905869],[-106.7434438,32.2905062],[-106.7433871,32.2904747],[-106.7433735,32.2905524],[-106.7434332,32.2908075],[-106.7434561,32.290952]]}},{"type":"Feature","properties":{"highway":"service","name":""},"geometry":{"type":"LineString","coordinates":[[-106.7438581,32.2902467],[-106.7434821,32.2903483],[-106.743406,32.2903858],[-106.7433871,32.2904747]]}},{"type":"Feature","properties":{"highway":"service","name":""},"geometry":{"type":"LineString","coordinates":[[-106.743777,32.2898775],[-106.7436247,32.2898855],[-106.7434946,32.2898703],[-106.7433064,32.2898177],[-106.7432456,32.2898141],[-106.7432179,32.2898446],[-106.7432151,32.2900855],[-106.7433205,32.2903239],[-106.7433871,32.2904747]]}},{"type":"Feature","properties":{"highway":"service","name":""},"geometry":{"type":"LineString","coordinates":[[-106.7471433,32.2887167],[-106.7455178,32.2889863],[-106.7451225,32.2890519]]}},{"type":"Feature","properties":{"highway":"service","name":""},"geometry":{"type":"LineString","coordinates":[[-106.7455178,32.2889863],[-106.7458055,32.2900385],[-106.7458452,32.290137]]}},{"type":"Feature","properties":{"highway":"service","name":""},"geometry":{"type":"LineString","coordinates":[[-106.768238,32.2933696],[-106.7682811,32.2934464],[-106.7683442,32.2935586],[-106.7684104,32.2935947],[-106.7684586,32.2936308],[-106.7685083,32.2937077],[-106.7685179,32.2937426],[-106.768511,32.2937659],[-106.7684655,32.2937962],[-106.7680314,32.2939174],[-106.7679707,32.2939197],[-106.7679225,32.2939081],[-106.7678921,32.2938883]]}},{"type":"Feature","properties":{"highway":"service","name":""},"geometry":{"type":"LineString","coordinates":[[-106.7678921,32.2938883],[-106.7677547,32.2939501],[-106.7676582,32.2939936]]}},{"type":"Feature","properties":{"highway":"service","name":""},"geometry":{"type":"LineString","coordinates":[[-106.76697,32.2823583],[-106.7670334,32.2823509],[-106.7670694,32.2823406],[-106.7673158,32.2822706],[-106.7676772,32.2822129],[-106.7678457,32.2821938],[-106.7679074,32.2822282],[-106.768165,32.2823869],[-106.7682072,32.2824177],[-106.7682459,32.2824459],[-106.7684154,32.282552],[-106.7684698,32.2825895],[-106.7685337,32.282644],[-106.7688368,32.2831803],[-106.7686611,32.2832539],[-106.7685284,32.2833096],[-106.7684935,32.283245],[-106.7684586,32.2831803],[-106.7681998,32.2827302]]}},{"type":"Feature","properties":{"highway":"service","name":""},"geometry":{"type":"LineString","coordinates":[[-106.7664068,32.2821465],[-106.766451,32.2823897],[-106.7664708,32.2824984],[-106.7664514,32.2825674],[-106.7664048,32.2826032],[-106.76618,32.2827107],[-106.7660463,32.2827912],[-106.7659146,32.2829212],[-106.7658382,32.2830148],[-106.7657242,32.2830671]]}},{"type":"Feature","properties":{"highway":"service","name":""},"geometry":{"type":"LineString","coordinates":[[-106.7655887,32.2822851],[-106.7655713,32.2821984],[-106.765566,32.2821717],[-106.7655476,32.282113],[-106.7653551,32.2821503],[-106.7651509,32.2821905],[-106.7641711,32.2823799],[-106.7641802,32.2824281],[-106.7641855,32.2824524],[-106.764205,32.2825417],[-106.7642811,32.2830125],[-106.7643294,32.2834524]]}},{"type":"Feature","properties":{"highway":"service","name":""},"geometry":{"type":"LineString","coordinates":[[-106.762346,32.2841179],[-106.7622842,32.2839212],[-106.7621242,32.2834124],[-106.762079,32.2833933],[-106.7619906,32.2834061],[-106.761869,32.2834469]]}},{"type":"Feature","properties":{"highway":"service","name":""},"geometry":{"type":"LineString","coordinates":[[-106.7620142,32.2839671],[-106.7622842,32.2839212]]}},{"type":"Feature","properties":{"highway":"service","name":""},"geometry":{"type":"LineString","coordinates":[[-106.7622496,32.2856075],[-106.7622261,32.2855369],[-106.7622152,32.2855054],[-106.762022,32.2849467],[-106.7618098,32.285],[-106.7617194,32.2847436],[-106.7621427,32.2846547],[-106.7622514,32.2846319]]}},{"type":"Feature","properties":{"highway":"service","name":""},"geometry":{"type":"LineString","coordinates":[[-106.7710268,32.2941277],[-106.7711276,32.2944381],[-106.7711347,32.2944765],[-106.7711347,32.2945042],[-106.7710892,32.2945258],[-106.7710565,32.294503],[-106.7709397,32.2941482]]}},{"type":"Feature","properties":{"highway":"service","name":""},"geometry":{"type":"LineString","coordinates":[[-106.7710892,32.2945258],[-106.7711776,32.2948702],[-106.7712746,32.2951641],[-106.7713088,32.295211],[-106.7713642,32.295229],[-106.771478,32.2952074],[-106.7717752,32.2951389],[-106.7717971,32.2951227],[-106.7718065,32.295098],[-106.7718037,32.2950589],[-106.7717923,32.2950247],[-106.7717311,32.2948131],[-106.7717162,32.2947783],[-106.7716814,32.294765],[-106.7715875,32.2947819],[-106.7711776,32.2948702]]}},{"type":"Feature","properties":{"highway":"service","name":""},"geometry":{"type":"LineString","coordinates":[[-106.7716952,32.2939697],[-106.7717142,32.2940671],[-106.7717188,32.294112],[-106.771705,32.2941472],[-106.7716611,32.2941745],[-106.7715837,32.2941921],[-106.7713931,32.294237],[-106.7713411,32.2942321],[-106.771303,32.2942136],[-106.7712834,32.2941833],[-106.7712334,32.2940788]]}},{"type":"Feature","properties":{"highway":"service","name":""},"geometry":{"type":"LineString","coordinates":[[-106.7254363,32.2755735],[-106.7255589,32.2758615],[-106.7255974,32.2760106],[-106.7256561,32.2760832],[-106.725733,32.2760679],[-106.7257714,32.2760182],[-106.7257443,32.2759666],[-106.7256674,32.2758959],[-106.7255589,32.2758615]]}},{"type":"Feature","properties":{"highway":"service","name":""},"geometry":{"type":"LineString","coordinates":[[-106.7256561,32.2760832],[-106.7256371,32.2761702],[-106.7256503,32.2762558],[-106.725731,32.2764332],[-106.7258294,32.2765151],[-106.7259174,32.2765325],[-106.7260539,32.2765375]]}},{"type":"Feature","properties":{"highway":"service","name":""},"geometry":{"type":"LineString","coordinates":[[-106.7253076,32.2756086],[-106.7253729,32.275742],[-106.7254624,32.2759952],[-106.7255211,32.276128],[-106.7255329,32.2762161],[-106.7254463,32.276334],[-106.7254023,32.2763588],[-106.7253171,32.2763551],[-106.7252658,32.2763278],[-106.7252364,32.276267],[-106.7252511,32.2761913],[-106.7253303,32.276123],[-106.7254096,32.276061],[-106.7254624,32.2759952]]}},{"type":"Feature","properties":{"highway":"service","name":""},"geometry":{"type":"LineString","coordinates":[[-106.7249862,32.2778017],[-106.7249508,32.2776786],[-106.7248589,32.2773906]]}},{"type":"Feature","properties":{"highway":"service","name":""},"geometry":{"type":"LineString","coordinates":[[-106.7245483,32.2779465],[-106.724483,32.2778218],[-106.724352,32.2776471],[-106.7243331,32.2775725],[-106.7243306,32.2774383]]}},{"type":"Feature","properties":{"highway":"service","name":""},"geometry":{"type":"LineString","coordinates":[[-106.724312,32.2780246],[-106.724255,32.2778601],[-106.724187,32.2776759],[-106.7240975,32.2774831],[-106.724032,32.2774053]]}},{"type":"Feature","properties":{"highway":"service","name":""},"geometry":{"type":"LineString","coordinates":[[-106.7218169,32.2757716],[-106.7219074,32.275709],[-106.7221208,32.2756097],[-106.7222565,32.275522],[-106.7222824,32.2754576],[-106.7222352,32.2753506],[-106.7221955,32.2753261],[-106.7220949,32.2753248],[-106.7219318,32.275357],[-106.7217221,32.2754681]]}},{"type":"Feature","properties":{"highway":"service","name":""},"geometry":{"type":"LineString","coordinates":[[-106.7280495,32.2801908],[-106.7280828,32.280281],[-106.7282272,32.2806758]]}},{"type":"Feature","properties":{"highway":"service","name":""},"geometry":{"type":"LineString","coordinates":[[-106.7286482,32.2829947],[-106.7286018,32.282903],[-106.7285451,32.2828417],[-106.7284738,32.2828121],[-106.7283905,32.2828142],[-106.7283157,32.2828479],[-106.7280296,32.2831081],[-106.7281479,32.2831969],[-106.7282092,32.2832086]]}},{"type":"Feature","properties":{"highway":"service","name":""},"geometry":{"type":"LineString","coordinates":[[-106.7291471,32.2829153],[-106.7289422,32.2830795],[-106.7287684,32.2832408],[-106.7287479,32.2832959],[-106.7287599,32.2833745],[-106.728801,32.2834582],[-106.7288456,32.2835521],[-106.7288384,32.283601],[-106.7287648,32.2836664]]}},{"type":"Feature","properties":{"highway":"service","name":""},"geometry":{"type":"LineString","coordinates":[[-106.761367,32.2599629],[-106.7613037,32.2598489],[-106.7609653,32.2592204],[-106.760853,32.258893]]}},{"type":"Feature","properties":{"highway":"service","name":""},"geometry":{"type":"LineString","coordinates":[[-106.7630837,32.2591148],[-106.7628865,32.2588073],[-106.7622725,32.2578113]]}},{"type":"Feature","properties":{"highway":"service","name":""},"geometry":{"type":"LineString","coordinates":[[-106.7618184,32.2597348],[-106.7619643,32.2599922],[-106.7619734,32.2600644],[-106.7617821,32.2601617],[-106.7614847,32.2603062],[-106.7613777,32.2603351],[-106.7612979,32.2603187],[-106.7611066,32.2600944]]}},{"type":"Feature","properties":{"highway":"service","name":""},"geometry":{"type":"LineString","coordinates":[[-106.7613215,32.2614973],[-106.7615314,32.2613944],[-106.761589,32.2613209],[-106.7615343,32.2612236],[-106.7612397,32.2607576],[-106.7611458,32.2606508],[-106.7610308,32.2606485],[-106.7608344,32.2607572]]}},{"type":"Feature","properties":{"highway":"service","name":""},"geometry":{"type":"LineString","coordinates":[[-106.7599142,32.2606794],[-106.7599712,32.2607724],[-106.7599839,32.2608224],[-106.759979,32.2608777],[-106.7599526,32.2609226],[-106.7599372,32.2609343],[-106.7598954,32.2609693],[-106.7597865,32.2610215],[-106.7597049,32.2610579],[-106.759613,32.2610981],[-106.7594189,32.2611795],[-106.7592881,32.2609791]]}},{"type":"Feature","properties":{"highway":"service","name":""},"geometry":{"type":"LineString","coordinates":[[-106.7542697,32.2792248],[-106.7543019,32.279311],[-106.7543071,32.2793248],[-106.7543303,32.2793506],[-106.7543716,32.2793681],[-106.7545067,32.2793434],[-106.7545371,32.2793197],[-106.7545457,32.2792909],[-106.7545414,32.2792666],[-106.7545264,32.2791813]]}},{"type":"Feature","properties":{"highway":"service","name":""},"geometry":{"type":"LineString","coordinates":[[-106.7573498,32.2796875],[-106.7577819,32.2796047]]}},{"type":"Feature","properties":{"highway":"service","name":""},"geometry":{"type":"LineString","coordinates":[[-106.7576056,32.2808057],[-106.757465,32.2808373],[-106.7573416,32.2808636],[-106.7572633,32.2808745],[-106.7571581,32.2808618],[-106.7570519,32.2808318],[-106.7569446,32.2807792],[-106.7568792,32.2807638],[-106.7568159,32.2807638],[-106.7567118,32.2807856],[-106.7565991,32.2808146],[-106.7565573,32.2808091],[-106.7565273,32.2807919],[-106.75651,32.2807629],[-106.7564618,32.2805615],[-106.7564564,32.2805189],[-106.7564704,32.2804907],[-106.7565004,32.2804726],[-106.7565444,32.2804599],[-106.756597,32.2804599],[-106.7566238,32.280488],[-106.7566496,32.2805461],[-106.7567118,32.2807856]]}},{"type":"Feature","properties":{"highway":"service","name":""},"geometry":{"type":"LineString","coordinates":[[-106.7511296,32.2897071],[-106.7505406,32.2898142],[-106.7505075,32.2898377],[-106.7504876,32.2898714],[-106.7504823,32.289932],[-106.7504823,32.2899993],[-106.7505818,32.2901686],[-106.7506057,32.2901832],[-106.75068,32.29019],[-106.7507888,32.2901743],[-106.7511975,32.290089],[-106.7513354,32.2900503]]}},{"type":"Feature","properties":{"highway":"service","name":""},"geometry":{"type":"LineString","coordinates":[[-106.7498223,32.2904465],[-106.7496592,32.2905549]]}},{"type":"Feature","properties":{"highway":"service","name":""},"geometry":{"type":"LineString","coordinates":[[-106.7496592,32.2905549],[-106.7492541,32.2907991],[-106.7492327,32.290847],[-106.7492434,32.2909051],[-106.7492785,32.2909542],[-106.7493336,32.2909685],[-106.7493932,32.2909504],[-106.7496699,32.2907772],[-106.7496913,32.2907319],[-106.7496868,32.2906544],[-106.7496592,32.2905549]]}},{"type":"Feature","properties":{"highway":"service","name":""},"geometry":{"type":"LineString","coordinates":[[-106.7696379,32.2663183],[-106.7697179,32.2664753],[-106.7697535,32.2666004],[-106.7697552,32.2666186],[-106.7697685,32.2667603],[-106.7697966,32.2668886],[-106.7698453,32.2670406],[-106.7699651,32.2673731],[-106.7700157,32.2674539],[-106.7700456,32.267522],[-106.7700573,32.2675682],[-106.770053,32.2676006],[-106.7700161,32.2676219],[-106.7699801,32.2676233],[-106.7699445,32.2676053],[-106.769926,32.2675677],[-106.7699136,32.2675207],[-106.7699198,32.2674748],[-106.7699371,32.2674351],[-106.7699651,32.2673731]]}},{"type":"Feature","properties":{"highway":"service","name":""},"geometry":{"type":"LineString","coordinates":[[-106.7695313,32.2663439],[-106.7695699,32.2664196],[-106.769596,32.2664783],[-106.7696312,32.2665626],[-106.7696455,32.2666056],[-106.7696581,32.2666276],[-106.7697014,32.2666289],[-106.7697552,32.2666186]]}},{"type":"Feature","properties":{"highway":"service","name":""},"geometry":{"type":"LineString","coordinates":[[-106.7696581,32.2666276],[-106.7696573,32.2666455],[-106.7696565,32.2666711],[-106.7696508,32.2667008],[-106.7696467,32.2667367],[-106.7696565,32.2667595],[-106.7696777,32.2667747],[-106.7697039,32.2667802],[-106.7697382,32.2667733],[-106.7697685,32.2667603]]}},{"type":"Feature","properties":{"highway":"service","name":""},"geometry":{"type":"LineString","coordinates":[[-106.7291448,32.2729157],[-106.7290694,32.2729711],[-106.7289269,32.2730675],[-106.7288485,32.2731267],[-106.728757,32.2731958],[-106.7287219,32.2732417],[-106.7287367,32.2732992],[-106.7287619,32.273339],[-106.7288145,32.2733636],[-106.7289072,32.2733951],[-106.7289663,32.2733923],[-106.7290052,32.2733687],[-106.7290141,32.2733552],[-106.7290299,32.2733311],[-106.7290244,32.2732792],[-106.7290058,32.2732352],[-106.7289614,32.273194],[-106.7288485,32.2731267]]}},{"type":"Feature","properties":{"highway":"service","name":""},"geometry":{"type":"LineString","coordinates":[[-106.7287367,32.2732992],[-106.7286911,32.27337],[-106.7286749,32.2734096],[-106.728688,32.2734793],[-106.7287654,32.2737455],[-106.7287879,32.2737983],[-106.7288298,32.2738236],[-106.7288722,32.2738278],[-106.7290646,32.2737793],[-106.7290896,32.2737476],[-106.7291008,32.2737148],[-106.7291046,32.2736636],[-106.7290996,32.2735591],[-106.7290459,32.273417],[-106.7290141,32.2733552]]}},{"type":"Feature","properties":{"highway":"service","name":""},"geometry":{"type":"LineString","coordinates":[[-106.7280258,32.2749332],[-106.7279798,32.2748065],[-106.7279662,32.2747394],[-106.7279603,32.2746993],[-106.7279395,32.2746515],[-106.7278589,32.2744812],[-106.7278291,32.2743889],[-106.7278265,32.2743515],[-106.7278382,32.2743031],[-106.7278628,32.2742746],[-106.7279493,32.2742284],[-106.7281261,32.2741658],[-106.7282339,32.2741405],[-106.7283637,32.2741096]]}},{"type":"Feature","properties":{"highway":"service","name":""},"geometry":{"type":"LineString","coordinates":[[-106.7590194,32.2948118],[-106.7593543,32.2946189],[-106.7593674,32.2945934],[-106.7593661,32.2945624],[-106.7593543,32.2945269],[-106.7593215,32.2944759],[-106.7592703,32.2944016],[-106.7592323,32.2943727],[-106.7591955,32.2943572],[-106.7591457,32.294355],[-106.759088,32.2943605],[-106.7590224,32.2943783],[-106.7587795,32.2944764]]}},{"type":"Feature","properties":{"highway":"service","name":""},"geometry":{"type":"LineString","coordinates":[[-106.7604344,32.2938844],[-106.76072,32.2943054],[-106.7607681,32.2943731],[-106.7609579,32.2946313],[-106.7609822,32.2946793],[-106.7610025,32.2947419],[-106.7610188,32.2948366]]}},{"type":"Feature","properties":{"highway":"service","name":""},"geometry":{"type":"LineString","coordinates":[[-106.761666,32.2930242],[-106.7612543,32.2931858],[-106.761235,32.2931999],[-106.7612234,32.2932218],[-106.7612217,32.2932444],[-106.7612275,32.2932776],[-106.7612517,32.2933221],[-106.7613862,32.2935374],[-106.7614731,32.2936779],[-106.7615983,32.2938805],[-106.7617353,32.294093],[-106.7618697,32.2942998],[-106.76202,32.294544],[-106.7621591,32.2947914]]}},{"type":"Feature","properties":{"highway":"service","name":""},"geometry":{"type":"LineString","coordinates":[[-106.737487,32.2788598],[-106.7375588,32.2788725],[-106.7375732,32.2788178],[-106.7375301,32.2787664],[-106.7374961,32.2787195],[-106.7374805,32.2786842],[-106.7374733,32.2786527],[-106.737472,32.2786245],[-106.7374713,32.2785886],[-106.7374781,32.2785701],[-106.7374815,32.2785535],[-106.7374756,32.2785148],[-106.7374335,32.2785217],[-106.7374155,32.2785323],[-106.7374001,32.2785649],[-106.7373845,32.2786361],[-106.737389,32.2786969],[-106.7374047,32.278746],[-106.7374432,32.278809],[-106.737487,32.2788598]]}},{"type":"Feature","properties":{"highway":"service","name":""},"geometry":{"type":"LineString","coordinates":[[-106.7375588,32.2788725],[-106.7375946,32.2789214]]}},{"type":"Feature","properties":{"highway":"service","name":""},"geometry":{"type":"LineString","coordinates":[[-106.7374466,32.2783521],[-106.7374343,32.2783791],[-106.7374329,32.2784079],[-106.7374424,32.2784357],[-106.7374618,32.2784595],[-106.7374918,32.2784793],[-106.7375232,32.278486],[-106.7375589,32.2784852],[-106.7375923,32.2784744],[-106.7376195,32.2784548],[-106.7376375,32.2784288],[-106.7376442,32.2783991],[-106.737639,32.2783692],[-106.7376222,32.2783425],[-106.737596,32.2783221],[-106.7375647,32.2783104],[-106.7375306,32.2783078],[-106.7374974,32.2783145],[-106.7374683,32.2783298],[-106.7374466,32.2783521]]}},{"type":"Feature","properties":{"highway":"service","name":""},"geometry":{"type":"LineString","coordinates":[[-106.7374756,32.2785148],[-106.7374918,32.2784793]]}},{"type":"Feature","properties":{"highway":"service","name":""},"geometry":{"type":"LineString","coordinates":[[-106.7374343,32.2783791],[-106.737393,32.2783622],[-106.7373526,32.278343],[-106.737244,32.2782951],[-106.7367887,32.2780839],[-106.7367141,32.2781922],[-106.7367005,32.278246],[-106.7367107,32.2783114],[-106.7368085,32.2786094],[-106.7368426,32.2786604],[-106.7369017,32.2786969],[-106.7370632,32.2787729],[-106.7373526,32.278343]]}},{"type":"Feature","properties":{"highway":"service","name":""},"geometry":{"type":"LineString","coordinates":[[-106.7390018,32.2770222],[-106.7389216,32.2770367],[-106.7387478,32.277068],[-106.738377,32.2771441],[-106.7383902,32.2771958],[-106.7384858,32.2775708],[-106.7384893,32.2776108],[-106.7384712,32.277656],[-106.7384341,32.2777126],[-106.738154,32.2781274],[-106.7380808,32.2782272],[-106.7380257,32.2782833],[-106.7379584,32.2783292],[-106.7378723,32.2783693],[-106.7377904,32.2783962],[-106.7377184,32.2784145],[-106.7376375,32.2784288]]}},{"type":"Feature","properties":{"highway":"service","name":""},"geometry":{"type":"LineString","coordinates":[[-106.738377,32.2771441],[-106.7382852,32.276799],[-106.7381678,32.276824],[-106.7371654,32.2763506],[-106.7370687,32.2764999],[-106.7380688,32.2769727],[-106.7381678,32.276824]]}},{"type":"Feature","properties":{"highway":"service","name":""},"geometry":{"type":"LineString","coordinates":[[-106.738377,32.2771441],[-106.7381885,32.2771925],[-106.7379171,32.2772522],[-106.7373914,32.2773579],[-106.7373165,32.2773804],[-106.7372579,32.2774118],[-106.7372053,32.2774679],[-106.7371819,32.2775025],[-106.7367887,32.2780839]]}},{"type":"Feature","properties":{"highway":"service","name":"Old River Road"},"geometry":{"type":"LineString","coordinates":[[-106.7629412,32.2591839],[-106.7631765,32.2592489],[-106.7637947,32.2594538],[-106.7644677,32.2596881],[-106.7647721,32.2598139],[-106.7649769,32.2599519],[-106.7650934,32.2600993],[-106.7651818,32.260128],[-106.7655472,32.2601709],[-106.7660884,32.2602417],[-106.7666,32.2603071],[-106.7669788,32.2603714],[-106.7675845,32.2604749],[-106.7677881,32.2605152],[-106.7677997,32.2605904]]}},{"type":"Feature","properties":{"highway":"service","name":""},"geometry":{"type":"LineString","coordinates":[[-106.7266242,32.2630368],[-106.726104,32.2633485],[-106.7260075,32.2634254],[-106.7259766,32.2634631],[-106.7259148,32.2635608],[-106.7258911,32.2635931],[-106.7258757,32.2636285],[-106.7258502,32.2636862],[-106.7258302,32.2637185],[-106.7257856,32.2637639]]}},{"type":"Feature","properties":{"highway":"service","name":""},"geometry":{"type":"LineString","coordinates":[[-106.7241215,32.2632742],[-106.7241018,32.2633201],[-106.7240957,32.263368],[-106.7240957,32.2634245],[-106.7241058,32.263457],[-106.724125,32.2634827],[-106.7241584,32.2634955],[-106.7242161,32.263493],[-106.7242566,32.2634861],[-106.724292,32.2634861],[-106.7243294,32.2634964],[-106.7243598,32.2635195],[-106.7243709,32.2635417],[-106.724377,32.2635665],[-106.7243831,32.2636119],[-106.7244246,32.2638121]]}},{"type":"Feature","properties":{"highway":"service","name":""},"geometry":{"type":"LineString","coordinates":[[-106.722288,32.2649085],[-106.7224663,32.2649677],[-106.7225418,32.2649704],[-106.7226587,32.2649353],[-106.7227268,32.264885],[-106.7227565,32.2648446],[-106.7227597,32.2648059],[-106.7227502,32.2647457],[-106.7227257,32.2647043],[-106.7226811,32.2646774],[-106.7225705,32.264645],[-106.7224384,32.2646074]]}},{"type":"Feature","properties":{"highway":"service","name":""},"geometry":{"type":"LineString","coordinates":[[-106.7206703,32.26412],[-106.7206687,32.2641733],[-106.7206593,32.2642269],[-106.7206195,32.2642934],[-106.7204681,32.2645255],[-106.7202581,32.2648241],[-106.7202323,32.2648717],[-106.7202206,32.2649174],[-106.7202323,32.264968],[-106.7202452,32.2650086],[-106.7202675,32.2650324],[-106.7203391,32.2650801],[-106.720413,32.2651465],[-106.7204693,32.2652229],[-106.7204892,32.2653112],[-106.7204892,32.265344],[-106.7204728,32.2653787],[-106.7204317,32.2654303]]}},{"type":"Feature","properties":{"highway":"service","name":""},"geometry":{"type":"LineString","coordinates":[[-106.7266676,32.2657803],[-106.7266722,32.2657011],[-106.7266722,32.2656503],[-106.7266687,32.265618],[-106.7266514,32.2655896],[-106.7266051,32.2655564],[-106.7262073,32.2653168],[-106.7261779,32.2652961],[-106.7260639,32.2652161],[-106.7259402,32.2651301],[-106.7258778,32.2650597],[-106.7258697,32.264999],[-106.725865,32.2649433],[-106.725872,32.2649022],[-106.7259541,32.2647252],[-106.7259622,32.2646803],[-106.7259529,32.2646411],[-106.7259344,32.2646167],[-106.7258834,32.2646045]]}},{"type":"Feature","properties":{"highway":"service","name":""},"geometry":{"type":"LineString","coordinates":[[-106.7261779,32.2652961],[-106.7260473,32.265437],[-106.7260219,32.2654565],[-106.7259918,32.2654614],[-106.7259467,32.2654585],[-106.725919,32.2654468],[-106.7258912,32.2654145],[-106.7258519,32.2653529],[-106.7258369,32.2652962],[-106.7258334,32.2652404],[-106.7258334,32.2651945],[-106.7258415,32.2651495],[-106.7258778,32.2650597]]}},{"type":"Feature","properties":{"highway":"service","name":""},"geometry":{"type":"LineString","coordinates":[[-106.7541527,32.2933985],[-106.7540628,32.2934332],[-106.7537062,32.2935652],[-106.7536492,32.2936375],[-106.7536397,32.2937365],[-106.7538486,32.2940424],[-106.7539182,32.2940567],[-106.7540425,32.2940114],[-106.7543392,32.2939033],[-106.7543677,32.2938658],[-106.7543635,32.2938167],[-106.7541527,32.2933985]]}},{"type":"Feature","properties":{"highway":"service","name":""},"geometry":{"type":"LineString","coordinates":[[-106.7540425,32.2940114],[-106.7542263,32.2944117],[-106.75422,32.2944759],[-106.7541852,32.2945499],[-106.7541124,32.294599],[-106.7535326,32.2948007]]}},{"type":"Feature","properties":{"highway":"service","name":""},"geometry":{"type":"LineString","coordinates":[[-106.7661357,32.2553247],[-106.7658272,32.2554983],[-106.7657804,32.2555491],[-106.7657417,32.2556112]]}},{"type":"Feature","properties":{"highway":"service","name":""},"geometry":{"type":"LineString","coordinates":[[-106.72642,32.2689404],[-106.7264882,32.2690561],[-106.7264815,32.2691809],[-106.7264976,32.269241],[-106.7265284,32.2692886],[-106.7265606,32.2693011],[-106.7266304,32.2692818],[-106.7267927,32.2692308],[-106.7268356,32.269199],[-106.726837,32.2691684],[-106.7268222,32.2691434],[-106.726782,32.269114],[-106.726727,32.2690867],[-106.7266532,32.2690777],[-106.7264882,32.2690561]]}},{"type":"Feature","properties":{"highway":"service","name":""},"geometry":{"type":"LineString","coordinates":[[-106.7268636,32.2687969],[-106.726934,32.269018],[-106.7270985,32.2694398],[-106.727178,32.2694902],[-106.7272547,32.2695622],[-106.7273087,32.2696367],[-106.7273087,32.2696943],[-106.7272917,32.2697376],[-106.727249,32.2697424],[-106.7271922,32.269728],[-106.7271525,32.2696823],[-106.727107,32.2695983],[-106.7270985,32.2694398]]}},{"type":"Feature","properties":{"highway":"service","name":""},"geometry":{"type":"LineString","coordinates":[[-106.7278401,32.2684668],[-106.7276127,32.2683764],[-106.7275198,32.2683069],[-106.7274789,32.2682256],[-106.7274485,32.2681244],[-106.7274494,32.2680284],[-106.7274676,32.2679464]]}},{"type":"Feature","properties":{"highway":"service","name":""},"geometry":{"type":"LineString","coordinates":[[-106.7233268,32.2692056],[-106.7235191,32.2692212],[-106.7235948,32.2692075],[-106.7237124,32.2690795],[-106.7237408,32.269044],[-106.7237813,32.2690315],[-106.7238435,32.2690429],[-106.723876,32.2690681],[-106.7239125,32.2691549],[-106.7239125,32.2691881],[-106.7239003,32.2692178],[-106.7238611,32.2692418],[-106.7237841,32.2692578],[-106.7237421,32.2692578],[-106.7236921,32.2692487],[-106.7235948,32.2692075]]}},{"type":"Feature","properties":{"highway":"service","name":""},"geometry":{"type":"LineString","coordinates":[[-106.7246841,32.2680087],[-106.7248505,32.2684516],[-106.7248318,32.2685192],[-106.7247859,32.2685867],[-106.7247485,32.2686557],[-106.724701,32.2686845],[-106.7246466,32.2686916],[-106.7245633,32.2686859],[-106.7244902,32.2686586],[-106.7244494,32.2686212],[-106.724446,32.2685221],[-106.7244443,32.2683884],[-106.7243724,32.2680689]]}},{"type":"Feature","properties":{"highway":"service","name":""},"geometry":{"type":"LineString","coordinates":[[-106.7216212,32.2675476],[-106.7220413,32.2674516],[-106.7225035,32.2673302],[-106.7226257,32.2672604],[-106.7228049,32.2671438]]}},{"type":"Feature","properties":{"highway":"service","name":""},"geometry":{"type":"LineString","coordinates":[[-106.7220592,32.2690961],[-106.7219647,32.2690933],[-106.7218806,32.2690918],[-106.7218243,32.2690751],[-106.7217867,32.2690494],[-106.7217474,32.2690056],[-106.7217169,32.2689662],[-106.7217116,32.2689292],[-106.7217232,32.2688846],[-106.7217491,32.2688627],[-106.7218001,32.2688347],[-106.7218726,32.2688173],[-106.7219799,32.2687884]]}},{"type":"Feature","properties":{"highway":"service","name":""},"geometry":{"type":"LineString","coordinates":[[-106.7253658,32.2678856],[-106.7252373,32.2681651],[-106.7251822,32.2682409],[-106.7250465,32.268359],[-106.725017,32.2683872],[-106.7250067,32.2684143],[-106.7250016,32.2684706]]}},{"type":"Feature","properties":{"highway":"service","name":""},"geometry":{"type":"LineString","coordinates":[[-106.7319528,32.2693586],[-106.7308776,32.2701841],[-106.730515,32.2704598],[-106.7303472,32.2706165],[-106.7301984,32.2708052]]}},{"type":"Feature","properties":{"highway":"service","name":""},"geometry":{"type":"LineString","coordinates":[[-106.7682168,32.2631744],[-106.7678351,32.263281],[-106.7673165,32.2634277],[-106.7670242,32.2635184],[-106.7669994,32.2635366],[-106.7669705,32.2635792],[-106.7669697,32.2636029],[-106.7669821,32.2636546]]}},{"type":"Feature","properties":{"highway":"service","name":""},"geometry":{"type":"LineString","coordinates":[[-106.719881,32.2766451],[-106.7200308,32.276596],[-106.7202563,32.2765255],[-106.720337,32.2765077],[-106.7204576,32.2764951],[-106.7205172,32.2764656],[-106.720546,32.2764209],[-106.7205284,32.2763817],[-106.7204953,32.2763662],[-106.720459,32.2763787],[-106.7203885,32.2764427],[-106.7203534,32.2764784],[-106.720337,32.2765077]]}},{"type":"Feature","properties":{"highway":"service","name":""},"geometry":{"type":"LineString","coordinates":[[-106.7466464,32.2899545],[-106.7465902,32.2897553]]}},{"type":"Feature","properties":{"highway":"service","name":""},"geometry":{"type":"LineString","coordinates":[[-106.7464252,32.2900048],[-106.7463747,32.2897993]]}},{"type":"Feature","properties":{"highway":"service","name":""},"geometry":{"type":"LineString","coordinates":[[-106.7482175,32.2684376],[-106.7481252,32.2685498],[-106.7479823,32.2687668]]}},{"type":"Feature","properties":{"highway":"service","name":""},"geometry":{"type":"LineString","coordinates":[[-106.7482175,32.2684376],[-106.7483497,32.2684631],[-106.7485251,32.268528],[-106.7485753,32.2685505],[-106.748605,32.2685505]]}},{"type":"Feature","properties":{"highway":"service","name":""},"geometry":{"type":"LineString","coordinates":[[-106.7477072,32.2707764],[-106.7475424,32.2710061],[-106.7476364,32.271056],[-106.7474483,32.2713291]]}},{"type":"Feature","properties":{"highway":"service","name":""},"geometry":{"type":"LineString","coordinates":[[-106.7475424,32.2710061],[-106.7474455,32.2709598],[-106.7472559,32.2712234]]}},{"type":"Feature","properties":{"highway":"service","name":""},"geometry":{"type":"LineString","coordinates":[[-106.7711501,32.283591],[-106.7711795,32.283719],[-106.7711922,32.2838278],[-106.7712177,32.2838765],[-106.7712652,32.2839109],[-106.7713209,32.283932],[-106.7713583,32.2839345]]}},{"type":"Feature","properties":{"highway":"service","name":""},"geometry":{"type":"LineString","coordinates":[[-106.7714818,32.2837831],[-106.7714394,32.2838587],[-106.7713956,32.2839084],[-106.7713583,32.2839345]]}},{"type":"Feature","properties":{"highway":"service","name":""},"geometry":{"type":"LineString","coordinates":[[-106.7713023,32.2848033],[-106.771393,32.2849273],[-106.771461,32.2850208],[-106.7716024,32.2852823],[-106.7716601,32.2853605],[-106.7716995,32.2853913],[-106.7717738,32.2853746],[-106.7718905,32.2853272],[-106.7724231,32.285113]]}},{"type":"Feature","properties":{"highway":"service","name":""},"geometry":{"type":"LineString","coordinates":[[-106.7718533,32.2845119],[-106.7719032,32.2845829],[-106.7719,32.284631],[-106.7718675,32.284677],[-106.7717944,32.2847272],[-106.771393,32.2849273]]}},{"type":"Feature","properties":{"highway":"service","name":""},"geometry":{"type":"LineString","coordinates":[[-106.7719,32.284631],[-106.7720701,32.284653],[-106.7721581,32.2847043],[-106.7723347,32.284974],[-106.7723688,32.285026],[-106.7724231,32.285113],[-106.7724968,32.2852206],[-106.7725607,32.2853243],[-106.7726673,32.2854967],[-106.7727743,32.2856694],[-106.7728772,32.2858334],[-106.7729537,32.285957],[-106.7729509,32.285985],[-106.7729264,32.2860143],[-106.7728035,32.286078],[-106.7726919,32.2861345],[-106.7726481,32.2861543],[-106.7727556,32.2863277]]}},{"type":"Feature","properties":{"highway":"service","name":""},"geometry":{"type":"LineString","coordinates":[[-106.7594052,32.2891836],[-106.7589903,32.2893432]]}},{"type":"Feature","properties":{"highway":"service","name":""},"geometry":{"type":"LineString","coordinates":[[-106.7266995,32.2579257],[-106.7263782,32.2577364],[-106.7261705,32.2576159],[-106.7261148,32.2575836],[-106.7260123,32.257509],[-106.7258955,32.2573506],[-106.7259121,32.2572817],[-106.7260035,32.2572351],[-106.7260763,32.257264],[-106.7260895,32.2573441],[-106.7261302,32.2575454],[-106.7261705,32.2576159]]}},{"type":"Feature","properties":{"highway":"service","name":""},"geometry":{"type":"LineString","coordinates":[[-106.7215004,32.281697],[-106.7210405,32.2819011]]}},{"type":"Feature","properties":{"highway":"service","name":""},"geometry":{"type":"LineString","coordinates":[[-106.7217839,32.2825335],[-106.7216669,32.2825906],[-106.7215483,32.2826336],[-106.7214746,32.2826549],[-106.7213341,32.2826913]]}},{"type":"Feature","properties":{"highway":"service","name":""},"geometry":{"type":"LineString","coordinates":[[-106.721692,32.2808982],[-106.7217252,32.280986],[-106.721732,32.2810411],[-106.7217213,32.2810934],[-106.721692,32.281139],[-106.721644,32.2811903],[-106.7215667,32.2812567],[-106.7215144,32.281288],[-106.721465,32.2813073],[-106.7213719,32.2813216]]}},{"type":"Feature","properties":{"highway":"service","name":""},"geometry":{"type":"LineString","coordinates":[[-106.7264864,32.2805774],[-106.7265103,32.280928],[-106.7264722,32.2809757],[-106.726379,32.2810367],[-106.7263267,32.2810641],[-106.7262871,32.2810641],[-106.7262589,32.2810319],[-106.7261331,32.2806652],[-106.7261246,32.2806054]]}},{"type":"Feature","properties":{"highway":"service","name":""},"geometry":{"type":"LineString","coordinates":[[-106.7258153,32.2806559],[-106.7258873,32.2808838],[-106.7259259,32.2809644],[-106.7259382,32.2809901],[-106.7260159,32.2811035],[-106.7260907,32.2811824],[-106.7261049,32.281211],[-106.7260992,32.2812337],[-106.7260639,32.281266],[-106.7260215,32.2812755],[-106.7259848,32.281272],[-106.7259466,32.2812457],[-106.7258944,32.2811442],[-106.7258802,32.2810988],[-106.7258788,32.2810701],[-106.7258915,32.2810223],[-106.7259259,32.2809644]]}},{"type":"Feature","properties":{"highway":"service","name":""},"geometry":{"type":"LineString","coordinates":[[-106.7200807,32.256785],[-106.7200255,32.2571164],[-106.7200102,32.2571657],[-106.7199764,32.2571891],[-106.7199304,32.2571956],[-106.7198691,32.2571917],[-106.7198154,32.2571696],[-106.7197847,32.2571346],[-106.7197694,32.257097],[-106.7197801,32.2567845]]}},{"type":"Feature","properties":{"highway":"service","name":""},"geometry":{"type":"LineString","coordinates":[[-106.7254098,32.2712312],[-106.725394,32.2710847],[-106.7253117,32.2709064],[-106.7252783,32.2707791],[-106.7253088,32.2706478]]}},{"type":"Feature","properties":{"highway":"service","name":""},"geometry":{"type":"LineString","coordinates":[[-106.725394,32.2710847],[-106.72559,32.270859]]}},{"type":"Feature","properties":{"highway":"service","name":""},"geometry":{"type":"LineString","coordinates":[[-106.7245528,32.273299],[-106.7244965,32.2731281],[-106.7244415,32.2729275],[-106.7243615,32.2729376],[-106.7243496,32.2729959],[-106.7244091,32.2730763],[-106.7244965,32.2731281]]}},{"type":"Feature","properties":{"highway":"service","name":""},"geometry":{"type":"LineString","coordinates":[[-106.7246403,32.2732761],[-106.7245821,32.2731207],[-106.7245536,32.2729451],[-106.7245821,32.2728373]]}},{"type":"Feature","properties":{"highway":"service","name":""},"geometry":{"type":"LineString","coordinates":[[-106.7335515,32.273789],[-106.733376,32.2732437],[-106.7332533,32.2728602],[-106.7329992,32.2720663]]}},{"type":"Feature","properties":{"highway":"service","name":""},"geometry":{"type":"LineString","coordinates":[[-106.7332533,32.2728602],[-106.7330722,32.2728771],[-106.7328813,32.2729195],[-106.7327381,32.2729054],[-106.7325925,32.2728247],[-106.7325185,32.2727399],[-106.7324803,32.2726309],[-106.7324827,32.2725482],[-106.7325453,32.272397],[-106.7325131,32.2723534],[-106.7324017,32.2721871]]}},{"type":"Feature","properties":{"highway":"service","name":""},"geometry":{"type":"LineString","coordinates":[[-106.7325453,32.272397],[-106.7327252,32.2724654],[-106.7328028,32.2724048],[-106.7328396,32.2723146],[-106.7328549,32.2720955]]}},{"type":"Feature","properties":{"highway":"service","name":""},"geometry":{"type":"LineString","coordinates":[[-106.7289024,32.2722575],[-106.7291374,32.2721739],[-106.7294314,32.2720712],[-106.7295598,32.2720417],[-106.7296372,32.272028]]}},{"type":"Feature","properties":{"highway":"service","name":""},"geometry":{"type":"LineString","coordinates":[[-106.726864,32.2599995],[-106.7272583,32.2602963]]}},{"type":"Feature","properties":{"highway":"service","name":""},"geometry":{"type":"LineString","coordinates":[[-106.7296678,32.266206],[-106.7297564,32.2663853],[-106.7297937,32.2665174],[-106.7299358,32.266878],[-106.7299871,32.2669785],[-106.7301578,32.2671618]]}},{"type":"Feature","properties":{"highway":"service","name":""},"geometry":{"type":"LineString","coordinates":[[-106.7570671,32.2630154],[-106.7569619,32.2629826],[-106.7568613,32.2629814],[-106.7567933,32.2629262],[-106.7566303,32.2626723],[-106.7565254,32.262549],[-106.756468,32.2624929],[-106.7564149,32.2624873],[-106.7563575,32.2625107],[-106.7563376,32.2625555],[-106.7564083,32.2627246],[-106.7564006,32.2627647],[-106.7562216,32.2628208],[-106.756014,32.2628591]]}},{"type":"Feature","properties":{"highway":"service","name":""},"geometry":{"type":"LineString","coordinates":[[-106.7662651,32.2760952],[-106.7662407,32.2760546],[-106.766121,32.2758549],[-106.7659716,32.2756266],[-106.7657667,32.2753111],[-106.76572,32.2752393],[-106.7656692,32.2751611]]}},{"type":"Feature","properties":{"highway":"service","name":""},"geometry":{"type":"LineString","coordinates":[[-106.7656481,32.275365],[-106.7657667,32.2753111]]}},{"type":"Feature","properties":{"highway":"service","name":""},"geometry":{"type":"LineString","coordinates":[[-106.7656481,32.275365],[-106.7656165,32.2753183]]}},{"type":"Feature","properties":{"highway":"service","name":""},"geometry":{"type":"LineString","coordinates":[[-106.7654724,32.2759065],[-106.7655246,32.2758824],[-106.7659133,32.2757029]]}},{"type":"Feature","properties":{"highway":"service","name":""},"geometry":{"type":"LineString","coordinates":[[-106.7662651,32.2760952],[-106.7663112,32.2761713],[-106.7664545,32.2763921],[-106.7666029,32.2766267],[-106.7667431,32.2768521],[-106.7668334,32.2769925]]}},{"type":"Feature","properties":{"highway":"track","name":""},"geometry":{"type":"LineString","coordinates":[[-106.7597047,32.273424],[-106.7597124,32.2735556],[-106.7597324,32.2736924],[-106.7597756,32.2738656],[-106.7598172,32.2739359],[-106.7598649,32.2739984],[-106.7599343,32.2740518],[-106.7599913,32.2740844],[-106.7601391,32.2741222],[-106.7607215,32.2742576],[-106.7612499,32.2743775],[-106.7618045,32.2745025],[-106.7622481,32.2746093],[-106.7627026,32.2747109],[-106.7631231,32.2748099],[-106.7632941,32.274849],[-106.7634251,32.2748412],[-106.7635037,32.2747643],[-106.7635252,32.2746953],[-106.7635186,32.2745029],[-106.7635037,32.2742864],[-106.7634205,32.2739504],[-106.7633588,32.2736078],[-106.7632849,32.2732952],[-106.7632787,32.2730152],[-106.7632649,32.2727703],[-106.7632433,32.2726387],[-106.7631894,32.2723951],[-106.763231,32.2721998],[-106.7632633,32.2720461],[-106.7633496,32.2716892],[-106.7634451,32.2713739],[-106.7635422,32.2711108],[-106.7636007,32.2709702],[-106.7637305,32.2708101]]}},{"type":"Feature","properties":{"highway":"track","name":""},"geometry":{"type":"LineString","coordinates":[[-106.7595926,32.2734331],[-106.7597047,32.273424]]}},{"type":"Feature","properties":{"highway":"track","name":""},"geometry":{"type":"LineString","coordinates":[[-106.7635198,32.2748902],[-106.763538,32.274924],[-106.7636194,32.2750137],[-106.7636707,32.2750736],[-106.7637026,32.2751244],[-106.7637362,32.2752052],[-106.7637433,32.2752845],[-106.7637451,32.2753713],[-106.7637433,32.275488],[-106.7637468,32.2756331],[-106.7637592,32.2757902],[-106.7637551,32.2759131],[-106.7637408,32.276037],[-106.7637346,32.2761476],[-106.7637333,32.2761704],[-106.7637274,32.276275],[-106.763722,32.2764291],[-106.7637061,32.2766236],[-106.763715,32.2767672],[-106.7637804,32.2769991],[-106.7638335,32.2771323],[-106.7639096,32.2773802],[-106.7639291,32.2775867],[-106.7639043,32.2776435],[-106.7638548,32.2776495],[-106.7638265,32.2776241],[-106.763802,32.2775965]]}},{"type":"Feature","properties":{"highway":"service","name":""},"geometry":{"type":"LineString","coordinates":[[-106.7634251,32.2748412],[-106.7635198,32.2748902]]}},{"type":"Feature","properties":{"highway":"service","name":""},"geometry":{"type":"LineString","coordinates":[[-106.7719013,32.2900441],[-106.7717819,32.2899337],[-106.7717479,32.2899167],[-106.7712607,32.2896618],[-106.7713885,32.2895252]]}},{"type":"Feature","properties":{"highway":"service","name":""},"geometry":{"type":"LineString","coordinates":[[-106.7712607,32.2896618],[-106.771052,32.289884]]}},{"type":"Feature","properties":{"highway":"service","name":""},"geometry":{"type":"LineString","coordinates":[[-106.7716928,32.2903552],[-106.7717312,32.290598],[-106.7716678,32.2906333],[-106.7716121,32.2906686],[-106.7713229,32.2910503]]}},{"type":"Feature","properties":{"highway":"service","name":""},"geometry":{"type":"LineString","coordinates":[[-106.7717312,32.290598],[-106.7718935,32.2906045],[-106.7719245,32.2906136],[-106.771957,32.2906359],[-106.7723884,32.2911026],[-106.7722469,32.2912031]]}},{"type":"Feature","properties":{"highway":"service","name":""},"geometry":{"type":"LineString","coordinates":[[-106.770595,32.2562124],[-106.7704763,32.2558689],[-106.7703867,32.2556394],[-106.7703531,32.2555875],[-106.7702858,32.255525]]}},{"type":"Feature","properties":{"highway":"service","name":""},"geometry":{"type":"LineString","coordinates":[[-106.770595,32.2562124],[-106.7706139,32.2562654],[-106.77062,32.2563229],[-106.770618,32.2564352],[-106.770624,32.2565433],[-106.7706392,32.2566668],[-106.7706656,32.2567568],[-106.7707011,32.2568366],[-106.7707478,32.2568932],[-106.7707904,32.2569241]]}},{"type":"Feature","properties":{"highway":"service","name":""},"geometry":{"type":"LineString","coordinates":[[-106.7691904,32.2565281],[-106.7693304,32.2566979],[-106.7695754,32.2569973],[-106.7697735,32.2572118],[-106.769818,32.2572474],[-106.7698761,32.257257],[-106.7699228,32.2572551],[-106.7699558,32.2572426],[-106.770031,32.257206]]}},{"type":"Feature","properties":{"highway":"service","name":""},"geometry":{"type":"LineString","coordinates":[[-106.7646741,32.2748607],[-106.7646272,32.2748218],[-106.7645617,32.2747245],[-106.7645104,32.2746295],[-106.7644334,32.2746033],[-106.7643777,32.274637],[-106.7643661,32.2746893],[-106.7644095,32.2747245],[-106.7644536,32.2747651]]}},{"type":"Feature","properties":{"highway":"service","name":""},"geometry":{"type":"LineString","coordinates":[[-106.7646413,32.2748891],[-106.7646979,32.2748958],[-106.7647475,32.2749347],[-106.7647917,32.2749863],[-106.7648492,32.2750612],[-106.7648448,32.2750933],[-106.7645608,32.275317],[-106.7645386,32.2753636],[-106.7645608,32.275424],[-106.7646245,32.2754576],[-106.7646661,32.2754554],[-106.7647271,32.275403],[-106.7647785,32.2753604],[-106.7648528,32.2752961],[-106.7649227,32.2752362],[-106.7648492,32.2750612],[-106.7649187,32.275018]]}},{"type":"Feature","properties":{"highway":"service","name":""},"geometry":{"type":"LineString","coordinates":[[-106.7646979,32.2748958],[-106.7646741,32.2748607]]}},{"type":"Feature","properties":{"highway":"service","name":""},"geometry":{"type":"LineString","coordinates":[[-106.7646661,32.2754554],[-106.7646887,32.2755222],[-106.7647678,32.2755715]]}},{"type":"Feature","properties":{"highway":"service","name":""},"geometry":{"type":"LineString","coordinates":[[-106.7657596,32.2751204],[-106.7656147,32.2748866],[-106.7655563,32.2749142],[-106.7654094,32.2746853],[-106.7651475,32.274808],[-106.7648691,32.2749354]]}},{"type":"Feature","properties":{"highway":"service","name":""},"geometry":{"type":"LineString","coordinates":[[-106.7654094,32.2746853],[-106.7653545,32.2746559],[-106.7650893,32.2742386]]}},{"type":"Feature","properties":{"highway":"service","name":""},"geometry":{"type":"LineString","coordinates":[[-106.7535825,32.2748436],[-106.7534777,32.2744145]]}},{"type":"Feature","properties":{"highway":"service","name":""},"geometry":{"type":"LineString","coordinates":[[-106.7371887,32.2892067],[-106.7370434,32.2893148],[-106.7371743,32.2894598],[-106.7371787,32.289472],[-106.7371782,32.2894814],[-106.7371687,32.2894913],[-106.7369081,32.2896688]]}},{"type":"Feature","properties":{"highway":"service","name":""},"geometry":{"type":"LineString","coordinates":[[-106.7370434,32.2893148],[-106.7368322,32.2890875],[-106.7368171,32.2890788],[-106.7368034,32.2890776],[-106.7367876,32.2890834],[-106.7365752,32.2892277],[-106.7365018,32.2892775]]}},{"type":"Feature","properties":{"highway":"service","name":""},"geometry":{"type":"LineString","coordinates":[[-106.7365752,32.2892277],[-106.7364501,32.2891]]}},{"type":"Feature","properties":{"highway":"service","name":""},"geometry":{"type":"LineString","coordinates":[[-106.7355454,32.2895145],[-106.7357178,32.2894135],[-106.7357272,32.2893986],[-106.7357045,32.2893542],[-106.7354429,32.2890893],[-106.7353469,32.2890103],[-106.7353251,32.2890086],[-106.7353022,32.2890138],[-106.7348968,32.2892865],[-106.7346061,32.289482],[-106.7345874,32.2894996],[-106.7345718,32.2895207],[-106.7345666,32.2895452],[-106.7345666,32.2895672],[-106.7345728,32.2895865],[-106.7345826,32.2896106],[-106.7345937,32.2896313],[-106.7349431,32.2899809]]}},{"type":"Feature","properties":{"highway":"service","name":""},"geometry":{"type":"LineString","coordinates":[[-106.7348968,32.2892865],[-106.7350523,32.2894514],[-106.7350701,32.2894618],[-106.73509,32.2894688]]}},{"type":"Feature","properties":{"highway":"service","name":""},"geometry":{"type":"LineString","coordinates":[[-106.7348968,32.2892865],[-106.7347456,32.2891188]]}},{"type":"Feature","properties":{"highway":"service","name":""},"geometry":{"type":"LineString","coordinates":[[-106.7337329,32.2901086],[-106.7334907,32.290171],[-106.733457,32.2901864],[-106.7332174,32.2903562]]}},{"type":"Feature","properties":{"highway":"service","name":""},"geometry":{"type":"LineString","coordinates":[[-106.7350166,32.2920219],[-106.735163,32.2919924],[-106.7352937,32.2919662],[-106.7353056,32.2919532],[-106.7353116,32.2919344],[-106.7353108,32.2919156]]}},{"type":"Feature","properties":{"highway":"service","name":""},"geometry":{"type":"LineString","coordinates":[[-106.7353108,32.2919156],[-106.7351918,32.2914093]]}},{"type":"Feature","properties":{"highway":"footway","name":""},"geometry":{"type":"LineString","coordinates":[[-106.745338,32.2819462],[-106.7453075,32.281955],[-106.7452505,32.2820332],[-106.7451777,32.2820505],[-106.74475,32.2821371],[-106.7446741,32.2821525]]}},{"type":"Feature","properties":{"highway":"service","name":""},"geometry":{"type":"LineString","coordinates":[[-106.7439039,32.2825342],[-106.7440332,32.2825127],[-106.7442631,32.2824672],[-106.7443764,32.2824626],[-106.7444448,32.282474],[-106.7445105,32.2825153],[-106.7446111,32.2826225],[-106.7446829,32.2826565],[-106.7447492,32.2826678],[-106.7448317,32.2826554],[-106.7450939,32.282563],[-106.7452059,32.2825374],[-106.7452662,32.2824898],[-106.7452843,32.2824008],[-106.7451777,32.2820505]]}},{"type":"Feature","properties":{"highway":"service","name":""},"geometry":{"type":"LineString","coordinates":[[-106.7556695,32.2853293],[-106.755812,32.2858167]]}},{"type":"Feature","properties":{"highway":"service","name":""},"geometry":{"type":"LineString","coordinates":[[-106.7561724,32.2879366],[-106.7556039,32.2880329]]}},{"type":"Feature","properties":{"highway":"service","name":""},"geometry":{"type":"LineString","coordinates":[[-106.7537757,32.2868261],[-106.7537197,32.2866163]]}},{"type":"Feature","properties":{"highway":"service","name":""},"geometry":{"type":"LineString","coordinates":[[-106.7555235,32.2859376],[-106.7552,32.2859947]]}},{"type":"Feature","properties":{"highway":"service","name":""},"geometry":{"type":"LineString","coordinates":[[-106.743746,32.2520227],[-106.7437881,32.2521193],[-106.744044,32.2526121],[-106.7440759,32.2527042],[-106.7441494,32.2529326],[-106.7442311,32.253193],[-106.7442364,32.2532221],[-106.744249,32.2532917],[-106.7442756,32.2534515],[-106.7443199,32.2538173],[-106.7443642,32.2542032],[-106.7443656,32.2543668],[-106.7443479,32.2546077],[-106.7442962,32.2550947],[-106.7442741,32.255252],[-106.7442372,32.2553157],[-106.7441648,32.2554281],[-106.7440172,32.2556341],[-106.7440098,32.2557238]]}},{"type":"Feature","properties":{"highway":"service","name":""},"geometry":{"type":"LineString","coordinates":[[-106.7675269,32.274296],[-106.7675631,32.2743447],[-106.7677223,32.2745904],[-106.7679094,32.274897],[-106.768122,32.2752307],[-106.7682996,32.2755132],[-106.7685077,32.2758369],[-106.7686968,32.2761422],[-106.7688326,32.2763568],[-106.7689965,32.2766027],[-106.7690053,32.2766169],[-106.769193,32.2769203],[-106.769279,32.2770643]]}},{"type":"Feature","properties":{"highway":"service","name":""},"geometry":{"type":"LineString","coordinates":[[-106.7690053,32.2766169],[-106.7692003,32.2765171],[-106.7695728,32.2763542]]}},{"type":"Feature","properties":{"highway":"service","name":""},"geometry":{"type":"LineString","coordinates":[[-106.7688118,32.2589979],[-106.76884,32.2590618],[-106.7688192,32.259097],[-106.7686641,32.2591733],[-106.7680093,32.2594884],[-106.7675279,32.2597232],[-106.767433,32.259778],[-106.7674238,32.259821],[-106.7675418,32.2599815],[-106.7676992,32.2601811],[-106.7678542,32.2603298],[-106.7680301,32.2603905],[-106.768354,32.2604472],[-106.7687752,32.260459],[-106.7690529,32.2604668],[-106.769164,32.2604727],[-106.7692612,32.2604551],[-106.7693792,32.2604218]]}},{"type":"Feature","properties":{"highway":"service","name":""},"geometry":{"type":"LineString","coordinates":[[-106.7401863,32.2947113],[-106.7360666,32.2954923],[-106.7360048,32.295504]]}},{"type":"Feature","properties":{"highway":"service","name":""},"geometry":{"type":"LineString","coordinates":[[-106.7555801,32.2570542],[-106.7554984,32.256896],[-106.7551315,32.2562811],[-106.7551072,32.2561503],[-106.7551492,32.2560176],[-106.7551558,32.2558624],[-106.7551182,32.2557054],[-106.7550254,32.255483],[-106.7548597,32.2552363],[-106.7548221,32.2551503],[-106.7548442,32.2550512],[-106.7549171,32.2549503],[-106.7549547,32.2548363],[-106.7549436,32.2547111],[-106.7548751,32.2545634],[-106.7546261,32.254282]]}},{"type":"Feature","properties":{"highway":"service","name":""},"geometry":{"type":"LineString","coordinates":[[-106.7562855,32.2568244],[-106.756024,32.2564008],[-106.7559861,32.256381],[-106.7559307,32.2563884],[-106.7557532,32.2564641],[-106.7555778,32.2565389],[-106.7555472,32.2565771],[-106.7555544,32.2566277],[-106.7557776,32.2569898]]}},{"type":"Feature","properties":{"highway":"service","name":""},"geometry":{"type":"LineString","coordinates":[[-106.7560256,32.2569091],[-106.7557532,32.2564641]]}},{"type":"Feature","properties":{"highway":"service","name":""},"geometry":{"type":"LineString","coordinates":[[-106.7612881,32.2669498],[-106.7610428,32.2670639],[-106.7608749,32.2671421],[-106.7604244,32.2673516],[-106.7604118,32.2673643],[-106.7604072,32.2673779],[-106.7604072,32.2673935],[-106.7604118,32.2674091],[-106.7608094,32.268032],[-106.7608855,32.2681511]]}},{"type":"Feature","properties":{"highway":"service","name":""},"geometry":{"type":"LineString","coordinates":[[-106.7615657,32.2673836],[-106.7613271,32.2674928],[-106.7615367,32.2678151],[-106.7615379,32.2678316],[-106.7615321,32.2678404],[-106.7615217,32.2678482],[-106.76127,32.2679074],[-106.7610589,32.2679572],[-106.7608094,32.268032]]}},{"type":"Feature","properties":{"highway":"service","name":""},"geometry":{"type":"LineString","coordinates":[[-106.7613033,32.2680418],[-106.76127,32.2679074],[-106.7612327,32.2677761],[-106.7611567,32.267594],[-106.7610768,32.2674671],[-106.7608749,32.2671421],[-106.7607283,32.2669109]]}},{"type":"Feature","properties":{"highway":"service","name":""},"geometry":{"type":"LineString","coordinates":[[-106.7613271,32.2674928],[-106.7610428,32.2670639],[-106.7609003,32.2668337]]}},{"type":"Feature","properties":{"highway":"service","name":"car wash driver though"},"geometry":{"type":"LineString","coordinates":[[-106.7610589,32.2679572],[-106.7608428,32.2679614],[-106.7608278,32.2679562],[-106.7608154,32.2679427],[-106.7606579,32.2676988],[-106.7606588,32.2676801],[-106.7606685,32.2676621],[-106.7606995,32.2676457],[-106.7607915,32.2675985],[-106.7610768,32.2674671]]}},{"type":"Feature","properties":{"highway":"service","name":""},"geometry":{"type":"LineString","coordinates":[[-106.7682101,32.294488],[-106.7681239,32.2945635],[-106.7678239,32.2948262],[-106.767739,32.2949043],[-106.7677326,32.2949225],[-106.7680057,32.2951936]]}},{"type":"Feature","properties":{"highway":"service","name":""},"geometry":{"type":"LineString","coordinates":[[-106.7677326,32.2949225],[-106.7675983,32.2947945],[-106.7675876,32.2947609],[-106.7676015,32.2947282],[-106.7676639,32.2946782],[-106.767966,32.2944214],[-106.768053,32.2943474]]}},{"type":"Feature","properties":{"highway":"service","name":""},"geometry":{"type":"LineString","coordinates":[[-106.7556588,32.2901238],[-106.7557659,32.2900716],[-106.7558358,32.2900445],[-106.7558674,32.2900437],[-106.7559077,32.2900572],[-106.7559276,32.2900745],[-106.7559504,32.290102],[-106.7559951,32.2901729]]}},{"type":"Feature","properties":{"highway":"service","name":""},"geometry":{"type":"LineString","coordinates":[[-106.7575471,32.2906223],[-106.7575938,32.2907826],[-106.7573253,32.2908532],[-106.7571021,32.2909093],[-106.7569803,32.2909581],[-106.7568468,32.2910175],[-106.7567513,32.2910635],[-106.7566744,32.2911006],[-106.7566392,32.2911343],[-106.7566291,32.2911646],[-106.7566338,32.2911937],[-106.7566502,32.2912187],[-106.7567446,32.2913454],[-106.7569358,32.2916067],[-106.7569709,32.291637],[-106.7570068,32.2916588],[-106.757056,32.2916937]]}},{"type":"Feature","properties":{"highway":"service","name":""},"geometry":{"type":"LineString","coordinates":[[-106.7567513,32.2910635],[-106.7566659,32.2909243]]}},{"type":"Feature","properties":{"highway":"service","name":""},"geometry":{"type":"LineString","coordinates":[[-106.7666285,32.2717167],[-106.7659764,32.2720086],[-106.7655597,32.272195]]}},{"type":"Feature","properties":{"highway":"service","name":""},"geometry":{"type":"LineString","coordinates":[[-106.739388,32.2759164],[-106.7400367,32.2757917],[-106.7402364,32.2757533],[-106.7401769,32.2755326],[-106.7400528,32.2750731]]}},{"type":"Feature","properties":{"highway":"service","name":""},"geometry":{"type":"LineString","coordinates":[[-106.7388205,32.2756361],[-106.738893,32.275564],[-106.7389094,32.275549],[-106.7389319,32.2755175],[-106.7388515,32.2751969],[-106.7387895,32.2751746],[-106.7386886,32.2751377]]}},{"type":"Feature","properties":{"highway":"service","name":""},"geometry":{"type":"LineString","coordinates":[[-106.7580962,32.2841301],[-106.7582816,32.2840905],[-106.7583092,32.2840748],[-106.7583272,32.2840502],[-106.7583348,32.2840111],[-106.7583265,32.2839205],[-106.7583068,32.2838495],[-106.7582567,32.2837897],[-106.7582507,32.2837667],[-106.7582275,32.2836781]]}},{"type":"Feature","properties":{"highway":"secondary","name":"South Telshor Boulevard"},"geometry":{"type":"LineString","coordinates":[[-106.734341,32.2894231],[-106.7343168,32.2892956]]}},{"type":"Feature","properties":{"highway":"tertiary","name":"South Triviz Drive"},"geometry":{"type":"LineString","coordinates":[[-106.7429835,32.2986295],[-106.7429443,32.2985082],[-106.742834,32.2981666],[-106.7425968,32.2974318],[-106.7418561,32.2951499],[-106.7414602,32.2939156],[-106.7411409,32.2929218],[-106.7407019,32.2915758],[-106.7404744,32.2908762],[-106.740307,32.2903621],[-106.7400946,32.2897075],[-106.7400443,32.289553],[-106.7400077,32.2894268],[-106.7399743,32.2893121],[-106.7399479,32.2892016],[-106.7399311,32.2891086],[-106.7399126,32.2889943],[-106.7398972,32.2888728]]}},{"type":"Feature","properties":{"highway":"primary","name":"East University Avenue"},"geometry":{"type":"LineString","coordinates":[[-106.7485119,32.2856082],[-106.7487295,32.2855566],[-106.7491083,32.2854665],[-106.749805,32.2853091],[-106.7498888,32.2852902],[-106.7500111,32.2852668],[-106.7512861,32.2850228],[-106.7518046,32.2849228],[-106.7520941,32.284867],[-106.7526562,32.2847611],[-106.7527737,32.284739]]}},{"type":"Feature","properties":{"highway":"tertiary_link","name":""},"geometry":{"type":"LineString","coordinates":[[-106.7391729,32.2769909],[-106.7390018,32.2770222]]}},{"type":"Feature","properties":{"highway":"tertiary_link","name":""},"geometry":{"type":"LineString","coordinates":[[-106.7381164,32.2736477],[-106.7382849,32.2736177]]}},{"type":"Feature","properties":{"highway":"tertiary_link","name":""},"geometry":{"type":"LineString","coordinates":[[-106.7386012,32.2748191],[-106.7384662,32.2749677]]}},{"type":"Feature","properties":{"highway":"service","name":""},"geometry":{"type":"LineString","coordinates":[[-106.739388,32.2759164],[-106.7392983,32.2755765],[-106.7390909,32.2756212],[-106.7391826,32.2759559]]}},{"type":"Feature","properties":{"highway":"service","name":""},"geometry":{"type":"LineString","coordinates":[[-106.7400367,32.2757917],[-106.7399752,32.2755705],[-106.7401769,32.2755326]]}},{"type":"Feature","properties":{"highway":"service","name":""},"geometry":{"type":"LineString","coordinates":[[-106.7389158,32.2760072],[-106.7390049,32.2759901],[-106.7391826,32.2759559],[-106.739388,32.2759164]]}},{"type":"Feature","properties":{"highway":"tertiary","name":"Triviz Drive"},"geometry":{"type":"LineString","coordinates":[[-106.7427094,32.2867387],[-106.7427717,32.2867825],[-106.7428524,32.2868051],[-106.7429539,32.2868276],[-106.7430055,32.2868329],[-106.7430793,32.2868314],[-106.743146,32.2868231],[-106.7431959,32.2868058],[-106.7432484,32.2867833],[-106.7432937,32.2867494],[-106.7433382,32.2867073],[-106.7433738,32.2866629],[-106.7434138,32.2865997],[-106.7434343,32.2865418],[-106.7434441,32.2864854],[-106.7434485,32.2864162],[-106.7434485,32.2863304],[-106.743446,32.286298],[-106.7434419,32.2861488],[-106.7434263,32.286011]]}},{"type":"Feature","properties":{"highway":"tertiary","name":"Triviz Drive"},"geometry":{"type":"LineString","coordinates":[[-106.7434263,32.286011],[-106.7433971,32.2858918],[-106.7433809,32.2858443],[-106.7433571,32.2857831],[-106.7433246,32.2857238],[-106.7432859,32.2856647],[-106.7431972,32.2856064],[-106.7430249,32.2855422],[-106.7428718,32.2855422],[-106.7427438,32.2855622],[-106.7425503,32.2856269],[-106.741622,32.2859387],[-106.7414264,32.2859954]]}},{"type":"Feature","properties":{"highway":"footway","name":""},"geometry":{"type":"LineString","coordinates":[[-106.7432391,32.2863233],[-106.7433458,32.2863069],[-106.743446,32.286298],[-106.7435042,32.2862928]]}},{"type":"Feature","properties":{"highway":"footway","name":""},"geometry":{"type":"LineString","coordinates":[[-106.7435817,32.2862262],[-106.7435715,32.2861492],[-106.7435531,32.2860101],[-106.7435412,32.2859198]]}},{"type":"Feature","properties":{"highway":"footway","name":"Triviz Path"},"geometry":{"type":"LineString","coordinates":[[-106.7431761,32.2862802],[-106.7431465,32.2861631],[-106.7431151,32.2860389],[-106.7430958,32.2859628]]}},{"type":"Feature","properties":{"highway":"footway","name":"Triviz Path"},"geometry":{"type":"LineString","coordinates":[[-106.7431337,32.2859254],[-106.7432659,32.2859085],[-106.7433971,32.2858918],[-106.7434494,32.2858851]]}},{"type":"Feature","properties":{"highway":"service","name":""},"geometry":{"type":"LineString","coordinates":[[-106.7655476,32.282113],[-106.7654273,32.2816375],[-106.7654096,32.281613],[-106.7653709,32.2815844],[-106.765337,32.2815775],[-106.7652838,32.2815857],[-106.765208,32.2816004],[-106.7650089,32.2816391],[-106.7640628,32.281823],[-106.7640289,32.2818434],[-106.7640176,32.2818694],[-106.7639886,32.2823112],[-106.7639967,32.2823398],[-106.7640241,32.282363],[-106.7640628,32.2823794],[-106.7640983,32.2823821],[-106.7641711,32.2823799]]}},{"type":"Feature","properties":{"highway":"service","name":""},"geometry":{"type":"LineString","coordinates":[[-106.7653551,32.2821503],[-106.765208,32.2816004]]}},{"type":"Feature","properties":{"highway":"service","name":""},"geometry":{"type":"LineString","coordinates":[[-106.7651509,32.2821905],[-106.7650089,32.2816391]]}},{"type":"Feature","properties":{"highway":"footway","name":""},"geometry":{"type":"LineString","coordinates":[[-106.7528647,32.284635],[-106.7528878,32.2847183],[-106.7529164,32.2848212]]}},{"type":"Feature","properties":{"highway":"footway","name":""},"geometry":{"type":"LineString","coordinates":[[-106.7529164,32.2848212],[-106.7529329,32.2848093],[-106.7529604,32.2847997],[-106.7530271,32.2847869],[-106.754025,32.2845982],[-106.7542838,32.2845478],[-106.7546607,32.2844745],[-106.7546941,32.284477],[-106.7547264,32.2844938],[-106.7547458,32.284517],[-106.754868,32.2849927],[-106.7549805,32.2853889],[-106.7549711,32.2854083],[-106.754939,32.2854252],[-106.7542802,32.2855468],[-106.7542496,32.2855556],[-106.7542456,32.285542],[-106.7531325,32.2857551],[-106.7531261,32.28575]]}},{"type":"Feature","properties":{"highway":"cycleway","name":""},"geometry":{"type":"LineString","coordinates":[[-106.7510947,32.2849433],[-106.7515199,32.2848591],[-106.7516723,32.2848297],[-106.7517754,32.28481],[-106.751837,32.2847983],[-106.7524553,32.284681],[-106.7526345,32.2846484],[-106.7528572,32.2846069]]}},{"type":"Feature","properties":{"highway":"footway","name":""},"geometry":{"type":"LineString","coordinates":[[-106.7554861,32.2841248],[-106.7555272,32.2841146],[-106.7557389,32.2840717],[-106.7561929,32.283979],[-106.7562163,32.283968],[-106.7562307,32.2839584],[-106.7562469,32.2839417],[-106.756383,32.2838986],[-106.7565111,32.2838574],[-106.7565335,32.2838504]]}},{"type":"Feature","properties":{"highway":"service","name":""},"geometry":{"type":"LineString","coordinates":[[-106.7408763,32.2783297],[-106.7407322,32.2777825],[-106.7407159,32.2777446],[-106.7406682,32.2775448]]}},{"type":"Feature","properties":{"highway":"service","name":""},"geometry":{"type":"LineString","coordinates":[[-106.7398406,32.2779527],[-106.7399786,32.2784962]]}},{"type":"Feature","properties":{"highway":"service","name":""},"geometry":{"type":"LineString","coordinates":[[-106.7405819,32.2775635],[-106.740634,32.2777638],[-106.7406262,32.2778033],[-106.7407587,32.2783515]]}},{"type":"Feature","properties":{"highway":"service","name":""},"geometry":{"type":"LineString","coordinates":[[-106.7408892,32.2777541],[-106.7410348,32.2783029]]}},{"type":"Feature","properties":{"highway":"service","name":""},"geometry":{"type":"LineString","coordinates":[[-106.7413119,32.2776769],[-106.7414555,32.2782335]]}},{"type":"Feature","properties":{"highway":"service","name":""},"geometry":{"type":"LineString","coordinates":[[-106.7412389,32.2782713],[-106.7410986,32.2777169]]}},{"type":"Feature","properties":{"highway":"service","name":""},"geometry":{"type":"LineString","coordinates":[[-106.7408763,32.2783297],[-106.7407587,32.2783515],[-106.7406154,32.278378],[-106.7404015,32.2784177],[-106.7401885,32.2784572],[-106.7399786,32.2784962],[-106.7397731,32.2785343],[-106.7395041,32.2785842]]}},{"type":"Feature","properties":{"highway":"service","name":""},"geometry":{"type":"LineString","coordinates":[[-106.7406262,32.2778033],[-106.7407322,32.2777825]]}},{"type":"Feature","properties":{"highway":"service","name":""},"geometry":{"type":"LineString","coordinates":[[-106.7397731,32.2785343],[-106.739648,32.2780423],[-106.7396498,32.2780173],[-106.7396584,32.2780022],[-106.7396738,32.2779919],[-106.7398406,32.2779527],[-106.7400508,32.2779128],[-106.7402621,32.2778726],[-106.7404628,32.2778344],[-106.7406262,32.2778033]]}},{"type":"Feature","properties":{"highway":"service","name":""},"geometry":{"type":"LineString","coordinates":[[-106.7464103,32.2814968],[-106.746456,32.2814882]]}},{"type":"Feature","properties":{"highway":"service","name":""},"geometry":{"type":"LineString","coordinates":[[-106.7467618,32.2814467],[-106.7465957,32.2814394],[-106.7465289,32.2814341],[-106.7464812,32.2814396],[-106.7464705,32.2814602],[-106.746456,32.2814882]]}},{"type":"Feature","properties":{"highway":"service","name":"Andrew Wall Place"},"geometry":{"type":"LineString","coordinates":[[-106.746657,32.282444],[-106.7464954,32.281819],[-106.74646,32.2816836]]}},{"type":"Feature","properties":{"highway":"unclassified","name":"Standley Drive"},"geometry":{"type":"LineString","coordinates":[[-106.7471694,32.2733457],[-106.7470916,32.2733603],[-106.7470652,32.2733653],[-106.7462608,32.2735165],[-106.7458072,32.2736052],[-106.7453284,32.2736978],[-106.7450952,32.2737387],[-106.7448663,32.2737667],[-106.7444608,32.2738152],[-106.7443559,32.2738278]]}},{"type":"Feature","properties":{"highway":"footway","name":""},"geometry":{"type":"LineString","coordinates":[[-106.7410697,32.280439],[-106.7411113,32.2807087],[-106.7410079,32.2808933],[-106.7411334,32.281363],[-106.741211,32.2816514],[-106.7404543,32.2818009],[-106.7404188,32.2817936],[-106.7404102,32.2817717]]}},{"type":"Feature","properties":{"highway":"footway","name":""},"geometry":{"type":"LineString","coordinates":[[-106.7406331,32.2788858],[-106.7412053,32.2787824]]}},{"type":"Feature","properties":{"highway":"footway","name":""},"geometry":{"type":"LineString","coordinates":[[-106.7405697,32.2786485],[-106.7406613,32.278602],[-106.7407288,32.2785712],[-106.7407458,32.2785654],[-106.7407956,32.2785485],[-106.7408619,32.2785333],[-106.7409139,32.2785262],[-106.7409653,32.2785237],[-106.7410447,32.2785268],[-106.7411176,32.2785369],[-106.7411373,32.2786055],[-106.7412668,32.2785769]]}},{"type":"Feature","properties":{"highway":"footway","name":""},"geometry":{"type":"LineString","coordinates":[[-106.7407458,32.2785654],[-106.7407112,32.2784231]]}},{"type":"Feature","properties":{"highway":"service","name":""},"geometry":{"type":"LineString","coordinates":[[-106.746456,32.2814882],[-106.7464791,32.2815006],[-106.7464936,32.2815083],[-106.7465639,32.2814953],[-106.7466043,32.2814732]]}},{"type":"Feature","properties":{"highway":"service","name":""},"geometry":{"type":"LineString","coordinates":[[-106.7696055,32.2948349],[-106.7695662,32.2948439],[-106.7689998,32.2949729],[-106.7689427,32.2950147],[-106.7688597,32.2950754]]}},{"type":"Feature","properties":{"highway":"service","name":""},"geometry":{"type":"LineString","coordinates":[[-106.7695662,32.2948439],[-106.7695397,32.2947655],[-106.7694951,32.2947079],[-106.769447,32.2946712],[-106.7694071,32.2946533],[-106.7693484,32.2946573],[-106.7689117,32.2947575]]}},{"type":"Feature","properties":{"highway":"service","name":""},"geometry":{"type":"LineString","coordinates":[[-106.7689117,32.2947575],[-106.7689035,32.2947933],[-106.7689129,32.2948508],[-106.7689998,32.2949729]]}},{"type":"Feature","properties":{"highway":"service","name":""},"geometry":{"type":"LineString","coordinates":[[-106.7689117,32.2947575],[-106.7688859,32.2947357],[-106.7688648,32.294698],[-106.7688453,32.2946432]]}},{"type":"Feature","properties":{"highway":"service","name":""},"geometry":{"type":"LineString","coordinates":[[-106.7535042,32.2795754],[-106.7538097,32.2795201]]}},{"type":"Feature","properties":{"highway":"primary","name":"East University Avenue"},"geometry":{"type":"LineString","coordinates":[[-106.7564185,32.2840244],[-106.7562939,32.2840509],[-106.755393,32.2842391],[-106.754778,32.2843558],[-106.7546694,32.2843765]]}},{"type":"Feature","properties":{"highway":"footway","name":""},"geometry":{"type":"LineString","coordinates":[[-106.7542439,32.2843664],[-106.7542383,32.284342],[-106.7542014,32.284178]]}},{"type":"Feature","properties":{"highway":"footway","name":""},"geometry":{"type":"LineString","coordinates":[[-106.7515062,32.2820603],[-106.7513471,32.2821013],[-106.7512657,32.2821134],[-106.7511973,32.2821089],[-106.7511316,32.2820919],[-106.7510283,32.2820522],[-106.7509693,32.2820193],[-106.7509237,32.2819819],[-106.7509063,32.2819467],[-106.750827,32.2819611],[-106.7506555,32.2819921],[-106.7506246,32.2819819],[-106.7505685,32.2819498]]}},{"type":"Feature","properties":{"highway":"pedestrian","name":"Frank Bromilow Mall"},"geometry":{"type":"LineString","coordinates":[[-106.7542406,32.2804594],[-106.7542673,32.2805695]]}},{"type":"Feature","properties":{"highway":"pedestrian","name":"Frank Bromilow Mall"},"geometry":{"type":"LineString","coordinates":[[-106.7539349,32.2792893],[-106.7539576,32.2793762],[-106.7539602,32.279386],[-106.7539925,32.2795097],[-106.7540072,32.2795658],[-106.7540952,32.2799029],[-106.7541096,32.2799577],[-106.754228,32.2804109],[-106.7542406,32.2804594]]}},{"type":"Feature","properties":{"highway":"footway","name":""},"geometry":{"type":"LineString","coordinates":[[-106.7550176,32.2791928],[-106.7551306,32.2791787],[-106.7552391,32.2791652],[-106.7552034,32.2790541],[-106.7551743,32.2789615],[-106.7550792,32.278981],[-106.7549895,32.2790018],[-106.7549896,32.2790929],[-106.7550013,32.279187]]}},{"type":"Feature","properties":{"highway":"footway","name":""},"geometry":{"type":"LineString","coordinates":[[-106.7530996,32.279373],[-106.7531202,32.2794598],[-106.7531403,32.2795448],[-106.7530489,32.2795603],[-106.7529651,32.2795744]]}},{"type":"Feature","properties":{"highway":"footway","name":""},"geometry":{"type":"LineString","coordinates":[[-106.752927,32.2793591],[-106.752871,32.2793401],[-106.7527851,32.2793151],[-106.7527134,32.2792975],[-106.7526443,32.2792873],[-106.7526108,32.2792805],[-106.7525914,32.2792703],[-106.752582,32.2792562],[-106.7525572,32.2791552],[-106.7526188,32.2791445],[-106.7525962,32.2790549]]}},{"type":"Feature","properties":{"highway":"footway","name":""},"geometry":{"type":"LineString","coordinates":[[-106.7527302,32.2790311],[-106.7525962,32.2790549],[-106.7525308,32.2790665],[-106.7525203,32.2790684]]}},{"type":"Feature","properties":{"highway":"footway","name":""},"geometry":{"type":"LineString","coordinates":[[-106.7519091,32.2797665],[-106.7518859,32.2796848],[-106.7518658,32.2796141]]}},{"type":"Feature","properties":{"highway":"service","name":""},"geometry":{"type":"LineString","coordinates":[[-106.7510537,32.2811032],[-106.7509842,32.2811164],[-106.7507561,32.2811599]]}},{"type":"Feature","properties":{"highway":"footway","name":""},"geometry":{"type":"LineString","coordinates":[[-106.7505939,32.2806461],[-106.7505238,32.2803819],[-106.7504288,32.2800476]]}},{"type":"Feature","properties":{"highway":"footway","name":""},"geometry":{"type":"LineString","coordinates":[[-106.7504295,32.2810113],[-106.7502149,32.2810884],[-106.7501626,32.2810992],[-106.7501298,32.2811037],[-106.7500943,32.2811771]]}},{"type":"Feature","properties":{"highway":"footway","name":""},"geometry":{"type":"LineString","coordinates":[[-106.75084,32.2805997],[-106.7505939,32.2806461],[-106.7502236,32.280716],[-106.7502753,32.2809144],[-106.7503993,32.2808946],[-106.7504295,32.2810113],[-106.7504101,32.2810822]]}},{"type":"Feature","properties":{"highway":"footway","name":""},"geometry":{"type":"LineString","coordinates":[[-106.7507713,32.2803363],[-106.7505238,32.2803819],[-106.7495682,32.2805591]]}},{"type":"Feature","properties":{"highway":"service","name":""},"geometry":{"type":"LineString","coordinates":[[-106.750989,32.2808742],[-106.7509201,32.2808869],[-106.750455,32.2809728],[-106.7504004,32.2807614],[-106.7508614,32.2806763],[-106.7509311,32.2806634]]}},{"type":"Feature","properties":{"highway":"footway","name":""},"geometry":{"type":"LineString","coordinates":[[-106.7494827,32.2802255],[-106.7495682,32.2805591],[-106.7496838,32.2810099]]}},{"type":"Feature","properties":{"highway":"footway","name":""},"geometry":{"type":"LineString","coordinates":[[-106.7535482,32.2829672],[-106.7541136,32.2828621],[-106.7546909,32.2827565],[-106.754904,32.2827176],[-106.7554231,32.2826227],[-106.7559079,32.282534],[-106.7559206,32.2825386],[-106.7559227,32.2825466],[-106.7560434,32.2829937],[-106.7560587,32.2830437],[-106.756063,32.2830593],[-106.7561191,32.2832608],[-106.7561374,32.2833589],[-106.7561728,32.2835295],[-106.7562023,32.2836678],[-106.7562492,32.2838447],[-106.7562573,32.2839048],[-106.7562469,32.2839417]]}},{"type":"Feature","properties":{"highway":"footway","name":""},"geometry":{"type":"LineString","coordinates":[[-106.754228,32.2804109],[-106.7541866,32.2804186],[-106.7540472,32.2804448],[-106.753875,32.2804771]]}},{"type":"Feature","properties":{"highway":"residential","name":"Sweet Avenue"},"geometry":{"type":"LineString","coordinates":[[-106.753625,32.2817841],[-106.7535711,32.2817488],[-106.7535201,32.2817154],[-106.7534611,32.2816576],[-106.7534192,32.2815726]]}},{"type":"Feature","properties":{"highway":"footway","name":""},"geometry":{"type":"LineString","coordinates":[[-106.7534573,32.2808562],[-106.7535138,32.2808449],[-106.7539586,32.2807562]]}},{"type":"Feature","properties":{"highway":"footway","name":""},"geometry":{"type":"LineString","coordinates":[[-106.7534355,32.2809613],[-106.7534416,32.2810164],[-106.7534544,32.2810856],[-106.7534772,32.2812149],[-106.7534868,32.2813296],[-106.7534933,32.2814274],[-106.7534899,32.2815567],[-106.7534892,32.2816123],[-106.7535093,32.2816576],[-106.7535643,32.2817035],[-106.7536186,32.2817364],[-106.7536478,32.2817389],[-106.7536716,32.2817409],[-106.7539594,32.281683],[-106.7543518,32.2816045],[-106.7545303,32.2815682],[-106.7555646,32.2813668],[-106.7555941,32.2813413],[-106.7555948,32.2813118],[-106.7554171,32.2806746],[-106.7553855,32.280653],[-106.7553319,32.2806059]]}},{"type":"Feature","properties":{"highway":"footway","name":""},"geometry":{"type":"LineString","coordinates":[[-106.7535143,32.2810769],[-106.7534816,32.2809525]]}},{"type":"Feature","properties":{"highway":"footway","name":""},"geometry":{"type":"LineString","coordinates":[[-106.7532837,32.2810362],[-106.7532828,32.2809897],[-106.7533152,32.2808827]]}},{"type":"Feature","properties":{"highway":"footway","name":""},"geometry":{"type":"LineString","coordinates":[[-106.7526584,32.2819382],[-106.7525948,32.2819252],[-106.7522751,32.2818781],[-106.7521469,32.2818628],[-106.7519054,32.2818266],[-106.751664,32.2818061],[-106.7514006,32.2817837]]}},{"type":"Feature","properties":{"highway":"footway","name":""},"geometry":{"type":"LineString","coordinates":[[-106.7526584,32.2819382],[-106.7526768,32.2818969],[-106.7527763,32.2817394]]}},{"type":"Feature","properties":{"highway":"footway","name":""},"geometry":{"type":"LineString","coordinates":[[-106.7532847,32.2817891],[-106.7533055,32.2817659],[-106.7533167,32.2817249],[-106.753333,32.2816655],[-106.7533349,32.2816165],[-106.7533397,32.2814966],[-106.753339,32.2813895],[-106.7533379,32.2813509],[-106.7533363,32.2813019],[-106.7533266,32.2811942],[-106.7533048,32.281072],[-106.7532961,32.2810431],[-106.7532837,32.2810362]]}},{"type":"Feature","properties":{"highway":"footway","name":""},"geometry":{"type":"LineString","coordinates":[[-106.7529838,32.2808521],[-106.7529441,32.2808393]]}},{"type":"Feature","properties":{"highway":"footway","name":""},"geometry":{"type":"LineString","coordinates":[[-106.7529838,32.2808521],[-106.7529891,32.2808713],[-106.7530087,32.2809424]]}},{"type":"Feature","properties":{"highway":"footway","name":""},"geometry":{"type":"LineString","coordinates":[[-106.7529542,32.2808778],[-106.7529891,32.2808713]]}},{"type":"Feature","properties":{"highway":"footway","name":""},"geometry":{"type":"LineString","coordinates":[[-106.7531684,32.2809113],[-106.7529838,32.2808521]]}},{"type":"Feature","properties":{"highway":"service","name":""},"geometry":{"type":"LineString","coordinates":[[-106.7568371,32.2774394],[-106.7567525,32.2774562],[-106.7566701,32.2774726],[-106.7558998,32.2776164],[-106.7556941,32.2776548]]}},{"type":"Feature","properties":{"highway":"service","name":""},"geometry":{"type":"LineString","coordinates":[[-106.7557383,32.2783003],[-106.7555971,32.2783249],[-106.755032,32.2784422],[-106.754947,32.2784598]]}},{"type":"Feature","properties":{"highway":"service","name":""},"geometry":{"type":"LineString","coordinates":[[-106.7555009,32.2769545],[-106.7555612,32.2771993]]}},{"type":"Feature","properties":{"highway":"footway","name":""},"geometry":{"type":"LineString","coordinates":[[-106.7530996,32.279373],[-106.7531332,32.2793741],[-106.7539825,32.2792104],[-106.7540391,32.2791995],[-106.754111,32.279188],[-106.7549624,32.27903],[-106.7549765,32.279022],[-106.7549895,32.2790018],[-106.7549926,32.2789852],[-106.7548533,32.2784359],[-106.7545996,32.2774759],[-106.7545341,32.2772055],[-106.7545252,32.2771991],[-106.7545111,32.2771974],[-106.7544877,32.2772008],[-106.753734,32.2773456],[-106.7537078,32.277353],[-106.7537025,32.2773689],[-106.7537031,32.2773887],[-106.7537832,32.2776925],[-106.7537916,32.2777209]]}},{"type":"Feature","properties":{"highway":"footway","name":""},"geometry":{"type":"LineString","coordinates":[[-106.7540391,32.2791995],[-106.7538379,32.2790827],[-106.7532858,32.2791883]]}},{"type":"Feature","properties":{"highway":"footway","name":""},"geometry":{"type":"LineString","coordinates":[[-106.752771,32.2787337],[-106.7524636,32.2787926],[-106.751818,32.2789162],[-106.7514846,32.2789801],[-106.7514244,32.2789916],[-106.7506702,32.279136],[-106.7506394,32.2791314],[-106.7506124,32.279116]]}},{"type":"Feature","properties":{"highway":"service","name":""},"geometry":{"type":"LineString","coordinates":[[-106.7513088,32.2795574],[-106.7511823,32.2790859]]}},{"type":"Feature","properties":{"highway":"residential","name":"Acacia Road"},"geometry":{"type":"LineString","coordinates":[[-106.7217452,32.2679593],[-106.7216212,32.2675476],[-106.7213098,32.2664695],[-106.7221818,32.265078],[-106.722288,32.2649085],[-106.7224101,32.2646631],[-106.7224384,32.2646074],[-106.7225025,32.2641602],[-106.7224008,32.2636851]]}},{"type":"Feature","properties":{"highway":"service","name":""},"geometry":{"type":"LineString","coordinates":[[-106.7637785,32.2708913],[-106.7637048,32.2709771],[-106.7636408,32.271103],[-106.7635129,32.2714508],[-106.7634651,32.2715967],[-106.7634205,32.271766],[-106.7633742,32.2719132],[-106.7633234,32.2720786],[-106.7632834,32.2722369],[-106.7632664,32.2723567],[-106.7632726,32.2723984],[-106.7633203,32.2725534],[-106.7633527,32.2727527],[-106.7633588,32.2729038],[-106.7633573,32.2730862],[-106.7633604,32.2732477],[-106.763442,32.2735659],[-106.7635422,32.2739423],[-106.7635853,32.2742302],[-106.7636131,32.274536],[-106.7635965,32.2747224],[-106.7635198,32.2748902]]}},{"type":"Feature","properties":{"highway":"tertiary","name":"Stewart Street"},"geometry":{"type":"LineString","coordinates":[[-106.7379388,32.2823261],[-106.737791,32.2823547]]}},{"type":"Feature","properties":{"highway":"cycleway","name":""},"geometry":{"type":"LineString","coordinates":[[-106.7379218,32.2822709],[-106.7379135,32.2822433],[-106.73791,32.2822022],[-106.7379262,32.2821076]]}},{"type":"Feature","properties":{"highway":"unclassified","name":"Arrowhead Drive"},"geometry":{"type":"LineString","coordinates":[[-106.7414573,32.2860691],[-106.7414264,32.2859954]]}},{"type":"Feature","properties":{"highway":"tertiary","name":"Triviz Drive"},"geometry":{"type":"LineString","coordinates":[[-106.7400735,32.2863077],[-106.7402108,32.2862328],[-106.7402206,32.2862298],[-106.7403486,32.2861904],[-106.7405769,32.2861693],[-106.7409192,32.2861563],[-106.7411252,32.2861387],[-106.7413409,32.2861034],[-106.7414573,32.2860691]]}},{"type":"Feature","properties":{"highway":"tertiary","name":"Triviz Drive"},"geometry":{"type":"LineString","coordinates":[[-106.7414264,32.2859954],[-106.7413256,32.2860245],[-106.7411308,32.2860598],[-106.7408277,32.2860944],[-106.7404043,32.2861351],[-106.7402456,32.2861387],[-106.7402136,32.2861323],[-106.7400646,32.2861024]]}},{"type":"Feature","properties":{"highway":"tertiary","name":"Triviz Drive"},"geometry":{"type":"LineString","coordinates":[[-106.7399452,32.2873858],[-106.7400271,32.2875023],[-106.7400675,32.2875952],[-106.7400669,32.2876299],[-106.7400661,32.2876741],[-106.7400466,32.2877458],[-106.7400452,32.2878602]]}},{"type":"Feature","properties":{"highway":"tertiary","name":"Triviz Drive"},"geometry":{"type":"LineString","coordinates":[[-106.7405495,32.2871246],[-106.7405046,32.2871438],[-106.7404446,32.2871693],[-106.7404047,32.2871806],[-106.7403528,32.2871952],[-106.7402721,32.2872023],[-106.740175,32.2872143]]}},{"type":"Feature","properties":{"highway":"tertiary","name":"Triviz Drive"},"geometry":{"type":"LineString","coordinates":[[-106.7402115,32.2873687],[-106.7402742,32.287324],[-106.7403562,32.2872723],[-106.740436,32.2872286],[-106.7404805,32.2871927],[-106.7405495,32.2871246]]}},{"type":"Feature","properties":{"highway":"tertiary","name":"Triviz Drive"},"geometry":{"type":"LineString","coordinates":[[-106.7400452,32.2878602],[-106.7400944,32.2877777],[-106.7401287,32.2876705],[-106.7401346,32.2876334],[-106.7401467,32.2875571],[-106.7401573,32.2874793],[-106.74019,32.287399]]}},{"type":"Feature","properties":{"highway":"tertiary","name":"Triviz Drive"},"geometry":{"type":"LineString","coordinates":[[-106.7398972,32.2888728],[-106.7398939,32.2887712],[-106.7398915,32.2886421],[-106.7398953,32.2885406],[-106.7399178,32.2883194],[-106.739942,32.2881796],[-106.7399622,32.288088],[-106.7400058,32.2879454],[-106.7400158,32.2879238],[-106.7400452,32.2878602]]}},{"type":"Feature","properties":{"highway":"cycleway","name":""},"geometry":{"type":"LineString","coordinates":[[-106.7391219,32.2854405],[-106.7390863,32.2854027],[-106.739007,32.2853074],[-106.738943,32.2851833],[-106.7387005,32.2846726],[-106.7385456,32.2842379],[-106.7383071,32.2834913],[-106.7379547,32.2823779]]}},{"type":"Feature","properties":{"highway":"primary","name":"East University Avenue"},"geometry":{"type":"LineString","coordinates":[[-106.7402991,32.2867479],[-106.7395084,32.2869429]]}},{"type":"Feature","properties":{"highway":"primary","name":"East University Avenue"},"geometry":{"type":"LineString","coordinates":[[-106.74159,32.2862877],[-106.7407459,32.2866118],[-106.7402991,32.2867479]]}},{"type":"Feature","properties":{"highway":"primary","name":"East University Avenue"},"geometry":{"type":"LineString","coordinates":[[-106.7395369,32.2870854],[-106.7403138,32.2868787]]}},{"type":"Feature","properties":{"highway":"tertiary","name":"Triviz Drive"},"geometry":{"type":"LineString","coordinates":[[-106.7414573,32.2860691],[-106.7416165,32.2860222],[-106.7421565,32.2858469],[-106.742722,32.2856508],[-106.7428134,32.2856268],[-106.7428592,32.2856182],[-106.7429222,32.285619],[-106.742975,32.2856251],[-106.743035,32.2856457],[-106.7430919,32.2856732],[-106.7431326,32.2856998],[-106.7431651,32.2857325],[-106.7431996,32.2857703],[-106.7432261,32.2858132],[-106.7432589,32.2858954],[-106.7432659,32.2859085],[-106.7432943,32.2860189]]}},{"type":"Feature","properties":{"highway":"tertiary","name":"Triviz Drive"},"geometry":{"type":"LineString","coordinates":[[-106.7392464,32.285721],[-106.7391072,32.2855986],[-106.7390484,32.2855353],[-106.7389096,32.2853574],[-106.7387871,32.2851315],[-106.7386813,32.2848821],[-106.7386041,32.284694],[-106.7384086,32.2841926],[-106.7381934,32.2835138],[-106.737791,32.2823547]]}},{"type":"Feature","properties":{"highway":"tertiary","name":""},"geometry":{"type":"LineString","coordinates":[[-106.7400633,32.2871823],[-106.7400237,32.287189],[-106.7399875,32.2872042],[-106.7399571,32.2872268],[-106.7399348,32.2872552],[-106.7399218,32.2872876],[-106.7399193,32.2873217],[-106.7399272,32.2873552],[-106.7399452,32.2873858],[-106.7399719,32.2874114],[-106.7400056,32.2874304],[-106.7400439,32.2874413],[-106.7400842,32.2874435],[-106.7401238,32.2874367],[-106.7401628,32.287424],[-106.74019,32.287399],[-106.7402115,32.2873687],[-106.7402257,32.2873381],[-106.7402282,32.287304],[-106.7402203,32.2872705],[-106.7402023,32.2872399],[-106.740175,32.2872143],[-106.740144,32.2871964],[-106.7401037,32.2871844],[-106.7400633,32.2871823]]}},{"type":"Feature","properties":{"highway":"tertiary","name":"Triviz Drive"},"geometry":{"type":"LineString","coordinates":[[-106.740144,32.2871964],[-106.7400855,32.2870747],[-106.7400671,32.2870066],[-106.7400659,32.2868972],[-106.7400864,32.2866781],[-106.7400697,32.2865855],[-106.74005,32.2865132],[-106.7400438,32.2864352],[-106.7400452,32.2863434]]}},{"type":"Feature","properties":{"highway":"tertiary","name":"Triviz Drive"},"geometry":{"type":"LineString","coordinates":[[-106.7398677,32.2864169],[-106.7399488,32.28649],[-106.7399785,32.2865335],[-106.7399978,32.2865828],[-106.7400104,32.2867055],[-106.7399912,32.2869222],[-106.7400079,32.2870856],[-106.7399999,32.2871501],[-106.7399875,32.2872042]]}},{"type":"Feature","properties":{"highway":"tertiary","name":"Triviz Drive"},"geometry":{"type":"LineString","coordinates":[[-106.7392464,32.285721],[-106.7394398,32.2858963],[-106.7395512,32.2860269],[-106.739625,32.2861554]]}},{"type":"Feature","properties":{"highway":"tertiary","name":"Triviz Drive"},"geometry":{"type":"LineString","coordinates":[[-106.7398498,32.2860063],[-106.739675,32.2859787],[-106.7395345,32.2859104],[-106.7393842,32.2858151],[-106.7392464,32.285721]]}},{"type":"Feature","properties":{"highway":"tertiary","name":""},"geometry":{"type":"LineString","coordinates":[[-106.7398677,32.2864169],[-106.739918,32.2864108],[-106.7399657,32.2863961],[-106.7400087,32.2863733],[-106.7400452,32.2863434],[-106.7400735,32.2863077],[-106.7400924,32.2862679],[-106.7401012,32.2862256],[-106.7400993,32.2861827],[-106.7400869,32.286141],[-106.7400646,32.2861024]]}},{"type":"Feature","properties":{"highway":"tertiary_link","name":"Triviz Drive"},"geometry":{"type":"LineString","coordinates":[[-106.7408277,32.2860944],[-106.7404697,32.2860916],[-106.7402415,32.2860646],[-106.7402285,32.2860595],[-106.7400466,32.2859881],[-106.7398907,32.2859387],[-106.7396583,32.2858892],[-106.7394732,32.2858198],[-106.7392464,32.285721]]}},{"type":"Feature","properties":{"highway":"footway","name":""},"geometry":{"type":"LineString","coordinates":[[-106.7309305,32.288611],[-106.7311049,32.2885022],[-106.7313731,32.2883639],[-106.7317405,32.2881711],[-106.7320088,32.2880396],[-106.732344,32.2879081],[-106.7326874,32.2878106],[-106.7329887,32.2877467],[-106.7332341,32.2876775],[-106.7334085,32.2875743],[-106.7336492,32.2874273]]}},{"type":"Feature","properties":{"highway":"path","name":""},"geometry":{"type":"LineString","coordinates":[[-106.732636,32.2874485],[-106.7326625,32.2874539],[-106.7327289,32.2874671],[-106.7327651,32.2874988],[-106.7328523,32.2876247],[-106.7329422,32.287712],[-106.7329887,32.2877467]]}},{"type":"Feature","properties":{"highway":"path","name":""},"geometry":{"type":"LineString","coordinates":[[-106.7341836,32.287936],[-106.7341541,32.2879022],[-106.7341013,32.2878528],[-106.7340395,32.2878014],[-106.7339995,32.2877713],[-106.7339304,32.2877135],[-106.7338397,32.2876182],[-106.7337864,32.287564],[-106.7336807,32.2874569],[-106.7336492,32.2874273],[-106.7335989,32.287385],[-106.7335238,32.2873459],[-106.7334321,32.2872958],[-106.7333402,32.2872384],[-106.7332556,32.2871832],[-106.7331843,32.2871366],[-106.7331276,32.2870931],[-106.7330498,32.2870274],[-106.7329891,32.2869753],[-106.7328985,32.2869047],[-106.7328412,32.2868566],[-106.7327563,32.286784],[-106.7326893,32.286724],[-106.7326456,32.286687],[-106.7325722,32.2866246],[-106.7325047,32.2865785],[-106.7324187,32.2865393],[-106.7323098,32.2864888],[-106.7322481,32.2864449],[-106.732172,32.2863924],[-106.7320494,32.28631],[-106.7319599,32.2862669],[-106.7319034,32.286245],[-106.7318488,32.2862105],[-106.7316737,32.286096],[-106.7315301,32.2860143],[-106.7313273,32.2859116],[-106.7311096,32.2858071],[-106.7309856,32.285746],[-106.7308881,32.2856948],[-106.7307188,32.2855992],[-106.7305623,32.2855577],[-106.7304092,32.2855342],[-106.7303393,32.2855175],[-106.7303105,32.2855211],[-106.7302923,32.2855311],[-106.7302296,32.2855985]]}},{"type":"Feature","properties":{"highway":"track","name":""},"geometry":{"type":"LineString","coordinates":[[-106.7372619,32.2669825],[-106.7374724,32.2672173],[-106.7376682,32.2674736],[-106.7383763,32.2683128],[-106.7390603,32.2691428],[-106.7394224,32.2695806],[-106.7396243,32.2698713],[-106.7396699,32.2699371]]}},{"type":"Feature","properties":{"highway":"track","name":""},"geometry":{"type":"LineString","coordinates":[[-106.7107509,32.2823662],[-106.7108703,32.2825318],[-106.7110057,32.2827075],[-106.7110647,32.2827699],[-106.7111117,32.2828101],[-106.7111821,32.2828436],[-106.7113088,32.2828861],[-106.7114268,32.2829059],[-106.7116186,32.2829365],[-106.7117192,32.2829399],[-106.7118077,32.2829127],[-106.7118613,32.2828799],[-106.7119364,32.2828118],[-106.7120263,32.2827155],[-106.7121121,32.2826644],[-106.7122154,32.2826282],[-106.7123441,32.2826055],[-106.7125762,32.2826009],[-106.7126848,32.2825794],[-106.7127652,32.2825318],[-106.7128202,32.2824683],[-106.7128752,32.2823878],[-106.7129543,32.2822812],[-106.7130214,32.2822177],[-106.7130925,32.2821588],[-106.7131864,32.2820987],[-106.7132802,32.2820658],[-106.7133915,32.2820578],[-106.7135324,32.2820715],[-106.7136088,32.2820635],[-106.7137188,32.2820261],[-106.7138261,32.2819978],[-106.713936,32.2819921],[-106.7140473,32.2819932],[-106.7141587,32.2819671],[-106.7142217,32.2819411],[-106.7143062,32.2819036],[-106.7143786,32.2818504],[-106.7144819,32.2818107],[-106.7145824,32.2817744],[-106.7147005,32.2817426],[-106.7148131,32.2817086],[-106.7149177,32.2816655],[-106.7150478,32.2816372],[-106.7151497,32.2815941],[-106.715245,32.2815363],[-106.7153187,32.2814989],[-106.7154247,32.2814626],[-106.7156164,32.2813957],[-106.7157894,32.2813367],[-106.7158914,32.2812891],[-106.7159598,32.2812381],[-106.7160375,32.2811678],[-106.7161368,32.2810533],[-106.7162052,32.280958],[-106.7163058,32.2808866],[-106.7164184,32.2808424],[-106.7165713,32.2808175],[-106.7167228,32.2808106],[-106.7168757,32.2808254],[-106.7170608,32.2808628],[-106.7172419,32.2808798],[-106.7173612,32.2808741],[-106.7174779,32.2808526],[-106.7176281,32.2808061],[-106.7178427,32.2807562],[-106.718013,32.2807075],[-106.71819,32.2806803],[-106.7183121,32.2806428],[-106.7185052,32.2805759],[-106.7185803,32.2805431],[-106.7186514,32.2804988],[-106.7187721,32.2804263],[-106.7188726,32.28039],[-106.7190054,32.2803617],[-106.7191221,32.2803594],[-106.7192481,32.2803753],[-106.7193863,32.280407],[-106.7195043,32.2804422],[-106.7195821,32.2804796],[-106.7196652,32.2805306],[-106.7197216,32.2805793],[-106.7197886,32.2806485],[-106.719855,32.2807347],[-106.7198825,32.2807778],[-106.7199576,32.280928],[-106.7200119,32.281034],[-106.7200521,32.2810743],[-106.7201138,32.2811094],[-106.7201769,32.2811378],[-106.7202084,32.2811825],[-106.7202412,32.2812517],[-106.7202734,32.2812784],[-106.7203432,32.2812948],[-106.7204269,32.2812782]]}},{"type":"Feature","properties":{"highway":"living_street","name":"Espina Street"},"geometry":{"type":"LineString","coordinates":[[-106.7507909,32.2723723],[-106.7503846,32.272158]]}},{"type":"Feature","properties":{"highway":"service","name":""},"geometry":{"type":"LineString","coordinates":[[-106.7513168,32.2735185],[-106.7511879,32.2737024]]}},{"type":"Feature","properties":{"highway":"service","name":""},"geometry":{"type":"LineString","coordinates":[[-106.7520107,32.2738735],[-106.7518692,32.2740732]]}},{"type":"Feature","properties":{"highway":"service","name":""},"geometry":{"type":"LineString","coordinates":[[-106.7526426,32.2742007],[-106.752474,32.2744315],[-106.7524606,32.2744689],[-106.7524646,32.2744996],[-106.752527,32.2747289]]}},{"type":"Feature","properties":{"highway":"service","name":""},"geometry":{"type":"LineString","coordinates":[[-106.750237,32.2726025],[-106.7499831,32.2724803]]}},{"type":"Feature","properties":{"highway":"service","name":""},"geometry":{"type":"LineString","coordinates":[[-106.750853,32.2729198],[-106.7506152,32.2728],[-106.750385,32.272684]]}},{"type":"Feature","properties":{"highway":"service","name":""},"geometry":{"type":"LineString","coordinates":[[-106.7514644,32.2732321],[-106.7512296,32.2731131],[-106.7510044,32.2729991]]}},{"type":"Feature","properties":{"highway":"service","name":""},"geometry":{"type":"LineString","coordinates":[[-106.7520745,32.2735428],[-106.7518448,32.2734275],[-106.7516111,32.2733103]]}},{"type":"Feature","properties":{"highway":"service","name":""},"geometry":{"type":"LineString","coordinates":[[-106.7524537,32.2737375],[-106.7522259,32.2736231]]}},{"type":"Feature","properties":{"highway":"service","name":""},"geometry":{"type":"LineString","coordinates":[[-106.766451,32.2823897],[-106.7661276,32.2824334],[-106.76618,32.2827107]]}},{"type":"Feature","properties":{"highway":"service","name":""},"geometry":{"type":"LineString","coordinates":[[-106.7670694,32.2823406],[-106.7670853,32.2824467],[-106.7671189,32.2825159],[-106.7671511,32.2825318],[-106.7672087,32.2825295],[-106.7678109,32.2822857],[-106.7679074,32.2822282]]}},{"type":"Feature","properties":{"highway":"service","name":""},"geometry":{"type":"LineString","coordinates":[[-106.7667842,32.2821238],[-106.7668177,32.2822748],[-106.7668449,32.2822978],[-106.7668989,32.2823368],[-106.76697,32.2823583]]}},{"type":"Feature","properties":{"highway":"service","name":""},"geometry":{"type":"LineString","coordinates":[[-106.7684935,32.283245],[-106.767776,32.2835579],[-106.7677398,32.2835307],[-106.7676245,32.2833935],[-106.7674622,32.2831905],[-106.767367,32.2830545],[-106.7672101,32.2827926]]}},{"type":"Feature","properties":{"highway":"service","name":""},"geometry":{"type":"LineString","coordinates":[[-106.7683341,32.2826659],[-106.7686611,32.2832539]]}},{"type":"Feature","properties":{"highway":"service","name":""},"geometry":{"type":"LineString","coordinates":[[-106.7687275,32.2823296],[-106.768644,32.2824283],[-106.7685962,32.2824711],[-106.7685867,32.2824796],[-106.7685378,32.2825284],[-106.7684698,32.2825895],[-106.7683607,32.2826531],[-106.7683341,32.2826659],[-106.7681998,32.2827302],[-106.7681488,32.2827483],[-106.768063,32.2826021],[-106.7680939,32.2825692],[-106.7682072,32.2824177],[-106.768298,32.2822951],[-106.7683025,32.2822894],[-106.7683463,32.2822342]]}},{"type":"Feature","properties":{"highway":"service","name":""},"geometry":{"type":"LineString","coordinates":[[-106.7679074,32.2822282],[-106.7680939,32.2825692]]}},{"type":"Feature","properties":{"highway":"track","name":""},"geometry":{"type":"LineString","coordinates":[[-106.7637004,32.2826397],[-106.7637178,32.2828594],[-106.7637366,32.2831576],[-106.7637286,32.2833322],[-106.7636964,32.2835431],[-106.7636696,32.2837449],[-106.7636172,32.2839127],[-106.7635354,32.2841656],[-106.7634791,32.2843084],[-106.7633839,32.2844558],[-106.7633048,32.2845454],[-106.7631559,32.2846769],[-106.7629386,32.2848662],[-106.7628756,32.2849275],[-106.762822,32.2849938],[-106.7627737,32.285093],[-106.7627147,32.2852336],[-106.7626879,32.2853436],[-106.7626798,32.2854683],[-106.7627053,32.285576],[-106.7628796,32.2860408],[-106.7629395,32.2861529],[-106.7629641,32.2862528],[-106.7636079,32.2880135],[-106.7639586,32.289026],[-106.7639726,32.2890384],[-106.7640035,32.2890622],[-106.7640327,32.2891414],[-106.7640558,32.2892142],[-106.7640518,32.2892572],[-106.7641684,32.289569],[-106.7642288,32.2897425],[-106.7643133,32.2899794],[-106.764379,32.2900883],[-106.7644139,32.2901075],[-106.7644809,32.2901155],[-106.7645636,32.2901215]]}},{"type":"Feature","properties":{"highway":"service","name":""},"geometry":{"type":"LineString","coordinates":[[-106.7639446,32.2825925],[-106.7639928,32.2831372],[-106.7640169,32.2835454],[-106.7638613,32.2835647]]}},{"type":"Feature","properties":{"highway":"service","name":""},"geometry":{"type":"LineString","coordinates":[[-106.7638917,32.2759702],[-106.7639421,32.2760515],[-106.7639531,32.2760692],[-106.7639793,32.2761115],[-106.7641123,32.2763257],[-106.7639577,32.2763943],[-106.7638247,32.2761801],[-106.7639793,32.2761115]]}},{"type":"Feature","properties":{"highway":"track","name":""},"geometry":{"type":"LineString","coordinates":[[-106.763938,32.2788322],[-106.7639069,32.2788474],[-106.7638942,32.2788633],[-106.7638774,32.278933],[-106.7638882,32.2790424],[-106.7638942,32.2791598],[-106.7638888,32.2793378],[-106.7638882,32.2796196],[-106.7638875,32.2798253],[-106.7638989,32.2800238],[-106.7639002,32.2801315],[-106.7638841,32.2802607],[-106.7638573,32.2803645],[-106.7638393,32.2804382]]}},{"type":"Feature","properties":{"highway":"footway","name":""},"geometry":{"type":"LineString","coordinates":[[-106.7612569,32.2809938],[-106.7612343,32.2809186],[-106.7612126,32.2808466]]}},{"type":"Feature","properties":{"highway":"cycleway","name":""},"geometry":{"type":"LineString","coordinates":[[-106.7612126,32.2808466],[-106.7610021,32.2801287],[-106.7609243,32.2798639],[-106.7608894,32.2797086],[-106.7608633,32.279522],[-106.7608559,32.2793769],[-106.760864,32.2792284],[-106.7608881,32.279085],[-106.7609357,32.2788814],[-106.7610108,32.2786802],[-106.7610782,32.2785477],[-106.7611825,32.2783712],[-106.76133,32.2781665],[-106.761566,32.2778343],[-106.7616156,32.2777595],[-106.7616579,32.2777272],[-106.7617014,32.2777103],[-106.7617444,32.2776761],[-106.7617994,32.2775996],[-106.7619637,32.2773717],[-106.7621192,32.2771529],[-106.762195,32.2770519],[-106.7622232,32.2770032],[-106.7622532,32.2769752]]}},{"type":"Feature","properties":{"highway":"footway","name":""},"geometry":{"type":"LineString","coordinates":[[-106.7612824,32.2808554],[-106.7612422,32.2808563],[-106.7612126,32.2808466],[-106.7611815,32.2808268],[-106.7611687,32.2808007],[-106.7609062,32.2798803],[-106.7608687,32.2797318],[-106.7608479,32.2796048],[-106.7608351,32.2794971],[-106.7608324,32.2793695],[-106.7608358,32.2792289],[-106.7608707,32.2790351],[-106.7609082,32.2788933],[-106.7609793,32.2786932],[-106.7610269,32.2785929],[-106.7610532,32.278538],[-106.7611375,32.2784046],[-106.7613139,32.2781495],[-106.7616029,32.2777323],[-106.762016,32.2771478],[-106.7620783,32.2770701],[-106.76214,32.2770026],[-106.7621569,32.276987],[-106.762187,32.2769692],[-106.7622151,32.2769658],[-106.7622532,32.2769752],[-106.7622936,32.2769941],[-106.7625377,32.2771256],[-106.7626342,32.2771716],[-106.7626966,32.2771942],[-106.7627402,32.2772016],[-106.7627817,32.2771954],[-106.762824,32.2771795]]}},{"type":"Feature","properties":{"highway":"service","name":""},"geometry":{"type":"LineString","coordinates":[[-106.7636077,32.2820001],[-106.7633014,32.2820584]]}},{"type":"Feature","properties":{"highway":"cycleway","name":""},"geometry":{"type":"LineString","coordinates":[[-106.7613565,32.2814408],[-106.7613672,32.2814189],[-106.7612683,32.2810646],[-106.7612633,32.2810227],[-106.76127,32.2810048],[-106.7612569,32.2809938]]}},{"type":"Feature","properties":{"highway":"footway","name":""},"geometry":{"type":"LineString","coordinates":[[-106.7636749,32.282533],[-106.7635901,32.2825503],[-106.7635116,32.2825664]]}},{"type":"Feature","properties":{"highway":"footway","name":""},"geometry":{"type":"LineString","coordinates":[[-106.7613565,32.2814408],[-106.7612519,32.2810853],[-106.7612422,32.2810536],[-106.7612415,32.2810306],[-106.7612458,32.2810108],[-106.7612569,32.2809938],[-106.76128,32.2809725],[-106.7613092,32.2809623]]}},{"type":"Feature","properties":{"highway":"footway","name":""},"geometry":{"type":"LineString","coordinates":[[-106.761394,32.2815675],[-106.7613767,32.2815096],[-106.7613565,32.2814408]]}},{"type":"Feature","properties":{"highway":"footway","name":""},"geometry":{"type":"LineString","coordinates":[[-106.7635116,32.2825664],[-106.7634165,32.2825824],[-106.7618433,32.2828847],[-106.7617997,32.2828864],[-106.7617739,32.2828784],[-106.7617578,32.2828702],[-106.7617504,32.2828614],[-106.7615925,32.2822886],[-106.761394,32.2815675]]}},{"type":"Feature","properties":{"highway":"footway","name":""},"geometry":{"type":"LineString","coordinates":[[-106.7663913,32.2819878],[-106.7663913,32.2820181],[-106.7663782,32.2820377],[-106.7663467,32.2820547],[-106.7655713,32.2821984],[-106.7641855,32.2824524],[-106.7638198,32.2825221],[-106.7637202,32.28254],[-106.7636947,32.2825408],[-106.763683,32.2825374],[-106.7636749,32.282533],[-106.7636635,32.2825267],[-106.7636541,32.2825117]]}},{"type":"Feature","properties":{"highway":"footway","name":""},"geometry":{"type":"LineString","coordinates":[[-106.7632518,32.2819695],[-106.7629941,32.2820173],[-106.7629492,32.2820261],[-106.7620907,32.2821937],[-106.7615925,32.2822886]]}},{"type":"Feature","properties":{"highway":"service","name":""},"geometry":{"type":"LineString","coordinates":[[-106.7629766,32.2819536],[-106.7629941,32.2820173],[-106.7630421,32.2821921],[-106.7630475,32.2822118]]}},{"type":"Feature","properties":{"highway":"pedestrian","name":""},"geometry":{"type":"LineString","coordinates":[[-106.7635378,32.2824876],[-106.7635371,32.2825332],[-106.7635328,32.2825587],[-106.7635207,32.2825751],[-106.7635069,32.2825842],[-106.7634868,32.2825919],[-106.7634436,32.2826004],[-106.7618296,32.2829039],[-106.7617967,32.2829034],[-106.7617722,32.2828952],[-106.7617488,32.282883],[-106.7617305,32.2828655],[-106.7617213,32.282843],[-106.761384,32.281604],[-106.7613846,32.2815896],[-106.761394,32.2815675],[-106.7614084,32.281553],[-106.7614168,32.2815502],[-106.7616069,32.2822531],[-106.7616555,32.2822444],[-106.7614641,32.2815439],[-106.7614829,32.2815496],[-106.7615077,32.2815612],[-106.7615248,32.2815842],[-106.7615328,32.281608],[-106.761669,32.2821247],[-106.7616851,32.2821622],[-106.7617142,32.2821871],[-106.7617528,32.2822064],[-106.7617964,32.2822135],[-106.7618373,32.2822092],[-106.7620475,32.2821667],[-106.7620669,32.2821664],[-106.7620756,32.2821724],[-106.7620881,32.2821843],[-106.7620907,32.2821937],[-106.7620921,32.2821987],[-106.7617129,32.2822736],[-106.7617555,32.2824246],[-106.7618658,32.282402],[-106.7618739,32.2824302],[-106.7617405,32.2824544],[-106.7618027,32.2826758],[-106.7619321,32.2826503],[-106.7619402,32.2826783],[-106.7619754,32.2826715],[-106.7619828,32.2826982],[-106.7620146,32.2826925],[-106.762022,32.282724],[-106.7620542,32.2827183],[-106.7620629,32.2827503],[-106.7622185,32.2827217],[-106.762226,32.2827507],[-106.7632213,32.2825567],[-106.7631983,32.2824697],[-106.763266,32.282457],[-106.7633609,32.2824393],[-106.7633929,32.2824333],[-106.7634131,32.2825125],[-106.7635378,32.2824876]]}},{"type":"Feature","properties":{"highway":"footway","name":""},"geometry":{"type":"LineString","coordinates":[[-106.7614862,32.2829159],[-106.7616271,32.2828864],[-106.7617305,32.2828655],[-106.7617504,32.2828614]]}},{"type":"Feature","properties":{"highway":"cycleway","name":""},"geometry":{"type":"LineString","coordinates":[[-106.7636635,32.2825267],[-106.7638196,32.2824971],[-106.7641802,32.2824281],[-106.765566,32.2821717],[-106.7663913,32.2820181],[-106.7664324,32.2820104]]}},{"type":"Feature","properties":{"highway":"footway","name":""},"geometry":{"type":"LineString","coordinates":[[-106.7584091,32.2834263],[-106.7584211,32.2834672],[-106.7584332,32.2834904],[-106.7584565,32.2835166],[-106.7584775,32.2835221],[-106.7585029,32.2835278],[-106.758568,32.2835193],[-106.7613803,32.2829836],[-106.7614232,32.2829728],[-106.7614587,32.2829598],[-106.7614795,32.2829377],[-106.7614862,32.2829159],[-106.7614886,32.2828889],[-106.7614819,32.2828521],[-106.761395,32.2825423],[-106.7613729,32.2824448],[-106.7613287,32.2822098],[-106.7613032,32.2820658],[-106.761222,32.2817551],[-106.761047,32.2811077],[-106.7610303,32.281072],[-106.7610072,32.28105],[-106.7609712,32.2810351],[-106.7609371,32.281034],[-106.760115,32.281184],[-106.7599575,32.2812122],[-106.7593202,32.2813326],[-106.7579625,32.2815822],[-106.7579424,32.2815913],[-106.7579357,32.2816072],[-106.7579377,32.2816219],[-106.7579591,32.2817038],[-106.7584738,32.281604],[-106.7584752,32.2816106]]}},{"type":"Feature","properties":{"highway":"footway","name":""},"geometry":{"type":"LineString","coordinates":[[-106.7535351,32.2809161],[-106.7535431,32.2809408]]}},{"type":"Feature","properties":{"highway":"footway","name":""},"geometry":{"type":"LineString","coordinates":[[-106.7535167,32.2808543],[-106.7535351,32.2809161]]}},{"type":"Feature","properties":{"highway":"footway","name":""},"geometry":{"type":"LineString","coordinates":[[-106.7535138,32.2808449],[-106.7535167,32.2808543]]}},{"type":"Feature","properties":{"highway":"footway","name":""},"geometry":{"type":"LineString","coordinates":[[-106.7553064,32.2804932],[-106.7554647,32.2804662],[-106.7555557,32.2804508]]}},{"type":"Feature","properties":{"highway":"footway","name":""},"geometry":{"type":"LineString","coordinates":[[-106.7555557,32.2804508],[-106.7558878,32.280388],[-106.7561244,32.2803432],[-106.7573861,32.2801043],[-106.7572852,32.2797174],[-106.7571726,32.2792851],[-106.7570847,32.2788553],[-106.7570767,32.2788395],[-106.7570626,32.278827],[-106.7570478,32.2788174],[-106.7570364,32.2788151]]}},{"type":"Feature","properties":{"highway":"service","name":""},"geometry":{"type":"LineString","coordinates":[[-106.7558093,32.2795011],[-106.7557456,32.279246],[-106.7557074,32.279217],[-106.7556457,32.2789715]]}},{"type":"Feature","properties":{"highway":"service","name":""},"geometry":{"type":"LineString","coordinates":[[-106.7561395,32.2804051],[-106.7561244,32.2803432],[-106.7560326,32.2799665],[-106.7560166,32.2799447]]}},{"type":"Feature","properties":{"highway":"footway","name":""},"geometry":{"type":"LineString","coordinates":[[-106.7572007,32.2785691],[-106.7571119,32.2785842],[-106.7570227,32.2785991]]}},{"type":"Feature","properties":{"highway":"footway","name":""},"geometry":{"type":"LineString","coordinates":[[-106.7550791,32.2786246],[-106.7550449,32.2784868]]}},{"type":"Feature","properties":{"highway":"footway","name":""},"geometry":{"type":"LineString","coordinates":[[-106.7550932,32.2786773],[-106.7550884,32.2786598],[-106.7550791,32.2786246]]}},{"type":"Feature","properties":{"highway":"footway","name":""},"geometry":{"type":"LineString","coordinates":[[-106.7550449,32.2784868],[-106.755032,32.2784422],[-106.7550208,32.2784018]]}},{"type":"Feature","properties":{"highway":"footway","name":""},"geometry":{"type":"LineString","coordinates":[[-106.7567381,32.2774034],[-106.7567525,32.2774562],[-106.7567642,32.2775004]]}},{"type":"Feature","properties":{"highway":"footway","name":""},"geometry":{"type":"LineString","coordinates":[[-106.7559233,32.2769437],[-106.7565409,32.2768263],[-106.7565691,32.2768314],[-106.7565899,32.2768473],[-106.7565999,32.2768711],[-106.7567381,32.2774034]]}},{"type":"Feature","properties":{"highway":"footway","name":""},"geometry":{"type":"LineString","coordinates":[[-106.7567642,32.2775004],[-106.7568681,32.2778887],[-106.7568889,32.2779749],[-106.7569285,32.2781552],[-106.7570224,32.2785793],[-106.7570227,32.2785991],[-106.7570193,32.2786124],[-106.7570123,32.2786235],[-106.7569909,32.2786382],[-106.756962,32.2786462],[-106.7552461,32.278967],[-106.7552139,32.2789693],[-106.7551743,32.2789615],[-106.7551582,32.2789381],[-106.7550932,32.2786773]]}},{"type":"Feature","properties":{"highway":"footway","name":""},"geometry":{"type":"LineString","coordinates":[[-106.7614375,32.2776233],[-106.7615637,32.2774601],[-106.7618564,32.27704],[-106.7619124,32.2769646],[-106.7619707,32.2769057],[-106.7619771,32.2768926],[-106.7619821,32.2768719],[-106.7619814,32.2768498],[-106.7619743,32.2768317]]}},{"type":"Feature","properties":{"highway":"footway","name":""},"geometry":{"type":"LineString","coordinates":[[-106.7571934,32.2785469],[-106.7572007,32.2785691],[-106.7572148,32.2785804],[-106.7572423,32.2785878],[-106.7572691,32.2785861],[-106.7590213,32.2782555],[-106.7591205,32.2782385],[-106.7592251,32.2782232],[-106.7593572,32.2782136],[-106.7594712,32.2782102],[-106.7596107,32.2782181],[-106.7597676,32.2782374],[-106.7599078,32.2782663],[-106.7607815,32.2784851],[-106.7608131,32.2784854],[-106.7608438,32.2784795],[-106.7608649,32.2784654],[-106.7608834,32.278446],[-106.7609545,32.278323],[-106.761047,32.2781807],[-106.7612891,32.2778456],[-106.7613018,32.2778173],[-106.7613003,32.2778027],[-106.7613025,32.277785],[-106.7612931,32.27776],[-106.7612643,32.2777374],[-106.7612019,32.2777079]]}},{"type":"Feature","properties":{"highway":"footway","name":""},"geometry":{"type":"LineString","coordinates":[[-106.7582961,32.2812425],[-106.7578822,32.2813216],[-106.7578385,32.2811594],[-106.7577186,32.2807102],[-106.7577093,32.2806774],[-106.7576852,32.280682],[-106.7575608,32.2801972]]}},{"type":"Feature","properties":{"highway":"footway","name":""},"geometry":{"type":"LineString","coordinates":[[-106.7606581,32.2786405],[-106.7607097,32.2786575],[-106.7607249,32.2786666],[-106.7607366,32.2786813],[-106.7607459,32.2787091],[-106.7607453,32.2787397],[-106.7607131,32.278827],[-106.7606514,32.2790781],[-106.7606273,32.2792369],[-106.7606246,32.2794364],[-106.76064,32.2796156],[-106.7606675,32.2797874],[-106.7607191,32.279975],[-106.7607875,32.280212],[-106.7609699,32.2808339],[-106.7609719,32.2808594],[-106.7609639,32.2808787],[-106.7609488,32.2808992],[-106.7609344,32.2809144],[-106.7609169,32.2809229],[-106.757935,32.2814824],[-106.7579139,32.2814807],[-106.7578968,32.2814719],[-106.7578914,32.2814598],[-106.757872,32.2813815],[-106.7578822,32.2813216]]}},{"type":"Feature","properties":{"highway":"footway","name":""},"geometry":{"type":"LineString","coordinates":[[-106.7569836,32.2815801],[-106.7569432,32.2814107]]}},{"type":"Feature","properties":{"highway":"footway","name":""},"geometry":{"type":"LineString","coordinates":[[-106.7570131,32.2813997],[-106.7570534,32.2815641]]}},{"type":"Feature","properties":{"highway":"pedestrian","name":""},"geometry":{"type":"LineString","coordinates":[[-106.7572034,32.2816276],[-106.7571887,32.2816086],[-106.7571792,32.2816004],[-106.7571689,32.2815948],[-106.7571461,32.2815825],[-106.7571028,32.2815683],[-106.7570781,32.2815645],[-106.7570666,32.2815627],[-106.7570534,32.2815641],[-106.7570301,32.2815666],[-106.7570009,32.2815726],[-106.7569836,32.2815801],[-106.7569684,32.2815867],[-106.7569446,32.2816018],[-106.7569248,32.2816213],[-106.7569151,32.2816344],[-106.7569052,32.281652],[-106.7569003,32.2816638],[-106.756897,32.2816831],[-106.7570472,32.281657],[-106.7572034,32.2816276]]}},{"type":"Feature","properties":{"highway":"pedestrian","name":""},"geometry":{"type":"LineString","coordinates":[[-106.7572131,32.281718],[-106.7570638,32.2817453],[-106.7569184,32.2817704],[-106.7569349,32.281788],[-106.7569536,32.2818025],[-106.7569748,32.2818161],[-106.7570069,32.2818277],[-106.7570318,32.2818328],[-106.7570509,32.2818334],[-106.757078,32.2818322],[-106.7571018,32.2818275],[-106.757114,32.2818241],[-106.7571397,32.2818129],[-106.7571659,32.2817968],[-106.7571826,32.2817801],[-106.7571964,32.2817611],[-106.7572013,32.2817535],[-106.7572054,32.2817452],[-106.7572091,32.2817333],[-106.7572131,32.281718]]}},{"type":"Feature","properties":{"highway":"footway","name":""},"geometry":{"type":"LineString","coordinates":[[-106.7570638,32.2817453],[-106.7570559,32.2817001],[-106.7570472,32.281657]]}},{"type":"Feature","properties":{"highway":"footway","name":""},"geometry":{"type":"LineString","coordinates":[[-106.7570472,32.281657],[-106.7570416,32.2816263]]}},{"type":"Feature","properties":{"highway":"footway","name":""},"geometry":{"type":"LineString","coordinates":[[-106.757354,32.2817236],[-106.7574173,32.2819845]]}},{"type":"Feature","properties":{"highway":"footway","name":""},"geometry":{"type":"LineString","coordinates":[[-106.7503893,32.2779879],[-106.7503376,32.277935],[-106.750291,32.2778831]]}},{"type":"Feature","properties":{"highway":"footway","name":""},"geometry":{"type":"LineString","coordinates":[[-106.750291,32.2778831],[-106.7508657,32.2777773],[-106.7508845,32.2777691],[-106.7508932,32.2777583],[-106.7508955,32.277749],[-106.7508955,32.2777422],[-106.7508858,32.2777181],[-106.7508442,32.2776588],[-106.7508258,32.2776311],[-106.7507963,32.277599],[-106.7505847,32.2773992],[-106.7505314,32.2773487],[-106.75052,32.2773436],[-106.7505039,32.2773411],[-106.7504892,32.2773439],[-106.7504563,32.2773629],[-106.7504328,32.2773771],[-106.7504007,32.2773952],[-106.7503561,32.2774134],[-106.7503262,32.2774216],[-106.7502863,32.2774312],[-106.7502377,32.277438],[-106.7502149,32.2774423],[-106.7502055,32.2774477],[-106.7501955,32.2774567],[-106.7501891,32.2774712],[-106.7501894,32.2774868],[-106.7501931,32.2775027],[-106.750291,32.2778831]]}},{"type":"Feature","properties":{"highway":"footway","name":""},"geometry":{"type":"LineString","coordinates":[[-106.7504637,32.2792471],[-106.7503599,32.2788512],[-106.7501299,32.2779745],[-106.7499495,32.2772852],[-106.7499094,32.277136],[-106.7495792,32.275858],[-106.7495678,32.2758433]]}},{"type":"Feature","properties":{"highway":"residential","name":""},"geometry":{"type":"LineString","coordinates":[[-106.7534306,32.277122],[-106.7534363,32.2771812],[-106.7534329,32.2772257],[-106.7534235,32.277256],[-106.7534024,32.2772957],[-106.7533627,32.2773556]]}},{"type":"Feature","properties":{"highway":"footway","name":""},"geometry":{"type":"LineString","coordinates":[[-106.7548234,32.2770138],[-106.7547945,32.2769002],[-106.7547604,32.2767662],[-106.7545965,32.276796]]}},{"type":"Feature","properties":{"highway":"service","name":""},"geometry":{"type":"LineString","coordinates":[[-106.7555627,32.276943],[-106.7555472,32.2768823],[-106.7555356,32.2768368],[-106.7549149,32.2769501],[-106.7549265,32.2769956],[-106.7549418,32.2770554]]}},{"type":"Feature","properties":{"highway":"residential","name":"Sweet Avenue"},"geometry":{"type":"LineString","coordinates":[[-106.7513575,32.2754475],[-106.7516928,32.2766335],[-106.7517766,32.2767696],[-106.7519832,32.2769533],[-106.7523076,32.2772555],[-106.752481,32.2774389],[-106.7524996,32.2774586],[-106.7525132,32.2774909],[-106.752525,32.2775277]]}},{"type":"Feature","properties":{"highway":"footway","name":""},"geometry":{"type":"LineString","coordinates":[[-106.7542976,32.275003],[-106.7542614,32.2750485]]}},{"type":"Feature","properties":{"highway":"footway","name":""},"geometry":{"type":"LineString","coordinates":[[-106.7542448,32.2750671],[-106.7542389,32.2750708],[-106.7542231,32.2750739],[-106.754157,32.2750835]]}},{"type":"Feature","properties":{"highway":"steps","name":""},"geometry":{"type":"LineString","coordinates":[[-106.7543112,32.2749837],[-106.7542976,32.275003]]}},{"type":"Feature","properties":{"highway":"footway","name":""},"geometry":{"type":"LineString","coordinates":[[-106.7543046,32.2749554],[-106.7543113,32.2749758],[-106.7543112,32.2749837]]}},{"type":"Feature","properties":{"highway":"steps","name":""},"geometry":{"type":"LineString","coordinates":[[-106.7542614,32.2750485],[-106.7542532,32.275059],[-106.7542448,32.2750671]]}},{"type":"Feature","properties":{"highway":"footway","name":""},"geometry":{"type":"LineString","coordinates":[[-106.7549658,32.276989],[-106.7555019,32.2768904]]}},{"type":"Feature","properties":{"highway":"footway","name":""},"geometry":{"type":"LineString","coordinates":[[-106.75488,32.2770035],[-106.7549265,32.2769956],[-106.7549658,32.276989]]}},{"type":"Feature","properties":{"highway":"footway","name":""},"geometry":{"type":"LineString","coordinates":[[-106.7555844,32.2768756],[-106.7555872,32.2768751],[-106.7561701,32.2767668]]}},{"type":"Feature","properties":{"highway":"footway","name":""},"geometry":{"type":"LineString","coordinates":[[-106.7555019,32.2768904],[-106.7555472,32.2768823],[-106.7555844,32.2768756]]}},{"type":"Feature","properties":{"highway":"footway","name":""},"geometry":{"type":"LineString","coordinates":[[-106.7557351,32.2747781],[-106.755584,32.2747003],[-106.7550342,32.2744307],[-106.7549956,32.2744168],[-106.7549638,32.2744151],[-106.7549346,32.2744242],[-106.7549074,32.2744406],[-106.7548806,32.2744706],[-106.7546728,32.2747558],[-106.7546396,32.2747896],[-106.7545856,32.2748372],[-106.7545319,32.2748755],[-106.7544632,32.2749112],[-106.7544035,32.2749333],[-106.7543046,32.2749554],[-106.7541786,32.2749786],[-106.7541594,32.2749857],[-106.7541447,32.2749979],[-106.7541397,32.2750161],[-106.754157,32.2750835],[-106.7545965,32.276796],[-106.7546546,32.2770225],[-106.7546637,32.2770361],[-106.7546762,32.2770406],[-106.7548234,32.2770138],[-106.75488,32.2770035]]}},{"type":"Feature","properties":{"highway":"service","name":""},"geometry":{"type":"LineString","coordinates":[[-106.7567932,32.2754567],[-106.7566753,32.2756078],[-106.7565657,32.2757446]]}},{"type":"Feature","properties":{"highway":"service","name":""},"geometry":{"type":"LineString","coordinates":[[-106.7561541,32.275171],[-106.7556399,32.2748979],[-106.7552521,32.274692]]}},{"type":"Feature","properties":{"highway":"service","name":""},"geometry":{"type":"LineString","coordinates":[[-106.7556946,32.2757676],[-106.7552153,32.2755121]]}},{"type":"Feature","properties":{"highway":"service","name":""},"geometry":{"type":"LineString","coordinates":[[-106.7558102,32.2756108],[-106.7552904,32.2753379]]}},{"type":"Feature","properties":{"highway":"service","name":""},"geometry":{"type":"LineString","coordinates":[[-106.7559256,32.2754676],[-106.755414,32.2751823]]}},{"type":"Feature","properties":{"highway":"service","name":""},"geometry":{"type":"LineString","coordinates":[[-106.7560387,32.2753208],[-106.7555212,32.2750474]]}},{"type":"Feature","properties":{"highway":"service","name":""},"geometry":{"type":"LineString","coordinates":[[-106.7636303,32.2803123],[-106.7633044,32.2803708],[-106.7630797,32.2804112]]}},{"type":"Feature","properties":{"highway":"service","name":""},"geometry":{"type":"LineString","coordinates":[[-106.7633452,32.2805335],[-106.7633044,32.2803708]]}},{"type":"Feature","properties":{"highway":"service","name":""},"geometry":{"type":"LineString","coordinates":[[-106.749466,32.2725726],[-106.7492363,32.2728486],[-106.7491381,32.2727901],[-106.7490387,32.272731],[-106.7492681,32.2724555]]}},{"type":"Feature","properties":{"highway":"service","name":""},"geometry":{"type":"LineString","coordinates":[[-106.7488539,32.2722515],[-106.7484632,32.2727185],[-106.7483718,32.2726638],[-106.7482673,32.2726013],[-106.7486529,32.2721405]]}},{"type":"Feature","properties":{"highway":"service","name":""},"geometry":{"type":"LineString","coordinates":[[-106.7485555,32.2823679],[-106.7484491,32.2823947],[-106.7483743,32.2824127],[-106.7480296,32.2824819],[-106.7478512,32.2825386],[-106.7476527,32.2825703]]}},{"type":"Feature","properties":{"highway":"footway","name":""},"geometry":{"type":"LineString","coordinates":[[-106.748422,32.2823061],[-106.7484491,32.2823947],[-106.748465,32.2824469]]}},{"type":"Feature","properties":{"highway":"footway","name":""},"geometry":{"type":"LineString","coordinates":[[-106.7474304,32.2824567],[-106.747575,32.2824306],[-106.7478884,32.2823745],[-106.7478626,32.2822653],[-106.7479954,32.2822903],[-106.7479176,32.2823645],[-106.747927,32.2824054]]}},{"type":"Feature","properties":{"highway":"footway","name":""},"geometry":{"type":"LineString","coordinates":[[-106.74742,32.2824152],[-106.7474304,32.2824567],[-106.7474409,32.2824989]]}},{"type":"Feature","properties":{"highway":"steps","name":""},"geometry":{"type":"LineString","coordinates":[[-106.7476675,32.2824569],[-106.7476447,32.2824609]]}},{"type":"Feature","properties":{"highway":"footway","name":""},"geometry":{"type":"LineString","coordinates":[[-106.747862,32.2824173],[-106.7476675,32.2824569]]}},{"type":"Feature","properties":{"highway":"steps","name":""},"geometry":{"type":"LineString","coordinates":[[-106.7479102,32.2824088],[-106.747862,32.2824173]]}},{"type":"Feature","properties":{"highway":"footway","name":""},"geometry":{"type":"LineString","coordinates":[[-106.748349,32.2819569],[-106.7483848,32.2821051],[-106.7483871,32.2821148],[-106.7484328,32.2823039],[-106.748422,32.2823061],[-106.7481589,32.2823592],[-106.747927,32.2824054],[-106.7479102,32.2824088]]}},{"type":"Feature","properties":{"highway":"footway","name":""},"geometry":{"type":"LineString","coordinates":[[-106.7541447,32.2749979],[-106.7540553,32.2750138],[-106.7539606,32.2750319]]}},{"type":"Feature","properties":{"highway":"footway","name":""},"geometry":{"type":"LineString","coordinates":[[-106.7539874,32.2771682],[-106.7539162,32.277182],[-106.7538553,32.2771928]]}},{"type":"Feature","properties":{"highway":"footway","name":""},"geometry":{"type":"LineString","coordinates":[[-106.7532612,32.275151],[-106.752812,32.2752338],[-106.7527972,32.2752383],[-106.7527885,32.2752445],[-106.7527818,32.275253],[-106.7527784,32.2752649],[-106.7527798,32.2752774],[-106.7527919,32.2753245],[-106.7529823,32.2760655],[-106.7529923,32.2760961],[-106.7530051,32.2761273],[-106.7530165,32.276146],[-106.7530406,32.276176],[-106.7530607,32.2761959],[-106.7530782,32.2762191],[-106.7530916,32.2762492],[-106.753105,32.2762934],[-106.753227,32.2767707],[-106.7532394,32.2768039],[-106.7532612,32.2768575],[-106.753282,32.2769023],[-106.7533095,32.2769448],[-106.7533444,32.2769856],[-106.7535895,32.2772195],[-106.7536099,32.2772331],[-106.7536245,32.2772378],[-106.7536365,32.2772378],[-106.7538426,32.2772019],[-106.7538553,32.2771928],[-106.7538614,32.2771821],[-106.753861,32.277169],[-106.75363,32.2762758],[-106.7536139,32.2762163],[-106.7536005,32.2761726],[-106.7535704,32.2761035],[-106.7535355,32.2760218],[-106.7535207,32.2759765],[-106.7533122,32.2751652],[-106.7533021,32.275155],[-106.7532894,32.2751499],[-106.753274,32.2751487],[-106.7532612,32.275151]]}},{"type":"Feature","properties":{"highway":"footway","name":""},"geometry":{"type":"LineString","coordinates":[[-106.7546637,32.2770361],[-106.7545777,32.277053],[-106.7544816,32.2770718],[-106.7545035,32.2771391],[-106.7545252,32.2771991]]}},{"type":"Feature","properties":{"highway":"footway","name":""},"geometry":{"type":"LineString","coordinates":[[-106.7540035,32.2771704],[-106.7544696,32.2770814],[-106.7544773,32.2770772],[-106.7544816,32.2770718],[-106.754484,32.2770644],[-106.7539687,32.2750447],[-106.7539606,32.2750319],[-106.7539516,32.2750263],[-106.7539385,32.2750248],[-106.7534483,32.2751147],[-106.7534363,32.2751198],[-106.7534269,32.2751294],[-106.7534249,32.2751425],[-106.7534255,32.2751533],[-106.7535791,32.2757593],[-106.7536247,32.2759305],[-106.7536394,32.2759804],[-106.7536502,32.276011],[-106.753681,32.2760802],[-106.7537119,32.2761573],[-106.7537239,32.2761981],[-106.7537588,32.2763263],[-106.7538151,32.2765474],[-106.7539653,32.2771268],[-106.7539714,32.2771461],[-106.7539774,32.2771591],[-106.7539874,32.2771682],[-106.7540035,32.2771704]]}},{"type":"Feature","properties":{"highway":"service","name":""},"geometry":{"type":"LineString","coordinates":[[-106.7497614,32.271913],[-106.7496986,32.2719125],[-106.7496309,32.2719029],[-106.7496134,32.271904],[-106.7495947,32.2719188],[-106.7494243,32.272217]]}},{"type":"Feature","properties":{"highway":"service","name":""},"geometry":{"type":"LineString","coordinates":[[-106.7498911,32.2717221],[-106.7497614,32.271913],[-106.7497046,32.2719964]]}},{"type":"Feature","properties":{"highway":"service","name":""},"geometry":{"type":"LineString","coordinates":[[-106.7490327,32.271997],[-106.7491937,32.271692],[-106.7491018,32.2716551],[-106.7489885,32.2716137],[-106.7488081,32.2719063]]}},{"type":"Feature","properties":{"highway":"service","name":""},"geometry":{"type":"LineString","coordinates":[[-106.7492701,32.2714071],[-106.7491018,32.2716551]]}},{"type":"Feature","properties":{"highway":"footway","name":""},"geometry":{"type":"LineString","coordinates":[[-106.7657593,32.2762395],[-106.7657024,32.2762654],[-106.7656342,32.2762954]]}},{"type":"Feature","properties":{"highway":"footway","name":""},"geometry":{"type":"LineString","coordinates":[[-106.7652867,32.2754471],[-106.7652023,32.2754832],[-106.7650909,32.275531]]}},{"type":"Feature","properties":{"highway":"footway","name":""},"geometry":{"type":"LineString","coordinates":[[-106.7609488,32.2808992],[-106.7609751,32.280967],[-106.7610072,32.28105]]}},{"type":"Feature","properties":{"highway":"footway","name":""},"geometry":{"type":"LineString","coordinates":[[-106.7570626,32.278827],[-106.7570336,32.2787118],[-106.7570123,32.2786235]]}},{"type":"Feature","properties":{"highway":"footway","name":""},"geometry":{"type":"LineString","coordinates":[[-106.7613003,32.2778027],[-106.7613639,32.2777195],[-106.7614375,32.2776233]]}},{"type":"Feature","properties":{"highway":"footway","name":""},"geometry":{"type":"LineString","coordinates":[[-106.7608649,32.2784654],[-106.7609589,32.2785017],[-106.7610532,32.278538],[-106.7610782,32.2785477]]}},{"type":"Feature","properties":{"highway":"footway","name":""},"geometry":{"type":"LineString","coordinates":[[-106.7608131,32.2784854],[-106.7607682,32.2785776],[-106.7607249,32.2786666]]}},{"type":"Feature","properties":{"highway":"cycleway","name":""},"geometry":{"type":"LineString","coordinates":[[-106.765133,32.2755337],[-106.7650888,32.2755484],[-106.7639531,32.2760692],[-106.7637333,32.2761704],[-106.7636056,32.2762254],[-106.7634436,32.2763019],[-106.7628966,32.2765508],[-106.7628837,32.276557],[-106.7626242,32.2766749],[-106.7625336,32.2767231],[-106.7624626,32.2767668],[-106.762419,32.2767954],[-106.7623801,32.2768263],[-106.7623689,32.2768398],[-106.7623613,32.276849],[-106.7623478,32.2768811]]}},{"type":"Feature","properties":{"highway":"footway","name":""},"geometry":{"type":"LineString","coordinates":[[-106.7661938,32.2751011],[-106.7661707,32.2750827],[-106.7661496,32.275073],[-106.7661265,32.2750693],[-106.7660976,32.2750692],[-106.7660735,32.2750773],[-106.76572,32.2752393],[-106.7653017,32.2754311],[-106.7652867,32.2754471],[-106.7652789,32.2754651],[-106.7652769,32.2754758],[-106.7652782,32.2754965],[-106.7652852,32.2755141],[-106.7655246,32.2758824],[-106.7657412,32.2762262],[-106.7657593,32.2762395],[-106.7657838,32.2762469],[-106.7658036,32.2762475],[-106.7658247,32.2762441],[-106.7662407,32.2760546],[-106.7665975,32.275892],[-106.766623,32.2758761],[-106.7666341,32.2758673],[-106.7666441,32.2758523],[-106.7666485,32.2758336],[-106.7666461,32.2758143],[-106.7661938,32.2751011]]}},{"type":"Feature","properties":{"highway":"footway","name":""},"geometry":{"type":"LineString","coordinates":[[-106.7623838,32.2768949],[-106.7623478,32.2768811],[-106.7623338,32.27687],[-106.7623288,32.2768598],[-106.7623284,32.2768456],[-106.7623358,32.2768328],[-106.7623448,32.276824],[-106.7624512,32.2767503],[-106.7625256,32.2767061],[-106.7626054,32.2766619],[-106.7628703,32.27654],[-106.7628846,32.2765334],[-106.763581,32.276218],[-106.7636062,32.2762032],[-106.7637346,32.2761476],[-106.7639421,32.2760515],[-106.7650616,32.2755382],[-106.7650909,32.275531],[-106.7651116,32.2755306],[-106.765133,32.2755337],[-106.7651468,32.2755391],[-106.7651632,32.2755535],[-106.7656342,32.2762954],[-106.7667581,32.2780659]]}},{"type":"Feature","properties":{"highway":"footway","name":""},"geometry":{"type":"LineString","coordinates":[[-106.7623689,32.2768398],[-106.7623448,32.276824],[-106.7622267,32.2767499],[-106.762146,32.2766992]]}},{"type":"Feature","properties":{"highway":"footway","name":""},"geometry":{"type":"LineString","coordinates":[[-106.7623478,32.2768811],[-106.7622898,32.2769388],[-106.7622532,32.2769752]]}},{"type":"Feature","properties":{"highway":"footway","name":""},"geometry":{"type":"LineString","coordinates":[[-106.7620739,32.276714],[-106.7620069,32.2767932],[-106.7619743,32.2768317]]}},{"type":"Feature","properties":{"highway":"footway","name":""},"geometry":{"type":"LineString","coordinates":[[-106.7621569,32.276987],[-106.7620428,32.2769271],[-106.7619771,32.2768926]]}},{"type":"Feature","properties":{"highway":"service","name":""},"geometry":{"type":"LineString","coordinates":[[-106.7421936,32.2700278],[-106.74327,32.2709152],[-106.7433183,32.2709266],[-106.7433785,32.2709207]]}},{"type":"Feature","properties":{"highway":"service","name":""},"geometry":{"type":"LineString","coordinates":[[-106.7555881,32.2685293],[-106.7545425,32.2688839]]}},{"type":"Feature","properties":{"highway":"service","name":""},"geometry":{"type":"LineString","coordinates":[[-106.7558702,32.2733346],[-106.7559742,32.2737167]]}},{"type":"Feature","properties":{"highway":"service","name":""},"geometry":{"type":"LineString","coordinates":[[-106.7560597,32.273294],[-106.7562118,32.2738497]]}},{"type":"Feature","properties":{"highway":"service","name":""},"geometry":{"type":"LineString","coordinates":[[-106.7562707,32.2738827],[-106.7563404,32.2738101],[-106.7563619,32.2737569],[-106.7562452,32.2733543],[-106.756205,32.2732919],[-106.7561594,32.2732727],[-106.7560597,32.273294],[-106.7558702,32.2733346],[-106.7555827,32.2733963],[-106.7555371,32.2734212],[-106.7555358,32.2734541],[-106.75558,32.2734949],[-106.7558496,32.2736469],[-106.7559742,32.2737167],[-106.7562118,32.2738497],[-106.7562707,32.2738827]]}},{"type":"Feature","properties":{"highway":"service","name":""},"geometry":{"type":"LineString","coordinates":[[-106.756162,32.2740169],[-106.7562707,32.2738827]]}},{"type":"Feature","properties":{"highway":"footway","name":""},"geometry":{"type":"LineString","coordinates":[[-106.7554646,32.2827812],[-106.7554231,32.2826227]]}},{"type":"Feature","properties":{"highway":"footway","name":""},"geometry":{"type":"LineString","coordinates":[[-106.754842,32.2828016],[-106.754904,32.2827176]]}},{"type":"Feature","properties":{"highway":"footway","name":""},"geometry":{"type":"LineString","coordinates":[[-106.755376,32.2827981],[-106.7553339,32.2827608],[-106.7553111,32.2827444],[-106.755297,32.282741],[-106.7552608,32.2827438],[-106.7551247,32.2827585],[-106.7550536,32.2827653],[-106.7550214,32.2827682],[-106.754842,32.2828016],[-106.7547961,32.2828107],[-106.7546909,32.2827565]]}},{"type":"Feature","properties":{"highway":"footway","name":""},"geometry":{"type":"LineString","coordinates":[[-106.7560587,32.2830437],[-106.7558297,32.2830848],[-106.7555717,32.283131],[-106.7553561,32.2831697],[-106.7551441,32.2832077]]}},{"type":"Feature","properties":{"highway":"footway","name":""},"geometry":{"type":"LineString","coordinates":[[-106.7558164,32.2827155],[-106.7554646,32.2827812],[-106.755376,32.2827981],[-106.7552682,32.2828186],[-106.7553561,32.2831697],[-106.7553627,32.2831956],[-106.7553498,32.2832282]]}},{"type":"Feature","properties":{"highway":"footway","name":""},"geometry":{"type":"LineString","coordinates":[[-106.7629492,32.2820261],[-106.7629986,32.2822009],[-106.7630421,32.2821921]]}},{"type":"Feature","properties":{"highway":"footway","name":""},"geometry":{"type":"LineString","coordinates":[[-106.7526293,32.277578],[-106.7525438,32.2775939],[-106.7524639,32.2776088]]}},{"type":"Feature","properties":{"highway":"footway","name":""},"geometry":{"type":"LineString","coordinates":[[-106.7529079,32.2794172],[-106.751997,32.2795899],[-106.7518658,32.2796141],[-106.7518169,32.2796231],[-106.751759,32.2796338],[-106.7515641,32.2796698],[-106.7515485,32.2796728],[-106.7509224,32.2797932]]}},{"type":"Feature","properties":{"highway":"footway","name":""},"geometry":{"type":"LineString","coordinates":[[-106.7555872,32.2768751],[-106.755556,32.2767568],[-106.7547945,32.2769002]]}},{"type":"Feature","properties":{"highway":"service","name":""},"geometry":{"type":"LineString","coordinates":[[-106.7535962,32.2834021],[-106.7533023,32.283458],[-106.7531951,32.2834784]]}},{"type":"Feature","properties":{"highway":"footway","name":""},"geometry":{"type":"LineString","coordinates":[[-106.753178,32.2830341],[-106.7532907,32.2831123],[-106.7533062,32.2831265],[-106.7533129,32.2831395],[-106.7533782,32.2834021]]}},{"type":"Feature","properties":{"highway":"footway","name":""},"geometry":{"type":"LineString","coordinates":[[-106.7531834,32.2824053],[-106.7531134,32.282418]]}},{"type":"Feature","properties":{"highway":"steps","name":""},"geometry":{"type":"LineString","coordinates":[[-106.753199,32.2824024],[-106.7531834,32.2824053]]}},{"type":"Feature","properties":{"highway":"footway","name":""},"geometry":{"type":"LineString","coordinates":[[-106.7531976,32.282457],[-106.7531272,32.2824699]]}},{"type":"Feature","properties":{"highway":"steps","name":""},"geometry":{"type":"LineString","coordinates":[[-106.7532119,32.2824544],[-106.7531976,32.282457]]}},{"type":"Feature","properties":{"highway":"footway","name":""},"geometry":{"type":"LineString","coordinates":[[-106.7532544,32.2823923],[-106.7532462,32.2823938],[-106.753199,32.2824024]]}},{"type":"Feature","properties":{"highway":"footway","name":""},"geometry":{"type":"LineString","coordinates":[[-106.7532681,32.2824441],[-106.7532595,32.2824457],[-106.7532119,32.2824544]]}},{"type":"Feature","properties":{"highway":"footway","name":""},"geometry":{"type":"LineString","coordinates":[[-106.7529481,32.2817933],[-106.7529807,32.2818002],[-106.75311,32.2818277]]}},{"type":"Feature","properties":{"highway":"footway","name":""},"geometry":{"type":"LineString","coordinates":[[-106.7533349,32.2816165],[-106.7532897,32.2816239],[-106.7532455,32.2816327],[-106.7532254,32.28164],[-106.753216,32.2816494],[-106.7532089,32.281678]]}},{"type":"Feature","properties":{"highway":"footway","name":""},"geometry":{"type":"LineString","coordinates":[[-106.7531643,32.28168],[-106.7531,32.2816916]]}},{"type":"Feature","properties":{"highway":"steps","name":""},"geometry":{"type":"LineString","coordinates":[[-106.7531848,32.2816769],[-106.7531643,32.28168]]}},{"type":"Feature","properties":{"highway":"footway","name":""},"geometry":{"type":"LineString","coordinates":[[-106.7530856,32.2816945],[-106.7530661,32.2817007],[-106.753046,32.2817109],[-106.7530252,32.2817268],[-106.7530098,32.2817426],[-106.7529977,32.2817642],[-106.7529807,32.2818002]]}},{"type":"Feature","properties":{"highway":"steps","name":""},"geometry":{"type":"LineString","coordinates":[[-106.7531,32.2816916],[-106.7530856,32.2816945]]}},{"type":"Feature","properties":{"highway":"footway","name":""},"geometry":{"type":"LineString","coordinates":[[-106.7533167,32.2817249],[-106.7532599,32.2816933],[-106.7532311,32.2816826],[-106.7532089,32.281678],[-106.7531848,32.2816769]]}},{"type":"Feature","properties":{"highway":"footway","name":""},"geometry":{"type":"LineString","coordinates":[[-106.7507789,32.2821678],[-106.750831,32.2821929]]}},{"type":"Feature","properties":{"highway":"steps","name":""},"geometry":{"type":"LineString","coordinates":[[-106.7507348,32.2821455],[-106.7507789,32.2821678]]}},{"type":"Feature","properties":{"highway":"footway","name":""},"geometry":{"type":"LineString","coordinates":[[-106.7507413,32.2821338],[-106.7506716,32.2820839],[-106.7506112,32.282034],[-106.7505655,32.2819985]]}},{"type":"Feature","properties":{"highway":"footway","name":""},"geometry":{"type":"LineString","coordinates":[[-106.75059,32.2821435],[-106.7507259,32.2821616],[-106.7507348,32.2821455],[-106.7507413,32.2821338],[-106.7507601,32.2821015],[-106.7507775,32.2820856],[-106.7508089,32.2820689],[-106.7508486,32.2820476],[-106.75083,32.2819748],[-106.750827,32.2819611]]}},{"type":"Feature","properties":{"highway":"footway","name":""},"geometry":{"type":"LineString","coordinates":[[-106.7511919,32.2818486],[-106.7512006,32.2818878],[-106.7512033,32.2819224],[-106.7512,32.2819592],[-106.7511892,32.282],[-106.7511711,32.2820386],[-106.7511517,32.2820715],[-106.7511316,32.2820919],[-106.7511068,32.2821157],[-106.7510766,32.2821355],[-106.7510484,32.2821491],[-106.7510149,32.2821622],[-106.7509767,32.2821729],[-106.750831,32.2821929],[-106.7507903,32.2821984],[-106.7508131,32.2822829],[-106.7507581,32.2822937],[-106.7507944,32.2824359]]}},{"type":"Feature","properties":{"highway":"footway","name":""},"geometry":{"type":"LineString","coordinates":[[-106.7514108,32.2818039],[-106.7511919,32.2818486],[-106.7511486,32.2818574],[-106.7511428,32.2818372]]}},{"type":"Feature","properties":{"highway":"footway","name":""},"geometry":{"type":"LineString","coordinates":[[-106.7540534,32.281223],[-106.7540793,32.2813215],[-106.7542679,32.281286],[-106.7544471,32.2812522]]}},{"type":"Feature","properties":{"highway":"footway","name":""},"geometry":{"type":"LineString","coordinates":[[-106.7543025,32.2814171],[-106.7542797,32.2814216]]}},{"type":"Feature","properties":{"highway":"footway","name":""},"geometry":{"type":"LineString","coordinates":[[-106.7543518,32.2816045],[-106.7543025,32.2814171],[-106.7542679,32.281286],[-106.754242,32.2811875]]}},{"type":"Feature","properties":{"highway":"steps","name":""},"geometry":{"type":"LineString","coordinates":[[-106.7543409,32.2814101],[-106.7542797,32.2814216]]}},{"type":"Feature","properties":{"highway":"footway","name":""},"geometry":{"type":"LineString","coordinates":[[-106.7544817,32.2813836],[-106.7543409,32.2814101]]}},{"type":"Feature","properties":{"highway":"footway","name":""},"geometry":{"type":"LineString","coordinates":[[-106.7537467,32.2809709],[-106.7537623,32.2810302]]}},{"type":"Feature","properties":{"highway":"steps","name":""},"geometry":{"type":"LineString","coordinates":[[-106.753739,32.2809415],[-106.7537467,32.2809709]]}},{"type":"Feature","properties":{"highway":"footway","name":""},"geometry":{"type":"LineString","coordinates":[[-106.7537295,32.2809054],[-106.753739,32.2809415]]}},{"type":"Feature","properties":{"highway":"footway","name":""},"geometry":{"type":"LineString","coordinates":[[-106.754215,32.2811573],[-106.7542237,32.2811909]]}},{"type":"Feature","properties":{"highway":"footway","name":""},"geometry":{"type":"LineString","coordinates":[[-106.7538127,32.2812683],[-106.7538039,32.2812347]]}},{"type":"Feature","properties":{"highway":"footway","name":""},"geometry":{"type":"LineString","coordinates":[[-106.7534696,32.281762],[-106.7534479,32.2818176],[-106.7534178,32.281895]]}},{"type":"Feature","properties":{"highway":"footway","name":""},"geometry":{"type":"LineString","coordinates":[[-106.7532847,32.2817891],[-106.753371,32.2817733],[-106.7534696,32.281762]]}},{"type":"Feature","properties":{"highway":"footway","name":""},"geometry":{"type":"LineString","coordinates":[[-106.7533792,32.2828659],[-106.7534352,32.282857],[-106.7535101,32.2828451]]}},{"type":"Feature","properties":{"highway":"footway","name":""},"geometry":{"type":"LineString","coordinates":[[-106.7534178,32.281895],[-106.7534104,32.281914],[-106.7533249,32.2821361],[-106.7533236,32.2821463],[-106.7535101,32.2828451]]}},{"type":"Feature","properties":{"highway":"footway","name":""},"geometry":{"type":"LineString","coordinates":[[-106.753141,32.2819618],[-106.7532948,32.2819296],[-106.7534104,32.281914]]}},{"type":"Feature","properties":{"highway":"footway","name":""},"geometry":{"type":"LineString","coordinates":[[-106.7528455,32.2820106],[-106.7531385,32.2819524],[-106.753141,32.2819618],[-106.7532544,32.2823923],[-106.7532681,32.2824441],[-106.7533792,32.2828659],[-106.7533853,32.2828889]]}},{"type":"Feature","properties":{"highway":"pedestrian","name":""},"geometry":{"type":"LineString","coordinates":[[-106.7532692,32.2824838],[-106.7532217,32.2824925],[-106.7532119,32.2824544],[-106.7532069,32.2824349],[-106.7531542,32.2824445],[-106.7531504,32.2824298],[-106.7532035,32.2824201],[-106.753199,32.2824024],[-106.7531952,32.2823874],[-106.7531888,32.2823886],[-106.7531823,32.2823632],[-106.7532359,32.2823535],[-106.7532462,32.2823938],[-106.7532595,32.2824457],[-106.7532692,32.2824838]]}},{"type":"Feature","properties":{"highway":"service","name":""},"geometry":{"type":"LineString","coordinates":[[-106.7534114,32.2813387],[-106.7533379,32.2813509],[-106.7532095,32.2813722]]}},{"type":"Feature","properties":{"highway":"footway","name":""},"geometry":{"type":"LineString","coordinates":[[-106.754056,32.2793575],[-106.7540672,32.2794398],[-106.7540706,32.2794897],[-106.7540706,32.2795515],[-106.7540072,32.2795658]]}},{"type":"Feature","properties":{"highway":"footway","name":""},"geometry":{"type":"LineString","coordinates":[[-106.7539825,32.2792104],[-106.7539999,32.2792763],[-106.754023,32.2793638]]}},{"type":"Feature","properties":{"highway":"footway","name":""},"geometry":{"type":"LineString","coordinates":[[-106.7546231,32.2793911],[-106.7543526,32.2794418],[-106.7543294,32.2794432],[-106.7540672,32.2794398]]}},{"type":"Feature","properties":{"highway":"footway","name":""},"geometry":{"type":"LineString","coordinates":[[-106.7545917,32.2792575],[-106.7546231,32.2793911],[-106.7546392,32.2794597]]}},{"type":"Feature","properties":{"highway":"pedestrian","name":""},"geometry":{"type":"LineString","coordinates":[[-106.75446,32.2806553],[-106.7544715,32.2806897],[-106.7544728,32.2807254],[-106.7544638,32.2807603],[-106.7544371,32.2808015],[-106.7543962,32.2808334],[-106.754342,32.2808531],[-106.7542999,32.2808574],[-106.7542544,32.2808519],[-106.7542123,32.2808363],[-106.7541786,32.2808165],[-106.7541516,32.2807832],[-106.7541356,32.2807502],[-106.7541306,32.2807185],[-106.7541362,32.2806717],[-106.754156,32.2806345],[-106.7541891,32.2806019],[-106.754225,32.2805817],[-106.7542673,32.2805695],[-106.7542956,32.2805666],[-106.7543387,32.28057],[-106.7543636,32.2805763],[-106.7544009,32.2805933],[-106.7544207,32.2806071],[-106.7544466,32.2806338],[-106.75446,32.2806553]]}},{"type":"Feature","properties":{"highway":"footway","name":""},"geometry":{"type":"LineString","coordinates":[[-106.7538947,32.2813024],[-106.7538053,32.2813193],[-106.7537928,32.281272]]}},{"type":"Feature","properties":{"highway":"footway","name":""},"geometry":{"type":"LineString","coordinates":[[-106.7538912,32.2812894],[-106.7538947,32.2813024],[-106.753896,32.2813077]]}},{"type":"Feature","properties":{"highway":"steps","name":""},"geometry":{"type":"LineString","coordinates":[[-106.7538868,32.2812724],[-106.7538912,32.2812894]]}},{"type":"Feature","properties":{"highway":"footway","name":""},"geometry":{"type":"LineString","coordinates":[[-106.7538822,32.2812552],[-106.7538868,32.2812724]]}},{"type":"Feature","properties":{"highway":"footway","name":""},"geometry":{"type":"LineString","coordinates":[[-106.7535968,32.2813089],[-106.7536106,32.2813614]]}},{"type":"Feature","properties":{"highway":"footway","name":""},"geometry":{"type":"LineString","coordinates":[[-106.7539594,32.281683],[-106.7539359,32.2815835]]}},{"type":"Feature","properties":{"highway":"footway","name":""},"geometry":{"type":"LineString","coordinates":[[-106.7557704,32.2812755],[-106.7556816,32.2812931],[-106.7555948,32.2813118]]}},{"type":"Feature","properties":{"highway":"footway","name":""},"geometry":{"type":"LineString","coordinates":[[-106.7557879,32.2812982],[-106.7558064,32.2813783],[-106.7558187,32.2814337],[-106.7557265,32.2814644],[-106.7556451,32.2814932],[-106.7556209,32.2814133],[-106.7555941,32.2813413]]}},{"type":"Feature","properties":{"highway":"footway","name":""},"geometry":{"type":"LineString","coordinates":[[-106.7557735,32.2799623],[-106.755835,32.2801915],[-106.7558878,32.280388]]}},{"type":"Feature","properties":{"highway":"footway","name":""},"geometry":{"type":"LineString","coordinates":[[-106.7556352,32.2801112],[-106.7556296,32.2801119],[-106.755475,32.2801398]]}},{"type":"Feature","properties":{"highway":"footway","name":""},"geometry":{"type":"LineString","coordinates":[[-106.7555994,32.2799951],[-106.7556296,32.2801119],[-106.7556585,32.280224],[-106.755835,32.2801915]]}},{"type":"Feature","properties":{"highway":"footway","name":""},"geometry":{"type":"LineString","coordinates":[[-106.7556668,32.2799824],[-106.7555992,32.2797264],[-106.7555336,32.2797388],[-106.755441,32.2793883]]}},{"type":"Feature","properties":{"highway":"footway","name":""},"geometry":{"type":"LineString","coordinates":[[-106.755445,32.2800243],[-106.7555994,32.2799951],[-106.7556668,32.2799824],[-106.7557735,32.2799623],[-106.7558478,32.2799482],[-106.7558007,32.27977],[-106.7557763,32.2797746],[-106.7557547,32.279693]]}},{"type":"Feature","properties":{"highway":"footway","name":""},"geometry":{"type":"LineString","coordinates":[[-106.7552832,32.2794005],[-106.7554294,32.2793734]]}},{"type":"Feature","properties":{"highway":"footway","name":""},"geometry":{"type":"LineString","coordinates":[[-106.7581281,32.2830709],[-106.7580492,32.2827549],[-106.7580027,32.2825686],[-106.7579947,32.2825579],[-106.7579792,32.2825488],[-106.7579585,32.2825442]]}},{"type":"Feature","properties":{"highway":"footway","name":""},"geometry":{"type":"LineString","coordinates":[[-106.7581583,32.2831786],[-106.7581382,32.283109],[-106.7581281,32.2830709]]}},{"type":"Feature","properties":{"highway":"footway","name":""},"geometry":{"type":"LineString","coordinates":[[-106.7580492,32.2827549],[-106.7575202,32.2828512],[-106.7567933,32.2829845]]}},{"type":"Feature","properties":{"highway":"footway","name":""},"geometry":{"type":"LineString","coordinates":[[-106.7561364,32.2825148],[-106.7560052,32.2825331],[-106.7559227,32.2825466]]}},{"type":"Feature","properties":{"highway":"footway","name":""},"geometry":{"type":"LineString","coordinates":[[-106.7560741,32.2824033],[-106.7559715,32.2824015],[-106.7558885,32.282402],[-106.7558996,32.2824844],[-106.7559079,32.282534]]}},{"type":"Feature","properties":{"highway":"footway","name":""},"geometry":{"type":"LineString","coordinates":[[-106.7556451,32.2814932],[-106.7558885,32.282402]]}},{"type":"Feature","properties":{"highway":"footway","name":""},"geometry":{"type":"LineString","coordinates":[[-106.7558187,32.2814337],[-106.7560741,32.2824033]]}},{"type":"Feature","properties":{"highway":"footway","name":""},"geometry":{"type":"LineString","coordinates":[[-106.7496794,32.284678],[-106.7497274,32.2846689],[-106.7498869,32.2846422]]}},{"type":"Feature","properties":{"highway":"footway","name":""},"geometry":{"type":"LineString","coordinates":[[-106.7473009,32.2837071],[-106.7472696,32.2835931]]}},{"type":"Feature","properties":{"highway":"footway","name":""},"geometry":{"type":"LineString","coordinates":[[-106.7479351,32.2837591],[-106.7473951,32.283873]]}},{"type":"Feature","properties":{"highway":"service","name":""},"geometry":{"type":"LineString","coordinates":[[-106.7470749,32.2843774],[-106.7482719,32.2841467],[-106.7483132,32.2843001]]}},{"type":"Feature","properties":{"highway":"footway","name":""},"geometry":{"type":"LineString","coordinates":[[-106.7516798,32.2848566],[-106.7516723,32.2848297],[-106.7516623,32.2847933],[-106.7515377,32.2843187],[-106.7515207,32.2842539]]}},{"type":"Feature","properties":{"highway":"footway","name":""},"geometry":{"type":"LineString","coordinates":[[-106.7511851,32.2840569],[-106.7512489,32.2843],[-106.7513294,32.2842849],[-106.7513476,32.2843544],[-106.7515377,32.2843187]]}},{"type":"Feature","properties":{"highway":"footway","name":""},"geometry":{"type":"LineString","coordinates":[[-106.7513402,32.2840281],[-106.7511851,32.2840569],[-106.7506803,32.2841545],[-106.7507574,32.2844507],[-106.7503949,32.2845177],[-106.7499433,32.2846021],[-106.7499071,32.2846168],[-106.7498869,32.2846422],[-106.749883,32.284678],[-106.749993,32.2850749],[-106.7500426,32.2851344]]}},{"type":"Feature","properties":{"highway":"service","name":""},"geometry":{"type":"LineString","coordinates":[[-106.7513143,32.2839254],[-106.7513402,32.2840281],[-106.7513538,32.2840819],[-106.7513743,32.2841633],[-106.7513984,32.2841939],[-106.7514467,32.2842064],[-106.7515092,32.28421],[-106.7515513,32.2842087],[-106.7515956,32.2842189],[-106.7516291,32.2842449],[-106.7517658,32.2847729],[-106.7517754,32.28481],[-106.7517825,32.2848371],[-106.7518046,32.2849228]]}},{"type":"Feature","properties":{"highway":"footway","name":""},"geometry":{"type":"LineString","coordinates":[[-106.7514698,32.2840602],[-106.7514219,32.2838821],[-106.7513555,32.2838572],[-106.7513049,32.2836563],[-106.7512784,32.2835513],[-106.7512556,32.2834609],[-106.7512855,32.2834272],[-106.7511979,32.2830834],[-106.7509566,32.2831282],[-106.750864,32.2830715],[-106.7507634,32.283089],[-106.7507276,32.2829502]]}},{"type":"Feature","properties":{"highway":"footway","name":""},"geometry":{"type":"LineString","coordinates":[[-106.7524652,32.2838733],[-106.7518461,32.2839895],[-106.7514698,32.2840602],[-106.7513538,32.2840819]]}},{"type":"Feature","properties":{"highway":"footway","name":""},"geometry":{"type":"LineString","coordinates":[[-106.7505123,32.2836969],[-106.7502862,32.2837393],[-106.7501303,32.283139],[-106.7501124,32.2830698]]}},{"type":"Feature","properties":{"highway":"service","name":""},"geometry":{"type":"LineString","coordinates":[[-106.7505392,32.2837379],[-106.7505279,32.283694],[-106.7504578,32.2834223]]}},{"type":"Feature","properties":{"highway":"service","name":""},"geometry":{"type":"LineString","coordinates":[[-106.7505546,32.2837022],[-106.7505457,32.2836986],[-106.7505428,32.2836949],[-106.7505419,32.2836915],[-106.7504674,32.2833986],[-106.750461,32.2833918],[-106.7504533,32.2833906],[-106.7504137,32.2833983],[-106.7504057,32.2834037],[-106.7504035,32.2834132],[-106.750406,32.2834222],[-106.7504116,32.2834437],[-106.750444,32.2835634],[-106.7504664,32.2835598],[-106.7504731,32.2835598],[-106.7504795,32.2835655],[-106.7505107,32.2836876],[-106.750512,32.2836928],[-106.7505123,32.2836969],[-106.7505126,32.2837017],[-106.7505098,32.2837072],[-106.7505057,32.2837115],[-106.7505546,32.2837022]]}},{"type":"Feature","properties":{"highway":"footway","name":""},"geometry":{"type":"LineString","coordinates":[[-106.7514244,32.2789916],[-106.7514908,32.2792437],[-106.7514585,32.2792497],[-106.7514717,32.2792999],[-106.7514883,32.2793582],[-106.7515218,32.2793525],[-106.7515424,32.2794285],[-106.7515745,32.2795467]]}},{"type":"Feature","properties":{"highway":"steps","name":""},"geometry":{"type":"LineString","coordinates":[[-106.7507922,32.2813707],[-106.7507855,32.281346]]}},{"type":"Feature","properties":{"highway":"footway","name":""},"geometry":{"type":"LineString","coordinates":[[-106.7507855,32.281346],[-106.750775,32.2813079]]}},{"type":"Feature","properties":{"highway":"footway","name":""},"geometry":{"type":"LineString","coordinates":[[-106.7508172,32.2814623],[-106.7507922,32.2813707]]}},{"type":"Feature","properties":{"highway":"service","name":""},"geometry":{"type":"LineString","coordinates":[[-106.7510902,32.2812325],[-106.7510205,32.2812464],[-106.7508365,32.2812806]]}},{"type":"Feature","properties":{"highway":"footway","name":""},"geometry":{"type":"LineString","coordinates":[[-106.7523503,32.2796842],[-106.7524221,32.2799618],[-106.7525786,32.2799328],[-106.7526416,32.2801763],[-106.752479,32.2802064],[-106.75253,32.2804032]]}},{"type":"Feature","properties":{"highway":"footway","name":""},"geometry":{"type":"LineString","coordinates":[[-106.7528749,32.2805755],[-106.7528132,32.280587]]}},{"type":"Feature","properties":{"highway":"footway","name":""},"geometry":{"type":"LineString","coordinates":[[-106.7529328,32.2805779],[-106.752924,32.2805796],[-106.7528165,32.2805997]]}},{"type":"Feature","properties":{"highway":"steps","name":""},"geometry":{"type":"LineString","coordinates":[[-106.7529085,32.2805206],[-106.752924,32.2805796]]}},{"type":"Feature","properties":{"highway":"footway","name":""},"geometry":{"type":"LineString","coordinates":[[-106.7529172,32.280519],[-106.7529085,32.2805206],[-106.7528628,32.2805292]]}},{"type":"Feature","properties":{"highway":"steps","name":""},"geometry":{"type":"LineString","coordinates":[[-106.7531054,32.2803719],[-106.753109,32.2803861]]}},{"type":"Feature","properties":{"highway":"footway","name":""},"geometry":{"type":"LineString","coordinates":[[-106.7531019,32.2803582],[-106.7531781,32.2803443]]}},{"type":"Feature","properties":{"highway":"footway","name":""},"geometry":{"type":"LineString","coordinates":[[-106.7530865,32.2802976],[-106.7531019,32.2803582],[-106.7531054,32.2803719]]}},{"type":"Feature","properties":{"highway":"footway","name":""},"geometry":{"type":"LineString","coordinates":[[-106.7514769,32.2811451],[-106.7515002,32.2812344],[-106.751525,32.2813285]]}},{"type":"Feature","properties":{"highway":"footway","name":""},"geometry":{"type":"LineString","coordinates":[[-106.7543795,32.279935],[-106.7542456,32.2799302],[-106.7541096,32.2799577]]}},{"type":"Feature","properties":{"highway":"footway","name":""},"geometry":{"type":"LineString","coordinates":[[-106.7540472,32.2804448],[-106.7540738,32.2805459],[-106.7539052,32.2805776],[-106.7538609,32.2805859]]}},{"type":"Feature","properties":{"highway":"pedestrian","name":""},"geometry":{"type":"LineString","coordinates":[[-106.7543875,32.2799639],[-106.7543795,32.279935],[-106.7543733,32.279913],[-106.7543053,32.2799128],[-106.7543055,32.2798259],[-106.7541869,32.2798281],[-106.7541464,32.2798288],[-106.7541068,32.2798299],[-106.7540555,32.2796383],[-106.7540562,32.2796145],[-106.7540572,32.2795864],[-106.7540843,32.2795802],[-106.75409,32.2795614],[-106.7540978,32.2795527],[-106.7541135,32.2795442],[-106.7541242,32.2795419],[-106.7542116,32.2795419],[-106.7542119,32.2794588],[-106.7542121,32.2794311],[-106.7541226,32.2794311],[-106.7541061,32.2793608],[-106.7539602,32.279386],[-106.7539211,32.2793928],[-106.7539554,32.2795165],[-106.7540867,32.2800022],[-106.7541269,32.2801437],[-106.754136,32.2801786],[-106.754143,32.2802018],[-106.7541405,32.2802195],[-106.7541561,32.2802749],[-106.7541765,32.2803475],[-106.7541695,32.2803492],[-106.7541866,32.2804186],[-106.7541997,32.2804674],[-106.7542406,32.2804594],[-106.7542805,32.2804515],[-106.7541534,32.2799915],[-106.7541894,32.2799844],[-106.7543455,32.2799563],[-106.7543499,32.2799713],[-106.7543875,32.2799639]]}},{"type":"Feature","properties":{"highway":"service","name":""},"geometry":{"type":"LineString","coordinates":[[-106.7541869,32.2798281],[-106.7541972,32.2798846],[-106.7540952,32.2799029]]}},{"type":"Feature","properties":{"highway":"footway","name":""},"geometry":{"type":"LineString","coordinates":[[-106.7515171,32.2792918],[-106.7515335,32.2792889],[-106.7515659,32.2792831]]}},{"type":"Feature","properties":{"highway":"steps","name":""},"geometry":{"type":"LineString","coordinates":[[-106.7514963,32.2792955],[-106.7515171,32.2792918]]}},{"type":"Feature","properties":{"highway":"footway","name":""},"geometry":{"type":"LineString","coordinates":[[-106.7513764,32.2793169],[-106.7514717,32.2792999],[-106.7514963,32.2792955]]}},{"type":"Feature","properties":{"highway":"footway","name":""},"geometry":{"type":"LineString","coordinates":[[-106.751818,32.2789162],[-106.7518667,32.2791075]]}},{"type":"Feature","properties":{"highway":"footway","name":""},"geometry":{"type":"LineString","coordinates":[[-106.7547077,32.2771691],[-106.7546915,32.2771028],[-106.7546762,32.2770406]]}},{"type":"Feature","properties":{"highway":"footway","name":""},"geometry":{"type":"LineString","coordinates":[[-106.7547004,32.2771755],[-106.7546131,32.2771912],[-106.7545341,32.2772055]]}},{"type":"Feature","properties":{"highway":"footway","name":""},"geometry":{"type":"LineString","coordinates":[[-106.7554392,32.2771614],[-106.7549148,32.2772589],[-106.7548914,32.2771585],[-106.7548846,32.2771495],[-106.7548759,32.2771421],[-106.7548645,32.2771387],[-106.7547244,32.2771642],[-106.7547077,32.2771691],[-106.7547004,32.2771755],[-106.7546989,32.2771874],[-106.7550208,32.2784018],[-106.7550298,32.2784075],[-106.7550416,32.2784075],[-106.7551817,32.2783788],[-106.7551874,32.2783718],[-106.7551881,32.278361],[-106.7551146,32.2780634]]}},{"type":"Feature","properties":{"highway":"footway","name":""},"geometry":{"type":"LineString","coordinates":[[-106.7537832,32.2776925],[-106.7541261,32.2776334],[-106.7542006,32.2776198]]}},{"type":"Feature","properties":{"highway":"footway","name":""},"geometry":{"type":"LineString","coordinates":[[-106.749745,32.2798374],[-106.7487478,32.2800302],[-106.7487272,32.279954],[-106.7495624,32.2797925]]}},{"type":"Feature","properties":{"highway":"footway","name":""},"geometry":{"type":"LineString","coordinates":[[-106.7494978,32.27892],[-106.7496357,32.2794308],[-106.749745,32.2798374],[-106.7497576,32.2798843]]}},{"type":"Feature","properties":{"highway":"footway","name":""},"geometry":{"type":"LineString","coordinates":[[-106.7503599,32.2788512],[-106.7503235,32.2788582],[-106.7502988,32.2787663],[-106.7494978,32.27892],[-106.7493821,32.2789421]]}},{"type":"Feature","properties":{"highway":"pedestrian","name":""},"geometry":{"type":"LineString","coordinates":[[-106.7507657,32.2786095],[-106.7505995,32.2785227],[-106.7506385,32.2784694],[-106.7506675,32.2784297],[-106.7508336,32.2785165],[-106.7508024,32.2785593],[-106.7507657,32.2786095]]}},{"type":"Feature","properties":{"highway":"footway","name":""},"geometry":{"type":"LineString","coordinates":[[-106.7504453,32.2784786],[-106.7506025,32.2784494],[-106.7506385,32.2784694],[-106.7508024,32.2785593]]}},{"type":"Feature","properties":{"highway":"steps","name":""},"geometry":{"type":"LineString","coordinates":[[-106.7517264,32.2805635],[-106.7517418,32.2805607]]}},{"type":"Feature","properties":{"highway":"footway","name":""},"geometry":{"type":"LineString","coordinates":[[-106.7529603,32.2788861],[-106.7531947,32.2788414],[-106.7532858,32.2791883],[-106.7533006,32.2792447]]}},{"type":"Feature","properties":{"highway":"service","name":""},"geometry":{"type":"LineString","coordinates":[[-106.7540953,32.2839946],[-106.7541394,32.2841625],[-106.7538807,32.284211],[-106.7538177,32.2842228]]}},{"type":"Feature","properties":{"highway":"footway","name":""},"geometry":{"type":"LineString","coordinates":[[-106.7518287,32.2839206],[-106.7525187,32.2837894],[-106.7527717,32.2837387],[-106.752818,32.2839059],[-106.7528368,32.2839388],[-106.7528576,32.2839626],[-106.752883,32.2839808],[-106.7529186,32.2839972],[-106.7529555,32.2840063],[-106.7529923,32.2840204],[-106.7530118,32.2840375],[-106.7530252,32.2840596],[-106.7531245,32.2844405]]}},{"type":"Feature","properties":{"highway":"footway","name":""},"geometry":{"type":"LineString","coordinates":[[-106.7528122,32.2832638],[-106.7526399,32.2832966],[-106.7523865,32.2833448],[-106.7518675,32.2834436],[-106.7518149,32.2834536],[-106.7517755,32.2835086],[-106.7517377,32.2835613],[-106.7518287,32.2839206],[-106.7518461,32.2839895]]}},{"type":"Feature","properties":{"highway":"footway","name":""},"geometry":{"type":"LineString","coordinates":[[-106.7527428,32.2830023],[-106.7527616,32.2830733],[-106.7528122,32.2832638],[-106.7529689,32.2838543],[-106.7529823,32.2838816],[-106.7530051,32.2839076],[-106.7530232,32.2839178],[-106.7530641,32.2839297],[-106.7536515,32.2838215]]}},{"type":"Feature","properties":{"highway":"footway","name":""},"geometry":{"type":"LineString","coordinates":[[-106.7567342,32.2829384],[-106.756246,32.2830261]]}},{"type":"Feature","properties":{"highway":"footway","name":""},"geometry":{"type":"LineString","coordinates":[[-106.7558297,32.2830848],[-106.7558715,32.28324],[-106.7558599,32.2832422]]}},{"type":"Feature","properties":{"highway":"footway","name":""},"geometry":{"type":"LineString","coordinates":[[-106.7553627,32.2831956],[-106.7556143,32.2832907]]}},{"type":"Feature","properties":{"highway":"footway","name":""},"geometry":{"type":"LineString","coordinates":[[-106.7555717,32.283131],[-106.7556143,32.2832907],[-106.7556572,32.2834584]]}},{"type":"Feature","properties":{"highway":"footway","name":""},"geometry":{"type":"LineString","coordinates":[[-106.7458727,32.2826829],[-106.7458828,32.2826103]]}},{"type":"Feature","properties":{"highway":"footway","name":""},"geometry":{"type":"LineString","coordinates":[[-106.7458244,32.2826842],[-106.745804,32.2826089],[-106.745857,32.2826072],[-106.7458828,32.2826103],[-106.7459103,32.2826137],[-106.7459613,32.2826304],[-106.7460028,32.2826508],[-106.7460387,32.2826812],[-106.7460692,32.2827172],[-106.746089,32.2827563],[-106.7460971,32.2827886],[-106.7461001,32.2828175],[-106.7460997,32.2828502],[-106.7460917,32.2828787],[-106.7460803,32.2829037],[-106.7460615,32.2829337],[-106.7460367,32.2829598],[-106.7459985,32.2829893],[-106.745975,32.2830023],[-106.7459542,32.2830102],[-106.7458764,32.2828823]]}},{"type":"Feature","properties":{"highway":"footway","name":""},"geometry":{"type":"LineString","coordinates":[[-106.7466218,32.2827277],[-106.7466315,32.2827557],[-106.7466348,32.2827738],[-106.7466342,32.2827892],[-106.7466288,32.2828005],[-106.7466071,32.2828299],[-106.7465846,32.2828549],[-106.7465658,32.2828753],[-106.7465483,32.2828872],[-106.7465242,32.2829031],[-106.7464967,32.2829156],[-106.7464739,32.2829212],[-106.7464491,32.2829258],[-106.746429,32.282928],[-106.7464075,32.2829275],[-106.746382,32.2829246],[-106.7461118,32.2828827],[-106.7460917,32.2828787]]}},{"type":"Feature","properties":{"highway":"footway","name":""},"geometry":{"type":"LineString","coordinates":[[-106.746804,32.2831649],[-106.7468865,32.2830552],[-106.7467706,32.2829929]]}},{"type":"Feature","properties":{"highway":"footway","name":""},"geometry":{"type":"LineString","coordinates":[[-106.7465107,32.2816235],[-106.7464469,32.2816338],[-106.7463301,32.2816547]]}},{"type":"Feature","properties":{"highway":"footway","name":""},"geometry":{"type":"LineString","coordinates":[[-106.7475096,32.280595],[-106.7463385,32.2808135],[-106.7463237,32.280818],[-106.74631,32.2808276],[-106.7463063,32.2808384],[-106.7464578,32.2814127],[-106.7464705,32.2814602],[-106.7464791,32.2815006],[-106.7464907,32.2815442],[-106.7465107,32.2816235],[-106.7465356,32.2817341]]}},{"type":"Feature","properties":{"highway":"footway","name":""},"geometry":{"type":"LineString","coordinates":[[-106.748694,32.2811105],[-106.7486592,32.2811054],[-106.7486378,32.2811066],[-106.7485915,32.2811151],[-106.7485372,32.2809104],[-106.7484313,32.280932],[-106.7484091,32.2809303],[-106.7483736,32.2809196]]}},{"type":"Feature","properties":{"highway":"footway","name":""},"geometry":{"type":"LineString","coordinates":[[-106.7486045,32.281549],[-106.7487035,32.2815833],[-106.7487853,32.2816123],[-106.748871,32.2816343]]}},{"type":"Feature","properties":{"highway":"footway","name":""},"geometry":{"type":"LineString","coordinates":[[-106.7499512,32.2818812],[-106.75059,32.2821435]]}},{"type":"Feature","properties":{"highway":"footway","name":""},"geometry":{"type":"LineString","coordinates":[[-106.7506125,32.2825964],[-106.7501929,32.2826682]]}},{"type":"Feature","properties":{"highway":"pedestrian","name":""},"geometry":{"type":"LineString","coordinates":[[-106.7509676,32.282059],[-106.7509153,32.2820216],[-106.7508841,32.2819975],[-106.7508536,32.2819708],[-106.75083,32.2819748],[-106.7506595,32.2820037],[-106.7506625,32.282015],[-106.7506652,32.2820187],[-106.7506689,32.2820224],[-106.7506736,32.2820244],[-106.750683,32.2820252],[-106.7507078,32.282025],[-106.7507245,32.282027],[-106.7507426,32.2820304],[-106.7507638,32.2820372],[-106.7507852,32.2820474],[-106.7507953,32.2820544],[-106.7508089,32.2820689],[-106.7508218,32.2820825],[-106.7508365,32.2820862],[-106.7508674,32.2820924],[-106.7508868,32.2820927],[-106.7509056,32.2820919],[-106.7509217,32.282089],[-106.7509438,32.2820825],[-106.7509606,32.282074],[-106.750971,32.2820678],[-106.7509736,32.2820621],[-106.7509676,32.282059]]}},{"type":"Feature","properties":{"highway":"footway","name":""},"geometry":{"type":"LineString","coordinates":[[-106.7517668,32.282796],[-106.7517953,32.2829102],[-106.7518068,32.2829565]]}},{"type":"Feature","properties":{"highway":"steps","name":""},"geometry":{"type":"LineString","coordinates":[[-106.7517645,32.2827869],[-106.7517668,32.282796]]}},{"type":"Feature","properties":{"highway":"footway","name":""},"geometry":{"type":"LineString","coordinates":[[-106.7518194,32.2830072],[-106.7518382,32.2830829],[-106.7518564,32.2831559],[-106.7520073,32.283237]]}},{"type":"Feature","properties":{"highway":"footway","name":""},"geometry":{"type":"LineString","coordinates":[[-106.7518068,32.2829565],[-106.7518194,32.2830072]]}},{"type":"Feature","properties":{"highway":"footway","name":""},"geometry":{"type":"LineString","coordinates":[[-106.7517494,32.282726],[-106.7517645,32.2827869]]}},{"type":"Feature","properties":{"highway":"footway","name":""},"geometry":{"type":"LineString","coordinates":[[-106.7513648,32.2816487],[-106.751253,32.2816703]]}},{"type":"Feature","properties":{"highway":"footway","name":""},"geometry":{"type":"LineString","coordinates":[[-106.7513471,32.2821013],[-106.7514548,32.2825185]]}},{"type":"Feature","properties":{"highway":"footway","name":""},"geometry":{"type":"LineString","coordinates":[[-106.7516943,32.2824743],[-106.7515196,32.2825066],[-106.7514548,32.2825185],[-106.7514354,32.2825221]]}},{"type":"Feature","properties":{"highway":"footway","name":""},"geometry":{"type":"LineString","coordinates":[[-106.7515432,32.2825982],[-106.7517319,32.2825634]]}},{"type":"Feature","properties":{"highway":"footway","name":""},"geometry":{"type":"LineString","coordinates":[[-106.7515908,32.2827824],[-106.7515432,32.2825982],[-106.7515196,32.2825066]]}},{"type":"Feature","properties":{"highway":"steps","name":""},"geometry":{"type":"LineString","coordinates":[[-106.7496732,32.2822673],[-106.7496153,32.2822426]]}},{"type":"Feature","properties":{"highway":"footway","name":""},"geometry":{"type":"LineString","coordinates":[[-106.7494955,32.282131],[-106.7495357,32.2821593],[-106.7495786,32.282186],[-106.7496306,32.282217]]}},{"type":"Feature","properties":{"highway":"service","name":""},"geometry":{"type":"LineString","coordinates":[[-106.7574826,32.2842484],[-106.7575642,32.2845462]]}},{"type":"Feature","properties":{"highway":"service","name":""},"geometry":{"type":"LineString","coordinates":[[-106.7591202,32.2839593],[-106.7587832,32.284021]]}},{"type":"Feature","properties":{"highway":"service","name":""},"geometry":{"type":"LineString","coordinates":[[-106.7590725,32.2837812],[-106.7587262,32.2838458]]}},{"type":"Feature","properties":{"highway":"service","name":""},"geometry":{"type":"LineString","coordinates":[[-106.7686845,32.2919621],[-106.7693443,32.292628]]}},{"type":"Feature","properties":{"highway":"service","name":""},"geometry":{"type":"LineString","coordinates":[[-106.7685016,32.2920916],[-106.7691602,32.2927563]]}},{"type":"Feature","properties":{"highway":"service","name":""},"geometry":{"type":"LineString","coordinates":[[-106.7683273,32.292215],[-106.7689856,32.2928793]]}},{"type":"Feature","properties":{"highway":"service","name":""},"geometry":{"type":"LineString","coordinates":[[-106.7681934,32.2923098],[-106.7686692,32.2927989],[-106.7687309,32.2928545],[-106.7687765,32.2928873],[-106.7688395,32.2929089],[-106.7689106,32.2929089],[-106.7689709,32.2928896],[-106.7689856,32.2928793],[-106.7691602,32.2927563],[-106.7692526,32.2926912],[-106.7693443,32.292628],[-106.769384,32.2926005],[-106.7694443,32.2925858],[-106.7695127,32.2925858],[-106.7695952,32.2926062],[-106.7696716,32.2926356]]}},{"type":"Feature","properties":{"highway":"service","name":""},"geometry":{"type":"LineString","coordinates":[[-106.768892,32.2918152],[-106.7686845,32.2919621],[-106.7685016,32.2920916],[-106.7683273,32.292215],[-106.7681934,32.2923098],[-106.7670918,32.2930898]]}},{"type":"Feature","properties":{"highway":"residential","name":"Chaparro Street"},"geometry":{"type":"LineString","coordinates":[[-106.7591674,32.2934099],[-106.7586964,32.292784],[-106.7582029,32.2921129]]}},{"type":"Feature","properties":{"highway":"footway","name":""},"geometry":{"type":"LineString","coordinates":[[-106.7463886,32.2837247],[-106.7463579,32.2837089],[-106.7462429,32.2836518],[-106.746148,32.2836049],[-106.7460822,32.2836895],[-106.7460065,32.283796]]}},{"type":"Feature","properties":{"highway":"pedestrian","name":""},"geometry":{"type":"LineString","coordinates":[[-106.7462497,32.2836429],[-106.7462429,32.2836518],[-106.7462254,32.2836743],[-106.7461891,32.2836958],[-106.7461459,32.2837045],[-106.746102,32.2836991],[-106.7460822,32.2836895],[-106.7460636,32.2836804],[-106.7460348,32.2836491],[-106.7460272,32.283577],[-106.7460581,32.2835333],[-106.7460994,32.2835112],[-106.7461845,32.2835121],[-106.746237,32.283547],[-106.7462587,32.2836038],[-106.7462497,32.2836429]]}},{"type":"Feature","properties":{"highway":"footway","name":""},"geometry":{"type":"LineString","coordinates":[[-106.7495735,32.2842797],[-106.749086,32.2843788]]}},{"type":"Feature","properties":{"highway":"steps","name":""},"geometry":{"type":"LineString","coordinates":[[-106.7519309,32.2832517],[-106.7520073,32.283237]]}},{"type":"Feature","properties":{"highway":"footway","name":""},"geometry":{"type":"LineString","coordinates":[[-106.7516525,32.2833018],[-106.7519309,32.2832517]]}},{"type":"Feature","properties":{"highway":"footway","name":""},"geometry":{"type":"LineString","coordinates":[[-106.7516945,32.2834764],[-106.7517755,32.2835086]]}},{"type":"Feature","properties":{"highway":"footway","name":""},"geometry":{"type":"LineString","coordinates":[[-106.7515845,32.2834954],[-106.7513822,32.2835302]]}},{"type":"Feature","properties":{"highway":"footway","name":""},"geometry":{"type":"LineString","coordinates":[[-106.7514545,32.2828086],[-106.7515322,32.2831316],[-106.7516084,32.2831185],[-106.7516525,32.2833018],[-106.7516945,32.2834764],[-106.7515845,32.2834954]]}},{"type":"Feature","properties":{"highway":"footway","name":""},"geometry":{"type":"LineString","coordinates":[[-106.7513822,32.2835302],[-106.7513226,32.2835431],[-106.7513141,32.2835447]]}},{"type":"Feature","properties":{"highway":"footway","name":""},"geometry":{"type":"LineString","coordinates":[[-106.7513049,32.2836563],[-106.7513254,32.2836525],[-106.751307,32.2835812],[-106.7513312,32.2835767],[-106.7513226,32.2835431]]}},{"type":"Feature","properties":{"highway":"steps","name":""},"geometry":{"type":"LineString","coordinates":[[-106.7513141,32.2835447],[-106.7512784,32.2835513]]}},{"type":"Feature","properties":{"highway":"footway","name":""},"geometry":{"type":"LineString","coordinates":[[-106.7512784,32.2835513],[-106.7505569,32.2836888],[-106.7504778,32.2833719]]}},{"type":"Feature","properties":{"highway":"footway","name":""},"geometry":{"type":"LineString","coordinates":[[-106.7422065,32.2680724],[-106.7421364,32.2680369],[-106.7419635,32.2679495],[-106.7418947,32.2679147]]}},{"type":"Feature","properties":{"highway":"footway","name":""},"geometry":{"type":"LineString","coordinates":[[-106.7408949,32.2687828],[-106.7407876,32.2688673]]}},{"type":"Feature","properties":{"highway":"footway","name":""},"geometry":{"type":"LineString","coordinates":[[-106.7411504,32.268975],[-106.7411056,32.2690154],[-106.7410371,32.2690771]]}},{"type":"Feature","properties":{"highway":"footway","name":""},"geometry":{"type":"LineString","coordinates":[[-106.7383636,32.2735562],[-106.7383759,32.2735995],[-106.7383904,32.2736505]]}},{"type":"Feature","properties":{"highway":"footway","name":""},"geometry":{"type":"LineString","coordinates":[[-106.7384709,32.2740641],[-106.738554,32.2743754]]}},{"type":"Feature","properties":{"highway":"footway","name":""},"geometry":{"type":"LineString","coordinates":[[-106.7385829,32.2744854],[-106.7386476,32.2747329]]}},{"type":"Feature","properties":{"highway":"footway","name":""},"geometry":{"type":"LineString","coordinates":[[-106.7387009,32.2748429],[-106.7387768,32.2751266]]}},{"type":"Feature","properties":{"highway":"footway","name":""},"geometry":{"type":"LineString","coordinates":[[-106.7388819,32.2755211],[-106.738799,32.2752105]]}},{"type":"Feature","properties":{"highway":"footway","name":""},"geometry":{"type":"LineString","coordinates":[[-106.7389933,32.2759508],[-106.738904,32.2756067]]}},{"type":"Feature","properties":{"highway":"footway","name":""},"geometry":{"type":"LineString","coordinates":[[-106.7394838,32.2778202],[-106.7390188,32.276037]]}},{"type":"Feature","properties":{"highway":"footway","name":""},"geometry":{"type":"LineString","coordinates":[[-106.7386828,32.2706839],[-106.7388377,32.2705501]]}},{"type":"Feature","properties":{"highway":"footway","name":""},"geometry":{"type":"LineString","coordinates":[[-106.7383978,32.2750444],[-106.7383649,32.2749276]]}},{"type":"Feature","properties":{"highway":"footway","name":""},"geometry":{"type":"LineString","coordinates":[[-106.7391602,32.2779585],[-106.7392736,32.2779101],[-106.739374,32.2778672],[-106.7394838,32.2778202]]}},{"type":"Feature","properties":{"highway":"footway","name":""},"geometry":{"type":"LineString","coordinates":[[-106.7395099,32.2779715],[-106.739498,32.2779037],[-106.7394838,32.2778202]]}},{"type":"Feature","properties":{"highway":"footway","name":""},"geometry":{"type":"LineString","coordinates":[[-106.7373977,32.278473],[-106.7374756,32.2785148],[-106.7375348,32.2785467]]}},{"type":"Feature","properties":{"highway":"footway","name":""},"geometry":{"type":"LineString","coordinates":[[-106.7373909,32.2784622],[-106.7373977,32.278473],[-106.7373926,32.2784905],[-106.7373869,32.278505],[-106.7373638,32.2785469],[-106.7373544,32.2785804],[-106.7373484,32.2786189],[-106.7373383,32.278645],[-106.7373269,32.2786734],[-106.7373236,32.2786977],[-106.7373269,32.2787159],[-106.737335,32.2787374],[-106.737349,32.2787663],[-106.7373873,32.2788185],[-106.7374396,32.2788809],[-106.7374476,32.278899],[-106.7374496,32.2789132],[-106.7374416,32.2789268],[-106.7374194,32.2789432]]}},{"type":"Feature","properties":{"highway":"footway","name":""},"geometry":{"type":"LineString","coordinates":[[-106.7376955,32.2784732],[-106.7377184,32.2784145],[-106.7377384,32.2783632]]}},{"type":"Feature","properties":{"highway":"footway","name":""},"geometry":{"type":"LineString","coordinates":[[-106.7373909,32.2784622],[-106.737393,32.2783622],[-106.7373941,32.2783071]]}},{"type":"Feature","properties":{"highway":"footway","name":""},"geometry":{"type":"LineString","coordinates":[[-106.7377384,32.2783632],[-106.7377185,32.2783207],[-106.7376944,32.2782924],[-106.7376736,32.2782776],[-106.7376374,32.2782567],[-106.7375904,32.2782419],[-106.7375495,32.2782346],[-106.7374939,32.2782385],[-106.737457,32.2782476],[-106.7374215,32.278268],[-106.7374074,32.2782833],[-106.7373941,32.2783071]]}},{"type":"Feature","properties":{"highway":"footway","name":""},"geometry":{"type":"LineString","coordinates":[[-106.7383009,32.2777089],[-106.7383082,32.2776978],[-106.7383319,32.2776615],[-106.7383608,32.2776174]]}},{"type":"Feature","properties":{"highway":"footway","name":""},"geometry":{"type":"LineString","coordinates":[[-106.7384514,32.277184],[-106.7383902,32.2771958],[-106.7383153,32.2772113]]}},{"type":"Feature","properties":{"highway":"footway","name":""},"geometry":{"type":"LineString","coordinates":[[-106.7444037,32.2819447],[-106.7444582,32.282152],[-106.7447459,32.2825068]]}},{"type":"Feature","properties":{"highway":"footway","name":""},"geometry":{"type":"LineString","coordinates":[[-106.7391602,32.2779585],[-106.7391802,32.2780485],[-106.7391937,32.2781115]]}},{"type":"Feature","properties":{"highway":"footway","name":""},"geometry":{"type":"LineString","coordinates":[[-106.7394777,32.2780322],[-106.73937,32.278072],[-106.7392551,32.2781143]]}},{"type":"Feature","properties":{"highway":"footway","name":""},"geometry":{"type":"LineString","coordinates":[[-106.7395391,32.2779568],[-106.7395236,32.2779641],[-106.7395099,32.2779715],[-106.7394995,32.2779806],[-106.7394894,32.2779908],[-106.7394834,32.278001],[-106.7394787,32.2780135],[-106.7394774,32.2780237],[-106.7394777,32.2780322],[-106.739478,32.2780407]]}},{"type":"Feature","properties":{"highway":"footway","name":""},"geometry":{"type":"LineString","coordinates":[[-106.7391937,32.2781115],[-106.7392159,32.278107],[-106.7392319,32.278107],[-106.7392467,32.2781104],[-106.7392551,32.2781143],[-106.7392601,32.2781166],[-106.7392782,32.2781268],[-106.7392889,32.2781371],[-106.7392977,32.2781524]]}},{"type":"Feature","properties":{"highway":"footway","name":""},"geometry":{"type":"LineString","coordinates":[[-106.7371326,32.2777764],[-106.7370715,32.2777487]]}},{"type":"Feature","properties":{"highway":"footway","name":""},"geometry":{"type":"LineString","coordinates":[[-106.7378845,32.2775075],[-106.7378289,32.2775887]]}},{"type":"Feature","properties":{"highway":"footway","name":""},"geometry":{"type":"LineString","coordinates":[[-106.7377572,32.2778381],[-106.7377357,32.2778278],[-106.7375143,32.2777218],[-106.7374059,32.2776698],[-106.7374778,32.2775625],[-106.7375498,32.277455],[-106.737658,32.2775069],[-106.7378289,32.2775887],[-106.7378796,32.277613],[-106.7379011,32.2776233]]}},{"type":"Feature","properties":{"highway":"footway","name":""},"geometry":{"type":"LineString","coordinates":[[-106.7379342,32.2775315],[-106.7378796,32.277613],[-106.7378071,32.2777212],[-106.7377357,32.2778278]]}},{"type":"Feature","properties":{"highway":"footway","name":""},"geometry":{"type":"LineString","coordinates":[[-106.7376214,32.2776323],[-106.7378071,32.2777212]]}},{"type":"Feature","properties":{"highway":"footway","name":""},"geometry":{"type":"LineString","coordinates":[[-106.7375649,32.2776464],[-106.7375143,32.2777218],[-106.7374715,32.2777857]]}},{"type":"Feature","properties":{"highway":"footway","name":""},"geometry":{"type":"LineString","coordinates":[[-106.7375509,32.2775975],[-106.7374778,32.2775625],[-106.7372657,32.277461]]}},{"type":"Feature","properties":{"highway":"footway","name":""},"geometry":{"type":"LineString","coordinates":[[-106.7377132,32.2774246],[-106.737658,32.2775069],[-106.7376042,32.2775872]]}},{"type":"Feature","properties":{"highway":"footway","name":""},"geometry":{"type":"LineString","coordinates":[[-106.737575,32.2775832],[-106.7375563,32.2775921],[-106.7375509,32.2775975],[-106.7375454,32.2776078],[-106.7375452,32.277626],[-106.7375558,32.2776418],[-106.7375649,32.2776464],[-106.7375743,32.277651],[-106.7375958,32.2776512],[-106.7376145,32.2776422],[-106.7376214,32.2776323],[-106.7376254,32.2776266],[-106.7376256,32.2776084],[-106.737615,32.2775926],[-106.7376042,32.2775872],[-106.7375965,32.2775833],[-106.737575,32.2775832]]}},{"type":"Feature","properties":{"highway":"footway","name":""},"geometry":{"type":"LineString","coordinates":[[-106.7389343,32.2770848],[-106.7389216,32.2770367],[-106.7389108,32.2769958]]}},{"type":"Feature","properties":{"highway":"footway","name":""},"geometry":{"type":"LineString","coordinates":[[-106.738799,32.2752105],[-106.7387895,32.2751746],[-106.7387768,32.2751266]]}},{"type":"Feature","properties":{"highway":"footway","name":""},"geometry":{"type":"LineString","coordinates":[[-106.738904,32.2756067],[-106.738893,32.275564],[-106.7388819,32.2755211]]}},{"type":"Feature","properties":{"highway":"footway","name":""},"geometry":{"type":"LineString","coordinates":[[-106.7390188,32.276037],[-106.7390049,32.2759901],[-106.7389933,32.2759508]]}},{"type":"Feature","properties":{"highway":"footway","name":""},"geometry":{"type":"LineString","coordinates":[[-106.7386476,32.2747329],[-106.7386809,32.2748017],[-106.7387009,32.2748429]]}},{"type":"Feature","properties":{"highway":"footway","name":""},"geometry":{"type":"LineString","coordinates":[[-106.738554,32.2743754],[-106.7385723,32.2744395],[-106.7385829,32.2744854]]}},{"type":"Feature","properties":{"highway":"footway","name":""},"geometry":{"type":"LineString","coordinates":[[-106.7384397,32.2739434],[-106.7384542,32.2739994],[-106.7384709,32.2740641]]}},{"type":"Feature","properties":{"highway":"footway","name":""},"geometry":{"type":"LineString","coordinates":[[-106.7383904,32.2736505],[-106.738379,32.2736622],[-106.7383726,32.2736755],[-106.7383699,32.2736885],[-106.738374,32.2737064],[-106.7384397,32.2739434]]}},{"type":"Feature","properties":{"highway":"footway","name":""},"geometry":{"type":"LineString","coordinates":[[-106.7410371,32.2690771],[-106.7387538,32.2710456],[-106.738672,32.2711159],[-106.7385533,32.2712169],[-106.7384809,32.2712838],[-106.7384098,32.2713597],[-106.7383643,32.2714232],[-106.7383093,32.2714992],[-106.7382516,32.2715899],[-106.738198,32.2716942],[-106.7381497,32.2718076],[-106.7381148,32.2719086],[-106.7380947,32.2720027],[-106.7380773,32.2721229],[-106.7380692,32.2722351],[-106.7380692,32.2723372],[-106.7380813,32.272454],[-106.7380987,32.2725424],[-106.7381282,32.2726547],[-106.7383636,32.2735562]]}},{"type":"Feature","properties":{"highway":"footway","name":""},"geometry":{"type":"LineString","coordinates":[[-106.7422816,32.2680729],[-106.74224,32.2680695],[-106.7422065,32.2680724],[-106.7421716,32.2680809],[-106.7421408,32.268103],[-106.7411618,32.2689461],[-106.7411531,32.2689586],[-106.7411504,32.268975],[-106.7411571,32.2689949]]}},{"type":"Feature","properties":{"highway":"footway","name":""},"geometry":{"type":"LineString","coordinates":[[-106.74086,32.2687709],[-106.7408802,32.2687788],[-106.7408949,32.2687828],[-106.7409097,32.2687834],[-106.7409305,32.268776],[-106.7409472,32.2687624],[-106.7418458,32.2679868],[-106.741884,32.2679533],[-106.7418927,32.2679318],[-106.7418947,32.2679147],[-106.7418907,32.2678972],[-106.7418833,32.2678824],[-106.7418699,32.2678637]]}},{"type":"Feature","properties":{"highway":"footway","name":""},"geometry":{"type":"LineString","coordinates":[[-106.7388377,32.2705501],[-106.7396243,32.2698713],[-106.7407876,32.2688673]]}},{"type":"Feature","properties":{"highway":"footway","name":""},"geometry":{"type":"LineString","coordinates":[[-106.7383649,32.2749276],[-106.7377829,32.2727046],[-106.7377527,32.2725844],[-106.7377366,32.2724993],[-106.7377259,32.2724018],[-106.7377198,32.272289],[-106.7377198,32.2721858],[-106.7377272,32.2720917],[-106.7377433,32.2719868],[-106.7377601,32.2719006],[-106.7377909,32.2717861],[-106.7378332,32.2716721],[-106.7378962,32.271531],[-106.7379693,32.2714057],[-106.7380357,32.2713053],[-106.7381195,32.2711981],[-106.7381892,32.2711205],[-106.7383535,32.2709674],[-106.7386828,32.2706839]]}},{"type":"Feature","properties":{"highway":"footway","name":""},"geometry":{"type":"LineString","coordinates":[[-106.7389108,32.2769958],[-106.7383978,32.2750444]]}},{"type":"Feature","properties":{"highway":"footway","name":""},"geometry":{"type":"LineString","coordinates":[[-106.7375804,32.2773604],[-106.7377132,32.2774246],[-106.7378845,32.2775075],[-106.7379342,32.2775315],[-106.7383009,32.2777089],[-106.7379673,32.2782068],[-106.7378895,32.2782618],[-106.737811,32.2782255],[-106.7377882,32.2782584],[-106.7376736,32.2782776]]}},{"type":"Feature","properties":{"highway":"footway","name":""},"geometry":{"type":"LineString","coordinates":[[-106.7371995,32.2781615],[-106.7372568,32.2780753]]}},{"type":"Feature","properties":{"highway":"footway","name":""},"geometry":{"type":"LineString","coordinates":[[-106.7390893,32.2776853],[-106.7390469,32.2776557],[-106.7390107,32.2776336],[-106.7389778,32.2776172],[-106.7389262,32.2775985],[-106.7388786,32.2775883],[-106.738831,32.2775815],[-106.7387773,32.2775792],[-106.7387223,32.2775837],[-106.7386754,32.2775917],[-106.7386492,32.2775996],[-106.7386398,32.2776081],[-106.7386238,32.2776262],[-106.738258,32.2781753],[-106.738202,32.2781484],[-106.7381577,32.2782164],[-106.7381296,32.2782504],[-106.738096,32.2782839],[-106.7380578,32.2783173],[-106.7380095,32.2783536],[-106.7379519,32.2783888],[-106.7378975,32.2784143],[-106.7378466,32.2784358],[-106.7377842,32.2784517],[-106.7377192,32.2784653],[-106.7376955,32.2784732],[-106.7376803,32.2784829],[-106.7376689,32.2784948],[-106.7376521,32.2785078],[-106.7376307,32.2785203],[-106.7376032,32.2785316],[-106.7375777,32.2785396],[-106.7375589,32.2785418],[-106.7375428,32.2785447],[-106.7375348,32.2785467],[-106.737524,32.2785594],[-106.737512,32.278577],[-106.7375006,32.2786036],[-106.7374966,32.2786274],[-106.7374979,32.2786496],[-106.7375033,32.2786705],[-106.737514,32.2786943],[-106.7375354,32.2787278],[-106.7375918,32.2787958],[-106.7376072,32.2788089],[-106.7376186,32.2788128],[-106.73763,32.278814],[-106.7376441,32.2788134],[-106.7376635,32.2788032]]}},{"type":"Feature","properties":{"highway":"footway","name":""},"geometry":{"type":"LineString","coordinates":[[-106.7382661,32.2772212],[-106.7383746,32.2775968],[-106.7383608,32.2776174]]}},{"type":"Feature","properties":{"highway":"footway","name":""},"geometry":{"type":"LineString","coordinates":[[-106.7384996,32.2771741],[-106.7386238,32.2776262]]}},{"type":"Feature","properties":{"highway":"footway","name":""},"geometry":{"type":"LineString","coordinates":[[-106.7383153,32.2772113],[-106.7382661,32.2772212],[-106.7375804,32.2773604],[-106.7374717,32.2773819],[-106.7373852,32.2773995],[-106.7373383,32.2774102],[-106.7373061,32.2774233],[-106.737284,32.2774392],[-106.7372657,32.277461],[-106.7370715,32.2777487],[-106.7368924,32.278014],[-106.7371995,32.2781615],[-106.7374215,32.278268]]}},{"type":"Feature","properties":{"highway":"footway","name":""},"geometry":{"type":"LineString","coordinates":[[-106.7391602,32.2779585],[-106.7390893,32.2776853],[-106.7389343,32.2770848],[-106.7384996,32.2771741],[-106.7384514,32.277184]]}},{"type":"Feature","properties":{"highway":"service","name":""},"geometry":{"type":"LineString","coordinates":[[-106.7381478,32.2775441],[-106.7381277,32.2775765],[-106.7382236,32.2776191],[-106.7383073,32.2776433]]}},{"type":"Feature","properties":{"highway":"service","name":""},"geometry":{"type":"LineString","coordinates":[[-106.7383186,32.2777025],[-106.7383082,32.2776978],[-106.7380793,32.2775928],[-106.7381218,32.2775307],[-106.7381478,32.2775441],[-106.7381758,32.2775585],[-106.7381976,32.2775472],[-106.7382161,32.2775701],[-106.7382501,32.2775542],[-106.7382804,32.2775401],[-106.7383173,32.2775919],[-106.7383398,32.2776061],[-106.7383608,32.2776174],[-106.7383731,32.2776239],[-106.7383432,32.2776671],[-106.7383186,32.2777025]]}},{"type":"Feature","properties":{"highway":"service","name":""},"geometry":{"type":"LineString","coordinates":[[-106.7384341,32.2777126],[-106.7383432,32.2776671],[-106.7383319,32.2776615],[-106.738326,32.2776586],[-106.7383073,32.2776433],[-106.7382858,32.2776104],[-106.7382501,32.2775542]]}},{"type":"Feature","properties":{"highway":"residential","name":"Chile Court"},"geometry":{"type":"LineString","coordinates":[[-106.76241,32.2890678],[-106.7623011,32.2890903],[-106.7618564,32.2891824],[-106.76156,32.289247],[-106.7614259,32.2892663],[-106.7613035,32.2892651]]}},{"type":"Feature","properties":{"highway":"footway","name":""},"geometry":{"type":"LineString","coordinates":[[-106.7624134,32.2854462],[-106.7624273,32.2854869],[-106.7624544,32.2855661],[-106.762469,32.2856089]]}},{"type":"Feature","properties":{"highway":"footway","name":""},"geometry":{"type":"LineString","coordinates":[[-106.7626498,32.2894016],[-106.7625727,32.2894191],[-106.7624771,32.2894407],[-106.7623923,32.28946]]}},{"type":"Feature","properties":{"highway":"footway","name":""},"geometry":{"type":"LineString","coordinates":[[-106.762548,32.2891195],[-106.7624767,32.2891377],[-106.7624102,32.2891546],[-106.7623455,32.2891711]]}},{"type":"Feature","properties":{"highway":"footway","name":""},"geometry":{"type":"LineString","coordinates":[[-106.7622801,32.2890239],[-106.7623011,32.2890903],[-106.7623237,32.2891616]]}},{"type":"Feature","properties":{"highway":"footway","name":""},"geometry":{"type":"LineString","coordinates":[[-106.7624542,32.2889757],[-106.762375,32.2889918],[-106.7622926,32.2890086]]}},{"type":"Feature","properties":{"highway":"footway","name":""},"geometry":{"type":"LineString","coordinates":[[-106.7625655,32.2891005],[-106.7625393,32.2890366],[-106.7625192,32.2889877]]}},{"type":"Feature","properties":{"highway":"footway","name":""},"geometry":{"type":"LineString","coordinates":[[-106.7621364,32.2878836],[-106.762171,32.2878313],[-106.7622065,32.2877778]]}},{"type":"Feature","properties":{"highway":"footway","name":""},"geometry":{"type":"LineString","coordinates":[[-106.7623436,32.2879615],[-106.7623665,32.2879163],[-106.7623962,32.287858]]}},{"type":"Feature","properties":{"highway":"footway","name":""},"geometry":{"type":"LineString","coordinates":[[-106.7622847,32.2879747],[-106.7622093,32.2879413],[-106.7621479,32.287914]]}},{"type":"Feature","properties":{"highway":"footway","name":""},"geometry":{"type":"LineString","coordinates":[[-106.7620033,32.2884874],[-106.7619639,32.2885644],[-106.7619388,32.2886137]]}},{"type":"Feature","properties":{"highway":"footway","name":""},"geometry":{"type":"LineString","coordinates":[[-106.7618429,32.2884346],[-106.76193,32.2884633],[-106.7620033,32.2884874]]}},{"type":"Feature","properties":{"highway":"footway","name":""},"geometry":{"type":"LineString","coordinates":[[-106.7617823,32.2885516],[-106.7618091,32.2884998],[-106.7618429,32.2884346]]}},{"type":"Feature","properties":{"highway":"footway","name":""},"geometry":{"type":"LineString","coordinates":[[-106.7621373,32.2879512],[-106.7618933,32.2883968],[-106.7618718,32.2884211],[-106.7618429,32.2884346],[-106.7618101,32.2884376],[-106.761784,32.2884325],[-106.7615063,32.2883202],[-106.7614292,32.2882845],[-106.7613649,32.2882437],[-106.7613179,32.2882057],[-106.7612616,32.288153],[-106.7612033,32.2880816],[-106.7611677,32.2880238],[-106.7611463,32.2879591],[-106.7611067,32.2878027],[-106.7610557,32.2876224],[-106.7609471,32.2872296],[-106.7609458,32.2872058],[-106.7609538,32.2871808],[-106.7609686,32.2871638],[-106.7609887,32.2871519],[-106.7610128,32.2871428],[-106.7615714,32.2870346],[-106.7616043,32.2870329],[-106.7616331,32.2870425],[-106.7616519,32.2870527],[-106.7616619,32.2870657],[-106.7616713,32.2870822],[-106.7617779,32.2874711],[-106.7617987,32.2875283],[-106.7618342,32.2875969],[-106.7618691,32.2876479],[-106.7619067,32.2876967],[-106.7619516,32.2877443],[-106.7620005,32.2877857],[-106.7620542,32.2878248],[-106.7621152,32.2878622],[-106.7621364,32.2878836],[-106.7621479,32.287914],[-106.7621474,32.2879302],[-106.7621373,32.2879512]]}},{"type":"Feature","properties":{"highway":"footway","name":""},"geometry":{"type":"LineString","coordinates":[[-106.7620126,32.2884427],[-106.7622527,32.2880011],[-106.7622654,32.2879863],[-106.7622847,32.2879747],[-106.762305,32.2879648],[-106.7623278,32.2879614],[-106.7623436,32.2879615],[-106.76236,32.2879648],[-106.7626228,32.2880691],[-106.7626885,32.2881003],[-106.7627294,32.2881258],[-106.7627844,32.2881672],[-106.7628273,32.2882029],[-106.7628743,32.2882545],[-106.7629071,32.288297],[-106.7629299,32.2883327],[-106.7629514,32.2883769],[-106.7629715,32.2884166],[-106.7630057,32.2885198],[-106.7630446,32.2886314],[-106.7630956,32.2887561],[-106.7631016,32.2887902],[-106.7630942,32.2888179],[-106.7630714,32.2888417],[-106.7630439,32.2888559],[-106.7629494,32.2888792],[-106.7627918,32.2889211],[-106.7626235,32.2889647],[-106.7625192,32.2889877],[-106.7624854,32.2889874],[-106.7624542,32.2889757],[-106.762427,32.2889511],[-106.7624149,32.2889239],[-106.7623962,32.2888723],[-106.7623821,32.2888434],[-106.7623398,32.2887811],[-106.7622936,32.2887233],[-106.7622446,32.2886722],[-106.7621923,32.2886269],[-106.7621387,32.2885878],[-106.762085,32.2885572],[-106.7620327,32.2885305],[-106.762016,32.2885107],[-106.7620033,32.2884874],[-106.7620066,32.288458],[-106.7620126,32.2884427]]}},{"type":"Feature","properties":{"highway":"footway","name":""},"geometry":{"type":"LineString","coordinates":[[-106.758509,32.2874694],[-106.7586511,32.2874013],[-106.7587692,32.287348],[-106.7588416,32.2873299],[-106.759095,32.2872902],[-106.7593244,32.2872562],[-106.7594907,32.287246],[-106.759724,32.2872471],[-106.7598742,32.2872494],[-106.7599614,32.2872675],[-106.7600405,32.2873095],[-106.7600714,32.2873458],[-106.7601183,32.287441],[-106.760172,32.2875759],[-106.760176,32.2876394],[-106.760184,32.2877358],[-106.7602323,32.287899],[-106.7602779,32.288068],[-106.7603154,32.2881496],[-106.7603919,32.28828],[-106.7604281,32.288365],[-106.7604415,32.2884432],[-106.7604563,32.2885453],[-106.7604938,32.2886496],[-106.760534,32.2887289],[-106.7605904,32.2888196],[-106.7606132,32.2888843],[-106.7606306,32.2889557],[-106.760648,32.2890804],[-106.7606802,32.2891881],[-106.7607017,32.2892504],[-106.7607486,32.2893321],[-106.7607808,32.2893956],[-106.7607915,32.2894556],[-106.7607848,32.2895191],[-106.7607781,32.2895781],[-106.7607573,32.2896739]]}},{"type":"Feature","properties":{"highway":"footway","name":""},"geometry":{"type":"LineString","coordinates":[[-106.7619789,32.2841941],[-106.7613367,32.2843362]]}},{"type":"Feature","properties":{"highway":"footway","name":""},"geometry":{"type":"LineString","coordinates":[[-106.7618711,32.2838991],[-106.7618108,32.2839122],[-106.7617538,32.2839218],[-106.7617122,32.2839246],[-106.7615312,32.2839365]]}},{"type":"Feature","properties":{"highway":"footway","name":""},"geometry":{"type":"LineString","coordinates":[[-106.7624545,32.2856055],[-106.762469,32.2856089],[-106.7624827,32.2856157],[-106.7624934,32.2856287],[-106.762572,32.2858395],[-106.7626499,32.2860484],[-106.7627858,32.2864127],[-106.7629409,32.2868165],[-106.7630218,32.2870306],[-106.7631117,32.2872851],[-106.7631586,32.2874274],[-106.7632344,32.2876615],[-106.7633356,32.2879427],[-106.7635931,32.2886416],[-106.7636347,32.2887641],[-106.7636756,32.2888871],[-106.7637423,32.2890914],[-106.763748,32.2891141],[-106.7637477,32.289132],[-106.7637447,32.2891419],[-106.7637376,32.2891538],[-106.7637148,32.2891634],[-106.7636112,32.2891864],[-106.7631914,32.2892901],[-106.7626993,32.2894029],[-106.7626704,32.2894046],[-106.7626498,32.2894016],[-106.7626242,32.2893916],[-106.762604,32.289374],[-106.7625947,32.2893598],[-106.7625383,32.2891637],[-106.7625397,32.2891416],[-106.762548,32.2891195],[-106.7625655,32.2891005],[-106.7625933,32.2890849],[-106.7626436,32.2890736],[-106.7627227,32.2890549],[-106.7630178,32.2889772],[-106.7630661,32.2889647],[-106.7631009,32.2889625],[-106.7631432,32.2889676],[-106.7631854,32.2889602],[-106.7632243,32.2889449],[-106.7632572,32.2889166],[-106.7632753,32.2888933],[-106.7632887,32.2888502],[-106.7632847,32.2888174],[-106.7632719,32.2887862],[-106.7632478,32.288759],[-106.7632256,32.2887391],[-106.7632089,32.2887023],[-106.7631633,32.2885685],[-106.7630761,32.2883384],[-106.7630553,32.2882987],[-106.7630292,32.2882516],[-106.7629896,32.2881995],[-106.762934,32.2881388],[-106.7628763,32.2880861],[-106.76283,32.2880538],[-106.7627717,32.2880147],[-106.7626986,32.2879795],[-106.762588,32.2879342],[-106.7623962,32.287858],[-106.7623412,32.2878361],[-106.7622379,32.2877936],[-106.7622065,32.2877778],[-106.7621568,32.2877528],[-106.7620897,32.2877057],[-106.7620321,32.2876547],[-106.7619999,32.2876162],[-106.7619623,32.2875629],[-106.7619248,32.2874988],[-106.761902,32.2874387],[-106.7618275,32.2871797],[-106.7618262,32.2871485],[-106.7618329,32.287127],[-106.761853,32.2871066],[-106.7618778,32.2870799],[-106.761898,32.2870431],[-106.7619006,32.2870051],[-106.7618886,32.2869716],[-106.7618671,32.2869388],[-106.7618349,32.2869138],[-106.7617913,32.2868945],[-106.761737,32.2868906],[-106.7611999,32.2869926],[-106.7609961,32.2870329],[-106.7609592,32.2870329],[-106.7609143,32.2870255],[-106.760868,32.2870289],[-106.7608385,32.2870414],[-106.7608083,32.2870629],[-106.7607848,32.2870844],[-106.7607661,32.2871151],[-106.7607594,32.2871508],[-106.7607667,32.2871825],[-106.7607788,32.2872103],[-106.7608083,32.2872415],[-106.7608257,32.2872687],[-106.7609263,32.2876394],[-106.7609766,32.2878333],[-106.7610195,32.2879948],[-106.7610363,32.2880379],[-106.7610645,32.288094],[-106.7610993,32.2881468],[-106.7611436,32.2882023],[-106.7611858,32.2882494],[-106.7612495,32.2883078],[-106.7612938,32.2883384],[-106.7613474,32.2883701],[-106.7614158,32.2884081],[-106.7614923,32.288437],[-106.7616083,32.288484],[-106.7617451,32.2885368],[-106.7617823,32.2885516],[-106.7619388,32.2886137],[-106.7619549,32.2886201],[-106.7620052,32.2886428],[-106.7620508,32.2886734],[-106.7621045,32.2887102],[-106.7621521,32.288751],[-106.7621896,32.2887873],[-106.7622238,32.288831],[-106.7622601,32.2888843],[-106.7622855,32.2889432],[-106.7622956,32.288967],[-106.7622976,32.288988],[-106.7622926,32.2890086],[-106.7622801,32.2890239],[-106.7622641,32.2890379],[-106.7622346,32.2890481],[-106.7615385,32.2891983],[-106.761505,32.2892045],[-106.7614735,32.2892023],[-106.761444,32.2891892],[-106.7614252,32.2891665],[-106.7614118,32.2891427],[-106.7613944,32.289124],[-106.7613736,32.2891104],[-106.7613394,32.2890951],[-106.7613119,32.2890906],[-106.761277,32.2890917],[-106.7612354,32.2891025],[-106.7612033,32.2891184],[-106.7611711,32.289149],[-106.7611503,32.2891785],[-106.7611449,32.2892091],[-106.7611483,32.2892374],[-106.7611577,32.2892657],[-106.7611852,32.2893015],[-106.761208,32.2893213],[-106.7612388,32.2893338],[-106.7612817,32.2893383],[-106.7613474,32.289336],[-106.7614138,32.2893315],[-106.7614695,32.289323],[-106.7615325,32.2893139],[-106.7622399,32.2891586],[-106.7622661,32.2891541],[-106.7622983,32.2891552],[-106.7623237,32.2891616],[-106.7623455,32.2891711],[-106.7623606,32.2891904],[-106.7624109,32.2893559],[-106.7624196,32.2893871],[-106.7624203,32.2894109],[-106.7624156,32.2894301],[-106.7624069,32.2894477],[-106.7623923,32.28946],[-106.7623667,32.2894727],[-106.7615882,32.2896359],[-106.7614896,32.2896506],[-106.7614105,32.289658],[-106.7607573,32.2896739],[-106.7606621,32.289675],[-106.7605226,32.2896824],[-106.7604066,32.2896983],[-106.7603195,32.2897141],[-106.7602383,32.2897374],[-106.7601559,32.2897652],[-106.7599956,32.2898252],[-106.7599678,32.2898332],[-106.7599373,32.2898332],[-106.7599061,32.2898244],[-106.7598813,32.2898071],[-106.7598497,32.2897686],[-106.7596529,32.2894296],[-106.7591839,32.2886209],[-106.7587524,32.2878905],[-106.758509,32.2874694],[-106.7584498,32.2873599],[-106.7584144,32.2872953],[-106.7583467,32.2871837],[-106.7582754,32.2870672],[-106.7581752,32.2868928],[-106.7581067,32.2867755],[-106.7580384,32.2866586],[-106.7579873,32.2865624],[-106.7579189,32.286449],[-106.7577633,32.2861826],[-106.7574251,32.2856099],[-106.7571609,32.2851615],[-106.7570515,32.2849759],[-106.7569731,32.2848504],[-106.7568963,32.2847189],[-106.7568689,32.284671],[-106.7568541,32.2846446],[-106.7567997,32.2845505],[-106.7567783,32.2845017],[-106.7567501,32.2844371],[-106.7567329,32.284393],[-106.756722,32.2843646],[-106.7566918,32.284296],[-106.7566683,32.28425],[-106.7566341,32.2841882],[-106.7566277,32.2841735],[-106.7566254,32.2841491],[-106.7566298,32.2841276],[-106.7566422,32.2841018],[-106.7566569,32.2840871],[-106.7566757,32.2840729],[-106.7567045,32.2840638],[-106.7580135,32.2838108],[-106.7582507,32.2837667],[-106.7590296,32.2836209],[-106.7596519,32.2835021],[-106.7599476,32.2834456],[-106.7602613,32.2833857],[-106.7606131,32.2833185],[-106.7610225,32.2832381],[-106.7615107,32.2831443],[-106.7615399,32.2831463],[-106.7615674,32.2831511],[-106.7615865,32.2831608],[-106.7616019,32.2831715],[-106.7616123,32.2831831],[-106.7616207,32.2831976],[-106.7616606,32.2833186],[-106.7616908,32.2834099],[-106.7617074,32.2834612],[-106.7617188,32.2835009],[-106.761729,32.2835352],[-106.7617484,32.2835919],[-106.7617648,32.2836314],[-106.7617826,32.2836741],[-106.761796,32.2836888],[-106.7618711,32.2838991],[-106.7619161,32.2840204],[-106.7619134,32.2840341],[-106.7619161,32.2840494],[-106.7619268,32.2840596],[-106.7619348,32.2840698],[-106.7619789,32.2841941],[-106.7620756,32.2844672],[-106.7620904,32.2845056],[-106.7621092,32.2845601],[-106.762128,32.2846117],[-106.7621427,32.2846547],[-106.7621588,32.2847007],[-106.7622165,32.2848594],[-106.762309,32.2851157],[-106.7624183,32.2854076],[-106.7624203,32.2854269],[-106.7624134,32.2854462],[-106.7623955,32.2854649],[-106.76237,32.2854762],[-106.7622976,32.2854898],[-106.7622152,32.2855054],[-106.7621863,32.2855108],[-106.7618522,32.2855786],[-106.7617397,32.2856015]]}},{"type":"Feature","properties":{"highway":"residential","name":"Cotton Avenue"},"geometry":{"type":"LineString","coordinates":[[-106.7625883,32.2894748],[-106.7625727,32.2894191],[-106.7625014,32.2891643],[-106.7624767,32.2891377],[-106.76241,32.2890678],[-106.7624102,32.2891546],[-106.7624089,32.289187],[-106.7624771,32.2894407],[-106.7624918,32.2894956]]}},{"type":"Feature","properties":{"highway":"service","name":""},"geometry":{"type":"LineString","coordinates":[[-106.7505228,32.2734897],[-106.7506488,32.2735547],[-106.7507468,32.2736052]]}},{"type":"Feature","properties":{"highway":"footway","name":""},"geometry":{"type":"LineString","coordinates":[[-106.7525075,32.2789846],[-106.7519714,32.2790835]]}},{"type":"Feature","properties":{"highway":"footway","name":""},"geometry":{"type":"LineString","coordinates":[[-106.7524636,32.2787926],[-106.7525075,32.2789846],[-106.7525308,32.2790665]]}},{"type":"Feature","properties":{"highway":"residential","name":""},"geometry":{"type":"LineString","coordinates":[[-106.7538602,32.2900207],[-106.7539934,32.2897435]]}},{"type":"Feature","properties":{"highway":"footway","name":""},"geometry":{"type":"LineString","coordinates":[[-106.7549711,32.2854083],[-106.7550455,32.2853966],[-106.7551153,32.2853856]]}},{"type":"Feature","properties":{"highway":"footway","name":""},"geometry":{"type":"LineString","coordinates":[[-106.754902,32.2844379],[-106.754804,32.2844563],[-106.7546941,32.284477]]}},{"type":"Feature","properties":{"highway":"service","name":""},"geometry":{"type":"LineString","coordinates":[[-106.7558308,32.287419],[-106.7557863,32.2872326]]}},{"type":"Feature","properties":{"highway":"service","name":""},"geometry":{"type":"LineString","coordinates":[[-106.7559327,32.2874002],[-106.7558308,32.287419],[-106.7555264,32.287475]]}},{"type":"Feature","properties":{"highway":"service","name":""},"geometry":{"type":"LineString","coordinates":[[-106.756093,32.2875476],[-106.756003,32.2871903]]}},{"type":"Feature","properties":{"highway":"service","name":""},"geometry":{"type":"LineString","coordinates":[[-106.7563317,32.2875062],[-106.7562346,32.287145]]}},{"type":"Feature","properties":{"highway":"service","name":""},"geometry":{"type":"LineString","coordinates":[[-106.7559528,32.2878333],[-106.7555339,32.287907]]}},{"type":"Feature","properties":{"highway":"service","name":""},"geometry":{"type":"LineString","coordinates":[[-106.7565684,32.2875147],[-106.7564558,32.2871018]]}},{"type":"Feature","properties":{"highway":"footway","name":""},"geometry":{"type":"LineString","coordinates":[[-106.7563359,32.2841485],[-106.7562939,32.2840509],[-106.7562469,32.2839417]]}},{"type":"Feature","properties":{"highway":"footway","name":""},"geometry":{"type":"LineString","coordinates":[[-106.7563628,32.2841611],[-106.7564808,32.284136],[-106.7566422,32.2841018]]}},{"type":"Feature","properties":{"highway":"footway","name":""},"geometry":{"type":"LineString","coordinates":[[-106.7554214,32.2843278],[-106.7562747,32.284152],[-106.7563143,32.2841474],[-106.7563359,32.2841485],[-106.7563552,32.2841571],[-106.7563628,32.2841611],[-106.7563746,32.2841701],[-106.7563907,32.2841871],[-106.7564041,32.2842058],[-106.7566978,32.2847053],[-106.7568903,32.2850278],[-106.7568896,32.2850403],[-106.7568842,32.2850488],[-106.7568745,32.285055],[-106.7568655,32.285057],[-106.7561632,32.2851892],[-106.7554592,32.2853254],[-106.7551515,32.2853841],[-106.7551334,32.2853872],[-106.7551153,32.2853856],[-106.7551009,32.2853781],[-106.7550882,32.2853657],[-106.7550825,32.2853501],[-106.7549567,32.2848459],[-106.7548719,32.2845108],[-106.7548739,32.2844796],[-106.754882,32.2844581],[-106.754902,32.2844379],[-106.7549269,32.2844263],[-106.7549557,32.2844167],[-106.7554214,32.2843278]]}},{"type":"Feature","properties":{"highway":"service","name":""},"geometry":{"type":"LineString","coordinates":[[-106.7576814,32.2862217],[-106.7577633,32.2861826],[-106.7587048,32.2857495],[-106.7585385,32.2854705],[-106.7583789,32.285542]]}},{"type":"Feature","properties":{"highway":"footway","name":""},"geometry":{"type":"LineString","coordinates":[[-106.7566422,32.2841018],[-106.7565869,32.2839922],[-106.7565208,32.2838607]]}},{"type":"Feature","properties":{"highway":"footway","name":""},"geometry":{"type":"LineString","coordinates":[[-106.7563806,32.2834921],[-106.7565131,32.2834672]]}},{"type":"Feature","properties":{"highway":"footway","name":""},"geometry":{"type":"LineString","coordinates":[[-106.7530332,32.2830585],[-106.7530567,32.2831539]]}},{"type":"Feature","properties":{"highway":"footway","name":""},"geometry":{"type":"LineString","coordinates":[[-106.752521,32.2828504],[-106.7525109,32.2828685],[-106.7524874,32.2828779],[-106.7524586,32.2828855],[-106.7522106,32.2829253]]}},{"type":"Feature","properties":{"highway":"footway","name":""},"geometry":{"type":"LineString","coordinates":[[-106.7525485,32.2831107],[-106.752529,32.2831141]]}},{"type":"Feature","properties":{"highway":"steps","name":""},"geometry":{"type":"LineString","coordinates":[[-106.752567,32.2831075],[-106.7525485,32.2831107]]}},{"type":"Feature","properties":{"highway":"footway","name":""},"geometry":{"type":"LineString","coordinates":[[-106.7526338,32.2832719],[-106.7527616,32.2830733],[-106.7525924,32.283103],[-106.752567,32.2831075]]}},{"type":"Feature","properties":{"highway":"footway","name":""},"geometry":{"type":"LineString","coordinates":[[-106.7526399,32.2832966],[-106.7526338,32.2832719],[-106.7525924,32.283103],[-106.7525565,32.2830735],[-106.7525437,32.28304],[-106.7525159,32.2829113],[-106.7524874,32.2828779]]}},{"type":"Feature","properties":{"highway":"service","name":""},"geometry":{"type":"LineString","coordinates":[[-106.7475695,32.2931954],[-106.7467472,32.2933749]]}},{"type":"Feature","properties":{"highway":"service","name":""},"geometry":{"type":"LineString","coordinates":[[-106.7634719,32.2928489],[-106.7634652,32.2927962],[-106.7634514,32.2926874],[-106.764018,32.2925194]]}},{"type":"Feature","properties":{"highway":"service","name":""},"geometry":{"type":"LineString","coordinates":[[-106.7629968,32.2929807],[-106.7631943,32.2932071],[-106.7632471,32.2932439],[-106.7633016,32.2932819],[-106.7633914,32.2933658],[-106.7635432,32.2935548],[-106.764141,32.2933808]]}},{"type":"Feature","properties":{"highway":"primary","name":"East University Avenue"},"geometry":{"type":"LineString","coordinates":[[-106.7390571,32.2871974],[-106.739158,32.2871767]]}},{"type":"Feature","properties":{"highway":"path","name":""},"geometry":{"type":"LineString","coordinates":[[-106.7345096,32.2877239],[-106.7344962,32.2877046],[-106.7344881,32.2876834],[-106.7344752,32.2876524],[-106.7344662,32.2876297],[-106.7344551,32.2876067],[-106.7344497,32.2875912],[-106.7344461,32.2875795],[-106.7344483,32.2875651],[-106.7344568,32.2875477],[-106.7344662,32.2875269],[-106.7344752,32.2875126],[-106.7344868,32.2874888],[-106.7344935,32.2874699],[-106.7344917,32.2874381],[-106.7344908,32.2874199]]}},{"type":"Feature","properties":{"highway":"service","name":""},"geometry":{"type":"LineString","coordinates":[[-106.7615747,32.2847721],[-106.7614889,32.284788],[-106.7613454,32.2850306],[-106.7613427,32.2850635],[-106.7615037,32.2855012],[-106.7615385,32.2855261],[-106.7615922,32.2855272],[-106.7618131,32.2854698]]}},{"type":"Feature","properties":{"highway":"service","name":""},"geometry":{"type":"LineString","coordinates":[[-106.7617566,32.2852971],[-106.7617901,32.2854008]]}},{"type":"Feature","properties":{"highway":"service","name":""},"geometry":{"type":"LineString","coordinates":[[-106.7617194,32.2847436],[-106.7615747,32.2847721],[-106.7617566,32.2852971]]}},{"type":"Feature","properties":{"highway":"service","name":""},"geometry":{"type":"LineString","coordinates":[[-106.7617901,32.2854008],[-106.7618131,32.2854698],[-106.7618356,32.2855335],[-106.7618522,32.2855786],[-106.7618609,32.2856084]]}},{"type":"Feature","properties":{"highway":"footway","name":""},"geometry":{"type":"LineString","coordinates":[[-106.7515309,32.2791759],[-106.7515047,32.2791816],[-106.7515335,32.2792889],[-106.7515641,32.2793979],[-106.7515879,32.2793942],[-106.7515947,32.2794189],[-106.7516087,32.279469],[-106.7517088,32.2794938]]}},{"type":"Feature","properties":{"highway":"footway","name":""},"geometry":{"type":"LineString","coordinates":[[-106.7514846,32.2789801],[-106.7515215,32.2791375]]}},{"type":"Feature","properties":{"highway":"footway","name":""},"geometry":{"type":"LineString","coordinates":[[-106.7515424,32.2794285],[-106.7515947,32.2794189]]}},{"type":"Feature","properties":{"highway":"steps","name":""},"geometry":{"type":"LineString","coordinates":[[-106.7517443,32.2794865],[-106.7517578,32.2795353]]}},{"type":"Feature","properties":{"highway":"secondary","name":"Missouri Avenue"},"geometry":{"type":"LineString","coordinates":[[-106.7626755,32.2947286],[-106.7624317,32.2947658],[-106.7621591,32.2947914],[-106.7620536,32.2947954]]}},{"type":"Feature","properties":{"highway":"secondary","name":"Missouri Avenue"},"geometry":{"type":"LineString","coordinates":[[-106.7631301,32.2946438],[-106.7628044,32.2947046],[-106.7626755,32.2947286]]}},{"type":"Feature","properties":{"highway":"secondary","name":"Missouri Avenue"},"geometry":{"type":"LineString","coordinates":[[-106.7634978,32.2945752],[-106.7631301,32.2946438]]}},{"type":"Feature","properties":{"highway":"secondary","name":"Missouri Avenue"},"geometry":{"type":"LineString","coordinates":[[-106.767269,32.2936453],[-106.7671051,32.2936819],[-106.7668851,32.2937311],[-106.7665013,32.2938168]]}},{"type":"Feature","properties":{"highway":"secondary","name":"East Boutz Road"},"geometry":{"type":"LineString","coordinates":[[-106.767269,32.2936453],[-106.7674089,32.2936055],[-106.7677002,32.2935227],[-106.7678005,32.2934942]]}},{"type":"Feature","properties":{"highway":"service","name":""},"geometry":{"type":"LineString","coordinates":[[-106.7694008,32.2837575],[-106.7692686,32.2836845],[-106.7695829,32.283219],[-106.7694953,32.2831703]]}},{"type":"Feature","properties":{"highway":"service","name":""},"geometry":{"type":"LineString","coordinates":[[-106.7692686,32.2836845],[-106.7690637,32.2837185]]}},{"type":"Feature","properties":{"highway":"service","name":""},"geometry":{"type":"LineString","coordinates":[[-106.769336,32.2830816],[-106.7692819,32.2831499],[-106.769141,32.2833394]]}},{"type":"Feature","properties":{"highway":"service","name":""},"geometry":{"type":"LineString","coordinates":[[-106.7688959,32.2825744],[-106.7688712,32.2826404],[-106.7688626,32.2826633],[-106.7688355,32.2827378],[-106.7688774,32.282928],[-106.7689325,32.2829582],[-106.7690318,32.2830127],[-106.7691325,32.2830679],[-106.7692819,32.2831499]]}},{"type":"Feature","properties":{"highway":"service","name":""},"geometry":{"type":"LineString","coordinates":[[-106.7693821,32.2830215],[-106.7692159,32.2829562],[-106.7691823,32.2829431],[-106.7691156,32.2829064],[-106.7690188,32.2828508],[-106.7689778,32.2828258],[-106.7688626,32.2826633]]}},{"type":"Feature","properties":{"highway":"service","name":""},"geometry":{"type":"LineString","coordinates":[[-106.7689456,32.2829419],[-106.769006,32.2828668]]}},{"type":"Feature","properties":{"highway":"service","name":""},"geometry":{"type":"LineString","coordinates":[[-106.7690436,32.2829977],[-106.7691044,32.2829207]]}},{"type":"Feature","properties":{"highway":"service","name":""},"geometry":{"type":"LineString","coordinates":[[-106.7691464,32.2830493],[-106.7692013,32.2829758]]}},{"type":"Feature","properties":{"highway":"service","name":""},"geometry":{"type":"LineString","coordinates":[[-106.7691325,32.2830679],[-106.7691464,32.2830493]]}},{"type":"Feature","properties":{"highway":"service","name":""},"geometry":{"type":"LineString","coordinates":[[-106.7692013,32.2829758],[-106.7692159,32.2829562]]}},{"type":"Feature","properties":{"highway":"service","name":""},"geometry":{"type":"LineString","coordinates":[[-106.7691044,32.2829207],[-106.7691156,32.2829064]]}},{"type":"Feature","properties":{"highway":"service","name":""},"geometry":{"type":"LineString","coordinates":[[-106.7690318,32.2830127],[-106.7690436,32.2829977]]}},{"type":"Feature","properties":{"highway":"service","name":""},"geometry":{"type":"LineString","coordinates":[[-106.769006,32.2828668],[-106.7690188,32.2828508]]}},{"type":"Feature","properties":{"highway":"service","name":""},"geometry":{"type":"LineString","coordinates":[[-106.7689325,32.2829582],[-106.7689456,32.2829419]]}},{"type":"Feature","properties":{"highway":"service","name":""},"geometry":{"type":"LineString","coordinates":[[-106.769435,32.2831367],[-106.769336,32.2830816],[-106.7693821,32.2830215],[-106.7694355,32.2829519],[-106.7694833,32.2828894]]}},{"type":"Feature","properties":{"highway":"service","name":""},"geometry":{"type":"LineString","coordinates":[[-106.7694953,32.2831703],[-106.769435,32.2831367]]}},{"type":"Feature","properties":{"highway":"service","name":""},"geometry":{"type":"LineString","coordinates":[[-106.7443559,32.2738278],[-106.7442994,32.2738363],[-106.7438881,32.2738995]]}},{"type":"Feature","properties":{"highway":"footway","name":""},"geometry":{"type":"LineString","coordinates":[[-106.7470341,32.2841439],[-106.7469599,32.2841539],[-106.7469758,32.2842709],[-106.7470852,32.2847543],[-106.747121,32.2849217],[-106.7471595,32.2851137],[-106.7472128,32.2852518],[-106.7473,32.2856716],[-106.7472919,32.2857052],[-106.7472803,32.2857258]]}},{"type":"Feature","properties":{"highway":"track","name":""},"geometry":{"type":"LineString","coordinates":[[-106.7426607,32.2742208],[-106.7419206,32.274269],[-106.7396625,32.277221],[-106.7394917,32.2774189],[-106.7396329,32.277849]]}},{"type":"Feature","properties":{"highway":"footway","name":""},"geometry":{"type":"LineString","coordinates":[[-106.7404102,32.2817717],[-106.7403268,32.2817892],[-106.7402183,32.2818119]]}},{"type":"Feature","properties":{"highway":"footway","name":""},"geometry":{"type":"LineString","coordinates":[[-106.7379262,32.2821076],[-106.737973,32.2821371],[-106.7382324,32.282173],[-106.7392141,32.2819764],[-106.7400125,32.2818308],[-106.7401445,32.2817911],[-106.7401355,32.2817174],[-106.739926,32.2809803],[-106.7398406,32.2808057],[-106.7394194,32.2802354],[-106.7393093,32.2798443],[-106.7393148,32.2793928],[-106.7393561,32.2789481],[-106.739334,32.2787386],[-106.7392129,32.2784244],[-106.7390835,32.2782917],[-106.7389899,32.2782894],[-106.7389183,32.2783639],[-106.7387696,32.2787549],[-106.7380813,32.2797675],[-106.7376793,32.2803681],[-106.7375802,32.2806008],[-106.7376573,32.2809151],[-106.7378445,32.2816297],[-106.7378225,32.2817438],[-106.737861,32.2819602],[-106.7378335,32.2820301],[-106.7378445,32.2820766],[-106.7379262,32.2821076]]}},{"type":"Feature","properties":{"highway":"footway","name":""},"geometry":{"type":"LineString","coordinates":[[-106.7402183,32.2818119],[-106.7401445,32.2817911]]}},{"type":"Feature","properties":{"highway":"footway","name":""},"geometry":{"type":"LineString","coordinates":[[-106.7475222,32.2856919],[-106.7473965,32.2857095],[-106.7472803,32.2857258]]}},{"type":"Feature","properties":{"highway":"service","name":""},"geometry":{"type":"LineString","coordinates":[[-106.7628217,32.2764409],[-106.7628846,32.2765334],[-106.7628966,32.2765508],[-106.762967,32.2766531],[-106.762783,32.2767183],[-106.7629288,32.2770621],[-106.7631155,32.276937],[-106.7632929,32.2768619],[-106.7634693,32.2767822],[-106.7633649,32.2765154],[-106.7631603,32.2765844],[-106.762967,32.2766531]]}},{"type":"Feature","properties":{"highway":"service","name":""},"geometry":{"type":"LineString","coordinates":[[-106.7633861,32.2773463],[-106.7631346,32.2772217],[-106.7630424,32.2771773],[-106.7629288,32.2770621],[-106.7628148,32.2771259],[-106.7627952,32.2771347]]}},{"type":"Feature","properties":{"highway":"service","name":""},"geometry":{"type":"LineString","coordinates":[[-106.7631155,32.276937],[-106.7632358,32.2771728],[-106.7631346,32.2772217]]}},{"type":"Feature","properties":{"highway":"service","name":""},"geometry":{"type":"LineString","coordinates":[[-106.7628148,32.2771259],[-106.7626554,32.2767881]]}},{"type":"Feature","properties":{"highway":"service","name":""},"geometry":{"type":"LineString","coordinates":[[-106.7631155,32.276937],[-106.762967,32.2766531]]}},{"type":"Feature","properties":{"highway":"service","name":""},"geometry":{"type":"LineString","coordinates":[[-106.7632929,32.2768619],[-106.7631603,32.2765844]]}},{"type":"Feature","properties":{"highway":"service","name":""},"geometry":{"type":"LineString","coordinates":[[-106.7373833,32.2911874],[-106.7373084,32.2912522],[-106.7372962,32.2912919],[-106.7373208,32.2913611],[-106.7373928,32.2914541],[-106.7374219,32.2914657],[-106.7374608,32.2914656]]}},{"type":"Feature","properties":{"highway":"service","name":""},"geometry":{"type":"LineString","coordinates":[[-106.7353264,32.2920702],[-106.7353628,32.2920641],[-106.7353691,32.2920574],[-106.735344,32.291957],[-106.7353116,32.2919344]]}},{"type":"Feature","properties":{"highway":"service","name":""},"geometry":{"type":"LineString","coordinates":[[-106.735163,32.2919924],[-106.7351883,32.2920759],[-106.7352197,32.2920877],[-106.7352511,32.2920828]]}},{"type":"Feature","properties":{"highway":"service","name":""},"geometry":{"type":"LineString","coordinates":[[-106.7352511,32.2920828],[-106.7353264,32.2920702]]}},{"type":"Feature","properties":{"highway":"footway","name":""},"geometry":{"type":"LineString","coordinates":[[-106.7456826,32.2820998],[-106.7456243,32.2818881]]}},{"type":"Feature","properties":{"highway":"footway","name":""},"geometry":{"type":"LineString","coordinates":[[-106.7456243,32.2818881],[-106.7455246,32.2815591]]}},{"type":"Feature","properties":{"highway":"steps","name":""},"geometry":{"type":"LineString","coordinates":[[-106.7528836,32.2821711],[-106.7528767,32.2821421]]}},{"type":"Feature","properties":{"highway":"service","name":""},"geometry":{"type":"LineString","coordinates":[[-106.7560322,32.2902261],[-106.7562007,32.2904418]]}},{"type":"Feature","properties":{"highway":"service","name":""},"geometry":{"type":"LineString","coordinates":[[-106.7559951,32.2901729],[-106.7560322,32.2902261]]}},{"type":"Feature","properties":{"highway":"service","name":""},"geometry":{"type":"LineString","coordinates":[[-106.7645459,32.2748455],[-106.7645812,32.2748734],[-106.7646413,32.2748891]]}},{"type":"Feature","properties":{"highway":"service","name":""},"geometry":{"type":"LineString","coordinates":[[-106.7644536,32.2747651],[-106.7645459,32.2748455]]}},{"type":"Feature","properties":{"highway":"unclassified","name":"South Telshor Boulevard"},"geometry":{"type":"LineString","coordinates":[[-106.7339823,32.2882638],[-106.7339275,32.2884158],[-106.7341209,32.2892683],[-106.7341556,32.2894184]]}},{"type":"Feature","properties":{"highway":"unclassified","name":"South Telshor Boulevard"},"geometry":{"type":"LineString","coordinates":[[-106.7343168,32.2892956],[-106.7340718,32.2883916],[-106.7339823,32.2882638]]}},{"type":"Feature","properties":{"highway":"secondary","name":"El Paseo Road"},"geometry":{"type":"LineString","coordinates":[[-106.7620142,32.2839671],[-106.7620241,32.2838704],[-106.7619194,32.2835984],[-106.7618899,32.283512],[-106.761869,32.2834469],[-106.7617629,32.2831445],[-106.7616645,32.2830167]]}},{"type":"Feature","properties":{"highway":"secondary","name":"El Paseo Road"},"geometry":{"type":"LineString","coordinates":[[-106.7616645,32.2830167],[-106.7616498,32.2831673],[-106.7617478,32.2834481],[-106.7617646,32.2834907],[-106.7618157,32.2836237],[-106.7619171,32.2838997],[-106.7620142,32.2839671]]}},{"type":"Feature","properties":{"highway":"footway","name":""},"geometry":{"type":"LineString","coordinates":[[-106.7540072,32.2837758],[-106.7539786,32.2836672]]}},{"type":"Feature","properties":{"highway":"footway","name":""},"geometry":{"type":"LineString","coordinates":[[-106.7539786,32.2836672],[-106.7539425,32.2835241]]}},{"type":"Feature","properties":{"highway":"service","name":""},"geometry":{"type":"LineString","coordinates":[[-106.7541192,32.283755],[-106.7540843,32.2836475]]}},{"type":"Feature","properties":{"highway":"service","name":""},"geometry":{"type":"LineString","coordinates":[[-106.7540843,32.2836475],[-106.7540744,32.2835533]]}},{"type":"Feature","properties":{"highway":"footway","name":""},"geometry":{"type":"LineString","coordinates":[[-106.7575391,32.2820495],[-106.7575588,32.2820603]]}},{"type":"Feature","properties":{"highway":"footway","name":""},"geometry":{"type":"LineString","coordinates":[[-106.7575588,32.2820603],[-106.757651,32.2821082],[-106.7578706,32.2820681],[-106.7577622,32.2816528]]}},{"type":"Feature","properties":{"highway":"service","name":""},"geometry":{"type":"LineString","coordinates":[[-106.7425446,32.2826928],[-106.7425846,32.282842],[-106.7425324,32.2828518],[-106.7424019,32.2828764],[-106.7424664,32.2831113],[-106.7425936,32.2830888],[-106.7425324,32.2828518]]}},{"type":"Feature","properties":{"highway":"service","name":""},"geometry":{"type":"LineString","coordinates":[[-106.7393965,32.2855844],[-106.7393565,32.285439]]}},{"type":"Feature","properties":{"highway":"service","name":""},"geometry":{"type":"LineString","coordinates":[[-106.7398995,32.2857189],[-106.7396927,32.2857544],[-106.7395905,32.2853955]]}},{"type":"Feature","properties":{"highway":"service","name":""},"geometry":{"type":"LineString","coordinates":[[-106.7401344,32.2857874],[-106.7399288,32.285826],[-106.7398995,32.2857189],[-106.7398005,32.2853565]]}},{"type":"Feature","properties":{"highway":"service","name":""},"geometry":{"type":"LineString","coordinates":[[-106.7401344,32.2857874],[-106.740006,32.2853183]]}},{"type":"Feature","properties":{"highway":"service","name":""},"geometry":{"type":"LineString","coordinates":[[-106.7403425,32.2858279],[-106.7402091,32.2852805]]}},{"type":"Feature","properties":{"highway":"service","name":""},"geometry":{"type":"LineString","coordinates":[[-106.7395978,32.282005],[-106.7396486,32.2822062]]}},{"type":"Feature","properties":{"highway":"service","name":""},"geometry":{"type":"LineString","coordinates":[[-106.7409401,32.2841435],[-106.7411027,32.2841125],[-106.7413004,32.2840748],[-106.7414835,32.2840398],[-106.7414056,32.2837261],[-106.7413547,32.2835211],[-106.7411682,32.2835552],[-106.7409585,32.2835934],[-106.741017,32.283804],[-106.7411027,32.2841125]]}},{"type":"Feature","properties":{"highway":"service","name":""},"geometry":{"type":"LineString","coordinates":[[-106.7414056,32.2837261],[-106.7412208,32.2837632],[-106.741017,32.283804],[-106.7408598,32.2838355]]}},{"type":"Feature","properties":{"highway":"service","name":""},"geometry":{"type":"LineString","coordinates":[[-106.7413004,32.2840748],[-106.7412208,32.2837632],[-106.7411682,32.2835552]]}},{"type":"Feature","properties":{"highway":"service","name":""},"geometry":{"type":"LineString","coordinates":[[-106.7411856,32.2829253],[-106.7412705,32.2832856],[-106.7411321,32.2833111],[-106.740923,32.283346],[-106.7408418,32.2829935]]}},{"type":"Feature","properties":{"highway":"tertiary","name":"Triviz Drive"},"geometry":{"type":"LineString","coordinates":[[-106.7432943,32.2860189],[-106.7433289,32.2861531],[-106.7433458,32.2863069],[-106.7433539,32.2863794],[-106.7433611,32.2864558],[-106.743351,32.2865137],[-106.7433354,32.2865684],[-106.7433066,32.286623],[-106.7432661,32.2866731],[-106.7432287,32.2867073],[-106.7431874,32.2867343],[-106.7431454,32.2867534],[-106.7430963,32.2867659],[-106.743034,32.2867725],[-106.7429779,32.2867712],[-106.7428806,32.2867554],[-106.7427941,32.2867356],[-106.7427094,32.2867387]]}},{"type":"Feature","properties":{"highway":"residential","name":"Silverado Loop"},"geometry":{"type":"LineString","coordinates":[[-106.7325682,32.260363],[-106.7328236,32.2602312],[-106.7328594,32.2602215],[-106.7329017,32.2602215],[-106.7329231,32.2602243],[-106.7329448,32.260227],[-106.7329789,32.2602394],[-106.7330147,32.26026],[-106.7330448,32.260291],[-106.7332375,32.2605261],[-106.7333058,32.2605908],[-106.7334009,32.260654],[-106.7334936,32.2607015],[-106.7335936,32.2607359],[-106.7336936,32.2607579],[-106.733801,32.2607661],[-106.7339124,32.2607654],[-106.7340457,32.2607517],[-106.7350921,32.2606047],[-106.7355756,32.2605321],[-106.7356718,32.26053],[-106.7358049,32.2605394],[-106.735933,32.2605696],[-106.7360452,32.2606061],[-106.7361598,32.2606415],[-106.7362448,32.2606593],[-106.736341,32.2606676],[-106.7364482,32.2606603],[-106.7366318,32.2606165],[-106.7370188,32.2604956],[-106.7376449,32.2603018],[-106.7380405,32.2601778],[-106.73895,32.2598953],[-106.7398474,32.2596056],[-106.7407176,32.2593246]]}},{"type":"Feature","properties":{"highway":"residential","name":""},"geometry":{"type":"LineString","coordinates":[[-106.7329231,32.2602243],[-106.7329393,32.2601436]]}},{"type":"Feature","properties":{"highway":"service","name":""},"geometry":{"type":"LineString","coordinates":[[-106.7376449,32.2603018],[-106.7377333,32.2611236],[-106.7377347,32.2613056],[-106.737499,32.261433],[-106.7374923,32.2614366],[-106.7373985,32.2615067]]}},{"type":"Feature","properties":{"highway":"residential","name":"Evening Light Court"},"geometry":{"type":"LineString","coordinates":[[-106.7380405,32.2601778],[-106.738259,32.2606824]]}},{"type":"Feature","properties":{"highway":"residential","name":"Nightfiall Court"},"geometry":{"type":"LineString","coordinates":[[-106.73895,32.2598953],[-106.73929,32.2606743]]}},{"type":"Feature","properties":{"highway":"residential","name":""},"geometry":{"type":"LineString","coordinates":[[-106.7370188,32.2604956],[-106.7370946,32.2606746]]}},{"type":"Feature","properties":{"highway":"residential","name":"Bluestem Street"},"geometry":{"type":"LineString","coordinates":[[-106.7412176,32.2604982],[-106.7404267,32.2606555],[-106.7403858,32.2606587],[-106.7403489,32.2606496],[-106.7403227,32.2606373],[-106.7402988,32.2606197],[-106.7402803,32.2605943],[-106.7398474,32.2596056]]}},{"type":"Feature","properties":{"highway":"footway","name":""},"geometry":{"type":"LineString","coordinates":[[-106.7328937,32.2602763],[-106.7329106,32.2602756],[-106.7329267,32.2602783],[-106.7329462,32.2602844],[-106.7329661,32.2602956],[-106.7329854,32.2603167],[-106.7331594,32.2605262],[-106.733194,32.2605661],[-106.7332243,32.2605985],[-106.7332589,32.2606301],[-106.7333037,32.2606637],[-106.7333537,32.2606964],[-106.7334036,32.2607253],[-106.7334559,32.2607513],[-106.7335064,32.2607727],[-106.7335648,32.26079],[-106.7336287,32.2608074],[-106.733689,32.2608185],[-106.733745,32.260824],[-106.7338071,32.2608287],[-106.7338646,32.2608268],[-106.7339313,32.2608228],[-106.7339935,32.2608141],[-106.7349417,32.2606775],[-106.7349726,32.2606763],[-106.7349975,32.260682],[-106.7350225,32.2606898],[-106.7350413,32.2607039],[-106.7350557,32.2607216],[-106.7350671,32.2607448],[-106.7351048,32.2608688],[-106.7351122,32.2608976],[-106.7351184,32.2609264],[-106.7351216,32.2609538],[-106.7351235,32.2609969],[-106.7351219,32.2613791],[-106.735117,32.2614031],[-106.735106,32.261424],[-106.735089,32.2614405],[-106.735066,32.2614543],[-106.7350363,32.2614612],[-106.7349941,32.2614612],[-106.7347584,32.2614612],[-106.7347234,32.2614609],[-106.7346703,32.2614579],[-106.7346225,32.2614531],[-106.7345705,32.261445],[-106.734521,32.2614342],[-106.7344696,32.2614193],[-106.7344293,32.261404],[-106.7343794,32.2613821],[-106.7343493,32.2613648],[-106.7343192,32.2613447],[-106.73431,32.2613328],[-106.7343047,32.2613193],[-106.7343029,32.2613043],[-106.7343019,32.2612732],[-106.7343005,32.2612505],[-106.7342944,32.2612313],[-106.7342891,32.2612193],[-106.7342782,32.261202],[-106.7342615,32.2611801],[-106.7342435,32.2611664],[-106.7342219,32.2611568],[-106.7341915,32.261149],[-106.7341557,32.2611454],[-106.7341253,32.2611484],[-106.7340934,32.2611571],[-106.7340686,32.261172],[-106.734046,32.2611945],[-106.7340255,32.2612226],[-106.7340134,32.2612526],[-106.7340124,32.2612798],[-106.7340202,32.2613016],[-106.7340364,32.2613223],[-106.7340555,32.2613435],[-106.7340778,32.2613606],[-106.7341062,32.2613741],[-106.7341362,32.2613884],[-106.734172,32.2613974],[-106.7341943,32.2614058],[-106.7342145,32.2614207],[-106.7342537,32.2614471],[-106.7342856,32.2614656],[-106.7343217,32.2614821],[-106.734356,32.2614998],[-106.7343815,32.2615099],[-106.7343989,32.2615177],[-106.7344109,32.2615288],[-106.7344236,32.2615441],[-106.7344325,32.261562],[-106.7344367,32.261577],[-106.7344367,32.2615925],[-106.7344286,32.261609],[-106.7344169,32.2616279],[-106.7344003,32.2616524],[-106.7343854,32.2616763],[-106.7343684,32.2617],[-106.7343482,32.2617203],[-106.7343281,32.2617404],[-106.7343065,32.2617625],[-106.7342817,32.2617847],[-106.7342545,32.2618074],[-106.7342279,32.2618329],[-106.734178,32.261876]]}},{"type":"Feature","properties":{"highway":"footway","name":""},"geometry":{"type":"LineString","coordinates":[[-106.7350225,32.2606898],[-106.7351128,32.2606794],[-106.7352067,32.2606687]]}},{"type":"Feature","properties":{"highway":"footway","name":""},"geometry":{"type":"LineString","coordinates":[[-106.7352067,32.2606687],[-106.7351992,32.2606795],[-106.7351957,32.2606885],[-106.7351927,32.2607],[-106.7351921,32.2607136],[-106.7351941,32.260727],[-106.7351998,32.2607466],[-106.7352401,32.2608836],[-106.7352431,32.2608993],[-106.7352469,32.2609174],[-106.7352493,32.260936],[-106.7352503,32.2609562],[-106.7352533,32.2613856],[-106.7352533,32.2613969],[-106.7352573,32.2614105],[-106.7352656,32.2614246],[-106.7352764,32.2614352],[-106.7352879,32.2614461],[-106.7353035,32.2614527],[-106.7353254,32.2614586],[-106.735348,32.2614613],[-106.7353697,32.261462],[-106.7372167,32.2614636],[-106.7372325,32.2614632],[-106.7372474,32.2614587],[-106.7372643,32.2614509],[-106.7373065,32.2614207],[-106.7373199,32.2614141],[-106.7373326,32.2614075],[-106.7373457,32.261403],[-106.7373588,32.2613995],[-106.7373751,32.2613968],[-106.7373942,32.2613947],[-106.737408,32.2613956],[-106.7374282,32.2613986],[-106.7374424,32.261401],[-106.7374565,32.2614081],[-106.737499,32.261433],[-106.7375209,32.2614593],[-106.7375266,32.2614698],[-106.7375316,32.26148],[-106.7375362,32.261491],[-106.7375386,32.2615015],[-106.7375408,32.2615129],[-106.7375415,32.2615237],[-106.7375408,32.2615335],[-106.737539,32.2615419],[-106.7375354,32.2615515],[-106.7375294,32.2615614],[-106.7375238,32.2615703],[-106.7375153,32.2615796],[-106.7375053,32.2615905],[-106.7374941,32.2616],[-106.7374823,32.2616114],[-106.7374718,32.2616204],[-106.7374579,32.2616304],[-106.7374455,32.2616399],[-106.7374375,32.2616483],[-106.7374305,32.2616551],[-106.7374262,32.2616619],[-106.7374222,32.2616701],[-106.737419,32.2616792],[-106.7374152,32.2616896],[-106.7374107,32.261703],[-106.7372661,32.2622094],[-106.7372519,32.262257],[-106.7372399,32.2622878],[-106.7372261,32.2623139],[-106.737213,32.2623387],[-106.7371981,32.2623654],[-106.7371797,32.2623959],[-106.7371652,32.2624156],[-106.7371521,32.2624282],[-106.7371418,32.2624426],[-106.7371355,32.2624533],[-106.7371326,32.2624668],[-106.7371333,32.2624794],[-106.7371351,32.2624943],[-106.7371401,32.2625093],[-106.7371454,32.2625204],[-106.7371539,32.2625306],[-106.7371709,32.262544],[-106.7384451,32.263454],[-106.7384594,32.2634614],[-106.7384718,32.2634671],[-106.7384853,32.2634719],[-106.7385005,32.2634748],[-106.7385173,32.2634746],[-106.7385367,32.263475],[-106.7385547,32.2634762],[-106.7385715,32.2634788],[-106.7385874,32.2634819],[-106.7386,32.2634847],[-106.738614,32.263489],[-106.7386287,32.2634954],[-106.7386413,32.2635031],[-106.7386518,32.2635131],[-106.7386635,32.2635222],[-106.7386726,32.2635333],[-106.7386777,32.2635445],[-106.7386822,32.2635536],[-106.7386845,32.2635643],[-106.7386871,32.2635787],[-106.738688,32.2635935],[-106.7386883,32.2636087],[-106.7386875,32.2636257],[-106.7386838,32.2636397],[-106.7386787,32.2636504],[-106.7386714,32.2636612],[-106.7386609,32.2636725],[-106.7386474,32.2636827],[-106.7386322,32.2636932],[-106.7386161,32.2637019],[-106.7385991,32.2637094],[-106.7385813,32.2637161],[-106.7385661,32.2637201],[-106.7385479,32.2637201],[-106.7385309,32.2637183],[-106.738512,32.2637143],[-106.7384963,32.2637102],[-106.7384811,32.2637056],[-106.738469,32.2637015],[-106.7384576,32.2636979],[-106.7384442,32.2636946],[-106.7384321,32.2636918],[-106.7384169,32.2636897],[-106.7384017,32.2636887],[-106.7383903,32.2636902],[-106.7383791,32.263693],[-106.7380521,32.2637721],[-106.7380339,32.263776],[-106.738021,32.2637782],[-106.7380052,32.263781],[-106.7379878,32.2637837],[-106.7379639,32.2637864],[-106.7379357,32.2637903],[-106.7379159,32.2637921],[-106.7378947,32.2637932],[-106.7378722,32.2637946],[-106.7378413,32.2637937],[-106.7378196,32.2637934],[-106.7377979,32.2637937],[-106.7377772,32.2637925],[-106.7377557,32.26379],[-106.7377337,32.2637871],[-106.7377088,32.2637828],[-106.7376881,32.2637796],[-106.7376702,32.2637765],[-106.7376517,32.2637725],[-106.7376294,32.2637672],[-106.7376039,32.2637621],[-106.7375824,32.2637574],[-106.7375649,32.2637535],[-106.7375454,32.2637492],[-106.7375169,32.2637419]]}},{"type":"Feature","properties":{"highway":"footway","name":""},"geometry":{"type":"LineString","coordinates":[[-106.7627154,32.2930111],[-106.7624479,32.2930919],[-106.7622022,32.2931661],[-106.7620414,32.2932147],[-106.7619005,32.2932572]]}},{"type":"Feature","properties":{"highway":"footway","name":""},"geometry":{"type":"LineString","coordinates":[[-106.7641431,32.2923784],[-106.7641098,32.2925383],[-106.7640993,32.292593],[-106.7640636,32.2926156],[-106.7634652,32.2927962],[-106.7628381,32.2929855]]}},{"type":"Feature","properties":{"highway":"footway","name":""},"geometry":{"type":"LineString","coordinates":[[-106.7628381,32.2929855],[-106.7627962,32.2929965],[-106.7627154,32.2930111]]}},{"type":"Feature","properties":{"highway":"footway","name":""},"geometry":{"type":"LineString","coordinates":[[-106.7619583,32.2933605],[-106.7624795,32.2932017],[-106.7629879,32.2930511],[-106.7629967,32.2930485]]}},{"type":"Feature","properties":{"highway":"footway","name":""},"geometry":{"type":"LineString","coordinates":[[-106.7619583,32.2933605],[-106.7619149,32.2932988],[-106.7619005,32.2932572]]}},{"type":"Feature","properties":{"highway":"footway","name":""},"geometry":{"type":"LineString","coordinates":[[-106.7370768,32.2874553],[-106.7370247,32.2874699],[-106.736873,32.2875127]]}},{"type":"Feature","properties":{"highway":"footway","name":""},"geometry":{"type":"LineString","coordinates":[[-106.7363217,32.2881164],[-106.7362675,32.2880598],[-106.7361617,32.2879493],[-106.7360799,32.2878639]]}},{"type":"Feature","properties":{"highway":"footway","name":""},"geometry":{"type":"LineString","coordinates":[[-106.7360799,32.2878639],[-106.7359451,32.2879577],[-106.7358398,32.2880309]]}},{"type":"Feature","properties":{"highway":"footway","name":""},"geometry":{"type":"LineString","coordinates":[[-106.736873,32.2875127],[-106.7366092,32.2875955],[-106.7361905,32.2878172],[-106.7361257,32.2878546],[-106.7360799,32.2878639],[-106.7359962,32.2878519],[-106.7359567,32.2878239]]}},{"type":"Feature","properties":{"highway":"footway","name":""},"geometry":{"type":"LineString","coordinates":[[-106.7401007,32.2865016],[-106.74005,32.2865132],[-106.7400261,32.2865186]]}},{"type":"Feature","properties":{"highway":"footway","name":""},"geometry":{"type":"LineString","coordinates":[[-106.7402183,32.2818119],[-106.740243,32.2818951],[-106.7402647,32.2819681]]}},{"type":"Feature","properties":{"highway":"footway","name":""},"geometry":{"type":"LineString","coordinates":[[-106.7472794,32.2734059],[-106.7471885,32.2734214],[-106.7470928,32.2734377]]}},{"type":"Feature","properties":{"highway":"footway","name":""},"geometry":{"type":"LineString","coordinates":[[-106.7472794,32.2734059],[-106.7472589,32.2733289],[-106.7472404,32.2732599]]}},{"type":"Feature","properties":{"highway":"footway","name":""},"geometry":{"type":"LineString","coordinates":[[-106.745288,32.2770235],[-106.7452061,32.2770569],[-106.745116,32.2770935]]}},{"type":"Feature","properties":{"highway":"footway","name":""},"geometry":{"type":"LineString","coordinates":[[-106.7451612,32.2772581],[-106.7451368,32.2771692],[-106.745116,32.2770935]]}},{"type":"Feature","properties":{"highway":"service","name":""},"geometry":{"type":"LineString","coordinates":[[-106.736208,32.277474],[-106.7363198,32.2774449],[-106.7364508,32.2774992],[-106.7364097,32.2775838],[-106.7365278,32.2779096],[-106.7366382,32.2780181],[-106.7367887,32.2780839]]}},{"type":"Feature","properties":{"highway":"service","name":""},"geometry":{"type":"LineString","coordinates":[[-106.7371819,32.2775025],[-106.7366357,32.2772429],[-106.7364508,32.2774992]]}},{"type":"Feature","properties":{"highway":"footway","name":""},"geometry":{"type":"LineString","coordinates":[[-106.7460737,32.2800008],[-106.7459936,32.2800147],[-106.7458994,32.2800311]]}},{"type":"Feature","properties":{"highway":"service","name":""},"geometry":{"type":"LineString","coordinates":[[-106.7475508,32.2758826],[-106.7476359,32.2760314]]}},{"type":"Feature","properties":{"highway":"service","name":""},"geometry":{"type":"LineString","coordinates":[[-106.7477599,32.2756414],[-106.7476028,32.2756601],[-106.7474087,32.2756756],[-106.7474492,32.2757363]]}},{"type":"Feature","properties":{"highway":"service","name":""},"geometry":{"type":"LineString","coordinates":[[-106.7297422,32.2696886],[-106.7298075,32.2698112],[-106.729866,32.2699457],[-106.7298782,32.2700306],[-106.7298816,32.2700631]]}},{"type":"Feature","properties":{"highway":"residential","name":""},"geometry":{"type":"LineString","coordinates":[[-106.734435,32.2720323],[-106.7361203,32.2716726],[-106.7372958,32.2714208],[-106.7377499,32.2713618],[-106.7380299,32.2714727],[-106.7381835,32.2715412]]}},{"type":"Feature","properties":{"highway":"footway","name":""},"geometry":{"type":"LineString","coordinates":[[-106.7521946,32.2826305],[-106.7522358,32.2828123],[-106.7521077,32.2828524],[-106.7517953,32.2829102]]}},{"type":"Feature","properties":{"highway":"footway","name":""},"geometry":{"type":"LineString","coordinates":[[-106.7522358,32.2828123],[-106.7522542,32.2828859],[-106.7524248,32.2828548]]}},{"type":"Feature","properties":{"highway":"footway","name":""},"geometry":{"type":"LineString","coordinates":[[-106.7524426,32.282878],[-106.7523767,32.2829161],[-106.7523348,32.2829457],[-106.7522917,32.2829794],[-106.7522645,32.2830038],[-106.7518382,32.2830829]]}},{"type":"Feature","properties":{"highway":"service","name":""},"geometry":{"type":"LineString","coordinates":[[-106.7250165,32.265751],[-106.7252512,32.2658217],[-106.725552,32.2659756]]}},{"type":"Feature","properties":{"highway":"service","name":""},"geometry":{"type":"LineString","coordinates":[[-106.7312436,32.2658076],[-106.7310339,32.2658566]]}},{"type":"Feature","properties":{"highway":"path","name":""},"geometry":{"type":"LineString","coordinates":[[-106.7259577,32.2860018],[-106.7259457,32.2860917],[-106.725951,32.2861081],[-106.7259696,32.2861425],[-106.7259961,32.2861911],[-106.7260156,32.2862158],[-106.7260784,32.2862413],[-106.726097,32.2862674],[-106.7260979,32.2862854],[-106.726066,32.2863363],[-106.7261536,32.2863991],[-106.7262203,32.2863819]]}},{"type":"Feature","properties":{"highway":"residential","name":"Sotol Drive"},"geometry":{"type":"LineString","coordinates":[[-106.7225403,32.270487],[-106.720297,32.2711215],[-106.7197782,32.2712759],[-106.7191558,32.2714764],[-106.7191426,32.2714807],[-106.718018,32.2717733]]}},{"type":"Feature","properties":{"highway":"residential","name":"Ocotillo Road"},"geometry":{"type":"LineString","coordinates":[[-106.7225403,32.270487],[-106.7220592,32.2690961],[-106.7219799,32.2687884],[-106.7217452,32.2679593]]}},{"type":"Feature","properties":{"highway":"track","name":""},"geometry":{"type":"LineString","coordinates":[[-106.7486718,32.2599388],[-106.7499158,32.2596624],[-106.7499535,32.2596355]]}},{"type":"Feature","properties":{"highway":"track","name":""},"geometry":{"type":"LineString","coordinates":[[-106.7500449,32.2595532],[-106.7500968,32.2595094],[-106.7501179,32.259394],[-106.7501002,32.259094]]}},{"type":"Feature","properties":{"highway":"track","name":""},"geometry":{"type":"LineString","coordinates":[[-106.7499535,32.2596355],[-106.7500449,32.2595532]]}},{"type":"Feature","properties":{"highway":"track","name":""},"geometry":{"type":"LineString","coordinates":[[-106.745264,32.2578979],[-106.7453828,32.2578842]]}},{"type":"Feature","properties":{"highway":"track","name":""},"geometry":{"type":"LineString","coordinates":[[-106.747711,32.2559844],[-106.7471612,32.2561046],[-106.7449296,32.2565287],[-106.744892,32.2567555],[-106.7448733,32.2569914],[-106.7448947,32.257182],[-106.7451744,32.2575316],[-106.7453307,32.2577162],[-106.7453828,32.2578842],[-106.7454056,32.2581912],[-106.7454756,32.2583496],[-106.7456824,32.2588343],[-106.7457867,32.2590629],[-106.7459918,32.25914],[-106.7463452,32.259257],[-106.7465748,32.2592598],[-106.7469998,32.2592543],[-106.7475941,32.2592997],[-106.7479198,32.2592268],[-106.7484132,32.2590464],[-106.7486428,32.2590161],[-106.7488512,32.259034],[-106.7493349,32.2592474],[-106.7499699,32.2595214]]}},{"type":"Feature","properties":{"highway":"track","name":""},"geometry":{"type":"LineString","coordinates":[[-106.7500396,32.2595148],[-106.7500968,32.2595094]]}},{"type":"Feature","properties":{"highway":"track","name":""},"geometry":{"type":"LineString","coordinates":[[-106.7499699,32.2595214],[-106.7500396,32.2595148]]}},{"type":"Feature","properties":{"highway":"residential","name":"Holy Cross Road"},"geometry":{"type":"LineString","coordinates":[[-106.7437928,32.2557623],[-106.7437071,32.2557775]]}},{"type":"Feature","properties":{"highway":"residential","name":"Holy Cross Road"},"geometry":{"type":"LineString","coordinates":[[-106.7438604,32.2557503],[-106.7437928,32.2557623]]}},{"type":"Feature","properties":{"highway":"service","name":""},"geometry":{"type":"LineString","coordinates":[[-106.7691735,32.2839444],[-106.7690806,32.2840778],[-106.7686328,32.2843669],[-106.7688422,32.2845645],[-106.7688284,32.2846208],[-106.7689069,32.2847049],[-106.7690645,32.2847708],[-106.7691346,32.2847392],[-106.7690806,32.2840778]]}},{"type":"Feature","properties":{"highway":"service","name":""},"geometry":{"type":"LineString","coordinates":[[-106.7693643,32.2838048],[-106.7695318,32.2838948],[-106.7692887,32.2841986],[-106.7693336,32.284681],[-106.7701671,32.2841874],[-106.7698091,32.2835777],[-106.7695318,32.2838948]]}},{"type":"Feature","properties":{"highway":"service","name":""},"geometry":{"type":"LineString","coordinates":[[-106.7498873,32.2905219],[-106.7498427,32.2906492],[-106.7498444,32.2907867],[-106.7498871,32.2908603],[-106.7501385,32.2911326],[-106.7502388,32.2911798],[-106.7503226,32.2911895],[-106.7504309,32.2911623]]}},{"type":"Feature","properties":{"highway":"secondary","name":"Missouri Avenue"},"geometry":{"type":"LineString","coordinates":[[-106.7620536,32.2947954],[-106.7616356,32.2948112],[-106.7610188,32.2948366],[-106.7604506,32.2948564],[-106.7601116,32.2948973],[-106.7598468,32.2949497],[-106.7596536,32.2950014],[-106.7592501,32.2951343]]}},{"type":"Feature","properties":{"highway":"tertiary","name":"South Solano Drive"},"geometry":{"type":"LineString","coordinates":[[-106.7592501,32.2951343],[-106.7590194,32.2948118],[-106.7589719,32.2947452],[-106.7588871,32.2946266],[-106.7587795,32.2944764],[-106.7585773,32.2941934],[-106.7585636,32.2941743],[-106.7583477,32.2938633],[-106.7581909,32.2936479],[-106.7577544,32.2930612],[-106.7573178,32.2924077],[-106.75685,32.2917918],[-106.7563529,32.2910734],[-106.7559794,32.2905597],[-106.7558788,32.2904282],[-106.7556588,32.2901238],[-106.7554201,32.2898025],[-106.7550285,32.289248],[-106.7542466,32.2881585],[-106.7538481,32.2875956],[-106.7533481,32.2869024]]}},{"type":"Feature","properties":{"highway":"tertiary","name":"South Solano Drive"},"geometry":{"type":"LineString","coordinates":[[-106.7533481,32.2869024],[-106.7532176,32.2864139],[-106.7532047,32.2863652],[-106.7530853,32.2859183],[-106.7530635,32.2858421],[-106.7529154,32.2852785],[-106.7528102,32.2848781],[-106.7527737,32.284739]]}},{"type":"Feature","properties":{"highway":"footway","name":""},"geometry":{"type":"LineString","coordinates":[[-106.7534047,32.2868186],[-106.7533481,32.2869024]]}},{"type":"Feature","properties":{"highway":"footway","name":""},"geometry":{"type":"LineString","coordinates":[[-106.753158,32.2858776],[-106.7531613,32.2859065],[-106.7532791,32.2863516],[-106.7534047,32.2868186]]}},{"type":"Feature","properties":{"highway":"footway","name":""},"geometry":{"type":"LineString","coordinates":[[-106.7531261,32.28575],[-106.7531456,32.2858261],[-106.753158,32.2858776]]}},{"type":"Feature","properties":{"highway":"footway","name":""},"geometry":{"type":"LineString","coordinates":[[-106.7531261,32.28575],[-106.7529982,32.2852636],[-106.7529001,32.284889],[-106.7528996,32.2848714],[-106.7529007,32.2848618],[-106.7529016,32.2848542],[-106.7529084,32.2848349],[-106.7529164,32.2848212]]}},{"type":"Feature","properties":{"highway":"cycleway","name":""},"geometry":{"type":"LineString","coordinates":[[-106.7539345,32.2843981],[-106.7542383,32.284342],[-106.754459,32.2843012],[-106.7551236,32.284175],[-106.7553038,32.2841375],[-106.7554666,32.2841045],[-106.7554861,32.2841248]]}},{"type":"Feature","properties":{"highway":"cycleway","name":""},"geometry":{"type":"LineString","coordinates":[[-106.7528572,32.2846069],[-106.7529816,32.2845818],[-106.7530873,32.2845609],[-106.7537865,32.284427]]}},{"type":"Feature","properties":{"highway":"footway","name":""},"geometry":{"type":"LineString","coordinates":[[-106.7538258,32.2840119],[-106.7538335,32.2840463],[-106.7538807,32.284211],[-106.7539345,32.2843981]]}},{"type":"Feature","properties":{"highway":"footway","name":""},"geometry":{"type":"LineString","coordinates":[[-106.7535101,32.2828451],[-106.7535286,32.2829043],[-106.7535482,32.2829672]]}},{"type":"Feature","properties":{"highway":"footway","name":""},"geometry":{"type":"LineString","coordinates":[[-106.7538258,32.2840119],[-106.7540525,32.2839672],[-106.7540072,32.2837758]]}},{"type":"Feature","properties":{"highway":"footway","name":""},"geometry":{"type":"LineString","coordinates":[[-106.7534696,32.281762],[-106.7535711,32.2817488],[-106.7536478,32.2817389]]}},{"type":"Feature","properties":{"highway":"footway","name":""},"geometry":{"type":"LineString","coordinates":[[-106.7525689,32.2819895],[-106.7526061,32.281966],[-106.7526584,32.2819382],[-106.7527235,32.2819076],[-106.7528117,32.281883],[-106.7530072,32.2818468],[-106.75311,32.2818277],[-106.7532156,32.281809],[-106.7532626,32.281801],[-106.7532847,32.2817891]]}},{"type":"Feature","properties":{"highway":"footway","name":""},"geometry":{"type":"LineString","coordinates":[[-106.7532837,32.2810362],[-106.7532706,32.2810289],[-106.7532512,32.2810272],[-106.7525639,32.2811628],[-106.7520297,32.281265],[-106.7512999,32.2814044],[-106.7507024,32.2815182],[-106.7506441,32.2815306],[-106.7506052,32.2815488],[-106.7505145,32.2815988]]}},{"type":"Feature","properties":{"highway":"footway","name":""},"geometry":{"type":"LineString","coordinates":[[-106.7533152,32.2808827],[-106.7531781,32.2803443],[-106.7531626,32.2802835]]}},{"type":"Feature","properties":{"highway":"footway","name":""},"geometry":{"type":"LineString","coordinates":[[-106.7510527,32.2807973],[-106.7511047,32.2809874],[-106.7511856,32.2812943],[-106.7515002,32.2812344],[-106.7518261,32.2811723],[-106.7523904,32.2810633],[-106.7528309,32.280977],[-106.7530087,32.2809424],[-106.7531684,32.2809113],[-106.7533152,32.2808827]]}},{"type":"Feature","properties":{"highway":"footway","name":""},"geometry":{"type":"LineString","coordinates":[[-106.7529651,32.2795744],[-106.7529804,32.2795884],[-106.7529912,32.2796157],[-106.7531383,32.2802002],[-106.7531496,32.2802381],[-106.7531626,32.2802835]]}},{"type":"Feature","properties":{"highway":"footway","name":""},"geometry":{"type":"LineString","coordinates":[[-106.7529651,32.2795744],[-106.752946,32.2794938],[-106.7529244,32.2794026]]}},{"type":"Feature","properties":{"highway":"footway","name":""},"geometry":{"type":"LineString","coordinates":[[-106.7526761,32.2775651],[-106.7526311,32.2775732],[-106.7526293,32.277578],[-106.7529603,32.2788861],[-106.7529689,32.2789202],[-106.7530528,32.2792537],[-106.7530768,32.2793457],[-106.7530896,32.2793593],[-106.7530996,32.279373]]}},{"type":"Feature","properties":{"highway":"footway","name":""},"geometry":{"type":"LineString","coordinates":[[-106.7529244,32.2794026],[-106.7530029,32.2793893],[-106.7530996,32.279373]]}},{"type":"Feature","properties":{"highway":"footway","name":""},"geometry":{"type":"LineString","coordinates":[[-106.7529244,32.2794026],[-106.7529079,32.2794172]]}},{"type":"Feature","properties":{"highway":"footway","name":""},"geometry":{"type":"LineString","coordinates":[[-106.7509224,32.2797932],[-106.7508487,32.2798077],[-106.75083,32.2798049],[-106.7508128,32.2797996]]}},{"type":"Feature","properties":{"highway":"footway","name":""},"geometry":{"type":"LineString","coordinates":[[-106.7506207,32.2798474],[-106.7507107,32.2798255],[-106.7508128,32.2797996]]}},{"type":"Feature","properties":{"highway":"footway","name":""},"geometry":{"type":"LineString","coordinates":[[-106.7506207,32.2798474],[-106.7506192,32.2798267],[-106.7505047,32.2794011],[-106.7504637,32.2792471]]}},{"type":"Feature","properties":{"highway":"footway","name":""},"geometry":{"type":"LineString","coordinates":[[-106.7504637,32.2792471],[-106.7504231,32.2792572],[-106.7503955,32.2792521],[-106.7503632,32.2792259],[-106.7502819,32.279151],[-106.750252,32.2791389],[-106.7502197,32.2791419],[-106.7501791,32.279149]]}},{"type":"Feature","properties":{"highway":"footway","name":""},"geometry":{"type":"LineString","coordinates":[[-106.7495678,32.2758433],[-106.7495491,32.27585],[-106.7495196,32.2758557]]}},{"type":"Feature","properties":{"highway":"footway","name":""},"geometry":{"type":"LineString","coordinates":[[-106.7496665,32.2754874],[-106.7495737,32.2755064]]}},{"type":"Feature","properties":{"highway":"footway","name":""},"geometry":{"type":"LineString","coordinates":[[-106.7497574,32.2758045],[-106.7497424,32.275752],[-106.7496912,32.2755732],[-106.7496665,32.2754874]]}},{"type":"Feature","properties":{"highway":"footway","name":""},"geometry":{"type":"LineString","coordinates":[[-106.7495678,32.2758433],[-106.7496598,32.2758245],[-106.7497574,32.2758045]]}},{"type":"Feature","properties":{"highway":"footway","name":""},"geometry":{"type":"LineString","coordinates":[[-106.7495737,32.2755064],[-106.7494769,32.2755262],[-106.7495014,32.275612],[-106.7495147,32.2756583],[-106.7495389,32.2757427],[-106.7495517,32.2757874],[-106.7495678,32.2758433]]}},{"type":"Feature","properties":{"highway":"residential","name":"Williams Avenue"},"geometry":{"type":"LineString","coordinates":[[-106.749597,32.2755909],[-106.7495737,32.2755064]]}},{"type":"Feature","properties":{"highway":"tertiary","name":"Sam Steel Way"},"geometry":{"type":"LineString","coordinates":[[-106.745393,32.269601],[-106.7452227,32.2695143],[-106.7422046,32.2679784],[-106.7420283,32.2678925],[-106.7396515,32.266679],[-106.7382544,32.2659657]]}},{"type":"Feature","properties":{"highway":"service","name":"Arroyo Trail"},"geometry":{"type":"LineString","coordinates":[[-106.7497727,32.2642725],[-106.7492171,32.2640158],[-106.7491124,32.2638752]]}},{"type":"Feature","properties":{"highway":"track","name":"Las Cruces Lateral Trail (East)"},"geometry":{"type":"LineString","coordinates":[[-106.7501773,32.2606091],[-106.7501669,32.260482],[-106.7501143,32.260184],[-106.7500716,32.2599171],[-106.7500071,32.2597576],[-106.7499425,32.2596838],[-106.7499158,32.2596624],[-106.7498122,32.2595794],[-106.7491602,32.2592753],[-106.7488985,32.2591607],[-106.7487405,32.2591152],[-106.7485891,32.2591221],[-106.7480631,32.2592763],[-106.7477195,32.2593727],[-106.7475665,32.259392],[-106.7467441,32.2593507],[-106.746438,32.2593631],[-106.7461986,32.2593342],[-106.7458518,32.2591978],[-106.745702,32.2591097],[-106.7455489,32.2587531],[-106.7453161,32.2582188],[-106.745264,32.2578979],[-106.7451711,32.2577051],[-106.745023,32.257533],[-106.7447738,32.2572425],[-106.7443771,32.2568644],[-106.7440767,32.2566421],[-106.7437071,32.2557775]]}},{"type":"Feature","properties":{"highway":"residential","name":"Holy Cross Road"},"geometry":{"type":"LineString","coordinates":[[-106.7437071,32.2557775],[-106.7432888,32.2558517]]}},{"type":"Feature","properties":{"highway":"residential","name":"Holy Cross Road"},"geometry":{"type":"LineString","coordinates":[[-106.7440098,32.2557238],[-106.7438604,32.2557503]]}},{"type":"Feature","properties":{"highway":"service","name":""},"geometry":{"type":"LineString","coordinates":[[-106.7583895,32.2942751],[-106.7578845,32.2944485],[-106.7567202,32.2948865],[-106.7568006,32.2951951]]}},{"type":"Feature","properties":{"highway":"service","name":""},"geometry":{"type":"LineString","coordinates":[[-106.7583895,32.2942751],[-106.7584769,32.2942369],[-106.7585773,32.2941934]]}},{"type":"Feature","properties":{"highway":"service","name":""},"geometry":{"type":"LineString","coordinates":[[-106.7601306,32.2898365],[-106.7602018,32.2899857],[-106.7601303,32.2900165],[-106.7599494,32.2900947]]}},{"type":"Feature","properties":{"highway":"service","name":""},"geometry":{"type":"LineString","coordinates":[[-106.7602018,32.2899857],[-106.7603654,32.2899967],[-106.7604722,32.2900281],[-106.7606104,32.2901234],[-106.7606816,32.290229],[-106.7611315,32.2910321]]}},{"type":"Feature","properties":{"highway":"service","name":""},"geometry":{"type":"LineString","coordinates":[[-106.7606104,32.2901234],[-106.7602758,32.2902506],[-106.7600907,32.290321]]}},{"type":"Feature","properties":{"highway":"service","name":""},"geometry":{"type":"LineString","coordinates":[[-106.760593,32.2897315],[-106.7606459,32.2899229],[-106.7605695,32.2899413],[-106.7605262,32.2899714],[-106.7604722,32.2900281]]}},{"type":"Feature","properties":{"highway":"service","name":""},"geometry":{"type":"LineString","coordinates":[[-106.7606459,32.2899229],[-106.7608561,32.2898989],[-106.7610383,32.2898781]]}},{"type":"Feature","properties":{"highway":"service","name":""},"geometry":{"type":"LineString","coordinates":[[-106.7606459,32.2899229],[-106.7607256,32.2900337],[-106.76089,32.2899879],[-106.761072,32.2899372]]}},{"type":"Feature","properties":{"highway":"service","name":""},"geometry":{"type":"LineString","coordinates":[[-106.7608561,32.2898989],[-106.76089,32.2899879]]}},{"type":"Feature","properties":{"highway":"service","name":""},"geometry":{"type":"LineString","coordinates":[[-106.7601717,32.2904459],[-106.7602948,32.2903947],[-106.7603497,32.2904156],[-106.7605098,32.2903533],[-106.7605402,32.2902734],[-106.7606816,32.290229]]}},{"type":"Feature","properties":{"highway":"service","name":""},"geometry":{"type":"LineString","coordinates":[[-106.7604469,32.290283],[-106.7603258,32.2903296]]}},{"type":"Feature","properties":{"highway":"service","name":""},"geometry":{"type":"LineString","coordinates":[[-106.7605402,32.2902734],[-106.7604469,32.290283]]}},{"type":"Feature","properties":{"highway":"service","name":""},"geometry":{"type":"LineString","coordinates":[[-106.7603258,32.2903296],[-106.7602948,32.2903947]]}},{"type":"Feature","properties":{"highway":"service","name":""},"geometry":{"type":"LineString","coordinates":[[-106.7604588,32.2897484],[-106.7604194,32.2898737],[-106.7603654,32.2899967]]}},{"type":"Feature","properties":{"highway":"service","name":""},"geometry":{"type":"LineString","coordinates":[[-106.7602758,32.2902506],[-106.7601303,32.2900165]]}},{"type":"Feature","properties":{"highway":"service","name":""},"geometry":{"type":"LineString","coordinates":[[-106.736978,32.2887085],[-106.7370453,32.2886568],[-106.7369514,32.2885541],[-106.736874,32.2884709],[-106.7367992,32.2883914],[-106.7367036,32.2882907],[-106.736567,32.2883788],[-106.7366715,32.2884857],[-106.7367413,32.2885572],[-106.736813,32.2886306],[-106.736925,32.2887453]]}},{"type":"Feature","properties":{"highway":"service","name":""},"geometry":{"type":"LineString","coordinates":[[-106.7374536,32.2883024],[-106.7371667,32.2881626],[-106.7370928,32.2881727],[-106.7367992,32.2883914],[-106.7367523,32.2884253]]}},{"type":"Feature","properties":{"highway":"service","name":""},"geometry":{"type":"LineString","coordinates":[[-106.7369033,32.288581],[-106.7368324,32.2886199]]}},{"type":"Feature","properties":{"highway":"service","name":""},"geometry":{"type":"LineString","coordinates":[[-106.7368266,32.2885019],[-106.7367593,32.2885446]]}},{"type":"Feature","properties":{"highway":"service","name":""},"geometry":{"type":"LineString","coordinates":[[-106.7366888,32.288472],[-106.7366715,32.2884857],[-106.7365456,32.2885866]]}},{"type":"Feature","properties":{"highway":"service","name":""},"geometry":{"type":"LineString","coordinates":[[-106.7367523,32.2884253],[-106.7366888,32.288472]]}},{"type":"Feature","properties":{"highway":"service","name":""},"geometry":{"type":"LineString","coordinates":[[-106.7369514,32.2885541],[-106.7369033,32.288581]]}},{"type":"Feature","properties":{"highway":"service","name":""},"geometry":{"type":"LineString","coordinates":[[-106.7368324,32.2886199],[-106.736813,32.2886306]]}},{"type":"Feature","properties":{"highway":"service","name":""},"geometry":{"type":"LineString","coordinates":[[-106.736874,32.2884709],[-106.7368266,32.2885019]]}},{"type":"Feature","properties":{"highway":"service","name":""},"geometry":{"type":"LineString","coordinates":[[-106.7367593,32.2885446],[-106.7367413,32.2885572]]}},{"type":"Feature","properties":{"highway":"service","name":""},"geometry":{"type":"LineString","coordinates":[[-106.7556889,32.2945896],[-106.7555632,32.2943876],[-106.755466,32.2944219],[-106.7554096,32.2944153],[-106.7553644,32.2943799],[-106.7553158,32.2942835],[-106.7548482,32.2944659],[-106.755134,32.2949967],[-106.7554254,32.2948755],[-106.7554626,32.2948258],[-106.7555315,32.294779],[-106.755588,32.294738],[-106.7557351,32.2946803]]}},{"type":"Feature","properties":{"highway":"service","name":""},"geometry":{"type":"LineString","coordinates":[[-106.7353205,32.2885527],[-106.7349905,32.2884635],[-106.7351078,32.2887101]]}},{"type":"Feature","properties":{"highway":"service","name":""},"geometry":{"type":"LineString","coordinates":[[-106.7349905,32.2884635],[-106.7347944,32.2882661],[-106.7345978,32.2880681],[-106.7343661,32.2881896],[-106.7342566,32.2882132],[-106.7339823,32.2882638]]}},{"type":"Feature","properties":{"highway":"service","name":""},"geometry":{"type":"LineString","coordinates":[[-106.7347944,32.2882661],[-106.734951,32.2881511],[-106.7350297,32.2880934],[-106.7351111,32.2880338],[-106.7351631,32.2879956],[-106.7352408,32.2879386],[-106.7353095,32.2878881],[-106.7354475,32.2877869],[-106.7354475,32.2877488],[-106.7352501,32.2875456],[-106.7353553,32.2874948],[-106.7355438,32.287491]]}},{"type":"Feature","properties":{"highway":"service","name":""},"geometry":{"type":"LineString","coordinates":[[-106.7352501,32.2875456],[-106.7350967,32.2876685],[-106.7350227,32.2877278],[-106.7349613,32.2877769],[-106.7348986,32.2878271],[-106.7348361,32.2878773],[-106.7345978,32.2880681]]}},{"type":"Feature","properties":{"highway":"service","name":""},"geometry":{"type":"LineString","coordinates":[[-106.734951,32.2881511],[-106.7351486,32.2883572]]}},{"type":"Feature","properties":{"highway":"service","name":""},"geometry":{"type":"LineString","coordinates":[[-106.7355438,32.287491],[-106.7357886,32.2875974]]}},{"type":"Feature","properties":{"highway":"service","name":""},"geometry":{"type":"LineString","coordinates":[[-106.7357945,32.2873918],[-106.7355438,32.287491]]}},{"type":"Feature","properties":{"highway":"service","name":""},"geometry":{"type":"LineString","coordinates":[[-106.7351966,32.2877716],[-106.7350967,32.2876685]]}},{"type":"Feature","properties":{"highway":"service","name":""},"geometry":{"type":"LineString","coordinates":[[-106.7351223,32.2878241],[-106.7350227,32.2877278]]}},{"type":"Feature","properties":{"highway":"service","name":""},"geometry":{"type":"LineString","coordinates":[[-106.7350555,32.287879],[-106.7349613,32.2877769]]}},{"type":"Feature","properties":{"highway":"service","name":""},"geometry":{"type":"LineString","coordinates":[[-106.7349923,32.2879183],[-106.7348986,32.2878271]]}},{"type":"Feature","properties":{"highway":"service","name":""},"geometry":{"type":"LineString","coordinates":[[-106.7349201,32.287971],[-106.7348361,32.2878773]]}},{"type":"Feature","properties":{"highway":"service","name":""},"geometry":{"type":"LineString","coordinates":[[-106.7353095,32.2878881],[-106.7352527,32.2878295]]}},{"type":"Feature","properties":{"highway":"service","name":""},"geometry":{"type":"LineString","coordinates":[[-106.7352527,32.2878295],[-106.7351966,32.2877716]]}},{"type":"Feature","properties":{"highway":"service","name":""},"geometry":{"type":"LineString","coordinates":[[-106.7352408,32.2879386],[-106.7351781,32.287878]]}},{"type":"Feature","properties":{"highway":"service","name":""},"geometry":{"type":"LineString","coordinates":[[-106.7351781,32.287878],[-106.7351223,32.2878241]]}},{"type":"Feature","properties":{"highway":"service","name":""},"geometry":{"type":"LineString","coordinates":[[-106.7351631,32.2879956],[-106.7351038,32.2879314]]}},{"type":"Feature","properties":{"highway":"service","name":""},"geometry":{"type":"LineString","coordinates":[[-106.7351038,32.2879314],[-106.7350555,32.287879]]}},{"type":"Feature","properties":{"highway":"service","name":""},"geometry":{"type":"LineString","coordinates":[[-106.7351111,32.2880338],[-106.7350491,32.2879735]]}},{"type":"Feature","properties":{"highway":"service","name":""},"geometry":{"type":"LineString","coordinates":[[-106.7350491,32.2879735],[-106.7349923,32.2879183]]}},{"type":"Feature","properties":{"highway":"service","name":""},"geometry":{"type":"LineString","coordinates":[[-106.7350297,32.2880934],[-106.7349674,32.2880239]]}},{"type":"Feature","properties":{"highway":"service","name":""},"geometry":{"type":"LineString","coordinates":[[-106.7349674,32.2880239],[-106.7349201,32.287971]]}},{"type":"Feature","properties":{"highway":"service","name":""},"geometry":{"type":"LineString","coordinates":[[-106.7651096,32.2916554],[-106.7652921,32.2915502],[-106.7653634,32.2914568],[-106.7653772,32.2913732],[-106.7653297,32.2913122],[-106.7650312,32.2909906],[-106.7649995,32.2909124],[-106.7650206,32.2908499],[-106.7652056,32.2906467],[-106.7652267,32.2905797],[-106.765195,32.2904948],[-106.7651395,32.2904301],[-106.7650893,32.290343],[-106.7650497,32.2902358]]}},{"type":"Feature","properties":{"highway":"service","name":""},"geometry":{"type":"LineString","coordinates":[[-106.7652921,32.2915502],[-106.7653603,32.2915711],[-106.7654438,32.2915685],[-106.7654999,32.2915416],[-106.7655303,32.2915005],[-106.7655257,32.2914441],[-106.7654848,32.2913966],[-106.7653772,32.2913732]]}},{"type":"Feature","properties":{"highway":"service","name":""},"geometry":{"type":"LineString","coordinates":[[-106.7650497,32.2902358],[-106.7656463,32.2902328],[-106.7657032,32.2902281],[-106.7662249,32.2901854],[-106.7666834,32.2905561],[-106.7667535,32.2905747],[-106.7668216,32.2905375],[-106.7669317,32.2903614],[-106.7666234,32.2902108],[-106.7664832,32.2901668],[-106.7663991,32.29016],[-106.7662249,32.2901854]]}},{"type":"Feature","properties":{"highway":"service","name":""},"geometry":{"type":"LineString","coordinates":[[-106.7669317,32.2903614],[-106.7670171,32.2904176],[-106.7670838,32.2904429],[-106.7675437,32.2905012],[-106.7676104,32.2905342],[-106.7676443,32.2905672],[-106.7676899,32.2906116],[-106.7680658,32.2909775],[-106.7678611,32.2911136],[-106.7675023,32.2907714],[-106.7676899,32.2906116]]}},{"type":"Feature","properties":{"highway":"service","name":""},"geometry":{"type":"LineString","coordinates":[[-106.7657032,32.2902281],[-106.7658836,32.2904043],[-106.7659683,32.290487],[-106.7661445,32.290659]]}},{"type":"Feature","properties":{"highway":"service","name":""},"geometry":{"type":"LineString","coordinates":[[-106.7659683,32.290487],[-106.7661077,32.290381]]}},{"type":"Feature","properties":{"highway":"service","name":""},"geometry":{"type":"LineString","coordinates":[[-106.7642645,32.2902265],[-106.7650497,32.2902358]]}},{"type":"Feature","properties":{"highway":"service","name":""},"geometry":{"type":"LineString","coordinates":[[-106.7716928,32.2903552],[-106.7714244,32.2905343],[-106.7713115,32.2906716],[-106.7711527,32.2908893],[-106.7710017,32.2911111],[-106.7708017,32.291042],[-106.7703358,32.2908835],[-106.7700003,32.2905361],[-106.7700464,32.2904675],[-106.7701455,32.2903981],[-106.7703562,32.2902469],[-106.7706826,32.2900125],[-106.7708746,32.2900245],[-106.7710201,32.2901627],[-106.7713123,32.2904397],[-106.7713773,32.2904938],[-106.7714244,32.2905343]]}},{"type":"Feature","properties":{"highway":"service","name":""},"geometry":{"type":"LineString","coordinates":[[-106.7701455,32.2903981],[-106.7705057,32.2907718],[-106.7703358,32.2908835]]}},{"type":"Feature","properties":{"highway":"service","name":""},"geometry":{"type":"LineString","coordinates":[[-106.7713123,32.2904397],[-106.7712636,32.2904657],[-106.7712108,32.2905004],[-106.7711824,32.2905479],[-106.7711921,32.2905895],[-106.7713115,32.2906716]]}},{"type":"Feature","properties":{"highway":"service","name":""},"geometry":{"type":"LineString","coordinates":[[-106.7711527,32.2908893],[-106.7708017,32.291042]]}},{"type":"Feature","properties":{"highway":"service","name":""},"geometry":{"type":"LineString","coordinates":[[-106.7710201,32.2901627],[-106.7710639,32.290097],[-106.7714858,32.2902328],[-106.7713773,32.2904938]]}},{"type":"Feature","properties":{"highway":"service","name":""},"geometry":{"type":"LineString","coordinates":[[-106.7626854,32.276241],[-106.7623535,32.2763755]]}},{"type":"Feature","properties":{"highway":"service","name":""},"geometry":{"type":"LineString","coordinates":[[-106.7537728,32.2840583],[-106.7531084,32.2841756]]}},{"type":"Feature","properties":{"highway":"service","name":""},"geometry":{"type":"LineString","coordinates":[[-106.7530677,32.2840202],[-106.7537311,32.2839033]]}},{"type":"Feature","properties":{"highway":"service","name":""},"geometry":{"type":"LineString","coordinates":[[-106.7533023,32.283458],[-106.7533772,32.2837299],[-106.7536691,32.2836728]]}},{"type":"Feature","properties":{"highway":"service","name":""},"geometry":{"type":"LineString","coordinates":[[-106.7706388,32.2942193],[-106.7706111,32.2941396],[-106.7705054,32.2938353],[-106.7702533,32.2939006],[-106.7703462,32.2942023],[-106.770371,32.2942826]]}},{"type":"Feature","properties":{"highway":"service","name":""},"geometry":{"type":"LineString","coordinates":[[-106.7706111,32.2941396],[-106.7703462,32.2942023]]}},{"type":"Feature","properties":{"highway":"service","name":""},"geometry":{"type":"LineString","coordinates":[[-106.7695752,32.2944707],[-106.7695471,32.294373],[-106.7695461,32.2942712],[-106.7699577,32.2941691],[-106.7697704,32.2936022],[-106.7691197,32.2937596],[-106.7692355,32.294096],[-106.7694796,32.2940408],[-106.769536,32.2942362],[-106.7695461,32.2942712]]}},{"type":"Feature","properties":{"highway":"service","name":""},"geometry":{"type":"LineString","coordinates":[[-106.769536,32.2942362],[-106.7685244,32.294485],[-106.7684548,32.2943018],[-106.7689526,32.2941683],[-106.7692355,32.294096]]}},{"type":"Feature","properties":{"highway":"service","name":""},"geometry":{"type":"LineString","coordinates":[[-106.7681695,32.2940769],[-106.7680709,32.2941046],[-106.7679799,32.2941628],[-106.7679025,32.2942123]]}},{"type":"Feature","properties":{"highway":"service","name":""},"geometry":{"type":"LineString","coordinates":[[-106.7689526,32.2941683],[-106.7688589,32.2938936],[-106.7686043,32.2939623],[-106.7684981,32.2939404],[-106.7682531,32.2940071],[-106.7681695,32.2940769]]}},{"type":"Feature","properties":{"highway":"service","name":""},"geometry":{"type":"LineString","coordinates":[[-106.7686043,32.2939623],[-106.7683926,32.2940192]]}},{"type":"Feature","properties":{"highway":"service","name":""},"geometry":{"type":"LineString","coordinates":[[-106.7683926,32.2940192],[-106.768307,32.2940417]]}},{"type":"Feature","properties":{"highway":"service","name":""},"geometry":{"type":"LineString","coordinates":[[-106.768307,32.2940417],[-106.7681695,32.2940769]]}},{"type":"Feature","properties":{"highway":"service","name":""},"geometry":{"type":"LineString","coordinates":[[-106.7565393,32.2863339],[-106.7564409,32.2859763],[-106.7561978,32.2860239],[-106.7562938,32.2863786]]}},{"type":"Feature","properties":{"highway":"service","name":""},"geometry":{"type":"LineString","coordinates":[[-106.7608232,32.2911495],[-106.7604344,32.2904848],[-106.7602379,32.2905568]]}},{"type":"Feature","properties":{"highway":"residential","name":""},"geometry":{"type":"LineString","coordinates":[[-106.7366318,32.2606165],[-106.7365959,32.2605827],[-106.7365674,32.260541],[-106.7363926,32.260272]]}},{"type":"Feature","properties":{"highway":"footway","name":""},"geometry":{"type":"LineString","coordinates":[[-106.7352067,32.2606687],[-106.735216,32.2606576],[-106.7352258,32.2606497],[-106.735235,32.2606445],[-106.735247,32.26064],[-106.735262,32.2606336],[-106.735278,32.2606295],[-106.7355545,32.2605914],[-106.7355704,32.2605891],[-106.7355925,32.2605869],[-106.7356288,32.260585],[-106.7356699,32.260585],[-106.735723,32.2605884],[-106.7357757,32.2605959],[-106.7358261,32.2606045],[-106.7358867,32.2606198],[-106.7359411,32.2606381],[-106.7359991,32.2606602],[-106.736042,32.2606778],[-106.7360982,32.2606939],[-106.7361499,32.2607047],[-106.7361986,32.2607148],[-106.7362446,32.2607208],[-106.736299,32.2607246],[-106.7363428,32.2607242],[-106.736395,32.2607223],[-106.7364397,32.2607204],[-106.7364906,32.2607152],[-106.7365521,32.2607032],[-106.7366149,32.2606842],[-106.7366697,32.2606681],[-106.7368193,32.2606202],[-106.7368361,32.2606138],[-106.7368556,32.2606131],[-106.7368777,32.2606142],[-106.736894,32.2606191],[-106.7369109,32.260628],[-106.7369241,32.2606374],[-106.7369361,32.2606524],[-106.7369436,32.2606692],[-106.7369489,32.260689],[-106.7369511,32.2607092],[-106.7369538,32.2607253],[-106.7369578,32.2607414]]}},{"type":"Feature","properties":{"highway":"residential","name":"Echinacea Lane"},"geometry":{"type":"LineString","coordinates":[[-106.7407176,32.2593246],[-106.7410212,32.2592266],[-106.7410928,32.2592038],[-106.7411583,32.2591914],[-106.7412068,32.2591908],[-106.7412507,32.2591999],[-106.7412892,32.2592175],[-106.7413277,32.2592449],[-106.74187,32.2597425],[-106.7419023,32.2597829],[-106.7419293,32.25982],[-106.7419493,32.2598539],[-106.7420819,32.2601384],[-106.7420959,32.260169],[-106.7421029,32.2601967]]}},{"type":"Feature","properties":{"highway":"residential","name":"Sunset Trails Road"},"geometry":{"type":"LineString","coordinates":[[-106.7412176,32.2604982],[-106.7407176,32.2593246]]}},{"type":"Feature","properties":{"highway":"residential","name":"Hibiscus Lane"},"geometry":{"type":"LineString","coordinates":[[-106.7421029,32.2601967],[-106.7420994,32.2602194],[-106.7420761,32.2602401],[-106.7419617,32.2602895],[-106.7418099,32.2603517],[-106.7417107,32.2603852],[-106.7416496,32.2604035],[-106.7416184,32.2604129],[-106.7414877,32.2604445],[-106.7412176,32.2604982]]}},{"type":"Feature","properties":{"highway":"residential","name":"Mellow Road"},"geometry":{"type":"LineString","coordinates":[[-106.7420994,32.2602194],[-106.7427245,32.260202]]}},{"type":"Feature","properties":{"highway":"residential","name":"Broadmoor Drive"},"geometry":{"type":"LineString","coordinates":[[-106.7416496,32.2604035],[-106.7418597,32.260715]]}},{"type":"Feature","properties":{"highway":"residential","name":""},"geometry":{"type":"LineString","coordinates":[[-106.7412507,32.2591999],[-106.7412558,32.2591075]]}},{"type":"Feature","properties":{"highway":"residential","name":""},"geometry":{"type":"LineString","coordinates":[[-106.7403227,32.2606373],[-106.7403008,32.26071]]}},{"type":"Feature","properties":{"highway":"residential","name":"Mimosa Lane"},"geometry":{"type":"LineString","coordinates":[[-106.7606591,32.2659448],[-106.7604982,32.266001],[-106.7604463,32.2660131],[-106.7587429,32.2664385],[-106.7586423,32.2664574],[-106.7585295,32.2664746],[-106.758435,32.2664823],[-106.7583557,32.2664797],[-106.758253,32.2664677],[-106.7581504,32.2664454],[-106.7580691,32.2664187],[-106.7579664,32.2663783],[-106.7578536,32.2663096],[-106.7572438,32.2658824],[-106.75723,32.2658728],[-106.756202,32.2651536],[-106.7560739,32.2650617],[-106.7560089,32.2650058],[-106.755954,32.2649396],[-106.7559042,32.2648692],[-106.7552873,32.2637278],[-106.7552593,32.2636554],[-106.755223,32.2635798],[-106.7551734,32.263484],[-106.7551168,32.2633972],[-106.7550549,32.2633082],[-106.7549885,32.2632192],[-106.7549266,32.2631466],[-106.7548257,32.2630501],[-106.7546249,32.2629034],[-106.7542034,32.2625971],[-106.7529762,32.261705],[-106.7529614,32.2616944],[-106.7522265,32.2611815],[-106.7520589,32.2610409],[-106.7519543,32.2609264],[-106.751786,32.2606637],[-106.7514487,32.2601371]]}},{"type":"Feature","properties":{"highway":"residential","name":"Lytton Circle"},"geometry":{"type":"LineString","coordinates":[[-106.7590066,32.2651223],[-106.7589323,32.2651956],[-106.7588491,32.2652525],[-106.7587058,32.2653034],[-106.7585607,32.2653363],[-106.7584032,32.2653662],[-106.7582298,32.2653916],[-106.7580882,32.2654066],[-106.7579573,32.265432],[-106.7578245,32.2654665],[-106.7577113,32.2655069],[-106.7576122,32.2655622],[-106.7575131,32.2656281],[-106.7574034,32.2657074],[-106.75723,32.2658728]]}},{"type":"Feature","properties":{"highway":"residential","name":"Los Nogales Drive"},"geometry":{"type":"LineString","coordinates":[[-106.7560089,32.2650058],[-106.7560799,32.2649467],[-106.7561924,32.2648906],[-106.7592316,32.2637629]]}},{"type":"Feature","properties":{"highway":"residential","name":"Pecan Drive"},"geometry":{"type":"LineString","coordinates":[[-106.7574253,32.2608725],[-106.7563014,32.2613649],[-106.7549849,32.2619417],[-106.7548092,32.2620358],[-106.7546147,32.2621866],[-106.7542034,32.2625971]]}},{"type":"Feature","properties":{"highway":"residential","name":"Violet Way"},"geometry":{"type":"LineString","coordinates":[[-106.7563014,32.2613649],[-106.7556667,32.2603326],[-106.7549935,32.2592378]]}},{"type":"Feature","properties":{"highway":"residential","name":"Clover Drive"},"geometry":{"type":"LineString","coordinates":[[-106.7556667,32.2603326],[-106.7533973,32.261348],[-106.7532733,32.2614237],[-106.7531595,32.261513],[-106.7529762,32.261705]]}},{"type":"Feature","properties":{"highway":"residential","name":"Astor Drive"},"geometry":{"type":"LineString","coordinates":[[-106.7560911,32.2587646],[-106.7549935,32.2592378],[-106.751786,32.2606637]]}},{"type":"Feature","properties":{"highway":"service","name":""},"geometry":{"type":"LineString","coordinates":[[-106.7363674,32.2891645],[-106.7362881,32.2890811],[-106.7358484,32.2886185]]}},{"type":"Feature","properties":{"highway":"service","name":""},"geometry":{"type":"LineString","coordinates":[[-106.7358484,32.2886185],[-106.73562,32.28878],[-106.7356089,32.288902],[-106.735539,32.288985]]}},{"type":"Feature","properties":{"highway":"service","name":""},"geometry":{"type":"LineString","coordinates":[[-106.7357045,32.2893542],[-106.735834,32.2892564]]}},{"type":"Feature","properties":{"highway":"service","name":""},"geometry":{"type":"LineString","coordinates":[[-106.735539,32.288985],[-106.7354429,32.2890893]]}},{"type":"Feature","properties":{"highway":"service","name":""},"geometry":{"type":"LineString","coordinates":[[-106.7353798,32.2894942],[-106.7355454,32.2895145]]}},{"type":"Feature","properties":{"highway":"service","name":""},"geometry":{"type":"LineString","coordinates":[[-106.73528,32.2894869],[-106.7353798,32.2894942]]}},{"type":"Feature","properties":{"highway":"service","name":""},"geometry":{"type":"LineString","coordinates":[[-106.7362881,32.2890811],[-106.7365409,32.2889101]]}},{"type":"Feature","properties":{"highway":"service","name":""},"geometry":{"type":"LineString","coordinates":[[-106.7358484,32.2886185],[-106.7360566,32.2884745]]}},{"type":"Feature","properties":{"highway":"service","name":""},"geometry":{"type":"LineString","coordinates":[[-106.73509,32.2894688],[-106.7351531,32.2895561],[-106.7351994,32.2896202],[-106.7353592,32.2896293],[-106.7354472,32.289575],[-106.7355454,32.2895145]]}},{"type":"Feature","properties":{"highway":"service","name":""},"geometry":{"type":"LineString","coordinates":[[-106.73509,32.2894688],[-106.73528,32.2894869]]}},{"type":"Feature","properties":{"highway":"service","name":""},"geometry":{"type":"LineString","coordinates":[[-106.7355454,32.2895145],[-106.7356109,32.2895998]]}},{"type":"Feature","properties":{"highway":"service","name":""},"geometry":{"type":"LineString","coordinates":[[-106.7351531,32.2895561],[-106.7352751,32.28956]]}},{"type":"Feature","properties":{"highway":"service","name":""},"geometry":{"type":"LineString","coordinates":[[-106.7353753,32.2895686],[-106.7354472,32.289575]]}},{"type":"Feature","properties":{"highway":"service","name":""},"geometry":{"type":"LineString","coordinates":[[-106.7352751,32.28956],[-106.7353753,32.2895686]]}},{"type":"Feature","properties":{"highway":"service","name":""},"geometry":{"type":"LineString","coordinates":[[-106.7597296,32.2837912],[-106.7597463,32.2838483],[-106.7597166,32.2839061],[-106.7592663,32.2839935],[-106.7592574,32.2839606],[-106.7592925,32.283931],[-106.7592525,32.2838057],[-106.7592107,32.2837844],[-106.7592055,32.2837656]]}},{"type":"Feature","properties":{"highway":"service","name":""},"geometry":{"type":"LineString","coordinates":[[-106.7592055,32.2837656],[-106.759697,32.2836695]]}},{"type":"Feature","properties":{"highway":"service","name":""},"geometry":{"type":"LineString","coordinates":[[-106.7597296,32.2837912],[-106.7593511,32.2838637]]}},{"type":"Feature","properties":{"highway":"service","name":""},"geometry":{"type":"LineString","coordinates":[[-106.7592574,32.2839606],[-106.7592181,32.2839476],[-106.7591824,32.2838198],[-106.7592107,32.2837844]]}},{"type":"Feature","properties":{"highway":"service","name":""},"geometry":{"type":"LineString","coordinates":[[-106.7596262,32.2834106],[-106.7596519,32.2835021],[-106.759697,32.2836695]]}},{"type":"Feature","properties":{"highway":"service","name":""},"geometry":{"type":"LineString","coordinates":[[-106.759697,32.2836695],[-106.7597296,32.2837912]]}},{"type":"Feature","properties":{"highway":"service","name":""},"geometry":{"type":"LineString","coordinates":[[-106.7599092,32.2833564],[-106.7599476,32.2834456],[-106.7599923,32.2835407],[-106.760089,32.2837813],[-106.7602361,32.283749],[-106.7603805,32.2837189],[-106.7602942,32.2834779],[-106.7602613,32.2833857],[-106.7602271,32.2832955]]}},{"type":"Feature","properties":{"highway":"service","name":""},"geometry":{"type":"LineString","coordinates":[[-106.7602942,32.2834779],[-106.760148,32.2835089],[-106.7599923,32.2835407]]}},{"type":"Feature","properties":{"highway":"service","name":""},"geometry":{"type":"LineString","coordinates":[[-106.7602361,32.283749],[-106.760148,32.2835089]]}},{"type":"Feature","properties":{"highway":"service","name":""},"geometry":{"type":"LineString","coordinates":[[-106.7486247,32.2882797],[-106.7490834,32.288148],[-106.7490372,32.2880278],[-106.7485612,32.2881508]]}},{"type":"Feature","properties":{"highway":"service","name":""},"geometry":{"type":"LineString","coordinates":[[-106.7580024,32.2888856],[-106.7576894,32.2889421]]}},{"type":"Feature","properties":{"highway":"service","name":""},"geometry":{"type":"LineString","coordinates":[[-106.7420231,32.2866742],[-106.7420388,32.2867327],[-106.742086,32.2869083],[-106.7421864,32.2868887],[-106.7423909,32.286848]]}},{"type":"Feature","properties":{"highway":"service","name":""},"geometry":{"type":"LineString","coordinates":[[-106.7423673,32.2875167],[-106.7424046,32.2875341],[-106.7424805,32.2875304],[-106.7426337,32.2874842],[-106.7426671,32.2874265],[-106.7425624,32.2870122],[-106.7425509,32.2869927]]}},{"type":"Feature","properties":{"highway":"service","name":""},"geometry":{"type":"LineString","coordinates":[[-106.7423673,32.2875167],[-106.7424865,32.2874932],[-106.7425867,32.287456],[-106.7426125,32.2873868],[-106.7425336,32.2870315],[-106.7425509,32.2869927]]}},{"type":"Feature","properties":{"highway":"service","name":""},"geometry":{"type":"LineString","coordinates":[[-106.7421864,32.2868887],[-106.7423673,32.2875167]]}},{"type":"Feature","properties":{"highway":"service","name":""},"geometry":{"type":"LineString","coordinates":[[-106.7426224,32.2869444],[-106.7425365,32.2869609]]}},{"type":"Feature","properties":{"highway":"service","name":""},"geometry":{"type":"LineString","coordinates":[[-106.7425365,32.2869609],[-106.7425123,32.2868968],[-106.7424531,32.2868391],[-106.7423909,32.286848]]}},{"type":"Feature","properties":{"highway":"service","name":""},"geometry":{"type":"LineString","coordinates":[[-106.7425509,32.2869927],[-106.7425365,32.2869609]]}},{"type":"Feature","properties":{"highway":"service","name":""},"geometry":{"type":"LineString","coordinates":[[-106.7409289,32.2872433],[-106.7411627,32.2871919]]}},{"type":"Feature","properties":{"highway":"service","name":""},"geometry":{"type":"LineString","coordinates":[[-106.7409289,32.2872433],[-106.7408741,32.2869964],[-106.7408632,32.2869473]]}},{"type":"Feature","properties":{"highway":"service","name":""},"geometry":{"type":"LineString","coordinates":[[-106.74125,32.2871474],[-106.7411873,32.2871005],[-106.7411376,32.2871013]]}},{"type":"Feature","properties":{"highway":"service","name":""},"geometry":{"type":"LineString","coordinates":[[-106.7412668,32.2872019],[-106.74125,32.2871474]]}},{"type":"Feature","properties":{"highway":"service","name":""},"geometry":{"type":"LineString","coordinates":[[-106.7405514,32.2875791],[-106.7405026,32.2875757],[-106.7404291,32.2875539]]}},{"type":"Feature","properties":{"highway":"service","name":""},"geometry":{"type":"LineString","coordinates":[[-106.7406774,32.2874953],[-106.7406507,32.2875419],[-106.7406115,32.2875676]]}},{"type":"Feature","properties":{"highway":"service","name":""},"geometry":{"type":"LineString","coordinates":[[-106.7406115,32.2875676],[-106.7405514,32.2875791]]}},{"type":"Feature","properties":{"highway":"service","name":""},"geometry":{"type":"LineString","coordinates":[[-106.7719256,32.2931446],[-106.7717603,32.2931815],[-106.7712639,32.2932925],[-106.7709115,32.2933713]]}},{"type":"Feature","properties":{"highway":"service","name":""},"geometry":{"type":"LineString","coordinates":[[-106.7717603,32.2931815],[-106.7717062,32.293011],[-106.7715719,32.2925879],[-106.7715483,32.2925135],[-106.7715234,32.292435]]}},{"type":"Feature","properties":{"highway":"service","name":""},"geometry":{"type":"LineString","coordinates":[[-106.7717062,32.293011],[-106.7711838,32.2931334],[-106.7708865,32.293203],[-106.7708016,32.2932229]]}},{"type":"Feature","properties":{"highway":"service","name":""},"geometry":{"type":"LineString","coordinates":[[-106.7708865,32.293203],[-106.7708596,32.2931075],[-106.7708481,32.2930881],[-106.7708125,32.2930667],[-106.7707987,32.2930541],[-106.7707059,32.292758],[-106.7706797,32.2926746]]}},{"type":"Feature","properties":{"highway":"service","name":""},"geometry":{"type":"LineString","coordinates":[[-106.7711838,32.2931334],[-106.7710375,32.2926618],[-106.7710122,32.2925802]]}},{"type":"Feature","properties":{"highway":"service","name":""},"geometry":{"type":"LineString","coordinates":[[-106.7715264,32.2940096],[-106.7715115,32.2939613],[-106.7714899,32.2938911],[-106.7714912,32.2938409],[-106.7714873,32.2937861],[-106.7714462,32.2936669],[-106.7713846,32.293488],[-106.7713776,32.2934679],[-106.7713446,32.2934344],[-106.7712971,32.2934154],[-106.7712639,32.2932925]]}},{"type":"Feature","properties":{"highway":"service","name":""},"geometry":{"type":"LineString","coordinates":[[-106.7713846,32.293488],[-106.7712416,32.2935215]]}},{"type":"Feature","properties":{"highway":"service","name":""},"geometry":{"type":"LineString","coordinates":[[-106.7714462,32.2936669],[-106.7712957,32.2937046]]}},{"type":"Feature","properties":{"highway":"service","name":""},"geometry":{"type":"LineString","coordinates":[[-106.7714912,32.2938409],[-106.7713525,32.2938721]]}},{"type":"Feature","properties":{"highway":"service","name":""},"geometry":{"type":"LineString","coordinates":[[-106.7715719,32.2925879],[-106.7715143,32.2926071],[-106.7714852,32.2926238],[-106.7714747,32.2926495],[-106.7714905,32.2927109]]}},{"type":"Feature","properties":{"highway":"service","name":""},"geometry":{"type":"LineString","coordinates":[[-106.7704062,32.2929701],[-106.7703745,32.2928816],[-106.7703656,32.2928568],[-106.7703353,32.2927724]]}},{"type":"Feature","properties":{"highway":"service","name":""},"geometry":{"type":"LineString","coordinates":[[-106.7704062,32.2929701],[-106.7703792,32.2930031],[-106.7703732,32.2930428],[-106.7704042,32.2931334],[-106.7701189,32.2932095]]}},{"type":"Feature","properties":{"highway":"service","name":""},"geometry":{"type":"LineString","coordinates":[[-106.7701189,32.2932095],[-106.7700623,32.2930674]]}},{"type":"Feature","properties":{"highway":"service","name":""},"geometry":{"type":"LineString","coordinates":[[-106.7701189,32.2932095],[-106.7699648,32.2932019],[-106.7699388,32.2931808],[-106.7699047,32.2930995],[-106.7698814,32.2930359],[-106.7698687,32.293001],[-106.7698357,32.2929108]]}},{"type":"Feature","properties":{"highway":"service","name":""},"geometry":{"type":"LineString","coordinates":[[-106.7701189,32.2932095],[-106.770181,32.2933864]]}},{"type":"Feature","properties":{"highway":"service","name":""},"geometry":{"type":"LineString","coordinates":[[-106.7705984,32.2929261],[-106.7704062,32.2929701]]}},{"type":"Feature","properties":{"highway":"service","name":""},"geometry":{"type":"LineString","coordinates":[[-106.7611953,32.291726],[-106.7611434,32.2916316]]}},{"type":"Feature","properties":{"highway":"service","name":""},"geometry":{"type":"LineString","coordinates":[[-106.7612232,32.2917732],[-106.7613293,32.2917325],[-106.7614597,32.2916825],[-106.7613308,32.2914327],[-106.761182,32.2914934],[-106.7610874,32.2915302],[-106.7609497,32.2915853],[-106.7608575,32.2916221]]}},{"type":"Feature","properties":{"highway":"service","name":""},"geometry":{"type":"LineString","coordinates":[[-106.7615431,32.2914791],[-106.7614877,32.2914997],[-106.7615364,32.2915896],[-106.7617428,32.2915066],[-106.7616902,32.2914245]]}},{"type":"Feature","properties":{"highway":"service","name":""},"geometry":{"type":"LineString","coordinates":[[-106.7616902,32.2914245],[-106.7616404,32.2913673],[-106.7614509,32.2914366],[-106.7614877,32.2914997]]}},{"type":"Feature","properties":{"highway":"service","name":""},"geometry":{"type":"LineString","coordinates":[[-106.7617945,32.2912024],[-106.7613268,32.2913849],[-106.7612663,32.2912764],[-106.7611879,32.291134],[-106.7611315,32.2910321]]}},{"type":"Feature","properties":{"highway":"service","name":""},"geometry":{"type":"LineString","coordinates":[[-106.7614197,32.2909202],[-106.7614759,32.2910243],[-106.7613418,32.2910754],[-106.7611879,32.291134]]}},{"type":"Feature","properties":{"highway":"service","name":""},"geometry":{"type":"LineString","coordinates":[[-106.7612867,32.2909718],[-106.7613418,32.2910754]]}},{"type":"Feature","properties":{"highway":"service","name":""},"geometry":{"type":"LineString","coordinates":[[-106.7611879,32.291134],[-106.7608796,32.2912435],[-106.760776,32.2912803],[-106.760861,32.2914295],[-106.7609497,32.2915853]]}},{"type":"Feature","properties":{"highway":"service","name":""},"geometry":{"type":"LineString","coordinates":[[-106.7617302,32.2910898],[-106.7612663,32.2912764]]}},{"type":"Feature","properties":{"highway":"service","name":""},"geometry":{"type":"LineString","coordinates":[[-106.7612663,32.2912764],[-106.760861,32.2914295],[-106.7607736,32.2914673]]}},{"type":"Feature","properties":{"highway":"service","name":""},"geometry":{"type":"LineString","coordinates":[[-106.7613268,32.2913849],[-106.7613308,32.2914327]]}},{"type":"Feature","properties":{"highway":"service","name":""},"geometry":{"type":"LineString","coordinates":[[-106.7613293,32.2917325],[-106.761182,32.2914934]]}},{"type":"Feature","properties":{"highway":"service","name":""},"geometry":{"type":"LineString","coordinates":[[-106.7608232,32.2911495],[-106.7608796,32.2912435]]}},{"type":"Feature","properties":{"highway":"service","name":""},"geometry":{"type":"LineString","coordinates":[[-106.7618829,32.291357],[-106.7617956,32.2913913],[-106.7616902,32.2914245],[-106.7616372,32.2914442]]}},{"type":"Feature","properties":{"highway":"service","name":""},"geometry":{"type":"LineString","coordinates":[[-106.7616372,32.2914442],[-106.7615431,32.2914791]]}},{"type":"Feature","properties":{"highway":"service","name":""},"geometry":{"type":"LineString","coordinates":[[-106.7611434,32.2916316],[-106.7610874,32.2915302]]}},{"type":"Feature","properties":{"highway":"service","name":""},"geometry":{"type":"LineString","coordinates":[[-106.7612657,32.2918533],[-106.7612232,32.2917732],[-106.7611953,32.291726]]}},{"type":"Feature","properties":{"highway":"service","name":""},"geometry":{"type":"LineString","coordinates":[[-106.7323491,32.2745834],[-106.7321122,32.2746349],[-106.7319975,32.2745786],[-106.731857,32.2742468]]}},{"type":"Feature","properties":{"highway":"service","name":""},"geometry":{"type":"LineString","coordinates":[[-106.7585133,32.2876502],[-106.757441,32.287899]]}},{"type":"Feature","properties":{"highway":"service","name":""},"geometry":{"type":"LineString","coordinates":[[-106.7582853,32.2872577],[-106.7572895,32.2874559]]}},{"type":"Feature","properties":{"highway":"service","name":""},"geometry":{"type":"LineString","coordinates":[[-106.752568,32.2927245],[-106.7526732,32.2928974],[-106.7527382,32.2930043],[-106.7529917,32.2933325],[-106.7526128,32.2935481]]}},{"type":"Feature","properties":{"highway":"service","name":""},"geometry":{"type":"LineString","coordinates":[[-106.752572,32.2936707],[-106.7526597,32.2936099],[-106.7526128,32.2935481],[-106.7525822,32.2935112],[-106.7524835,32.2935692]]}},{"type":"Feature","properties":{"highway":"service","name":""},"geometry":{"type":"LineString","coordinates":[[-106.7526732,32.2928974],[-106.7522829,32.2931022],[-106.7521423,32.2929383]]}},{"type":"Feature","properties":{"highway":"service","name":""},"geometry":{"type":"LineString","coordinates":[[-106.7521491,32.2931716],[-106.7522829,32.2931022],[-106.7523534,32.293187],[-106.7522299,32.2932666]]}},{"type":"Feature","properties":{"highway":"service","name":""},"geometry":{"type":"LineString","coordinates":[[-106.7531346,32.2934741],[-106.7529917,32.2933325]]}},{"type":"Feature","properties":{"highway":"service","name":""},"geometry":{"type":"LineString","coordinates":[[-106.7524796,32.2933606],[-106.7523534,32.293187]]}},{"type":"Feature","properties":{"highway":"service","name":""},"geometry":{"type":"LineString","coordinates":[[-106.7577795,32.2845098],[-106.7577318,32.2843557]]}},{"type":"Feature","properties":{"highway":"service","name":""},"geometry":{"type":"LineString","coordinates":[[-106.7257696,32.2695412],[-106.7261616,32.2699004],[-106.726142,32.2699451],[-106.7259281,32.2699928]]}},{"type":"Feature","properties":{"highway":"secondary","name":"El Paseo Road"},"geometry":{"type":"LineString","coordinates":[[-106.7674952,32.2938477],[-106.7673779,32.2937428],[-106.767269,32.2936453]]}},{"type":"Feature","properties":{"highway":"service","name":""},"geometry":{"type":"LineString","coordinates":[[-106.7673206,32.2939844],[-106.7670487,32.2941972]]}},{"type":"Feature","properties":{"highway":"secondary","name":"El Paseo Road"},"geometry":{"type":"LineString","coordinates":[[-106.7676582,32.2939936],[-106.76755,32.2938968]]}},{"type":"Feature","properties":{"highway":"secondary","name":"El Paseo Road"},"geometry":{"type":"LineString","coordinates":[[-106.76755,32.2938968],[-106.7674952,32.2938477]]}},{"type":"Feature","properties":{"highway":"service","name":""},"geometry":{"type":"LineString","coordinates":[[-106.7678921,32.2938883],[-106.7678425,32.2937648],[-106.7678494,32.2937368],[-106.7678673,32.2937089],[-106.7683442,32.2935586]]}},{"type":"Feature","properties":{"highway":"secondary","name":"El Paseo Road"},"geometry":{"type":"LineString","coordinates":[[-106.7677508,32.2940765],[-106.7676582,32.2939936]]}},{"type":"Feature","properties":{"highway":"secondary","name":"El Paseo Road"},"geometry":{"type":"LineString","coordinates":[[-106.7679025,32.2942123],[-106.7677508,32.2940765]]}},{"type":"Feature","properties":{"highway":"secondary","name":"El Paseo Road"},"geometry":{"type":"LineString","coordinates":[[-106.7679725,32.2942749],[-106.7679025,32.2942123]]}},{"type":"Feature","properties":{"highway":"secondary","name":"El Paseo Road"},"geometry":{"type":"LineString","coordinates":[[-106.768053,32.2943474],[-106.7679725,32.2942749]]}},{"type":"Feature","properties":{"highway":"service","name":""},"geometry":{"type":"LineString","coordinates":[[-106.7704138,32.283723],[-106.7705276,32.2836547]]}},{"type":"Feature","properties":{"highway":"service","name":""},"geometry":{"type":"LineString","coordinates":[[-106.7702,32.2838156],[-106.7703157,32.283777],[-106.7704138,32.283723]]}},{"type":"Feature","properties":{"highway":"service","name":""},"geometry":{"type":"LineString","coordinates":[[-106.7705276,32.2836547],[-106.7705663,32.2836312],[-106.7705847,32.2835789]]}},{"type":"Feature","properties":{"highway":"service","name":""},"geometry":{"type":"LineString","coordinates":[[-106.7638982,32.291106],[-106.7640808,32.2913787],[-106.764224,32.2913436],[-106.7642782,32.2913303],[-106.7644981,32.2912764],[-106.7642966,32.2908805],[-106.7641092,32.2909396],[-106.7640815,32.2909615],[-106.7638982,32.291106]]}},{"type":"Feature","properties":{"highway":"service","name":""},"geometry":{"type":"LineString","coordinates":[[-106.7642782,32.2913303],[-106.7640815,32.2909615]]}},{"type":"Feature","properties":{"highway":"service","name":""},"geometry":{"type":"LineString","coordinates":[[-106.764224,32.2913436],[-106.7642608,32.2914624]]}},{"type":"Feature","properties":{"highway":"service","name":""},"geometry":{"type":"LineString","coordinates":[[-106.7645431,32.2908194],[-106.7642966,32.2908805]]}},{"type":"Feature","properties":{"highway":"service","name":""},"geometry":{"type":"LineString","coordinates":[[-106.7503769,32.2915375],[-106.750308,32.2914672],[-106.7498188,32.2917844],[-106.7499309,32.2919181],[-106.750423,32.2915957],[-106.7503769,32.2915375]]}},{"type":"Feature","properties":{"highway":"service","name":""},"geometry":{"type":"LineString","coordinates":[[-106.7506177,32.291389],[-106.7503769,32.2915375]]}},{"type":"Feature","properties":{"highway":"service","name":""},"geometry":{"type":"LineString","coordinates":[[-106.7498763,32.289344],[-106.7498149,32.2891382]]}},{"type":"Feature","properties":{"highway":"service","name":""},"geometry":{"type":"LineString","coordinates":[[-106.7632471,32.2932439],[-106.7633279,32.2931911],[-106.7632357,32.2930042],[-106.7631967,32.2929253]]}},{"type":"Feature","properties":{"highway":"service","name":""},"geometry":{"type":"LineString","coordinates":[[-106.7633279,32.2931911],[-106.7633574,32.2932215],[-106.7634783,32.2931792]]}},{"type":"Feature","properties":{"highway":"service","name":""},"geometry":{"type":"LineString","coordinates":[[-106.7634369,32.2928586],[-106.7634721,32.2929309],[-106.7635054,32.2929992]]}},{"type":"Feature","properties":{"highway":"service","name":""},"geometry":{"type":"LineString","coordinates":[[-106.7634721,32.2929309],[-106.7632357,32.2930042]]}},{"type":"Feature","properties":{"highway":"tertiary","name":"Las Alturas Drive"},"geometry":{"type":"LineString","coordinates":[[-106.7357886,32.2875974],[-106.7357802,32.2875517],[-106.7357945,32.2873918]]}},{"type":"Feature","properties":{"highway":"tertiary","name":"Las Alturas Drive"},"geometry":{"type":"LineString","coordinates":[[-106.7357945,32.2873918],[-106.7358403,32.2872035],[-106.7365527,32.2859482],[-106.7368102,32.2855128],[-106.7369556,32.2852153],[-106.7370629,32.2849069],[-106.7371702,32.2845849],[-106.7372185,32.2841223],[-106.7371863,32.2836824],[-106.7365648,32.2817658],[-106.7363051,32.2808921],[-106.7360238,32.2800188]]}},{"type":"Feature","properties":{"highway":"footway","name":""},"geometry":{"type":"LineString","coordinates":[[-106.7683941,32.2948066],[-106.7681239,32.2945635],[-106.767966,32.2944214],[-106.7678796,32.2943437],[-106.7676606,32.2941467],[-106.7675674,32.2940628],[-106.767406,32.2939176],[-106.767304,32.2938258],[-106.7672891,32.2938117],[-106.7672843,32.2938057],[-106.7672829,32.2938008],[-106.7672833,32.293796],[-106.7672868,32.2937896]]}},{"type":"Feature","properties":{"highway":"footway","name":""},"geometry":{"type":"LineString","coordinates":[[-106.7687293,32.2948145],[-106.7688971,32.2949724],[-106.7689427,32.2950147],[-106.768993,32.2950614],[-106.7690911,32.2951457],[-106.7691369,32.295186],[-106.7691875,32.2952306],[-106.7692782,32.2953125],[-106.769327,32.2953566],[-106.7693695,32.295395],[-106.7696066,32.295609]]}},{"type":"Feature","properties":{"highway":"footway","name":""},"geometry":{"type":"LineString","coordinates":[[-106.7685358,32.2946498],[-106.7686199,32.2947214],[-106.7687293,32.2948145]]}},{"type":"Feature","properties":{"highway":"footway","name":""},"geometry":{"type":"LineString","coordinates":[[-106.7699047,32.2961719],[-106.7695421,32.2958441],[-106.7692845,32.2956111],[-106.7690638,32.2954115],[-106.7685298,32.2949287]]}},{"type":"Feature","properties":{"highway":"footway","name":""},"geometry":{"type":"LineString","coordinates":[[-106.7685298,32.2949287],[-106.7684497,32.2948566],[-106.7683941,32.2948066]]}},{"type":"Feature","properties":{"highway":"footway","name":""},"geometry":{"type":"LineString","coordinates":[[-106.767581,32.2936989],[-106.7675851,32.2937003],[-106.7675861,32.2937065],[-106.7675811,32.2937228],[-106.7675774,32.2937621],[-106.7675803,32.2937868],[-106.767596,32.2938117],[-106.7676573,32.2938686],[-106.7677208,32.2939177],[-106.7677547,32.2939501],[-106.7679448,32.294132],[-106.7679799,32.2941628],[-106.7685358,32.2946498]]}},{"type":"Feature","properties":{"highway":"footway","name":""},"geometry":{"type":"LineString","coordinates":[[-106.7675106,32.2936903],[-106.7675546,32.2936957],[-106.767581,32.2936989]]}},{"type":"Feature","properties":{"highway":"footway","name":""},"geometry":{"type":"LineString","coordinates":[[-106.7674598,32.2937007],[-106.7674911,32.2936943],[-106.7675106,32.2936903]]}},{"type":"Feature","properties":{"highway":"footway","name":""},"geometry":{"type":"LineString","coordinates":[[-106.7672868,32.2937896],[-106.7673779,32.2937428],[-106.7674598,32.2937007]]}},{"type":"Feature","properties":{"highway":"footway","name":""},"geometry":{"type":"LineString","coordinates":[[-106.7697367,32.2830957],[-106.7694355,32.2829519],[-106.769339,32.2829058],[-106.7689522,32.2826898],[-106.7688712,32.2826404],[-106.7687721,32.28258],[-106.7685962,32.2824711],[-106.7683025,32.2822894],[-106.7679977,32.2821007]]}},{"type":"Feature","properties":{"highway":"footway","name":""},"geometry":{"type":"LineString","coordinates":[[-106.7679977,32.2821007],[-106.7680995,32.2820537],[-106.7682333,32.2819919],[-106.7683421,32.2819416]]}},{"type":"Feature","properties":{"highway":"footway","name":""},"geometry":{"type":"LineString","coordinates":[[-106.7710974,32.2836623],[-106.7706494,32.2834826],[-106.77015,32.2832822],[-106.7699587,32.2832055]]}},{"type":"Feature","properties":{"highway":"footway","name":""},"geometry":{"type":"LineString","coordinates":[[-106.7699587,32.2832055],[-106.7698448,32.2831492],[-106.7697367,32.2830957]]}},{"type":"Feature","properties":{"highway":"footway","name":""},"geometry":{"type":"LineString","coordinates":[[-106.7431761,32.2862802],[-106.7431289,32.2862706],[-106.7428788,32.2862927],[-106.7425828,32.2863324],[-106.7424017,32.2863646],[-106.7422823,32.2863768],[-106.7421753,32.2863776],[-106.7420857,32.2863898],[-106.7419375,32.286422],[-106.7416936,32.2864846],[-106.7414188,32.2865682],[-106.7410998,32.2866839],[-106.7407818,32.2868214],[-106.7406583,32.2868753],[-106.7405224,32.2869223],[-106.7403783,32.2869623],[-106.7403266,32.2869746]]}},{"type":"Feature","properties":{"highway":"footway","name":""},"geometry":{"type":"LineString","coordinates":[[-106.7370501,32.2878288],[-106.7370465,32.2878345],[-106.7370344,32.2878372],[-106.7369578,32.2878398],[-106.7369001,32.2878451],[-106.7368266,32.2878652],[-106.7367299,32.2879012],[-106.7366168,32.2879609],[-106.7365605,32.2879799],[-106.7364793,32.2880026],[-106.7364168,32.288028],[-106.7363631,32.2880591],[-106.7363337,32.2880903],[-106.7363217,32.2881164]]}},{"type":"Feature","properties":{"highway":"footway","name":""},"geometry":{"type":"LineString","coordinates":[[-106.7370528,32.2877569],[-106.7370523,32.2877707],[-106.7370501,32.2878288]]}},{"type":"Feature","properties":{"highway":"footway","name":""},"geometry":{"type":"LineString","coordinates":[[-106.7383705,32.2874349],[-106.7376125,32.2876034],[-106.7370777,32.28773],[-106.7370586,32.2877379],[-106.7370523,32.287747],[-106.7370528,32.2877569]]}},{"type":"Feature","properties":{"highway":"footway","name":""},"geometry":{"type":"LineString","coordinates":[[-106.7390799,32.2872836],[-106.738979,32.2873022],[-106.7383705,32.2874349]]}},{"type":"Feature","properties":{"highway":"footway","name":""},"geometry":{"type":"LineString","coordinates":[[-106.7392859,32.2872575],[-106.7391927,32.2872831],[-106.7391322,32.2872997]]}},{"type":"Feature","properties":{"highway":"footway","name":""},"geometry":{"type":"LineString","coordinates":[[-106.7391322,32.2872997],[-106.7391144,32.287298],[-106.7390989,32.287289],[-106.7390799,32.2872836]]}},{"type":"Feature","properties":{"highway":"footway","name":""},"geometry":{"type":"LineString","coordinates":[[-106.7389856,32.2870092],[-106.7382951,32.2871661]]}},{"type":"Feature","properties":{"highway":"footway","name":""},"geometry":{"type":"LineString","coordinates":[[-106.7378932,32.2872788],[-106.7378902,32.2872919],[-106.7375619,32.2873681],[-106.7371888,32.2874477],[-106.7371502,32.2874504],[-106.7371045,32.2874523],[-106.7370768,32.2874553]]}},{"type":"Feature","properties":{"highway":"footway","name":""},"geometry":{"type":"LineString","coordinates":[[-106.7378961,32.2872084],[-106.7378955,32.2872236],[-106.7378932,32.2872788]]}},{"type":"Feature","properties":{"highway":"footway","name":""},"geometry":{"type":"LineString","coordinates":[[-106.7382951,32.2871661],[-106.7382046,32.2871822],[-106.7380385,32.2871971],[-106.7378969,32.2871978],[-106.7378961,32.2872084]]}},{"type":"Feature","properties":{"highway":"footway","name":""},"geometry":{"type":"LineString","coordinates":[[-106.7393211,32.2872267],[-106.7392944,32.2871438],[-106.7392888,32.2871265]]}},{"type":"Feature","properties":{"highway":"footway","name":""},"geometry":{"type":"LineString","coordinates":[[-106.7390692,32.2869919],[-106.7389856,32.2870092]]}},{"type":"Feature","properties":{"highway":"footway","name":""},"geometry":{"type":"LineString","coordinates":[[-106.7391712,32.2869699],[-106.7390988,32.2869855],[-106.7390692,32.2869919]]}},{"type":"Feature","properties":{"highway":"footway","name":""},"geometry":{"type":"LineString","coordinates":[[-106.7402643,32.2867028],[-106.7404386,32.2866504],[-106.7405493,32.2866106],[-106.7406652,32.2865569],[-106.7407826,32.2865116],[-106.7408776,32.2864837],[-106.7409769,32.2864557],[-106.7411573,32.2863894],[-106.7413926,32.2863009],[-106.7415477,32.2862523],[-106.7416793,32.2862125],[-106.7418301,32.2861742],[-106.7420436,32.2861271],[-106.7423094,32.2860718],[-106.7425177,32.2860394],[-106.7427652,32.2860055],[-106.7430414,32.2859819],[-106.7430958,32.2859628]]}},{"type":"Feature","properties":{"highway":"footway","name":""},"geometry":{"type":"LineString","coordinates":[[-106.7394965,32.2868899],[-106.7402643,32.2867028]]}},{"type":"Feature","properties":{"highway":"footway","name":""},"geometry":{"type":"LineString","coordinates":[[-106.7393043,32.2868913],[-106.73938,32.2869004],[-106.7394451,32.2868987],[-106.7394965,32.2868899]]}},{"type":"Feature","properties":{"highway":"footway","name":""},"geometry":{"type":"LineString","coordinates":[[-106.7392828,32.2869583],[-106.7392915,32.2869311],[-106.7393043,32.2868913]]}},{"type":"Feature","properties":{"highway":"footway","name":""},"geometry":{"type":"LineString","coordinates":[[-106.7392307,32.2869619],[-106.7392725,32.2869599],[-106.7392828,32.2869583]]}},{"type":"Feature","properties":{"highway":"footway","name":""},"geometry":{"type":"LineString","coordinates":[[-106.7392502,32.2869986],[-106.7392307,32.2869619],[-106.7391712,32.2869699]]}},{"type":"Feature","properties":{"highway":"footway","name":""},"geometry":{"type":"LineString","coordinates":[[-106.7392761,32.2870862],[-106.7392533,32.2870092],[-106.7392502,32.2869986]]}},{"type":"Feature","properties":{"highway":"footway","name":""},"geometry":{"type":"LineString","coordinates":[[-106.7392888,32.2871265],[-106.7392761,32.2870862]]}},{"type":"Feature","properties":{"highway":"footway","name":""},"geometry":{"type":"LineString","coordinates":[[-106.7393231,32.2872487],[-106.7393211,32.2872267]]}},{"type":"Feature","properties":{"highway":"footway","name":""},"geometry":{"type":"LineString","coordinates":[[-106.7394819,32.2871801],[-106.7394161,32.2871964],[-106.7393752,32.2872364],[-106.7393231,32.2872487],[-106.7392859,32.2872575]]}},{"type":"Feature","properties":{"highway":"footway","name":""},"geometry":{"type":"LineString","coordinates":[[-106.7403266,32.2869746],[-106.7399564,32.2870624],[-106.7394819,32.2871801]]}},{"type":"Feature","properties":{"highway":"footway","name":""},"geometry":{"type":"LineString","coordinates":[[-106.7431337,32.2859254],[-106.7431418,32.2858777],[-106.7431263,32.2858211],[-106.743103,32.2857882],[-106.7430488,32.2857399],[-106.7429907,32.285714],[-106.7429389,32.2857003],[-106.7428602,32.2857008],[-106.7427927,32.285714],[-106.7426483,32.2857636],[-106.7422404,32.2858986],[-106.7417433,32.2860631],[-106.7415707,32.2861144],[-106.7413944,32.2861596],[-106.7412437,32.2861771],[-106.7410322,32.2861874]]}},{"type":"Feature","properties":{"highway":"footway","name":""},"geometry":{"type":"LineString","coordinates":[[-106.7402229,32.2862389],[-106.7402206,32.2862298],[-106.7402096,32.2861863]]}},{"type":"Feature","properties":{"highway":"footway","name":""},"geometry":{"type":"LineString","coordinates":[[-106.7402259,32.2860719],[-106.7402285,32.2860595],[-106.7402361,32.2860228]]}},{"type":"Feature","properties":{"highway":"footway","name":""},"geometry":{"type":"LineString","coordinates":[[-106.7402361,32.2860228],[-106.740241,32.2860048]]}},{"type":"Feature","properties":{"highway":"footway","name":""},"geometry":{"type":"LineString","coordinates":[[-106.7402191,32.2861042],[-106.7402259,32.2860719]]}},{"type":"Feature","properties":{"highway":"footway","name":""},"geometry":{"type":"LineString","coordinates":[[-106.7402077,32.2861626],[-106.7402136,32.2861323],[-106.7402191,32.2861042]]}},{"type":"Feature","properties":{"highway":"footway","name":""},"geometry":{"type":"LineString","coordinates":[[-106.7402096,32.2861863],[-106.7402077,32.2861626]]}},{"type":"Feature","properties":{"highway":"footway","name":""},"geometry":{"type":"LineString","coordinates":[[-106.7402254,32.286249],[-106.7402229,32.2862389]]}},{"type":"Feature","properties":{"highway":"footway","name":""},"geometry":{"type":"LineString","coordinates":[[-106.7402604,32.2863317],[-106.740291,32.286284],[-106.7403376,32.2862383]]}},{"type":"Feature","properties":{"highway":"footway","name":""},"geometry":{"type":"LineString","coordinates":[[-106.7401406,32.2870562],[-106.7401226,32.2869992],[-106.7401197,32.2869511],[-106.7401241,32.2868682],[-106.7401347,32.2867198],[-106.7401424,32.2866936],[-106.7401444,32.2866669],[-106.7401434,32.2866411],[-106.7401319,32.2865746],[-106.7401306,32.2865525],[-106.7401353,32.2865279],[-106.7401501,32.2864907]]}},{"type":"Feature","properties":{"highway":"footway","name":""},"geometry":{"type":"LineString","coordinates":[[-106.7652677,32.294294],[-106.7652599,32.2942961],[-106.7652477,32.2942944],[-106.7652353,32.2942916],[-106.7652236,32.2942916],[-106.7652107,32.2942927],[-106.7651965,32.2942959],[-106.7651662,32.2943068],[-106.7649978,32.2943762],[-106.76481,32.2944322],[-106.7645669,32.2945021],[-106.7644071,32.2945534],[-106.7643824,32.2945593],[-106.764343,32.2945648],[-106.7642989,32.2945709],[-106.7640715,32.2946106],[-106.7637658,32.2946648],[-106.76373,32.294669],[-106.763688,32.2946686],[-106.7636605,32.294665],[-106.7636026,32.2946642],[-106.763568,32.294666],[-106.7635336,32.2946734],[-106.762959,32.2947713],[-106.7629367,32.2947773],[-106.7629211,32.2947863],[-106.7629096,32.2947953],[-106.7629012,32.294803],[-106.762894,32.2948086],[-106.7628803,32.2948201],[-106.762872,32.2948238],[-106.7628648,32.294824],[-106.7628597,32.2948227],[-106.7628575,32.2948214]]}},{"type":"Feature","properties":{"highway":"footway","name":""},"geometry":{"type":"LineString","coordinates":[[-106.7674684,32.2936698],[-106.7674911,32.2936943]]}},{"type":"Feature","properties":{"highway":"footway","name":""},"geometry":{"type":"LineString","coordinates":[[-106.7673391,32.2935136],[-106.7674089,32.2936055],[-106.7674684,32.2936698]]}},{"type":"Feature","properties":{"highway":"footway","name":""},"geometry":{"type":"LineString","coordinates":[[-106.7672535,32.2935018],[-106.7672704,32.2934928],[-106.7672752,32.2934922],[-106.7672794,32.2934935],[-106.767285,32.2934949],[-106.7673008,32.293498],[-106.7673129,32.2935006],[-106.7673224,32.2935029],[-106.7673344,32.2935066],[-106.7673391,32.2935136]]}},{"type":"Feature","properties":{"highway":"footway","name":""},"geometry":{"type":"LineString","coordinates":[[-106.767035,32.2935807],[-106.7671451,32.2935427],[-106.7672535,32.2935018]]}},{"type":"Feature","properties":{"highway":"footway","name":""},"geometry":{"type":"LineString","coordinates":[[-106.7671934,32.2937748],[-106.7671051,32.2936819],[-106.7670356,32.2936087]]}},{"type":"Feature","properties":{"highway":"footway","name":""},"geometry":{"type":"LineString","coordinates":[[-106.7670356,32.2936087],[-106.7670181,32.2935877]]}},{"type":"Feature","properties":{"highway":"footway","name":""},"geometry":{"type":"LineString","coordinates":[[-106.7670021,32.2935873],[-106.7670181,32.2935877],[-106.7670248,32.2935864],[-106.767035,32.2935807]]}},{"type":"Feature","properties":{"highway":"footway","name":""},"geometry":{"type":"LineString","coordinates":[[-106.7672025,32.2937856],[-106.7671934,32.2937748]]}},{"type":"Feature","properties":{"highway":"footway","name":""},"geometry":{"type":"LineString","coordinates":[[-106.7669386,32.2935803],[-106.7669773,32.2935846],[-106.7670021,32.2935873]]}},{"type":"Feature","properties":{"highway":"footway","name":""},"geometry":{"type":"LineString","coordinates":[[-106.7675851,32.2937003],[-106.7675867,32.293686],[-106.7675902,32.2936733],[-106.7675954,32.2936618],[-106.7676043,32.2936499],[-106.7676153,32.2936409],[-106.7676314,32.2936324],[-106.7676765,32.2936177],[-106.7682811,32.2934464],[-106.7697074,32.2930474]]}},{"type":"Feature","properties":{"highway":"footway","name":""},"geometry":{"type":"LineString","coordinates":[[-106.7673344,32.2935066],[-106.7673674,32.2934985],[-106.7675975,32.2934396],[-106.7685288,32.2931753],[-106.7695375,32.2928842],[-106.7695581,32.2928759],[-106.769571,32.2928679],[-106.769588,32.2928604],[-106.7696022,32.2928568],[-106.7696144,32.2928561],[-106.7696256,32.2928598],[-106.7696312,32.2928634]]}},{"type":"Feature","properties":{"highway":"footway","name":""},"geometry":{"type":"LineString","coordinates":[[-106.7717755,32.2924751],[-106.7717767,32.2924705],[-106.7717778,32.2924641],[-106.7717809,32.2924573],[-106.7717866,32.2924515],[-106.7717967,32.2924464],[-106.7722931,32.2923009],[-106.7723127,32.2922981],[-106.7723283,32.292299],[-106.7723363,32.292299],[-106.7723401,32.2922985],[-106.7724414,32.2922712],[-106.7724438,32.2922702],[-106.7724458,32.2922677],[-106.7724482,32.292263],[-106.7724518,32.2922584],[-106.7724601,32.2922546],[-106.7724716,32.2922505],[-106.7728972,32.2920825],[-106.7729099,32.2920767],[-106.7729216,32.2920743],[-106.7729312,32.2920738],[-106.7729382,32.2920755],[-106.7729457,32.2920767],[-106.772955,32.2920754],[-106.7730407,32.2920391],[-106.7730459,32.2920353],[-106.7730493,32.2920291],[-106.7730502,32.2920209],[-106.7730556,32.2920095],[-106.7730659,32.2920017],[-106.773079,32.2919928],[-106.7731112,32.2919763],[-106.7732482,32.2919065],[-106.7732645,32.2918981],[-106.773304,32.2918756],[-106.7733963,32.2918149],[-106.77345,32.2917788],[-106.7739733,32.2914274],[-106.7743005,32.2912077],[-106.7743846,32.2911513],[-106.7746342,32.2909809],[-106.774936,32.2907749],[-106.7751138,32.2906556],[-106.7756033,32.290327],[-106.7756612,32.2902868],[-106.7756757,32.2902765],[-106.7756993,32.2902606],[-106.7757163,32.2902529],[-106.7757387,32.2902468],[-106.7757644,32.2902428],[-106.7757791,32.2902408],[-106.7757846,32.2902382],[-106.7757862,32.2902354],[-106.7757868,32.2902322],[-106.7757852,32.2902293]]}},{"type":"Feature","properties":{"highway":"footway","name":""},"geometry":{"type":"LineString","coordinates":[[-106.7696312,32.2928634],[-106.7696707,32.2929595],[-106.7697045,32.2930414]]}},{"type":"Feature","properties":{"highway":"footway","name":""},"geometry":{"type":"LineString","coordinates":[[-106.7672833,32.293796],[-106.7672653,32.2937877],[-106.7672422,32.2937817],[-106.7672181,32.293782],[-106.7672025,32.2937856],[-106.767187,32.2937891],[-106.7670255,32.2938275],[-106.7668468,32.2938671],[-106.7666031,32.2938927],[-106.7664975,32.2939024],[-106.7663894,32.2939199],[-106.7662658,32.2939486],[-106.7662223,32.2939596],[-106.7659858,32.2940193],[-106.7657931,32.2940679],[-106.765729,32.2940871],[-106.7656467,32.2941151],[-106.7654611,32.2941847],[-106.7654153,32.2942016],[-106.7654038,32.2942128],[-106.7653975,32.2942248],[-106.7653938,32.2942394],[-106.7653908,32.2942425],[-106.7653868,32.2942456]]}},{"type":"Feature","properties":{"highway":"footway","name":""},"geometry":{"type":"LineString","coordinates":[[-106.7653868,32.2942456],[-106.7653435,32.2942632],[-106.7652677,32.294294]]}},{"type":"Feature","properties":{"highway":"footway","name":""},"geometry":{"type":"LineString","coordinates":[[-106.7653058,32.294054],[-106.765631,32.2939356],[-106.7656982,32.2939148],[-106.7658491,32.2938691],[-106.7668852,32.2936371],[-106.7669053,32.2936273],[-106.7669196,32.2936128],[-106.7669251,32.2935996],[-106.7669296,32.2935868],[-106.7669315,32.2935827],[-106.7669346,32.29358],[-106.7669386,32.2935803]]}},{"type":"Feature","properties":{"highway":"footway","name":""},"geometry":{"type":"LineString","coordinates":[[-106.7651394,32.2941135],[-106.7652098,32.2940884],[-106.7653058,32.294054]]}},{"type":"Feature","properties":{"highway":"footway","name":""},"geometry":{"type":"LineString","coordinates":[[-106.7640753,32.2943782],[-106.7640807,32.294376],[-106.7640834,32.2943731],[-106.7640867,32.2943715],[-106.7640916,32.2943712],[-106.7640979,32.2943716],[-106.7641079,32.2943732],[-106.7641163,32.2943744],[-106.764127,32.2943744],[-106.7644322,32.2943223],[-106.7644883,32.2943132],[-106.7645555,32.2942985],[-106.7648441,32.2942231],[-106.7651394,32.2941135]]}},{"type":"Feature","properties":{"highway":"footway","name":""},"geometry":{"type":"LineString","coordinates":[[-106.7639126,32.2944031],[-106.7639958,32.2943904],[-106.7640753,32.2943782]]}},{"type":"Feature","properties":{"highway":"footway","name":""},"geometry":{"type":"LineString","coordinates":[[-106.7627559,32.2945977],[-106.7627548,32.2945916],[-106.7627551,32.2945868],[-106.7627574,32.2945821],[-106.7627635,32.2945779],[-106.7634523,32.2944561],[-106.7635274,32.2944448],[-106.7635609,32.2944429],[-106.7636174,32.2944457],[-106.7636727,32.294451],[-106.7636927,32.2944501],[-106.7637222,32.2944448],[-106.7638416,32.2944231],[-106.7638613,32.2944143],[-106.7638732,32.2944065],[-106.7638818,32.294402],[-106.7638921,32.2944009],[-106.7639012,32.2944029],[-106.7639071,32.2944039],[-106.7639126,32.2944031]]}},{"type":"Feature","properties":{"highway":"footway","name":""},"geometry":{"type":"LineString","coordinates":[[-106.7628575,32.2948214],[-106.7628044,32.2947046],[-106.7627559,32.2945977]]}},{"type":"Feature","properties":{"highway":"footway","name":""},"geometry":{"type":"LineString","coordinates":[[-106.7697045,32.2930414],[-106.7697074,32.2930474],[-106.7698687,32.293001],[-106.7703656,32.2928568],[-106.7707059,32.292758],[-106.7710375,32.2926618],[-106.7715483,32.2925135],[-106.7716082,32.2924962],[-106.7716174,32.2924952],[-106.7716229,32.2924973],[-106.7716328,32.2925009],[-106.7716403,32.2925047],[-106.7716452,32.2925064],[-106.7716506,32.2925066]]}},{"type":"Feature","properties":{"highway":"footway","name":""},"geometry":{"type":"LineString","coordinates":[[-106.7716506,32.2925066],[-106.7717188,32.2924908],[-106.7717722,32.2924784],[-106.7717755,32.2924751]]}},{"type":"Feature","properties":{"highway":"footway","name":""},"geometry":{"type":"LineString","coordinates":[[-106.7698993,32.2927532],[-106.7704752,32.2925908],[-106.772046,32.2921339],[-106.7727651,32.2919008],[-106.7729081,32.2918323],[-106.7729301,32.2918217],[-106.7730035,32.2917865],[-106.7735229,32.2914663]]}},{"type":"Feature","properties":{"highway":"footway","name":""},"geometry":{"type":"LineString","coordinates":[[-106.7696894,32.2928229],[-106.7697876,32.2927902],[-106.7698993,32.2927532]]}},{"type":"Feature","properties":{"highway":"footway","name":""},"geometry":{"type":"LineString","coordinates":[[-106.7696144,32.2928561],[-106.7696894,32.2928229]]}},{"type":"Feature","properties":{"highway":"footway","name":""},"geometry":{"type":"LineString","coordinates":[[-106.7411791,32.2928524],[-106.7407826,32.2916384]]}},{"type":"Feature","properties":{"highway":"footway","name":""},"geometry":{"type":"LineString","coordinates":[[-106.7426613,32.2868147],[-106.7428867,32.2868665],[-106.7429751,32.2868826],[-106.7430428,32.2868862],[-106.7431131,32.2868782],[-106.7431824,32.2868652],[-106.7432517,32.286833],[-106.7433216,32.2867847],[-106.743375,32.2867333],[-106.7434285,32.2866648],[-106.7434586,32.2866116],[-106.7434741,32.2865674],[-106.7434888,32.2864943],[-106.7434914,32.2864015],[-106.7434925,32.2863535],[-106.7434966,32.2863212],[-106.7435042,32.2862928],[-106.7435177,32.2862715],[-106.7435363,32.2862551],[-106.7435563,32.2862411],[-106.7435817,32.2862262]]}},{"type":"Feature","properties":{"highway":"footway","name":""},"geometry":{"type":"LineString","coordinates":[[-106.7424931,32.2867748],[-106.7425772,32.2867947],[-106.7426613,32.2868147]]}},{"type":"Feature","properties":{"highway":"footway","name":""},"geometry":{"type":"LineString","coordinates":[[-106.7409715,32.2869497],[-106.7411196,32.2868996],[-106.741354,32.28685],[-106.7417254,32.2867811],[-106.7419201,32.2867453],[-106.7420388,32.2867327],[-106.742055,32.286731],[-106.7422518,32.2867324],[-106.7423799,32.2867368],[-106.7424458,32.286748],[-106.7424931,32.2867748]]}},{"type":"Feature","properties":{"highway":"footway","name":""},"geometry":{"type":"LineString","coordinates":[[-106.7407669,32.2870478],[-106.7408741,32.2869964],[-106.7409715,32.2869497]]}},{"type":"Feature","properties":{"highway":"footway","name":""},"geometry":{"type":"LineString","coordinates":[[-106.7399585,32.2888053],[-106.7399499,32.288682],[-106.7399535,32.2885145],[-106.7399645,32.2883953],[-106.739976,32.2883331],[-106.7400204,32.2880943],[-106.7400799,32.2879011],[-106.7401273,32.2878014],[-106.7401473,32.2877596]]}},{"type":"Feature","properties":{"highway":"footway","name":""},"geometry":{"type":"LineString","coordinates":[[-106.7399685,32.2889598],[-106.7399621,32.2888616],[-106.7399585,32.2888053]]}},{"type":"Feature","properties":{"highway":"footway","name":""},"geometry":{"type":"LineString","coordinates":[[-106.7401244,32.2896231],[-106.7401035,32.2895593],[-106.740033,32.289312],[-106.7399912,32.2891366],[-106.7399694,32.2889878],[-106.7399685,32.2889598]]}},{"type":"Feature","properties":{"highway":"footway","name":""},"geometry":{"type":"LineString","coordinates":[[-106.7401686,32.2897579],[-106.7401476,32.289694],[-106.7401244,32.2896231]]}},{"type":"Feature","properties":{"highway":"footway","name":""},"geometry":{"type":"LineString","coordinates":[[-106.740357,32.2903326],[-106.7401686,32.2897579]]}},{"type":"Feature","properties":{"highway":"footway","name":""},"geometry":{"type":"LineString","coordinates":[[-106.7403789,32.2903995],[-106.7403632,32.2903517],[-106.740357,32.2903326]]}},{"type":"Feature","properties":{"highway":"footway","name":""},"geometry":{"type":"LineString","coordinates":[[-106.7405198,32.2908292],[-106.7403789,32.2903995]]}},{"type":"Feature","properties":{"highway":"footway","name":""},"geometry":{"type":"LineString","coordinates":[[-106.7405501,32.2909186],[-106.7405442,32.2909013],[-106.7405318,32.2908646],[-106.7405198,32.2908292]]}},{"type":"Feature","properties":{"highway":"footway","name":""},"geometry":{"type":"LineString","coordinates":[[-106.7407436,32.2915073],[-106.7405501,32.2909186]]}},{"type":"Feature","properties":{"highway":"footway","name":""},"geometry":{"type":"LineString","coordinates":[[-106.7407826,32.2916384],[-106.7407601,32.2915628],[-106.7407436,32.2915073]]}},{"type":"Feature","properties":{"highway":"footway","name":""},"geometry":{"type":"LineString","coordinates":[[-106.7415217,32.2938611],[-106.7414886,32.2937808],[-106.7414039,32.2935184],[-106.7413865,32.2934867],[-106.7413534,32.2933828],[-106.7412192,32.2929651]]}},{"type":"Feature","properties":{"highway":"footway","name":""},"geometry":{"type":"LineString","coordinates":[[-106.7412192,32.2929651],[-106.7411993,32.2929091],[-106.7411791,32.2928524]]}},{"type":"Feature","properties":{"highway":"footway","name":""},"geometry":{"type":"LineString","coordinates":[[-106.7415451,32.2939512],[-106.7415322,32.2939014],[-106.7415217,32.2938611]]}},{"type":"Feature","properties":{"highway":"footway","name":""},"geometry":{"type":"LineString","coordinates":[[-106.7419321,32.2950755],[-106.7419265,32.2950597],[-106.7419034,32.2950449],[-106.7418884,32.2950238],[-106.7418628,32.2949583],[-106.7416893,32.2944562],[-106.7415658,32.2940438],[-106.7415451,32.2939512]]}},{"type":"Feature","properties":{"highway":"footway","name":""},"geometry":{"type":"LineString","coordinates":[[-106.7435243,32.2859184],[-106.7434915,32.2859119],[-106.7434669,32.2859016],[-106.7434494,32.2858851],[-106.7434118,32.2858106],[-106.7433877,32.2857412],[-106.7433414,32.2856668],[-106.7432685,32.2855958],[-106.7432014,32.2855496],[-106.7431232,32.2855077],[-106.7430346,32.2854807],[-106.7429558,32.2854675],[-106.742864,32.2854681],[-106.7427949,32.2854747],[-106.7427265,32.2854884],[-106.7424725,32.2855754],[-106.7419612,32.2857434],[-106.7415263,32.2858825]]}},{"type":"Feature","properties":{"highway":"footway","name":""},"geometry":{"type":"LineString","coordinates":[[-106.7651497,32.2918333],[-106.7651458,32.291839],[-106.7651456,32.291846],[-106.765152,32.2918571],[-106.7655821,32.2922887],[-106.7660254,32.2926876],[-106.766355,32.2929726],[-106.7667513,32.2933131],[-106.7668317,32.2933873],[-106.7668935,32.2934357],[-106.7669201,32.2934638],[-106.7669334,32.2934858],[-106.7669446,32.293532],[-106.7669435,32.2935461],[-106.7669346,32.29358]]}},{"type":"Feature","properties":{"highway":"footway","name":""},"geometry":{"type":"LineString","coordinates":[[-106.7672704,32.2934928],[-106.7666136,32.2928919],[-106.7662247,32.2925362],[-106.7653405,32.2917274],[-106.7653326,32.2917243],[-106.7653267,32.2917249]]}},{"type":"Feature","properties":{"highway":"footway","name":""},"geometry":{"type":"LineString","coordinates":[[-106.7653267,32.2917249],[-106.7652249,32.2917873],[-106.7651497,32.2918333]]}},{"type":"Feature","properties":{"highway":"secondary","name":"El Paseo Road"},"geometry":{"type":"LineString","coordinates":[[-106.767269,32.2936453],[-106.7671451,32.2935427],[-106.7669349,32.2933687],[-106.7666117,32.2931012],[-106.7664172,32.2929423],[-106.7660945,32.2926349],[-106.7656061,32.2921696],[-106.7655629,32.2921285],[-106.7655207,32.2920884],[-106.7654658,32.2920361],[-106.7653979,32.2919701],[-106.7653393,32.2919104],[-106.7652858,32.2918529],[-106.7652395,32.2918034],[-106.7652249,32.2917873],[-106.7651903,32.291749],[-106.7651441,32.291696]]}},{"type":"Feature","properties":{"highway":"service","name":""},"geometry":{"type":"LineString","coordinates":[[-106.762748,32.2860281],[-106.7626499,32.2860484],[-106.7625511,32.2860685],[-106.762272,32.2861258],[-106.7618907,32.2862041],[-106.761613,32.2862348]]}},{"type":"Feature","properties":{"highway":"service","name":""},"geometry":{"type":"LineString","coordinates":[[-106.762272,32.2861258],[-106.7622282,32.2860083],[-106.7621762,32.2859744],[-106.762068,32.2859964]]}},{"type":"Feature","properties":{"highway":"service","name":""},"geometry":{"type":"LineString","coordinates":[[-106.7625511,32.2860685],[-106.7624787,32.2858674],[-106.762572,32.2858395],[-106.7626688,32.2858126]]}},{"type":"Feature","properties":{"highway":"footway","name":""},"geometry":{"type":"LineString","coordinates":[[-106.7356188,32.2950205],[-106.7356353,32.2949777],[-106.7352934,32.2938216],[-106.7352205,32.2935795]]}},{"type":"Feature","properties":{"highway":"footway","name":""},"geometry":{"type":"LineString","coordinates":[[-106.7351293,32.2933415],[-106.735142,32.2933098],[-106.7348265,32.2920999]]}},{"type":"Feature","properties":{"highway":"footway","name":""},"geometry":{"type":"LineString","coordinates":[[-106.7348265,32.2920999],[-106.7348998,32.2920899],[-106.7350301,32.2920722],[-106.7350898,32.2920641]]}},{"type":"Feature","properties":{"highway":"footway","name":""},"geometry":{"type":"LineString","coordinates":[[-106.7351806,32.2935391],[-106.7351573,32.2934493],[-106.7351293,32.2933415]]}},{"type":"Feature","properties":{"highway":"footway","name":""},"geometry":{"type":"LineString","coordinates":[[-106.7352205,32.2935795],[-106.7351806,32.2935391]]}},{"type":"Feature","properties":{"highway":"footway","name":""},"geometry":{"type":"LineString","coordinates":[[-106.7359666,32.2950427],[-106.7359293,32.2950119],[-106.7357397,32.2943803],[-106.7356042,32.29395],[-106.7356201,32.2939342],[-106.7356089,32.2938837],[-106.7355819,32.2938736],[-106.7354709,32.2934894],[-106.7354797,32.2934609]]}},{"type":"Feature","properties":{"highway":"footway","name":""},"geometry":{"type":"LineString","coordinates":[[-106.7354278,32.2933332],[-106.7352858,32.2928105],[-106.7352017,32.2924892],[-106.7350898,32.2920641]]}},{"type":"Feature","properties":{"highway":"footway","name":""},"geometry":{"type":"LineString","coordinates":[[-106.7354797,32.2934609],[-106.7354505,32.2933944],[-106.7354278,32.2933332]]}},{"type":"Feature","properties":{"highway":"service","name":""},"geometry":{"type":"LineString","coordinates":[[-106.7630954,32.2895843],[-106.76292,32.2896321],[-106.7629062,32.2896537],[-106.7629073,32.2896753],[-106.7629136,32.2897004],[-106.7629245,32.2897185],[-106.7630814,32.2898796],[-106.7631505,32.289897],[-106.7633324,32.2898564],[-106.763752,32.2897627],[-106.7636493,32.2893948]]}},{"type":"Feature","properties":{"highway":"service","name":""},"geometry":{"type":"LineString","coordinates":[[-106.763752,32.2897627],[-106.7638716,32.2900975],[-106.7638697,32.2901544],[-106.7638398,32.2901923],[-106.7637801,32.2902223],[-106.7629619,32.290396],[-106.7629133,32.2903849],[-106.7628685,32.2903707],[-106.7628068,32.2903218],[-106.7625594,32.2900476],[-106.7623081,32.2897643]]}},{"type":"Feature","properties":{"highway":"service","name":""},"geometry":{"type":"LineString","coordinates":[[-106.7624249,32.2901313],[-106.7623741,32.2901639]]}},{"type":"Feature","properties":{"highway":"service","name":""},"geometry":{"type":"LineString","coordinates":[[-106.7633324,32.2898564],[-106.7632421,32.2895606],[-106.7630954,32.2895843]]}},{"type":"Feature","properties":{"highway":"service","name":""},"geometry":{"type":"LineString","coordinates":[[-106.7630417,32.2893772],[-106.7630586,32.2894321]]}},{"type":"Feature","properties":{"highway":"service","name":""},"geometry":{"type":"LineString","coordinates":[[-106.7630586,32.2894321],[-106.7630427,32.2894566],[-106.763057,32.2895055],[-106.7630651,32.2895332],[-106.7630856,32.2895458],[-106.7631034,32.2895206],[-106.7630978,32.2894929],[-106.7630884,32.2894471],[-106.7630586,32.2894321]]}},{"type":"Feature","properties":{"highway":"service","name":""},"geometry":{"type":"LineString","coordinates":[[-106.7630856,32.2895458],[-106.7630954,32.2895843]]}},{"type":"Feature","properties":{"highway":"service","name":""},"geometry":{"type":"LineString","coordinates":[[-106.7624249,32.2901313],[-106.7624639,32.2901275],[-106.7624913,32.2901134],[-106.7625186,32.2900994],[-106.7625293,32.2900694],[-106.7624886,32.2900622],[-106.7624618,32.2900789],[-106.7624349,32.2900957],[-106.7624249,32.2901313]]}},{"type":"Feature","properties":{"highway":"service","name":""},"geometry":{"type":"LineString","coordinates":[[-106.7625293,32.2900694],[-106.7625594,32.2900476]]}},{"type":"Feature","properties":{"highway":"service","name":""},"geometry":{"type":"LineString","coordinates":[[-106.7482219,32.2712401],[-106.7481696,32.2713167],[-106.7482646,32.2713668],[-106.7480686,32.2716601]]}},{"type":"Feature","properties":{"highway":"service","name":""},"geometry":{"type":"LineString","coordinates":[[-106.7481696,32.2713167],[-106.7480703,32.271274],[-106.7478594,32.2715577]]}},{"type":"Feature","properties":{"highway":"service","name":""},"geometry":{"type":"LineString","coordinates":[[-106.7483143,32.2710898],[-106.7482672,32.2711023],[-106.7482158,32.2711811],[-106.7482219,32.2712401],[-106.7482873,32.2712106],[-106.7483326,32.2711325],[-106.7483143,32.2710898]]}},{"type":"Feature","properties":{"highway":"service","name":""},"geometry":{"type":"LineString","coordinates":[[-106.7483558,32.2710324],[-106.7483143,32.2710898]]}},{"type":"Feature","properties":{"highway":"service","name":""},"geometry":{"type":"LineString","coordinates":[[-106.7410079,32.2808933],[-106.7404502,32.2810247],[-106.7404265,32.2810344],[-106.740354,32.2810643],[-106.7401663,32.2811593]]}},{"type":"Feature","properties":{"highway":"service","name":""},"geometry":{"type":"LineString","coordinates":[[-106.7404265,32.2810344],[-106.7404663,32.2811774],[-106.7406195,32.2817282],[-106.7407931,32.2816911],[-106.7409587,32.2816557],[-106.7408504,32.2810935],[-106.7406638,32.2811343],[-106.7404663,32.2811774]]}},{"type":"Feature","properties":{"highway":"service","name":""},"geometry":{"type":"LineString","coordinates":[[-106.7407931,32.2816911],[-106.7406638,32.2811343]]}},{"type":"Feature","properties":{"highway":"primary","name":"South Main Street"},"geometry":{"type":"LineString","coordinates":[[-106.7709638,32.2821909],[-106.7700394,32.2807027]]}},{"type":"Feature","properties":{"highway":"primary","name":"South Main Street"},"geometry":{"type":"LineString","coordinates":[[-106.7712689,32.282919],[-106.7717644,32.283672]]}},{"type":"Feature","properties":{"highway":"primary","name":"South Main Street"},"geometry":{"type":"LineString","coordinates":[[-106.7699081,32.2807722],[-106.7712689,32.282919]]}},{"type":"Feature","properties":{"highway":"tertiary","name":"Cholla Road"},"geometry":{"type":"LineString","coordinates":[[-106.7386823,32.265353],[-106.7382544,32.2659657]]}},{"type":"Feature","properties":{"highway":"tertiary","name":"Cholla Road"},"geometry":{"type":"LineString","coordinates":[[-106.7391306,32.264816],[-106.739091,32.2648449],[-106.7390541,32.2648761],[-106.7390193,32.2649093],[-106.7389862,32.264947],[-106.7389546,32.2649901],[-106.7386823,32.265353]]}},{"type":"Feature","properties":{"highway":"tertiary","name":"Geothermal Drive"},"geometry":{"type":"LineString","coordinates":[[-106.7354501,32.2801129],[-106.7350732,32.2802732],[-106.7346426,32.280424]]}},{"type":"Feature","properties":{"highway":"service","name":""},"geometry":{"type":"LineString","coordinates":[[-106.751232,32.2905557],[-106.7512715,32.2906928],[-106.7512724,32.2908372],[-106.7517192,32.2913767],[-106.7518558,32.2915816],[-106.7519742,32.2917673],[-106.7520518,32.291889]]}},{"type":"Feature","properties":{"highway":"service","name":""},"geometry":{"type":"LineString","coordinates":[[-106.7519742,32.2917673],[-106.7516164,32.2920634],[-106.7515273,32.2921372],[-106.7514102,32.2920038]]}},{"type":"Feature","properties":{"highway":"service","name":""},"geometry":{"type":"LineString","coordinates":[[-106.7516164,32.2920634],[-106.7517234,32.2921546]]}},{"type":"Feature","properties":{"highway":"service","name":""},"geometry":{"type":"LineString","coordinates":[[-106.7512715,32.2906928],[-106.7509659,32.2907667],[-106.7505094,32.2909091],[-106.750629,32.2911233],[-106.7507213,32.2911404],[-106.7512724,32.2908372]]}},{"type":"Feature","properties":{"highway":"service","name":""},"geometry":{"type":"LineString","coordinates":[[-106.7578126,32.2854507],[-106.757664,32.2851925],[-106.7574936,32.2848871],[-106.7570515,32.2849759],[-106.7569644,32.2849896]]}},{"type":"Feature","properties":{"highway":"service","name":""},"geometry":{"type":"LineString","coordinates":[[-106.7578037,32.2848207],[-106.7574936,32.2848871]]}},{"type":"Feature","properties":{"highway":"service","name":""},"geometry":{"type":"LineString","coordinates":[[-106.7579084,32.2850847],[-106.757664,32.2851925]]}},{"type":"Feature","properties":{"highway":"service","name":""},"geometry":{"type":"LineString","coordinates":[[-106.7579743,32.2858136],[-106.7577143,32.2859159],[-106.7575224,32.2855717],[-106.757351,32.2852878]]}},{"type":"Feature","properties":{"highway":"service","name":""},"geometry":{"type":"LineString","coordinates":[[-106.7572991,32.2851051],[-106.7571609,32.2851615],[-106.7570841,32.2851969]]}},{"type":"Feature","properties":{"highway":"service","name":""},"geometry":{"type":"LineString","coordinates":[[-106.7586581,32.262842],[-106.7583845,32.262944],[-106.7579556,32.2631323]]}},{"type":"Feature","properties":{"highway":"service","name":""},"geometry":{"type":"LineString","coordinates":[[-106.7583845,32.262944],[-106.7582169,32.2626644]]}},{"type":"Feature","properties":{"highway":"service","name":""},"geometry":{"type":"LineString","coordinates":[[-106.7324076,32.2940882],[-106.732394,32.2940754],[-106.7323888,32.294046],[-106.7324031,32.2940147],[-106.7324311,32.2939946],[-106.7324689,32.2939812],[-106.7325432,32.2939708]]}},{"type":"Feature","properties":{"highway":"service","name":""},"geometry":{"type":"LineString","coordinates":[[-106.7324679,32.2941098],[-106.7324076,32.2940882]]}},{"type":"Feature","properties":{"highway":"service","name":""},"geometry":{"type":"LineString","coordinates":[[-106.7490681,32.289194],[-106.749253,32.2891357],[-106.7493619,32.2894006]]}},{"type":"Feature","properties":{"highway":"service","name":""},"geometry":{"type":"LineString","coordinates":[[-106.7501172,32.2575761],[-106.7498785,32.2574784],[-106.7495954,32.2573641],[-106.7489327,32.2573891],[-106.7487949,32.2575534]]}},{"type":"Feature","properties":{"highway":"footway","name":""},"geometry":{"type":"LineString","coordinates":[[-106.7661828,32.292568],[-106.7660945,32.2926349],[-106.7660354,32.2926797]]}},{"type":"Feature","properties":{"highway":"footway","name":""},"geometry":{"type":"LineString","coordinates":[[-106.7660354,32.2926797],[-106.7660254,32.2926876]]}},{"type":"Feature","properties":{"highway":"footway","name":""},"geometry":{"type":"LineString","coordinates":[[-106.7662247,32.2925362],[-106.7661828,32.292568]]}},{"type":"Feature","properties":{"highway":"service","name":""},"geometry":{"type":"LineString","coordinates":[[-106.7589719,32.2947452],[-106.7588009,32.2948225],[-106.7588973,32.2950562],[-106.7587228,32.295114],[-106.7587682,32.295259]]}},{"type":"Feature","properties":{"highway":"service","name":""},"geometry":{"type":"LineString","coordinates":[[-106.7529232,32.288584],[-106.7526801,32.2886269]]}},{"type":"Feature","properties":{"highway":"service","name":""},"geometry":{"type":"LineString","coordinates":[[-106.7526308,32.288456],[-106.7528738,32.2884154]]}},{"type":"Feature","properties":{"highway":"service","name":""},"geometry":{"type":"LineString","coordinates":[[-106.7700464,32.2904675],[-106.769938,32.2903556],[-106.7702372,32.2901412],[-106.7703562,32.2902469]]}},{"type":"Feature","properties":{"highway":"service","name":""},"geometry":{"type":"LineString","coordinates":[[-106.7702372,32.2901412],[-106.770234,32.2900697],[-106.7702193,32.2900298],[-106.7702031,32.2900078],[-106.7701722,32.2900051],[-106.7701201,32.2900188],[-106.7697205,32.290114],[-106.7689275,32.2903029],[-106.7687639,32.2903419]]}},{"type":"Feature","properties":{"highway":"service","name":""},"geometry":{"type":"LineString","coordinates":[[-106.7689275,32.2903029],[-106.7690062,32.2905055]]}},{"type":"Feature","properties":{"highway":"service","name":""},"geometry":{"type":"LineString","coordinates":[[-106.769938,32.2903556],[-106.7698274,32.2903818],[-106.7697205,32.290114]]}},{"type":"Feature","properties":{"highway":"footway","name":""},"geometry":{"type":"LineString","coordinates":[[-106.7526787,32.2849018],[-106.7526562,32.2847611],[-106.7526426,32.2846758]]}},{"type":"Feature","properties":{"highway":"footway","name":""},"geometry":{"type":"LineString","coordinates":[[-106.7526787,32.2849018],[-106.7526449,32.284896],[-106.7526123,32.2848975],[-106.7524096,32.284938],[-106.752376,32.2849436],[-106.7523413,32.2849474],[-106.7521634,32.2849619],[-106.7520711,32.284971],[-106.7520328,32.2849768],[-106.7519135,32.2850004],[-106.7514613,32.285084],[-106.7514339,32.285091],[-106.7514077,32.2851023],[-106.7513871,32.2851162]]}},{"type":"Feature","properties":{"highway":"footway","name":""},"geometry":{"type":"LineString","coordinates":[[-106.7512332,32.2851431],[-106.7512026,32.2851403],[-106.75117,32.2851415],[-106.7511362,32.2851457],[-106.7500855,32.2853454],[-106.7500582,32.285351],[-106.7500328,32.2853587],[-106.750005,32.28537]]}},{"type":"Feature","properties":{"highway":"footway","name":""},"geometry":{"type":"LineString","coordinates":[[-106.750005,32.28537],[-106.7500111,32.2852668],[-106.7500178,32.2851534]]}},{"type":"Feature","properties":{"highway":"footway","name":""},"geometry":{"type":"LineString","coordinates":[[-106.7498282,32.2854086],[-106.749805,32.2853091],[-106.7497794,32.2851998]]}},{"type":"Feature","properties":{"highway":"footway","name":""},"geometry":{"type":"LineString","coordinates":[[-106.750005,32.28537],[-106.7499219,32.2853881],[-106.7498282,32.2854086]]}},{"type":"Feature","properties":{"highway":"footway","name":""},"geometry":{"type":"LineString","coordinates":[[-106.7500178,32.2851534],[-106.7500426,32.2851344]]}},{"type":"Feature","properties":{"highway":"footway","name":""},"geometry":{"type":"LineString","coordinates":[[-106.7513871,32.2851162],[-106.7513174,32.2851284],[-106.7512332,32.2851431]]}},{"type":"Feature","properties":{"highway":"cycleway","name":""},"geometry":{"type":"LineString","coordinates":[[-106.7526426,32.2846758],[-106.7526345,32.2846484]]}},{"type":"Feature","properties":{"highway":"cycleway","name":""},"geometry":{"type":"LineString","coordinates":[[-106.7528572,32.2846069],[-106.7528647,32.284635]]}},{"type":"Feature","properties":{"highway":"footway","name":""},"geometry":{"type":"LineString","coordinates":[[-106.7529007,32.2848618],[-106.7528102,32.2848781],[-106.7526787,32.2849018]]}},{"type":"Feature","properties":{"highway":"footway","name":""},"geometry":{"type":"LineString","coordinates":[[-106.7528647,32.284635],[-106.7526426,32.2846758],[-106.7518441,32.2848256],[-106.7517825,32.2848371],[-106.7516798,32.2848566],[-106.7511064,32.2849653],[-106.7510947,32.2849433]]}},{"type":"Feature","properties":{"highway":"cycleway","name":""},"geometry":{"type":"LineString","coordinates":[[-106.7537865,32.284427],[-106.7538689,32.2844109],[-106.7539345,32.2843981]]}},{"type":"Feature","properties":{"highway":"footway","name":""},"geometry":{"type":"LineString","coordinates":[[-106.7537865,32.284427],[-106.7537677,32.2844479],[-106.7537466,32.2844597],[-106.7537246,32.2844663],[-106.7529519,32.2846179],[-106.7528647,32.284635]]}},{"type":"Feature","properties":{"highway":"footway","name":""},"geometry":{"type":"LineString","coordinates":[[-106.7517968,32.2847668],[-106.7517658,32.2847729],[-106.7517213,32.2847817]]}},{"type":"Feature","properties":{"highway":"footway","name":""},"geometry":{"type":"LineString","coordinates":[[-106.7517213,32.2847817],[-106.7516623,32.2847933]]}},{"type":"Feature","properties":{"highway":"footway","name":""},"geometry":{"type":"LineString","coordinates":[[-106.7518441,32.2848256],[-106.751837,32.2847983],[-106.7518274,32.284761],[-106.7517418,32.2844351],[-106.7517132,32.2844399],[-106.7516326,32.2841312],[-106.7514947,32.284155]]}},{"type":"Feature","properties":{"highway":"footway","name":""},"geometry":{"type":"LineString","coordinates":[[-106.7515037,32.2841889],[-106.7514947,32.284155],[-106.7514698,32.2840602]]}},{"type":"Feature","properties":{"highway":"footway","name":""},"geometry":{"type":"LineString","coordinates":[[-106.7515207,32.2842539],[-106.7515092,32.28421],[-106.7515037,32.2841889]]}},{"type":"Feature","properties":{"highway":"footway","name":""},"geometry":{"type":"LineString","coordinates":[[-106.7517968,32.2847668],[-106.7518274,32.284761]]}},{"type":"Feature","properties":{"highway":"footway","name":""},"geometry":{"type":"LineString","coordinates":[[-106.7498282,32.2854086],[-106.7498003,32.2854073],[-106.7497679,32.2854105],[-106.7497418,32.285416],[-106.7491348,32.2855646],[-106.7487551,32.2856565],[-106.7485349,32.285712],[-106.7483503,32.2857495],[-106.7479311,32.2858336],[-106.7477866,32.2858613],[-106.7476797,32.2858816],[-106.7476425,32.2858934],[-106.747613,32.2859066]]}},{"type":"Feature","properties":{"highway":"footway","name":""},"geometry":{"type":"LineString","coordinates":[[-106.747613,32.2859066],[-106.7475885,32.2858476],[-106.7475444,32.2857417],[-106.7475222,32.2856919]]}},{"type":"Feature","properties":{"highway":"footway","name":""},"geometry":{"type":"LineString","coordinates":[[-106.7473937,32.2859623],[-106.7473598,32.2858922],[-106.7473087,32.2857863],[-106.7472803,32.2857258]]}},{"type":"Feature","properties":{"highway":"footway","name":""},"geometry":{"type":"LineString","coordinates":[[-106.7473937,32.2859623],[-106.7473698,32.285961],[-106.7473438,32.2859624],[-106.7473153,32.2859677],[-106.7471063,32.2860106],[-106.7469222,32.2860452],[-106.74663,32.2861036],[-106.7464526,32.2861326],[-106.7461972,32.286173],[-106.7460807,32.2861878],[-106.7456929,32.2862285],[-106.7456654,32.2862345],[-106.7456385,32.2862432]]}},{"type":"Feature","properties":{"highway":"footway","name":""},"geometry":{"type":"LineString","coordinates":[[-106.74663,32.2858525],[-106.7462146,32.2859209],[-106.7460394,32.2859478],[-106.7458904,32.2859653],[-106.7457512,32.2859794],[-106.74567,32.2859861],[-106.7456459,32.2859872],[-106.7456204,32.2859851],[-106.7455908,32.2859783]]}},{"type":"Feature","properties":{"highway":"footway","name":""},"geometry":{"type":"LineString","coordinates":[[-106.7453529,32.2859928],[-106.7453225,32.2860033],[-106.7452884,32.2860087],[-106.7452476,32.2860107],[-106.745057,32.2860153],[-106.7446721,32.2860099],[-106.7445687,32.2860027],[-106.7444464,32.2859887],[-106.744088,32.2859353],[-106.7440071,32.2859254],[-106.7439437,32.2859211],[-106.7438681,32.2859208],[-106.7437945,32.2859205],[-106.7435412,32.2859198]]}},{"type":"Feature","properties":{"highway":"footway","name":""},"geometry":{"type":"LineString","coordinates":[[-106.7454872,32.2862524],[-106.7454647,32.2862483],[-106.7454389,32.2862455],[-106.7454137,32.2862469],[-106.7452167,32.2862532],[-106.7449897,32.286256],[-106.7447855,32.2862567],[-106.7445068,32.2862428],[-106.7444795,32.2862427],[-106.7444539,32.2862459],[-106.7444276,32.2862525]]}},{"type":"Feature","properties":{"highway":"footway","name":""},"geometry":{"type":"LineString","coordinates":[[-106.7442845,32.2862491],[-106.7442597,32.2862382],[-106.7442305,32.2862321],[-106.7442036,32.2862302],[-106.7437825,32.2862168],[-106.7436528,32.286218],[-106.7436125,32.2862202],[-106.7435817,32.2862262]]}},{"type":"Feature","properties":{"highway":"footway","name":""},"geometry":{"type":"LineString","coordinates":[[-106.7444276,32.2862525],[-106.7443526,32.2862507],[-106.7442845,32.2862491]]}},{"type":"Feature","properties":{"highway":"footway","name":""},"geometry":{"type":"LineString","coordinates":[[-106.7455908,32.2859783],[-106.745506,32.2859835],[-106.7454639,32.285986],[-106.7453529,32.2859928]]}},{"type":"Feature","properties":{"highway":"footway","name":""},"geometry":{"type":"LineString","coordinates":[[-106.7456385,32.2862432],[-106.7455303,32.2862498],[-106.7454872,32.2862524]]}},{"type":"Feature","properties":{"highway":"footway","name":""},"geometry":{"type":"LineString","coordinates":[[-106.7472803,32.2857258],[-106.7472428,32.2857382],[-106.7469499,32.2857934],[-106.7466997,32.2858398]]}},{"type":"Feature","properties":{"highway":"footway","name":""},"geometry":{"type":"LineString","coordinates":[[-106.7466997,32.2858398],[-106.7466709,32.285845],[-106.74663,32.2858525]]}},{"type":"Feature","properties":{"highway":"footway","name":""},"geometry":{"type":"LineString","coordinates":[[-106.7449897,32.286256],[-106.7449896,32.2862025],[-106.7449896,32.2861556]]}},{"type":"Feature","properties":{"highway":"footway","name":""},"geometry":{"type":"LineString","coordinates":[[-106.7450585,32.28612],[-106.7450578,32.2860741],[-106.745057,32.2860153]]}},{"type":"Feature","properties":{"highway":"footway","name":""},"geometry":{"type":"LineString","coordinates":[[-106.7449896,32.2861556],[-106.7449896,32.2861413],[-106.7450586,32.2861401],[-106.7450585,32.28612]]}},{"type":"Feature","properties":{"highway":"footway","name":"Triviz Path"},"geometry":{"type":"LineString","coordinates":[[-106.7430958,32.2859628],[-106.7431166,32.2859479],[-106.7431337,32.2859254]]}},{"type":"Feature","properties":{"highway":"footway","name":"Triviz Path"},"geometry":{"type":"LineString","coordinates":[[-106.7432391,32.2863233],[-106.7432135,32.286301],[-106.7431761,32.2862802]]}},{"type":"Feature","properties":{"highway":"footway","name":""},"geometry":{"type":"LineString","coordinates":[[-106.747613,32.2859066],[-106.7474868,32.2859386],[-106.7473937,32.2859623]]}},{"type":"Feature","properties":{"highway":"footway","name":""},"geometry":{"type":"LineString","coordinates":[[-106.7398827,32.2865707],[-106.739843,32.2865944],[-106.7398125,32.2866182],[-106.7397795,32.2866492],[-106.7397588,32.2866815],[-106.7397392,32.2867244],[-106.7397242,32.2867835],[-106.7397204,32.2868199],[-106.7397285,32.2868608],[-106.7397437,32.2869023],[-106.739831,32.2870818],[-106.7398407,32.2871159],[-106.7398453,32.2871521]]}},{"type":"Feature","properties":{"highway":"footway","name":""},"geometry":{"type":"LineString","coordinates":[[-106.7400869,32.2876308],[-106.7400669,32.2876299],[-106.7400261,32.2876281]]}},{"type":"Feature","properties":{"highway":"footway","name":""},"geometry":{"type":"LineString","coordinates":[[-106.7401746,32.2876357],[-106.7401608,32.2876352]]}},{"type":"Feature","properties":{"highway":"footway","name":""},"geometry":{"type":"LineString","coordinates":[[-106.7401608,32.2876352],[-106.7401346,32.2876334],[-106.7401109,32.2876317]]}},{"type":"Feature","properties":{"highway":"footway","name":""},"geometry":{"type":"LineString","coordinates":[[-106.7401109,32.2876317],[-106.7400869,32.2876308]]}},{"type":"Feature","properties":{"highway":"footway","name":""},"geometry":{"type":"LineString","coordinates":[[-106.7400261,32.2876281],[-106.7400014,32.2876288]]}},{"type":"Feature","properties":{"highway":"footway","name":""},"geometry":{"type":"LineString","coordinates":[[-106.7404183,32.2872041],[-106.7404047,32.2871806],[-106.7403887,32.2871529]]}},{"type":"Feature","properties":{"highway":"footway","name":""},"geometry":{"type":"LineString","coordinates":[[-106.7404617,32.2872634],[-106.740454,32.2872537]]}},{"type":"Feature","properties":{"highway":"footway","name":""},"geometry":{"type":"LineString","coordinates":[[-106.740454,32.2872537],[-106.740436,32.2872286],[-106.7404261,32.287216]]}},{"type":"Feature","properties":{"highway":"footway","name":""},"geometry":{"type":"LineString","coordinates":[[-106.7404261,32.287216],[-106.7404183,32.2872041]]}},{"type":"Feature","properties":{"highway":"footway","name":""},"geometry":{"type":"LineString","coordinates":[[-106.7403887,32.2871529],[-106.7403824,32.2871391]]}},{"type":"Feature","properties":{"highway":"cycleway","name":"Triviz Path"},"geometry":{"type":"LineString","coordinates":[[-106.7404099,32.2871236],[-106.7404293,32.2871108],[-106.7405268,32.2870465],[-106.740644,32.2869653],[-106.7408178,32.2868733],[-106.7408624,32.2868551],[-106.7409309,32.2868299],[-106.7410456,32.2867928],[-106.7412355,32.2867474],[-106.7417374,32.2866485],[-106.7419478,32.2866078],[-106.7420528,32.2865963],[-106.7421607,32.2865868],[-106.7422604,32.2865821],[-106.7423615,32.2865815],[-106.742491,32.2865874],[-106.7425841,32.2865966],[-106.74273,32.2866232],[-106.7428556,32.2866484],[-106.7429189,32.2866633],[-106.7429773,32.2866689],[-106.743026,32.2866684],[-106.7430659,32.2866605],[-106.7431105,32.286646],[-106.743149,32.286624],[-106.7431823,32.2865974],[-106.7432239,32.2865473],[-106.7432445,32.2864981],[-106.7432572,32.2864579],[-106.7432626,32.2864167],[-106.7432617,32.2863754],[-106.7432546,32.2863496],[-106.7432391,32.2863233]]}},{"type":"Feature","properties":{"highway":"cycleway","name":"Triviz Path"},"geometry":{"type":"LineString","coordinates":[[-106.7400599,32.2870819],[-106.7400855,32.2870747],[-106.740121,32.2870646]]}},{"type":"Feature","properties":{"highway":"cycleway","name":"Triviz Path"},"geometry":{"type":"LineString","coordinates":[[-106.7400263,32.2870854],[-106.7400599,32.2870819]]}},{"type":"Feature","properties":{"highway":"cycleway","name":"Triviz Path"},"geometry":{"type":"LineString","coordinates":[[-106.7399539,32.2870863],[-106.7400079,32.2870856],[-106.7400263,32.2870854]]}},{"type":"Feature","properties":{"highway":"footway","name":""},"geometry":{"type":"LineString","coordinates":[[-106.7401473,32.2877596],[-106.7401618,32.2877118],[-106.7401746,32.2876357],[-106.740181,32.2875961],[-106.7401907,32.2875424],[-106.7402009,32.287518],[-106.7402131,32.2874983],[-106.7402373,32.2874741],[-106.740263,32.2874578],[-106.7402822,32.2874403],[-106.7402916,32.2874228],[-106.7403015,32.2873978],[-106.740311,32.2873731],[-106.7403223,32.2873508],[-106.7403378,32.2873336],[-106.7403708,32.2873093],[-106.7404234,32.2872808],[-106.7404617,32.2872634],[-106.740491,32.2872461],[-106.7405471,32.2872099]]}},{"type":"Feature","properties":{"highway":"footway","name":""},"geometry":{"type":"LineString","coordinates":[[-106.7405471,32.2872099],[-106.7406536,32.2871255],[-106.7407361,32.2870629],[-106.7407669,32.2870478]]}},{"type":"Feature","properties":{"highway":"footway","name":""},"geometry":{"type":"LineString","coordinates":[[-106.7410322,32.2861874],[-106.7409072,32.2862029],[-106.74086,32.286207],[-106.7406622,32.2862105],[-106.7404261,32.2862266],[-106.7403376,32.2862383],[-106.7402254,32.286249]]}},{"type":"Feature","properties":{"highway":"footway","name":""},"geometry":{"type":"LineString","coordinates":[[-106.7415263,32.2858825],[-106.741397,32.285924],[-106.7412934,32.2859572]]}},{"type":"Feature","properties":{"highway":"cycleway","name":"Triviz Path"},"geometry":{"type":"LineString","coordinates":[[-106.7398453,32.2871521],[-106.7398965,32.2871499],[-106.7399222,32.2871346],[-106.7399316,32.2871146],[-106.7399323,32.2870859],[-106.7399539,32.2870863]]}},{"type":"Feature","properties":{"highway":"cycleway","name":"Triviz Path"},"geometry":{"type":"LineString","coordinates":[[-106.7401953,32.2871232],[-106.7402212,32.2871383],[-106.7402547,32.2871496],[-106.7402872,32.2871539],[-106.7403267,32.2871536]]}},{"type":"Feature","properties":{"highway":"cycleway","name":"Triviz Path"},"geometry":{"type":"LineString","coordinates":[[-106.7403267,32.2871536],[-106.7403545,32.2871488],[-106.7403824,32.2871391],[-106.7404099,32.2871236]]}},{"type":"Feature","properties":{"highway":"cycleway","name":"Triviz Path"},"geometry":{"type":"LineString","coordinates":[[-106.740121,32.2870646],[-106.7401406,32.2870562],[-106.7401738,32.2871017],[-106.7401953,32.2871232]]}},{"type":"Feature","properties":{"highway":"footway","name":""},"geometry":{"type":"LineString","coordinates":[[-106.7399426,32.2865463],[-106.7398827,32.2865707]]}},{"type":"Feature","properties":{"highway":"footway","name":""},"geometry":{"type":"LineString","coordinates":[[-106.7402254,32.286249],[-106.7402604,32.2863317],[-106.7402585,32.2863866],[-106.7402438,32.2864188],[-106.7402235,32.2864429],[-106.7401978,32.2864635],[-106.7401501,32.2864907],[-106.7401007,32.2865016]]}},{"type":"Feature","properties":{"highway":"footway","name":""},"geometry":{"type":"LineString","coordinates":[[-106.7400037,32.2865245],[-106.7399785,32.2865335],[-106.7399426,32.2865463]]}},{"type":"Feature","properties":{"highway":"footway","name":""},"geometry":{"type":"LineString","coordinates":[[-106.7400261,32.2865186],[-106.7400037,32.2865245]]}},{"type":"Feature","properties":{"highway":"cycleway","name":""},"geometry":{"type":"LineString","coordinates":[[-106.7412934,32.2859572],[-106.7411676,32.285983],[-106.7409549,32.2860092],[-106.7405826,32.28603],[-106.7404314,32.286034],[-106.7403592,32.2860284],[-106.7402906,32.2860181],[-106.740241,32.2860048],[-106.7401576,32.2859762],[-106.7400563,32.2859352],[-106.7400143,32.2859185],[-106.7399699,32.2859041],[-106.7398641,32.285878],[-106.739703,32.2858485],[-106.739634,32.2858249],[-106.7395429,32.2857833],[-106.7394064,32.2856904],[-106.7392714,32.2855875],[-106.7392282,32.2855427]]}},{"type":"Feature","properties":{"highway":"cycleway","name":""},"geometry":{"type":"LineString","coordinates":[[-106.7392282,32.2855427],[-106.7391611,32.2854782],[-106.7391219,32.2854405]]}},{"type":"Feature","properties":{"highway":"cycleway","name":""},"geometry":{"type":"LineString","coordinates":[[-106.7379547,32.2823779],[-106.7379388,32.2823261]]}},{"type":"Feature","properties":{"highway":"cycleway","name":""},"geometry":{"type":"LineString","coordinates":[[-106.7379388,32.2823261],[-106.7379218,32.2822709]]}},{"type":"Feature","properties":{"highway":"tertiary","name":"Locust Street"},"geometry":{"type":"LineString","coordinates":[[-106.747454,32.2858735],[-106.7474105,32.285767]]}},{"type":"Feature","properties":{"highway":"tertiary","name":""},"geometry":{"type":"LineString","coordinates":[[-106.7400646,32.2861024],[-106.7400332,32.2860687],[-106.7399942,32.2860411],[-106.7399493,32.286021],[-106.7399005,32.2860093],[-106.7398498,32.2860063]]}},{"type":"Feature","properties":{"highway":"tertiary","name":""},"geometry":{"type":"LineString","coordinates":[[-106.7398498,32.2860063],[-106.7397995,32.2860124],[-106.7397518,32.2860272],[-106.7397088,32.28605],[-106.7396723,32.2860799],[-106.739644,32.2861155],[-106.739625,32.2861554],[-106.7396163,32.2861977],[-106.7396182,32.2862406],[-106.7396306,32.2862822],[-106.7396529,32.2863208],[-106.7396843,32.2863546],[-106.7397232,32.2863821],[-106.7397681,32.2864022],[-106.739817,32.286414],[-106.7398677,32.2864169]]}},{"type":"Feature","properties":{"highway":"service","name":""},"geometry":{"type":"LineString","coordinates":[[-106.7661628,32.2938924],[-106.7662223,32.2939596],[-106.7662416,32.2939772],[-106.7664895,32.2942611],[-106.7663135,32.294365],[-106.7660024,32.2940418],[-106.7659858,32.2940193],[-106.7659194,32.2939468]]}},{"type":"Feature","properties":{"highway":"service","name":""},"geometry":{"type":"LineString","coordinates":[[-106.7663135,32.294365],[-106.7661709,32.2944548]]}},{"type":"Feature","properties":{"highway":"service","name":""},"geometry":{"type":"LineString","coordinates":[[-106.7662416,32.2939772],[-106.7660024,32.2940418]]}},{"type":"Feature","properties":{"highway":"service","name":""},"geometry":{"type":"LineString","coordinates":[[-106.7588417,32.2611929],[-106.7589666,32.2613955],[-106.7589824,32.261421],[-106.7586554,32.2615935]]}},{"type":"Feature","properties":{"highway":"service","name":""},"geometry":{"type":"LineString","coordinates":[[-106.758561,32.2616435],[-106.7585692,32.2616591],[-106.7585831,32.2616715],[-106.758601,32.2616792],[-106.758621,32.2616813],[-106.7586394,32.261678],[-106.7586556,32.2616701],[-106.7586681,32.2616582],[-106.7586755,32.2616436],[-106.7586771,32.2616278],[-106.7586728,32.2616124],[-106.7586629,32.2615989],[-106.7586554,32.2615935],[-106.7586486,32.2615887],[-106.7586311,32.2615828],[-106.7586124,32.2615818],[-106.758593,32.2615864],[-106.7585765,32.2615962],[-106.7585649,32.2616101],[-106.7585596,32.2616266],[-106.758561,32.2616435]]}},{"type":"Feature","properties":{"highway":"service","name":""},"geometry":{"type":"LineString","coordinates":[[-106.7594189,32.2611795],[-106.7589666,32.2613955]]}},{"type":"Feature","properties":{"highway":"service","name":""},"geometry":{"type":"LineString","coordinates":[[-106.7594189,32.2611795],[-106.7595945,32.2614507],[-106.759636,32.2615147],[-106.7597045,32.2616205],[-106.7597214,32.2616466],[-106.7601735,32.2623446],[-106.7600546,32.2623969],[-106.7599026,32.2624637],[-106.7597276,32.2624853],[-106.759566,32.2625052],[-106.7595182,32.2625111],[-106.7593979,32.2625283]]}},{"type":"Feature","properties":{"highway":"service","name":""},"geometry":{"type":"LineString","coordinates":[[-106.7600546,32.2623969],[-106.759583,32.2617092]]}},{"type":"Feature","properties":{"highway":"service","name":""},"geometry":{"type":"LineString","coordinates":[[-106.7599026,32.2624637],[-106.7594382,32.2617796]]}},{"type":"Feature","properties":{"highway":"service","name":""},"geometry":{"type":"LineString","coordinates":[[-106.7597276,32.2624853],[-106.7592989,32.2618473]]}},{"type":"Feature","properties":{"highway":"service","name":""},"geometry":{"type":"LineString","coordinates":[[-106.759566,32.2625052],[-106.7591679,32.261911]]}},{"type":"Feature","properties":{"highway":"service","name":""},"geometry":{"type":"LineString","coordinates":[[-106.7593979,32.2625283],[-106.7590207,32.2619825]]}},{"type":"Feature","properties":{"highway":"service","name":""},"geometry":{"type":"LineString","coordinates":[[-106.7593979,32.2625283],[-106.7592122,32.2625548],[-106.7590918,32.262572],[-106.7590277,32.2625636],[-106.7588315,32.2622402],[-106.7589755,32.2621847]]}},{"type":"Feature","properties":{"highway":"service","name":""},"geometry":{"type":"LineString","coordinates":[[-106.7592122,32.2625548],[-106.7589755,32.2621847],[-106.7588876,32.2620472],[-106.7590207,32.2619825],[-106.7591679,32.261911],[-106.7592989,32.2618473],[-106.7594382,32.2617796],[-106.759583,32.2617092],[-106.7597214,32.2616466]]}},{"type":"Feature","properties":{"highway":"service","name":""},"geometry":{"type":"LineString","coordinates":[[-106.7595945,32.2614507],[-106.7595076,32.2614877],[-106.75927,32.2615887]]}},{"type":"Feature","properties":{"highway":"service","name":""},"geometry":{"type":"LineString","coordinates":[[-106.759636,32.2615147],[-106.7599288,32.2613795],[-106.7602456,32.2612332],[-106.760157,32.2610971],[-106.7600636,32.2611388],[-106.7599158,32.2612049],[-106.7598452,32.2612414],[-106.7598927,32.2613222],[-106.7599288,32.2613795]]}},{"type":"Feature","properties":{"highway":"service","name":""},"geometry":{"type":"LineString","coordinates":[[-106.7598924,32.2611705],[-106.7598484,32.2611056]]}},{"type":"Feature","properties":{"highway":"service","name":""},"geometry":{"type":"LineString","coordinates":[[-106.7600384,32.2610991],[-106.7599951,32.2610271]]}},{"type":"Feature","properties":{"highway":"service","name":""},"geometry":{"type":"LineString","coordinates":[[-106.7600636,32.2611388],[-106.7600384,32.2610991]]}},{"type":"Feature","properties":{"highway":"service","name":""},"geometry":{"type":"LineString","coordinates":[[-106.7599951,32.2610271],[-106.7599372,32.2609343]]}},{"type":"Feature","properties":{"highway":"service","name":""},"geometry":{"type":"LineString","coordinates":[[-106.7599158,32.2612049],[-106.7598924,32.2611705]]}},{"type":"Feature","properties":{"highway":"service","name":""},"geometry":{"type":"LineString","coordinates":[[-106.7598484,32.2611056],[-106.7597865,32.2610215]]}},{"type":"Feature","properties":{"highway":"footway","name":""},"geometry":{"type":"LineString","coordinates":[[-106.7594491,32.2952226],[-106.7594491,32.2951799],[-106.7595076,32.2951458],[-106.7596469,32.295098],[-106.7597082,32.2950835],[-106.7598386,32.2950468],[-106.7603452,32.2949547],[-106.7604603,32.294953],[-106.7605218,32.2949566],[-106.7606742,32.2949393],[-106.7616168,32.2948916],[-106.7616978,32.2949024],[-106.7618327,32.2948864],[-106.7619458,32.2948745],[-106.7620891,32.2949189],[-106.762408,32.2948864],[-106.7625573,32.2948694],[-106.7626199,32.2948762],[-106.7626454,32.2948895],[-106.7626623,32.2948984],[-106.7628137,32.2951372]]}},{"type":"Feature","properties":{"highway":"footway","name":""},"geometry":{"type":"LineString","coordinates":[[-106.7628575,32.2948214],[-106.7627476,32.2948567],[-106.7626454,32.2948895]]}},{"type":"Feature","properties":{"highway":"footway","name":""},"geometry":{"type":"LineString","coordinates":[[-106.7666136,32.2928919],[-106.7667085,32.2928115],[-106.7668035,32.2927311],[-106.766969,32.2923421],[-106.7667012,32.292065],[-106.7662566,32.291605],[-106.7658065,32.291117],[-106.7659121,32.2910539]]}},{"type":"Feature","properties":{"highway":"footway","name":""},"geometry":{"type":"LineString","coordinates":[[-106.7675023,32.2907714],[-106.7673021,32.2908594],[-106.7662566,32.291605]]}},{"type":"Feature","properties":{"highway":"footway","name":""},"geometry":{"type":"LineString","coordinates":[[-106.7667012,32.292065],[-106.7675584,32.2914463],[-106.7679964,32.2911187],[-106.7679608,32.2910739]]}},{"type":"Feature","properties":{"highway":"service","name":""},"geometry":{"type":"LineString","coordinates":[[-106.7591232,32.2886999],[-106.758909,32.2888352],[-106.7586749,32.2888957]]}},{"type":"Feature","properties":{"highway":"service","name":""},"geometry":{"type":"LineString","coordinates":[[-106.7684278,32.2913221],[-106.7680658,32.2909775]]}},{"type":"Feature","properties":{"highway":"service","name":""},"geometry":{"type":"LineString","coordinates":[[-106.7531196,32.2877254],[-106.7532051,32.2879312]]}},{"type":"Feature","properties":{"highway":"service","name":""},"geometry":{"type":"LineString","coordinates":[[-106.7618572,32.2931502],[-106.7619957,32.2931031],[-106.7621516,32.2930502],[-106.7623894,32.2929695],[-106.7624479,32.2930919],[-106.7624682,32.2931345]]}},{"type":"Feature","properties":{"highway":"service","name":""},"geometry":{"type":"LineString","coordinates":[[-106.7621516,32.2930502],[-106.7622022,32.2931661],[-106.7622205,32.2932081]]}},{"type":"Feature","properties":{"highway":"service","name":""},"geometry":{"type":"LineString","coordinates":[[-106.7619957,32.2931031],[-106.7620414,32.2932147],[-106.7620584,32.2932562]]}},{"type":"Feature","properties":{"highway":"service","name":""},"geometry":{"type":"LineString","coordinates":[[-106.7540059,32.2867841],[-106.7539048,32.2863827]]}},{"type":"Feature","properties":{"highway":"service","name":""},"geometry":{"type":"LineString","coordinates":[[-106.7505244,32.2882153],[-106.7505502,32.2882985],[-106.7508615,32.2882444]]}},{"type":"Feature","properties":{"highway":"service","name":""},"geometry":{"type":"LineString","coordinates":[[-106.7505502,32.2882985],[-106.7497203,32.2884593]]}},{"type":"Feature","properties":{"highway":"service","name":""},"geometry":{"type":"LineString","coordinates":[[-106.7698154,32.2850518],[-106.7699605,32.2851308],[-106.7700572,32.2852834],[-106.7701794,32.2852283]]}},{"type":"Feature","properties":{"highway":"service","name":""},"geometry":{"type":"LineString","coordinates":[[-106.7699605,32.2851308],[-106.7700863,32.2850688]]}},{"type":"Feature","properties":{"highway":"service","name":""},"geometry":{"type":"LineString","coordinates":[[-106.7698154,32.2850518],[-106.7697637,32.2851712],[-106.7699139,32.2853838]]}},{"type":"Feature","properties":{"highway":"service","name":""},"geometry":{"type":"LineString","coordinates":[[-106.7236483,32.2814327],[-106.7236929,32.281576],[-106.7237794,32.2816104],[-106.7240057,32.2817004]]}},{"type":"Feature","properties":{"highway":"service","name":""},"geometry":{"type":"LineString","coordinates":[[-106.7240057,32.2817004],[-106.7240135,32.2816316],[-106.7238677,32.2815538],[-106.7238415,32.2814009]]}},{"type":"Feature","properties":{"highway":"service","name":""},"geometry":{"type":"LineString","coordinates":[[-106.7238677,32.2815538],[-106.7237794,32.2816104]]}},{"type":"Feature","properties":{"highway":"service","name":""},"geometry":{"type":"LineString","coordinates":[[-106.7240057,32.2817004],[-106.7240631,32.2817878],[-106.7241152,32.2819702]]}},{"type":"Feature","properties":{"highway":"service","name":""},"geometry":{"type":"LineString","coordinates":[[-106.7695383,32.279326],[-106.7683967,32.2774727]]}},{"type":"Feature","properties":{"highway":"service","name":""},"geometry":{"type":"LineString","coordinates":[[-106.7333061,32.2911493],[-106.7336752,32.2911736]]}},{"type":"Feature","properties":{"highway":"service","name":""},"geometry":{"type":"LineString","coordinates":[[-106.7333061,32.2911493],[-106.7333985,32.2910707],[-106.7336171,32.2909555]]}},{"type":"Feature","properties":{"highway":"service","name":""},"geometry":{"type":"LineString","coordinates":[[-106.7344166,32.2911231],[-106.7344089,32.2910702]]}},{"type":"Feature","properties":{"highway":"service","name":""},"geometry":{"type":"LineString","coordinates":[[-106.7331508,32.2911745],[-106.7333061,32.2911493]]}},{"type":"Feature","properties":{"highway":"service","name":""},"geometry":{"type":"LineString","coordinates":[[-106.733231,32.2914507],[-106.7331508,32.2911745]]}},{"type":"Feature","properties":{"highway":"service","name":""},"geometry":{"type":"LineString","coordinates":[[-106.7336171,32.2909555],[-106.7335527,32.290704],[-106.7332805,32.2907519]]}},{"type":"Feature","properties":{"highway":"service","name":""},"geometry":{"type":"LineString","coordinates":[[-106.7336752,32.2911736],[-106.7336171,32.2909555]]}},{"type":"Feature","properties":{"highway":"service","name":""},"geometry":{"type":"LineString","coordinates":[[-106.733231,32.2914507],[-106.733725,32.2913607],[-106.7336752,32.2911736]]}},{"type":"Feature","properties":{"highway":"service","name":""},"geometry":{"type":"LineString","coordinates":[[-106.7635944,32.292815],[-106.7637293,32.2929461]]}},{"type":"Feature","properties":{"highway":"service","name":""},"geometry":{"type":"LineString","coordinates":[[-106.7577108,32.2856645],[-106.7576303,32.2855278]]}},{"type":"Feature","properties":{"highway":"service","name":""},"geometry":{"type":"LineString","coordinates":[[-106.7578215,32.285603],[-106.7577483,32.2854779]]}},{"type":"Feature","properties":{"highway":"service","name":""},"geometry":{"type":"LineString","coordinates":[[-106.7385947,32.2735556],[-106.7387091,32.2739896],[-106.7389137,32.27395],[-106.7387989,32.2735147]]}},{"type":"Feature","properties":{"highway":"service","name":""},"geometry":{"type":"LineString","coordinates":[[-106.739022,32.27347],[-106.7390806,32.2736852],[-106.7392816,32.2736433],[-106.73922,32.2734292]]}},{"type":"Feature","properties":{"highway":"service","name":""},"geometry":{"type":"LineString","coordinates":[[-106.7385052,32.2744546],[-106.7385723,32.2744395],[-106.7386486,32.2744026],[-106.7386647,32.2743726],[-106.7385778,32.2740316],[-106.7385327,32.2740062],[-106.7384542,32.2739994],[-106.7383882,32.2740102]]}},{"type":"Feature","properties":{"highway":"service","name":""},"geometry":{"type":"LineString","coordinates":[[-106.7545627,32.2865856],[-106.7542786,32.286639],[-106.7542633,32.2866792],[-106.7542737,32.2867361]]}}]}