{
 "type": "FeatureCollection",
 "features": [
  {
   "type": "Feature",
   "properties": {
    "osmId": 14469773,
    "highway": "pedestrian",
    "name": "International Mall"
   },
   "geometry": {
    "type": "LineString",
    "coordinates": [
     [
      -106.752817,
      32.282509
     ],
     [
      -106.752459,
      32.28258
     ],
     [
      -106.752346,
      32.282602
     ],
     [
      -106.752195,
      32.282631
     ],
     [
      -106.752078,
      32.282653
     ],
     [
      -106.751775,
      32.282709
     ],
     [
      -106.751749,
      32.282726
     ],
     [
      -106.751706,
      32.28276
     ],
     [
      -106.751591,
      32.282782
     ],
     [
      -106.751454,
      32.282809
     ],
     [
      -106.751148,
      32.282868
     ],
     [
      -106.751057,
      32.282883
     ],
     [
      -106.750728,
      32.28295
     ],
     [
      -106.750581,
      32.28298
     ],
     [
      -106.750356,
      32.283026
     ],
     [
      -106.750112,
      32.28307
     ],
     [
      -106.749393,
      32.283193
     ],
     [
      -106.749344,
      32.283202
     ],
     [
      -106.749284,
      32.283186
     ],
     [
      -106.748996,
      32.283241
     ],
     [
      -106.748988,
      32.283242
     ],
     [
      -106.748627,
      32.283311
     ],
     [
      -106.748621,
      32.283288
     ],
     [
      -106.748396,
      32.283331
     ]
    ]
   }
  },
  {
   "type": "Feature",
   "properties": {
    "osmId": 81814450,
    "highway": "footway"
   },
   "geometry": {
    "type": "LineString",
    "coordinates": [
     [
      -106.756793,
      32.282984
     ],
     [
      -106.756734,
      32.282938
     ],
     [
      -106.756195,
      32.28247
     ]
    ]
   }
  },
  {
   "type": "Feature",
   "properties": {
    "osmId": 81814452,
    "highway": "footway"
   },
   "geometry": {
    "type": "LineString",
    "coordinates": [
     [
      -106.756195,
      32.28247
     ],
     [
      -106.756269,
      32.282466
     ],
     [
      -106.756607,
      32.282424
     ]
    ]
   }
  },
  {
   "type": "Feature",
   "properties": {
    "osmId": 81814462,
    "highway": "footway"
   },
   "geometry": {
    "type": "LineString",
    "coordinates": [
     [
      -106.756771,
      32.281836
     ],
     [
      -106.756839,
      32.28211
     ],
     [
      -106.757051,
      32.281833
     ],
     [
      -106.757074,
      32.281803
     ],
     [
      -106.757114,
      32.281824
     ],
     [
      -106.757417,
      32.281985
     ],
     [
      -106.757539,
      32.282049
     ]
    ]
   }
  },
  {
   "type": "Feature",
   "properties": {
    "osmId": 81814463,
    "highway": "footway"
   },
   "geometry": {
    "type": "LineString",
    "coordinates": [
     [
      -106.75684,
      32.28236
     ],
     [
      -106.757443,
      32.282679
     ],
     [
      -106.757499,
      32.282763
     ],
     [
      -106.75752,
      32.282851
     ],
     [
      -106.757527,
      32.282881
     ]
    ]
   }
  },
  {
   "type": "Feature",
   "properties": {
    "osmId": 81814474,
    "highway": "footway"
   },
   "geometry": {
    "type": "LineString",
    "coordinates": [
     [
      -106.756246,
      32.283026
     ],
     [
      -106.756147,
      32.283044
     ],
     [
      -106.756063,
      32.283059
     ]
    ]
   }
  },
  {
   "type": "Feature",
   "properties": {
    "osmId": 81978912,
    "highway": "pedestrian",
    "name": "Frank Bromilow Mall"
   },
   "geometry": {
    "type": "LineString",
    "coordinates": [
     [
      -106.754267,
      32.280569
     ],
     [
      -106.754325,
      32.28079
     ],
     [
      -106.754342,
      32.280853
     ],
     [
      -106.754421,
      32.281154
     ],
     [
      -106.754447,
      32.281252
     ],
     [
      -106.754482,
      32.281384
     ],
     [
      -106.75453,
      32.281568
     ],
     [
      -106.754543,
      32.281615
     ]
    ]
   }
  },
  {
   "type": "Feature",
   "properties": {
    "osmId": 81978916,
    "highway": "footway"
   },
   "geometry": {
    "type": "LineString",
    "coordinates": [
     [
      -106.754421,
      32.281154
     ],
     [
      -106.754242,
      32.281188
     ],
     [
      -106.754224,
      32.281191
     ],
     [
      -106.754053,
      32.281223
     ],
     [
      -106.753882,
      32.281255
     ],
     [
      -106.753813,
      32.281268
     ],
     [
      -106.753793,
      32.281272
     ],
     [
      -106.753597,
      32.281309
     ],
     [
      -106.753487,
      32.28133
     ]
    ]
   }
  },
  {
   "type": "Feature",
   "properties": {
    "osmId": 81978932,
    "highway": "service"
   },
   "geometry": {
    "type": "LineString",
    "coordinates": [
     [
      -106.75381,
      32.27952
     ],
     [
      -106.753844,
      32.279539
     ],
     [
      -106.753955,
      32.279516
     ],
     [
      -106.753992,
      32.27951
     ]
    ]
   }
  },
  {
   "type": "Feature",
   "properties": {
    "osmId": 81978965,
    "highway": "footway"
   },
   "geometry": {
    "type": "LineString",
    "coordinates": [
     [
      -106.751753,
      32.280887
     ],
     [
      -106.751826,
      32.281172
     ],
     [
      -106.75185,
      32.281265
     ]
    ]
   }
  },
  {
   "type": "Feature",
   "properties": {
    "osmId": 81978968,
    "highway": "footway"
   },
   "geometry": {
    "type": "LineString",
    "coordinates": [
     [
      -106.751753,
      32.280887
     ],
     [
      -106.75239,
      32.281063
     ],
     [
      -106.752608,
      32.281116
     ]
    ]
   }
  },
  {
   "type": "Feature",
   "properties": {
    "osmId": 81978969,
    "highway": "footway"
   },
   "geometry": {
    "type": "LineString",
    "coordinates": [
     [
      -106.752815,
      32.280348
     ],
     [
      -106.752863,
      32.280529
     ],
     [
      -106.752875,
      32.280575
     ],
     [
      -106.752944,
      32.280839
     ],
     [
      -106.752954,
      32.280878
     ]
    ]
   }
  },
  {
   "type": "Feature",
   "properties": {
    "osmId": 81978974,
    "highway": "footway"
   },
   "geometry": {
    "type": "LineString",
    "coordinates": [
     [
      -106.752954,
      32.280878
     ],
     [
      -106.752831,
      32.280977
     ],
     [
      -106.752665,
      32.281107
     ]
    ]
   }
  },
  {
   "type": "Feature",
   "properties": {
    "osmId": 82002884,
    "highway": "steps"
   },
   "geometry": {
    "type": "LineString",
    "coordinates": [
     [
      -106.74945,
      32.279465
     ],
     [
      -106.749636,
      32.279431
     ],
     [
      -106.74974,
      32.279412
     ]
    ]
   }
  },
  {
   "type": "Feature",
   "properties": {
    "osmId": 82002895,
    "highway": "footway"
   },
   "geometry": {
    "type": "LineString",
    "coordinates": [
     [
      -106.747702,
      32.281334
     ],
     [
      -106.747724,
      32.281366
     ],
     [
      -106.74777,
      32.281402
     ],
     [
      -106.74786,
      32.28147
     ],
     [
      -106.747987,
      32.281572
     ],
     [
      -106.748104,
      32.281681
     ],
     [
      -106.748282,
      32.281819
     ],
     [
      -106.748321,
      32.281849
     ]
    ]
   }
  },
  {
   "type": "Feature",
   "properties": {
    "osmId": 82002897,
    "highway": "footway"
   },
   "geometry": {
    "type": "LineString",
    "coordinates": [
     [
      -106.748789,
      32.280658
     ],
     [
      -106.748381,
      32.280736
     ],
     [
      -106.748307,
      32.280448
     ]
    ]
   }
  },
  {
   "type": "Feature",
   "properties": {
    "osmId": 82002898,
    "highway": "footway"
   },
   "geometry": {
    "type": "LineString",
    "coordinates": [
     [
      -106.748789,
      32.280658
     ],
     [
      -106.748307,
      32.280448
     ]
    ]
   }
  },
  {
   "type": "Feature",
   "properties": {
    "osmId": 82002899,
    "highway": "footway"
   },
   "geometry": {
    "type": "LineString",
    "coordinates": [
     [
      -106.747923,
      32.280517
     ],
     [
      -106.747999,
      32.280816
     ],
     [
      -106.747676,
      32.280874
     ],
     [
      -106.747588,
      32.280889
     ]
    ]
   }
  },
  {
   "type": "Feature",
   "properties": {
    "osmId": 82002912,
    "highway": "footway"
   },
   "geometry": {
    "type": "LineString",
    "coordinates": [
     [
      -106.748396,
      32.283331
     ],
     [
      -106.748626,
      32.28306
     ],
     [
      -106.748676,
      32.283002
     ],
     [
      -106.749298,
      32.28227
     ],
     [
      -106.74941,
      32.282178
     ],
     [
      -106.749495,
      32.282131
     ],
     [
      -106.749773,
      32.281978
     ],
     [
      -106.749951,
      32.281881
     ],
     [
      -106.750069,
      32.281817
     ],
     [
      -106.750397,
      32.281641
     ],
     [
      -106.750496,
      32.281521
     ]
    ]
   }
  },
  {
   "type": "Feature",
   "properties": {
    "osmId": 82002913,
    "highway": "footway"
   },
   "geometry": {
    "type": "LineString",
    "coordinates": [
     [
      -106.749326,
      32.281804
     ],
     [
      -106.749762,
      32.281719
     ],
     [
      -106.749988,
      32.281681
     ],
     [
      -106.750029,
      32.281658
     ],
     [
      -106.75008,
      32.281631
     ],
     [
      -106.750362,
      32.281571
     ],
     [
      -106.750496,
      32.281521
     ]
    ]
   }
  },
  {
   "type": "Feature",
   "properties": {
    "osmId": 82002914,
    "highway": "footway"
   },
   "geometry": {
    "type": "LineString",
    "coordinates": [
     [
      -106.74941,
      32.282178
     ],
     [
      -106.749326,
      32.281804
     ]
    ]
   }
  },
  {
   "type": "Feature",
   "properties": {
    "osmId": 82002931,
    "highway": "footway"
   },
   "geometry": {
    "type": "LineString",
    "coordinates": [
     [
      -106.743714,
      32.281312
     ],
     [
      -106.743907,
      32.282044
     ],
     [
      -106.744033,
      32.282513
     ],
     [
      -106.744108,
      32.282791
     ]
    ]
   }
  },
  {
   "type": "Feature",
   "properties": {
    "osmId": 82002932,
    "highway": "footway"
   },
   "geometry": {
    "type": "LineString",
    "coordinates": [
     [
      -106.743907,
      32.282044
     ],
     [
      -106.744404,
      32.281945
     ],
     [
      -106.744677,
      32.28189
     ],
     [
      -106.74525,
      32.281774
     ],
     [
      -106.745209,
      32.281624
     ]
    ]
   }
  },
  {
   "type": "Feature",
   "properties": {
    "osmId": 82002934,
    "highway": "footway"
   },
   "geometry": {
    "type": "LineString",
    "coordinates": [
     [
      -106.745045,
      32.281061
     ],
     [
      -106.745209,
      32.281624
     ],
     [
      -106.745525,
      32.281559
     ],
     [
      -106.746266,
      32.281415
     ]
    ]
   }
  },
  {
   "type": "Feature",
   "properties": {
    "osmId": 82002941,
    "highway": "footway"
   },
   "geometry": {
    "type": "LineString",
    "coordinates": [
     [
      -106.745618,
      32.282848
     ],
     [
      -106.745539,
      32.282802
     ],
     [
      -106.745425,
      32.282681
     ],
     [
      -106.745338,
      32.282648
     ],
     [
      -106.745268,
      32.282668
     ],
     [
      -106.745213,
      32.282701
     ],
     [
      -106.74517,
      32.28283
     ],
     [
      -106.745128,
      32.282913
     ],
     [
      -106.745078,
      32.282959
     ],
     [
      -106.745001,
      32.282975
     ],
     [
      -106.744648,
      32.283051
     ]
    ]
   }
  },
  {
   "type": "Feature",
   "properties": {
    "osmId": 82002942,
    "highway": "footway"
   },
   "geometry": {
    "type": "LineString",
    "coordinates": [
     [
      -106.744648,
      32.283051
     ],
     [
      -106.744457,
      32.283085
     ]
    ]
   }
  },
  {
   "type": "Feature",
   "properties": {
    "osmId": 82002943,
    "highway": "footway"
   },
   "geometry": {
    "type": "LineString",
    "coordinates": [
     [
      -106.744457,
      32.283085
     ],
     [
      -106.744331,
      32.283108
     ],
     [
      -106.744213,
      32.283132
     ],
     [
      -106.744102,
      32.283156
     ],
     [
      -106.744074,
      32.283056
     ]
    ]
   }
  },
  {
   "type": "Feature",
   "properties": {
    "osmId": 82002947,
    "highway": "footway"
   },
   "geometry": {
    "type": "LineString",
    "coordinates": [
     [
      -106.744074,
      32.283056
     ],
     [
      -106.743173,
      32.283225
     ],
     [
      -106.742776,
      32.283304
     ],
     [
      -106.742493,
      32.283359
     ],
     [
      -106.742389,
      32.283474
     ]
    ]
   }
  },
  {
   "type": "Feature",
   "properties": {
    "osmId": 82004940,
    "highway": "footway"
   },
   "geometry": {
    "type": "LineString",
    "coordinates": [
     [
      -106.752465,
      32.283873
     ],
     [
      -106.752519,
      32.283789
     ],
     [
      -106.752662,
      32.283565
     ],
     [
      -106.752647,
      32.283515
     ],
     [
      -106.752387,
      32.283345
     ],
     [
      -106.752164,
      32.283208
     ],
     [
      -106.752007,
      32.283237
     ],
     [
      -106.751868,
      32.283444
     ]
    ]
   }
  },
  {
   "type": "Feature",
   "properties": {
    "osmId": 82032296,
    "highway": "footway"
   },
   "geometry": {
    "type": "LineString",
    "coordinates": [
     [
      -106.749086,
      32.284379
     ],
     [
      -106.749084,
      32.284403
     ],
     [
      -106.749067,
      32.284422
     ],
     [
      -106.74904,
      32.28443
     ],
     [
      -106.749017,
      32.284426
     ],
     [
      -106.748998,
      32.284413
     ],
     [
      -106.748989,
      32.284395
     ],
     [
      -106.748991,
      32.284376
     ],
     [
      -106.749001,
      32.28436
     ],
     [
      -106.749019,
      32.284349
     ],
     [
      -106.749038,
      32.284346
     ],
     [
      -106.749058,
      32.28435
     ],
     [
      -106.749076,
      32.284362
     ],
     [
      -106.749086,
      32.284379
     ]
    ]
   }
  },
  {
   "type": "Feature",
   "properties": {
    "osmId": 82032298,
    "highway": "footway"
   },
   "geometry": {
    "type": "LineString",
    "coordinates": [
     [
      -106.748989,
      32.284395
     ],
     [
      -106.748727,
      32.284447
     ]
    ]
   }
  },
  {
   "type": "Feature",
   "properties": {
    "osmId": 82032299,
    "highway": "footway"
   },
   "geometry": {
    "type": "LineString",
    "coordinates": [
     [
      -106.749019,
      32.284349
     ],
     [
      -106.748898,
      32.284098
     ]
    ]
   }
  },
  {
   "type": "Feature",
   "properties": {
    "osmId": 82032301,
    "highway": "footway"
   },
   "geometry": {
    "type": "LineString",
    "coordinates": [
     [
      -106.749058,
      32.28435
     ],
     [
      -106.749241,
      32.284029
     ],
     [
      -106.749285,
      32.283951
     ],
     [
      -106.74927,
      32.283893
     ]
    ]
   }
  },
  {
   "type": "Feature",
   "properties": {
    "osmId": 82032303,
    "highway": "footway"
   },
   "geometry": {
    "type": "LineString",
    "coordinates": [
     [
      -106.749453,
      32.283825
     ],
     [
      -106.74927,
      32.283893
     ]
    ]
   }
  },
  {
   "type": "Feature",
   "properties": {
    "osmId": 82032305,
    "highway": "footway"
   },
   "geometry": {
    "type": "LineString",
    "coordinates": [
     [
      -106.74904,
      32.28443
     ],
     [
      -106.749055,
      32.284709
     ]
    ]
   }
  },
  {
   "type": "Feature",
   "properties": {
    "osmId": 82032309,
    "highway": "footway"
   },
   "geometry": {
    "type": "LineString",
    "coordinates": [
     [
      -106.748614,
      32.284966
     ],
     [
      -106.74895,
      32.284892
     ],
     [
      -106.748972,
      32.284897
     ],
     [
      -106.748987,
      32.284902
     ],
     [
      -106.749011,
      32.284902
     ],
     [
      -106.749207,
      32.284868
     ],
     [
      -106.74943,
      32.284824
     ],
     [
      -106.749463,
      32.284803
     ],
     [
      -106.749466,
      32.284778
     ],
     [
      -106.749451,
      32.28472
     ],
     [
      -106.749679,
      32.284678
     ]
    ]
   }
  },
  {
   "type": "Feature",
   "properties": {
    "osmId": 82032324,
    "highway": "footway"
   },
   "geometry": {
    "type": "LineString",
    "coordinates": [
     [
      -106.747185,
      32.281522
     ],
     [
      -106.74725,
      32.281787
     ],
     [
      -106.74735,
      32.282165
     ],
     [
      -106.74742,
      32.282415
     ],
     [
      -106.747173,
      32.282462
     ],
     [
      -106.746972,
      32.2825
     ],
     [
      -106.746762,
      32.28254
     ],
     [
      -106.746695,
      32.282553
     ]
    ]
   }
  },
  {
   "type": "Feature",
   "properties": {
    "osmId": 82032325,
    "highway": "footway"
   },
   "geometry": {
    "type": "LineString",
    "coordinates": [
     [
      -106.74735,
      32.282165
     ],
     [
      -106.747626,
      32.282117
     ]
    ]
   }
  },
  {
   "type": "Feature",
   "properties": {
    "osmId": 82032329,
    "highway": "footway"
   },
   "geometry": {
    "type": "LineString",
    "coordinates": [
     [
      -106.74725,
      32.281787
     ],
     [
      -106.747374,
      32.281763
     ]
    ]
   }
  },
  {
   "type": "Feature",
   "properties": {
    "osmId": 82032337,
    "highway": "footway"
   },
   "geometry": {
    "type": "LineString",
    "coordinates": [
     [
      -106.747718,
      32.282021
     ],
     [
      -106.748337,
      32.281904
     ],
     [
      -106.748349,
      32.281957
     ],
     [
      -106.748159,
      32.282359
     ]
    ]
   }
  },
  {
   "type": "Feature",
   "properties": {
    "osmId": 82032338,
    "highway": "footway"
   },
   "geometry": {
    "type": "LineString",
    "coordinates": [
     [
      -106.748337,
      32.281904
     ],
     [
      -106.748321,
      32.281849
     ],
     [
      -106.748405,
      32.281894
     ],
     [
      -106.748499,
      32.281922
     ],
     [
      -106.748481,
      32.281948
     ]
    ]
   }
  },
  {
   "type": "Feature",
   "properties": {
    "osmId": 82032341,
    "highway": "footway"
   },
   "geometry": {
    "type": "LineString",
    "coordinates": [
     [
      -106.748104,
      32.281681
     ],
     [
      -106.748005,
      32.281647
     ],
     [
      -106.747848,
      32.281599
     ],
     [
      -106.747652,
      32.281554
     ],
     [
      -106.747401,
      32.281534
     ],
     [
      -106.74721,
      32.281524
     ],
     [
      -106.747185,
      32.281522
     ],
     [
      -106.74706,
      32.281535
     ],
     [
      -106.746672,
      32.281596
     ],
     [
      -106.746511,
      32.281624
     ]
    ]
   }
  },
  {
   "type": "Feature",
   "properties": {
    "osmId": 82032352,
    "highway": "footway"
   },
   "geometry": {
    "type": "LineString",
    "coordinates": [
     [
      -106.748499,
      32.281922
     ],
     [
      -106.748586,
      32.281769
     ],
     [
      -106.748622,
      32.281711
     ],
     [
      -106.748704,
      32.281583
     ],
     [
      -106.748926,
      32.281204
     ]
    ]
   }
  },
  {
   "type": "Feature",
   "properties": {
    "osmId": 82032454,
    "highway": "footway"
   },
   "geometry": {
    "type": "LineString",
    "coordinates": [
     [
      -106.743437,
      32.283597
     ],
     [
      -106.743368,
      32.28363
     ],
     [
      -106.743305,
      32.283688
     ],
     [
      -106.743241,
      32.283771
     ],
     [
      -106.74322,
      32.283836
     ],
     [
      -106.743223,
      32.28393
     ],
     [
      -106.743253,
      32.284007
     ],
     [
      -106.743281,
      32.284047
     ],
     [
      -106.743473,
      32.284149
     ],
     [
      -106.743779,
      32.284302
     ]
    ]
   }
  },
  {
   "type": "Feature",
   "properties": {
    "osmId": 82032458,
    "highway": "footway"
   },
   "geometry": {
    "type": "LineString",
    "coordinates": [
     [
      -106.743459,
      32.284358
     ],
     [
      -106.743473,
      32.284149
     ],
     [
      -106.743483,
      32.284
     ]
    ]
   }
  },
  {
   "type": "Feature",
   "properties": {
    "osmId": 82032460,
    "highway": "footway"
   },
   "geometry": {
    "type": "LineString",
    "coordinates": [
     [
      -106.742763,
      32.283924
     ],
     [
      -106.743062,
      32.28387
     ],
     [
      -106.743129,
      32.283882
     ],
     [
      -106.743223,
      32.28393
     ]
    ]
   }
  },
  {
   "type": "Feature",
   "properties": {
    "osmId": 82032464,
    "highway": "footway"
   },
   "geometry": {
    "type": "LineString",
    "coordinates": [
     [
      -106.743062,
      32.28387
     ],
     [
      -106.74312,
      32.283851
     ],
     [
      -106.743187,
      32.283816
     ],
     [
      -106.743241,
      32.283771
     ]
    ]
   }
  },
  {
   "type": "Feature",
   "properties": {
    "osmId": 82032470,
    "highway": "footway"
   },
   "geometry": {
    "type": "LineString",
    "coordinates": [
     [
      -106.744263,
      32.28421
     ],
     [
      -106.744302,
      32.284145
     ],
     [
      -106.744339,
      32.284106
     ],
     [
      -106.744352,
      32.284087
     ],
     [
      -106.744372,
      32.283942
     ],
     [
      -106.744344,
      32.283855
     ],
     [
      -106.74432,
      32.283803
     ],
     [
      -106.744248,
      32.283722
     ],
     [
      -106.744198,
      32.283674
     ],
     [
      -106.744135,
      32.283634
     ],
     [
      -106.74408,
      32.283615
     ],
     [
      -106.743971,
      32.28358
     ],
     [
      -106.743916,
      32.283575
     ],
     [
      -106.743854,
      32.283636
     ],
     [
      -106.743854,
      32.283723
     ]
    ]
   }
  },
  {
   "type": "Feature",
   "properties": {
    "osmId": 82032477,
    "highway": "footway"
   },
   "geometry": {
    "type": "LineString",
    "coordinates": [
     [
      -106.743916,
      32.283575
     ],
     [
      -106.743918,
      32.283524
     ],
     [
      -106.74391,
      32.283471
     ],
     [
      -106.74386,
      32.283427
     ],
     [
      -106.743822,
      32.283409
     ],
     [
      -106.743749,
      32.283407
     ],
     [
      -106.743664,
      32.283416
     ],
     [
      -106.74363,
      32.283439
     ],
     [
      -106.743601,
      32.283523
     ],
     [
      -106.743556,
      32.283576
     ],
     [
      -106.743504,
      32.283578
     ],
     [
      -106.743437,
      32.283597
     ]
    ]
   }
  },
  {
   "type": "Feature",
   "properties": {
    "osmId": 82032479,
    "highway": "footway"
   },
   "geometry": {
    "type": "LineString",
    "coordinates": [
     [
      -106.743581,
      32.283691
     ],
     [
      -106.743577,
      32.283622
     ],
     [
      -106.743556,
      32.283576
     ]
    ]
   }
  },
  {
   "type": "Feature",
   "properties": {
    "osmId": 82032484,
    "highway": "footway"
   },
   "geometry": {
    "type": "LineString",
    "coordinates": [
     [
      -106.74391,
      32.283471
     ],
     [
      -106.744102,
      32.283156
     ]
    ]
   }
  },
  {
   "type": "Feature",
   "properties": {
    "osmId": 82032491,
    "highway": "footway"
   },
   "geometry": {
    "type": "LineString",
    "coordinates": [
     [
      -106.74408,
      32.283615
     ],
     [
      -106.744075,
      32.283732
     ]
    ]
   }
  },
  {
   "type": "Feature",
   "properties": {
    "osmId": 82032492,
    "highway": "footway"
   },
   "geometry": {
    "type": "LineString",
    "coordinates": [
     [
      -106.744114,
      32.284238
     ],
     [
      -106.744101,
      32.284121
     ],
     [
      -106.744095,
      32.284027
     ]
    ]
   }
  },
  {
   "type": "Feature",
   "properties": {
    "osmId": 82032493,
    "highway": "footway"
   },
   "geometry": {
    "type": "LineString",
    "coordinates": [
     [
      -106.744101,
      32.284121
     ],
     [
      -106.744302,
      32.284145
     ]
    ]
   }
  },
  {
   "type": "Feature",
   "properties": {
    "osmId": 82032496,
    "highway": "footway"
   },
   "geometry": {
    "type": "LineString",
    "coordinates": [
     [
      -106.744352,
      32.284087
     ],
     [
      -106.744387,
      32.284123
     ],
     [
      -106.744437,
      32.284177
     ]
    ]
   }
  },
  {
   "type": "Feature",
   "properties": {
    "osmId": 82032498,
    "highway": "footway"
   },
   "geometry": {
    "type": "LineString",
    "coordinates": [
     [
      -106.74432,
      32.283803
     ],
     [
      -106.744996,
      32.283985
     ],
     [
      -106.745128,
      32.284038
     ]
    ]
   }
  },
  {
   "type": "Feature",
   "properties": {
    "osmId": 82032538,
    "highway": "footway"
   },
   "geometry": {
    "type": "LineString",
    "coordinates": [
     [
      -106.744801,
      32.284767
     ],
     [
      -106.744614,
      32.285022
     ],
     [
      -106.744546,
      32.285097
     ]
    ]
   }
  },
  {
   "type": "Feature",
   "properties": {
    "osmId": 82032550,
    "highway": "footway"
   },
   "geometry": {
    "type": "LineString",
    "coordinates": [
     [
      -106.745587,
      32.283952
     ],
     [
      -106.745325,
      32.284259
     ],
     [
      -106.745324,
      32.28434
     ],
     [
      -106.745355,
      32.28446
     ],
     [
      -106.745395,
      32.284627
     ],
     [
      -106.745408,
      32.284681
     ],
     [
      -106.745508,
      32.285095
     ],
     [
      -106.745551,
      32.285216
     ],
     [
      -106.745509,
      32.285367
     ]
    ]
   }
  },
  {
   "type": "Feature",
   "properties": {
    "osmId": 82032551,
    "highway": "footway"
   },
   "geometry": {
    "type": "LineString",
    "coordinates": [
     [
      -106.745325,
      32.284259
     ],
     [
      -106.745267,
      32.284327
     ],
     [
      -106.745198,
      32.284408
     ],
     [
      -106.745109,
      32.284481
     ],
     [
      -106.744961,
      32.284563
     ],
     [
      -106.744958,
      32.284564
     ],
     [
      -106.744878,
      32.284666
     ]
    ]
   }
  },
  {
   "type": "Feature",
   "properties": {
    "osmId": 82032553,
    "highway": "footway"
   },
   "geometry": {
    "type": "LineString",
    "coordinates": [
     [
      -106.744961,
      32.284563
     ],
     [
      -106.744963,
      32.284463
     ],
     [
      -106.744986,
      32.284397
     ],
     [
      -106.745015,
      32.284357
     ],
     [
      -106.745061,
      32.284318
     ],
     [
      -106.745114,
      32.284302
     ],
     [
      -106.745267,
      32.284327
     ]
    ]
   }
  },
  {
   "type": "Feature",
   "properties": {
    "osmId": 82032554,
    "highway": "footway"
   },
   "geometry": {
    "type": "LineString",
    "coordinates": [
     [
      -106.745355,
      32.28446
     ],
     [
      -106.745587,
      32.284427
     ]
    ]
   }
  },
  {
   "type": "Feature",
   "properties": {
    "osmId": 82125468,
    "highway": "steps"
   },
   "geometry": {
    "type": "LineString",
    "coordinates": [
     [
      -106.742876,
      32.28437
     ],
     [
      -106.742959,
      32.284416
     ]
    ]
   }
  },
  {
   "type": "Feature",
   "properties": {
    "osmId": 82155097,
    "highway": "footway"
   },
   "geometry": {
    "type": "LineString",
    "coordinates": [
     [
      -106.754675,
      32.278473
     ],
     [
      -106.754723,
      32.278677
     ],
     [
      -106.7547,
      32.278766
     ],
     [
      -106.75467,
      32.27886
     ],
     [
      -106.754643,
      32.278903
     ],
     [
      -106.754623,
      32.278925
     ],
     [
      -106.754604,
      32.278934
     ],
     [
      -106.754577,
      32.278944
     ],
     [
      -106.754239,
      32.279007
     ],
     [
      -106.754111,
      32.279188
     ]
    ]
   }
  },
  {
   "type": "Feature",
   "properties": {
    "osmId": 82251825,
    "highway": "footway"
   },
   "geometry": {
    "type": "LineString",
    "coordinates": [
     [
      -106.748689,
      32.277712
     ],
     [
      -106.748599,
      32.277389
     ],
     [
      -106.748687,
      32.277371
     ],
     [
      -106.749909,
      32.277136
     ]
    ]
   }
  },
  {
   "type": "Feature",
   "properties": {
    "osmId": 82586425,
    "highway": "pedestrian"
   },
   "geometry": {
    "type": "LineString",
    "coordinates": [
     [
      -106.751775,
      32.282709
     ],
     [
      -106.751743,
      32.282607
     ],
     [
      -106.751732,
      32.282563
     ],
     [
      -106.751724,
      32.28253
     ],
     [
      -106.751694,
      32.282474
     ],
     [
      -106.751635,
      32.282403
     ],
     [
      -106.751587,
      32.282216
     ],
     [
      -106.751523,
      32.282117
     ],
     [
      -106.751506,
      32.28206
     ],
     [
      -106.751461,
      32.281893
     ],
     [
      -106.751411,
      32.281804
     ],
     [
      -106.751401,
      32.281784
     ],
     [
      -106.751365,
      32.281649
     ],
     [
      -106.7513,
      32.281404
     ],
     [
      -106.751291,
      32.281372
     ]
    ]
   }
  },
  {
   "type": "Feature",
   "properties": {
    "osmId": 82586426,
    "highway": "footway"
   },
   "geometry": {
    "type": "LineString",
    "coordinates": [
     [
      -106.751743,
      32.282607
     ],
     [
      -106.752084,
      32.282376
     ],
     [
      -106.752184,
      32.282309
     ]
    ]
   }
  },
  {
   "type": "Feature",
   "properties": {
    "osmId": 82586427,
    "highway": "footway"
   },
   "geometry": {
    "type": "LineString",
    "coordinates": [
     [
      -106.751635,
      32.282403
     ],
     [
      -106.752071,
      32.282327
     ],
     [
      -106.752184,
      32.282309
     ],
     [
      -106.752339,
      32.282188
     ],
     [
      -106.752441,
      32.282127
     ],
     [
      -106.752569,
      32.28199
     ]
    ]
   }
  },
  {
   "type": "Feature",
   "properties": {
    "osmId": 82586429,
    "highway": "footway"
   },
   "geometry": {
    "type": "LineString",
    "coordinates": [
     [
      -106.752441,
      32.282127
     ],
     [
      -106.75238,
      32.282266
     ],
     [
      -106.752346,
      32.282399
     ],
     [
      -106.752346,
      32.282602
     ]
    ]
   }
  },
  {
   "type": "Feature",
   "properties": {
    "osmId": 82586432,
    "highway": "footway"
   },
   "geometry": {
    "type": "LineString",
    "coordinates": [
     [
      -106.752877,
      32.282142
     ],
     [
      -106.752846,
      32.282011
     ],
     [
      -106.752828,
      32.281948
     ],
     [
      -106.752812,
      32.281883
     ],
     [
      -106.752776,
      32.281739
     ],
     [
      -106.752747,
      32.281614
     ],
     [
      -106.752693,
      32.281384
     ],
     [
      -106.752617,
      32.281363
     ],
     [
      -106.752564,
      32.281163
     ],
     [
      -106.752554,
      32.281126
     ]
    ]
   }
  },
  {
   "type": "Feature",
   "properties": {
    "osmId": 82586433,
    "highway": "footway"
   },
   "geometry": {
    "type": "LineString",
    "coordinates": [
     [
      -106.752617,
      32.281363
     ],
     [
      -106.752461,
      32.281306
     ],
     [
      -106.752284,
      32.281272
     ],
     [
      -106.75203,
      32.281265
     ]
    ]
   }
  },
  {
   "type": "Feature",
   "properties": {
    "osmId": 82586434,
    "highway": "footway"
   },
   "geometry": {
    "type": "LineString",
    "coordinates": [
     [
      -106.752747,
      32.281614
     ],
     [
      -106.752948,
      32.281793
     ],
     [
      -106.753007,
      32.281847
     ],
     [
      -106.75306,
      32.281894
     ]
    ]
   }
  },
  {
   "type": "Feature",
   "properties": {
    "osmId": 82586435,
    "highway": "footway"
   },
   "geometry": {
    "type": "LineString",
    "coordinates": [
     [
      -106.752084,
      32.282376
     ],
     [
      -106.752071,
      32.282327
     ],
     [
      -106.752027,
      32.282145
     ],
     [
      -106.751974,
      32.282156
     ],
     [
      -106.751947,
      32.282031
     ],
     [
      -106.751895,
      32.281996
     ],
     [
      -106.751862,
      32.281984
     ],
     [
      -106.751813,
      32.281929
     ],
     [
      -106.751743,
      32.281854
     ],
     [
      -106.751664,
      32.281806
     ]
    ]
   }
  },
  {
   "type": "Feature",
   "properties": {
    "osmId": 82586436,
    "highway": "footway"
   },
   "geometry": {
    "type": "LineString",
    "coordinates": [
     [
      -106.752147,
      32.281863
     ],
     [
      -106.751919,
      32.281949
     ],
     [
      -106.751862,
      32.281984
     ],
     [
      -106.751777,
      32.28205
     ],
     [
      -106.751677,
      32.28213
     ],
     [
      -106.751587,
      32.282216
     ]
    ]
   }
  },
  {
   "type": "Feature",
   "properties": {
    "osmId": 82586437,
    "highway": "footway"
   },
   "geometry": {
    "type": "LineString",
    "coordinates": [
     [
      -106.752569,
      32.28199
     ],
     [
      -106.752311,
      32.28203
     ],
     [
      -106.752275,
      32.281878
     ]
    ]
   }
  },
  {
   "type": "Feature",
   "properties": {
    "osmId": 96525246,
    "highway": "footway"
   },
   "geometry": {
    "type": "LineString",
    "coordinates": [
     [
      -106.749393,
      32.283193
     ],
     [
      -106.749368,
      32.283083
     ],
     [
      -106.749392,
      32.282966
     ],
     [
      -106.749435,
      32.282762
     ],
     [
      -106.749475,
      32.282571
     ],
     [
      -106.749505,
      32.282428
     ],
     [
      -106.749298,
      32.28227
     ]
    ]
   }
  },
  {
   "type": "Feature",
   "properties": {
    "osmId": 96525247,
    "highway": "footway"
   },
   "geometry": {
    "type": "LineString",
    "coordinates": [
     [
      -106.749599,
      32.282731
     ],
     [
      -106.749435,
      32.282762
     ]
    ]
   }
  },
  {
   "type": "Feature",
   "properties": {
    "osmId": 96525248,
    "highway": "footway"
   },
   "geometry": {
    "type": "LineString",
    "coordinates": [
     [
      -106.749505,
      32.282428
     ],
     [
      -106.749615,
      32.282243
     ],
     [
      -106.749631,
      32.282217
     ],
     [
      -106.749773,
      32.281978
     ]
    ]
   }
  },
  {
   "type": "Feature",
   "properties": {
    "osmId": 96525250,
    "highway": "footway"
   },
   "geometry": {
    "type": "LineString",
    "coordinates": [
     [
      -106.745687,
      32.281876
     ],
     [
      -106.745624,
      32.281888
     ],
     [
      -106.745338,
      32.281946
     ]
    ]
   }
  },
  {
   "type": "Feature",
   "properties": {
    "osmId": 96525251,
    "highway": "footway"
   },
   "geometry": {
    "type": "LineString",
    "coordinates": [
     [
      -106.745252,
      32.281901
     ],
     [
      -106.745338,
      32.281946
     ]
    ]
   }
  },
  {
   "type": "Feature",
   "properties": {
    "osmId": 96525252,
    "highway": "footway"
   },
   "geometry": {
    "type": "LineString",
    "coordinates": [
     [
      -106.748988,
      32.283242
     ],
     [
      -106.748974,
      32.283185
     ],
     [
      -106.748676,
      32.283002
     ]
    ]
   }
  },
  {
   "type": "Feature",
   "properties": {
    "osmId": 96525255,
    "highway": "footway"
   },
   "geometry": {
    "type": "LineString",
    "coordinates": [
     [
      -106.747645,
      32.282461
     ],
     [
      -106.747584,
      32.282472
     ],
     [
      -106.747441,
      32.282499
     ],
     [
      -106.747198,
      32.282544
     ],
     [
      -106.746999,
      32.282599
     ],
     [
      -106.746785,
      32.282641
     ]
    ]
   }
  },
  {
   "type": "Feature",
   "properties": {
    "osmId": 96525256,
    "highway": "footway"
   },
   "geometry": {
    "type": "LineString",
    "coordinates": [
     [
      -106.749639,
      32.282922
     ],
     [
      -106.749392,
      32.282966
     ]
    ]
   }
  },
  {
   "type": "Feature",
   "properties": {
    "osmId": 96525257,
    "highway": "steps"
   },
   "geometry": {
    "type": "LineString",
    "coordinates": [
     [
      -106.745631,
      32.282144
     ],
     [
      -106.745683,
      32.2821
     ]
    ]
   }
  },
  {
   "type": "Feature",
   "properties": {
    "osmId": 96525258,
    "highway": "footway"
   },
   "geometry": {
    "type": "LineString",
    "coordinates": [
     [
      -106.746913,
      32.28315
     ],
     [
      -106.746854,
      32.283162
     ],
     [
      -106.746838,
      32.283183
     ],
     [
      -106.746741,
      32.283291
     ],
     [
      -106.746358,
      32.283709
     ],
     [
      -106.746334,
      32.283735
     ],
     [
      -106.746263,
      32.283827
     ]
    ]
   }
  },
  {
   "type": "Feature",
   "properties": {
    "osmId": 96621673,
    "highway": "footway"
   },
   "geometry": {
    "type": "LineString",
    "coordinates": [
     [
      -106.741319,
      32.282957
     ],
     [
      -106.741405,
      32.283304
     ],
     [
      -106.741471,
      32.283561
     ],
     [
      -106.741768,
      32.284684
     ],
     [
      -106.741831,
      32.284916
     ],
     [
      -106.742215,
      32.284845
     ],
     [
      -106.74231,
      32.284827
     ],
     [
      -106.742627,
      32.284767
     ],
     [
      -106.742695,
      32.284754
     ],
     [
      -106.743054,
      32.284686
     ],
     [
      -106.742992,
      32.284452
     ],
     [
      -106.74293,
      32.28422
     ]
    ]
   }
  },
  {
   "type": "Feature",
   "properties": {
    "osmId": 97344359,
    "highway": "footway"
   },
   "geometry": {
    "type": "LineString",
    "coordinates": [
     [
      -106.748465,
      32.282447
     ],
     [
      -106.748626,
      32.28306
     ]
    ]
   }
  },
  {
   "type": "Feature",
   "properties": {
    "osmId": 97344360,
    "highway": "footway"
   },
   "geometry": {
    "type": "LineString",
    "coordinates": [
     [
      -106.747644,
      32.282714
     ],
     [
      -106.747584,
      32.282472
     ],
     [
      -106.747575,
      32.282431
     ]
    ]
   }
  },
  {
   "type": "Feature",
   "properties": {
    "osmId": 97345511,
    "highway": "footway"
   },
   "geometry": {
    "type": "LineString",
    "coordinates": [
     [
      -106.74475,
      32.282137
     ],
     [
      -106.744677,
      32.28189
     ],
     [
      -106.744464,
      32.281171
     ]
    ]
   }
  },
  {
   "type": "Feature",
   "properties": {
    "osmId": 97345512,
    "highway": "footway"
   },
   "geometry": {
    "type": "LineString",
    "coordinates": [
     [
      -106.746762,
      32.28254
     ],
     [
      -106.746785,
      32.282641
     ],
     [
      -106.746797,
      32.282697
     ],
     [
      -106.74687,
      32.282983
     ],
     [
      -106.746887,
      32.283055
     ],
     [
      -106.746913,
      32.28315
     ],
     [
      -106.746979,
      32.283419
     ],
     [
      -106.747033,
      32.283638
     ]
    ]
   }
  },
  {
   "type": "Feature",
   "properties": {
    "osmId": 97345513,
    "highway": "footway"
   },
   "geometry": {
    "type": "LineString",
    "coordinates": [
     [
      -106.746264,
      32.280696
     ],
     [
      -106.746287,
      32.280762
     ],
     [
      -106.74631,
      32.280828
     ],
     [
      -106.74621,
      32.280843
     ],
     [
      -106.746117,
      32.280858
     ]
    ]
   }
  },
  {
   "type": "Feature",
   "properties": {
    "osmId": 97345514,
    "highway": "steps"
   },
   "geometry": {
    "type": "LineString",
    "coordinates": [
     [
      -106.747025,
      32.283071
     ],
     [
      -106.746922,
      32.283013
     ]
    ]
   }
  },
  {
   "type": "Feature",
   "properties": {
    "osmId": 97345515,
    "highway": "footway"
   },
   "geometry": {
    "type": "LineString",
    "coordinates": [
     [
      -106.746972,
      32.2825
     ],
     [
      -106.746999,
      32.282599
     ]
    ]
   }
  },
  {
   "type": "Feature",
   "properties": {
    "osmId": 97345516,
    "highway": "footway"
   },
   "geometry": {
    "type": "LineString",
    "coordinates": [
     [
      -106.746922,
      32.283013
     ],
     [
      -106.74687,
      32.282983
     ],
     [
      -106.746811,
      32.282939
     ],
     [
      -106.746674,
      32.282863
     ],
     [
      -106.746607,
      32.28283
     ],
     [
      -106.746548,
      32.282801
     ],
     [
      -106.746482,
      32.28277
     ],
     [
      -106.746431,
      32.282743
     ],
     [
      -106.745874,
      32.282315
     ],
     [
      -106.745631,
      32.282144
     ],
     [
      -106.745338,
      32.281946
     ]
    ]
   }
  },
  {
   "type": "Feature",
   "properties": {
    "osmId": 97345517,
    "highway": "steps"
   },
   "geometry": {
    "type": "LineString",
    "coordinates": [
     [
      -106.74613,
      32.281786
     ],
     [
      -106.746354,
      32.281745
     ]
    ]
   }
  },
  {
   "type": "Feature",
   "properties": {
    "osmId": 97345518,
    "highway": "footway"
   },
   "geometry": {
    "type": "LineString",
    "coordinates": [
     [
      -106.747038,
      32.283129
     ],
     [
      -106.746913,
      32.28315
     ]
    ]
   }
  },
  {
   "type": "Feature",
   "properties": {
    "osmId": 97345519,
    "highway": "footway"
   },
   "geometry": {
    "type": "LineString",
    "coordinates": [
     [
      -106.747198,
      32.282544
     ],
     [
      -106.747173,
      32.282462
     ]
    ]
   }
  },
  {
   "type": "Feature",
   "properties": {
    "osmId": 97345520,
    "highway": "footway"
   },
   "geometry": {
    "type": "LineString",
    "coordinates": [
     [
      -106.746797,
      32.282697
     ],
     [
      -106.746622,
      32.282728
     ],
     [
      -106.746537,
      32.282743
     ],
     [
      -106.746482,
      32.28277
     ],
     [
      -106.746431,
      32.282792
     ],
     [
      -106.746147,
      32.282842
     ],
     [
      -106.7461,
      32.28285
     ],
     [
      -106.746082,
      32.282853
     ]
    ]
   }
  },
  {
   "type": "Feature",
   "properties": {
    "osmId": 97345522,
    "highway": "footway"
   },
   "geometry": {
    "type": "LineString",
    "coordinates": [
     [
      -106.746797,
      32.282697
     ],
     [
      -106.746674,
      32.282863
     ],
     [
      -106.746589,
      32.282983
     ]
    ]
   }
  },
  {
   "type": "Feature",
   "properties": {
    "osmId": 97345523,
    "highway": "footway"
   },
   "geometry": {
    "type": "LineString",
    "coordinates": [
     [
      -106.746838,
      32.283183
     ],
     [
      -106.746804,
      32.283165
     ],
     [
      -106.746688,
      32.283103
     ],
     [
      -106.746771,
      32.282993
     ],
     [
      -106.746811,
      32.282939
     ]
    ]
   }
  },
  {
   "type": "Feature",
   "properties": {
    "osmId": 97345524,
    "highway": "footway"
   },
   "geometry": {
    "type": "LineString",
    "coordinates": [
     [
      -106.746979,
      32.283419
     ],
     [
      -106.746741,
      32.283291
     ],
     [
      -106.746643,
      32.283239
     ],
     [
      -106.746589,
      32.282983
     ]
    ]
   }
  },
  {
   "type": "Feature",
   "properties": {
    "osmId": 97346755,
    "highway": "footway"
   },
   "geometry": {
    "type": "LineString",
    "coordinates": [
     [
      -106.744213,
      32.283132
     ],
     [
      -106.744185,
      32.283037
     ],
     [
      -106.744153,
      32.283042
     ],
     [
      -106.744074,
      32.283056
     ]
    ]
   }
  },
  {
   "type": "Feature",
   "properties": {
    "osmId": 97346756,
    "highway": "footway"
   },
   "geometry": {
    "type": "LineString",
    "coordinates": [
     [
      -106.743992,
      32.282889
     ],
     [
      -106.74402,
      32.282918
     ],
     [
      -106.744153,
      32.283042
     ]
    ]
   }
  },
  {
   "type": "Feature",
   "properties": {
    "osmId": 97348520,
    "highway": "steps"
   },
   "geometry": {
    "type": "LineString",
    "coordinates": [
     [
      -106.74263,
      32.283437
     ],
     [
      -106.74268,
      32.283372
     ]
    ]
   }
  },
  {
   "type": "Feature",
   "properties": {
    "osmId": 97349007,
    "highway": "footway"
   },
   "geometry": {
    "type": "LineString",
    "coordinates": [
     [
      -106.742519,
      32.28281
     ],
     [
      -106.742514,
      32.282789
     ],
     [
      -106.742508,
      32.282775
     ],
     [
      -106.74249,
      32.282755
     ],
     [
      -106.742466,
      32.282746
     ],
     [
      -106.74244,
      32.282745
     ],
     [
      -106.742137,
      32.282803
     ],
     [
      -106.741946,
      32.28284
     ],
     [
      -106.741319,
      32.282957
     ]
    ]
   }
  },
  {
   "type": "Feature",
   "properties": {
    "osmId": 97349008,
    "highway": "footway"
   },
   "geometry": {
    "type": "LineString",
    "coordinates": [
     [
      -106.742011,
      32.283069
     ],
     [
      -106.741946,
      32.28284
     ]
    ]
   }
  },
  {
   "type": "Feature",
   "properties": {
    "osmId": 97349009,
    "highway": "footway"
   },
   "geometry": {
    "type": "LineString",
    "coordinates": [
     [
      -106.742195,
      32.28304
     ],
     [
      -106.742137,
      32.282803
     ]
    ]
   }
  },
  {
   "type": "Feature",
   "properties": {
    "osmId": 97351373,
    "highway": "footway"
   },
   "geometry": {
    "type": "LineString",
    "coordinates": [
     [
      -106.749284,
      32.283186
     ],
     [
      -106.749301,
      32.283257
     ],
     [
      -106.749399,
      32.283621
     ],
     [
      -106.749415,
      32.28369
     ],
     [
      -106.749453,
      32.283825
     ],
     [
      -106.749573,
      32.28428
     ],
     [
      -106.749679,
      32.284678
     ],
     [
      -106.749792,
      32.285159
     ],
     [
      -106.749789,
      32.285181
     ],
     [
      -106.749779,
      32.2852
     ],
     [
      -106.749766,
      32.285212
     ],
     [
      -106.749745,
      32.285223
     ],
     [
      -106.749232,
      32.285342
     ],
     [
      -106.748404,
      32.285529
     ],
     [
      -106.747576,
      32.285691
     ],
     [
      -106.747522,
      32.285692
     ],
     [
      -106.747505,
      32.285674
     ],
     [
      -106.747489,
      32.285648
     ],
     [
      -106.747478,
      32.285626
     ],
     [
      -106.747369,
      32.285219
     ],
     [
      -106.74732,
      32.285009
     ],
     [
      -106.74728,
      32.284837
     ],
     [
      -106.747242,
      32.284675
     ],
     [
      -106.747212,
      32.284547
     ]
    ]
   }
  },
  {
   "type": "Feature",
   "properties": {
    "osmId": 97351376,
    "highway": "pedestrian",
    "name": "International Mall"
   },
   "geometry": {
    "type": "LineString",
    "coordinates": [
     [
      -106.746984,
      32.283647
     ],
     [
      -106.746933,
      32.283676
     ],
     [
      -106.746842,
      32.283725
     ],
     [
      -106.746263,
      32.283827
     ],
     [
      -106.746199,
      32.283839
     ],
     [
      -106.746012,
      32.283873
     ],
     [
      -106.745587,
      32.283952
     ],
     [
      -106.745128,
      32.284038
     ],
     [
      -106.744437,
      32.284177
     ],
     [
      -106.744263,
      32.28421
     ],
     [
      -106.744114,
      32.284238
     ],
     [
      -106.744011,
      32.284258
     ],
     [
      -106.743779,
      32.284302
     ],
     [
      -106.743764,
      32.284305
     ],
     [
      -106.743623,
      32.284329
     ],
     [
      -106.743459,
      32.284358
     ],
     [
      -106.743425,
      32.284365
     ],
     [
      -106.743141,
      32.284423
     ]
    ]
   }
  },
  {
   "type": "Feature",
   "properties": {
    "osmId": 97351379,
    "highway": "footway"
   },
   "geometry": {
    "type": "LineString",
    "coordinates": [
     [
      -106.74796,
      32.283858
     ],
     [
      -106.747935,
      32.283759
     ],
     [
      -106.747856,
      32.283427
     ],
     [
      -106.747814,
      32.283273
     ]
    ]
   }
  },
  {
   "type": "Feature",
   "properties": {
    "osmId": 109688704,
    "highway": "footway"
   },
   "geometry": {
    "type": "LineString",
    "coordinates": [
     [
      -106.74865,
      32.282025
     ],
     [
      -106.748481,
      32.281948
     ]
    ]
   }
  },
  {
   "type": "Feature",
   "properties": {
    "osmId": 109688708,
    "highway": "footway"
   },
   "geometry": {
    "type": "LineString",
    "coordinates": [
     [
      -106.750624,
      32.282466
     ],
     [
      -106.750698,
      32.282452
     ]
    ]
   }
  },
  {
   "type": "Feature",
   "properties": {
    "osmId": 109688717,
    "highway": "footway"
   },
   "geometry": {
    "type": "LineString",
    "coordinates": [
     [
      -106.748282,
      32.281819
     ],
     [
      -106.748586,
      32.281769
     ]
    ]
   }
  },
  {
   "type": "Feature",
   "properties": {
    "osmId": 109688719,
    "highway": "footway"
   },
   "geometry": {
    "type": "LineString",
    "coordinates": [
     [
      -106.748553,
      32.279772
     ],
     [
      -106.748605,
      32.279957
     ],
     [
      -106.74863,
      32.280044
     ],
     [
      -106.748684,
      32.28024
     ],
     [
      -106.748561,
      32.280263
     ],
     [
      -106.748517,
      32.280243
     ],
     [
      -106.748489,
      32.280217
     ],
     [
      -106.748456,
      32.280078
     ],
     [
      -106.748421,
      32.280069
     ],
     [
      -106.747496,
      32.280247
     ]
    ]
   }
  },
  {
   "type": "Feature",
   "properties": {
    "osmId": 109688731,
    "highway": "footway"
   },
   "geometry": {
    "type": "LineString",
    "coordinates": [
     [
      -106.750029,
      32.281658
     ],
     [
      -106.750069,
      32.281817
     ]
    ]
   }
  },
  {
   "type": "Feature",
   "properties": {
    "osmId": 109688733,
    "highway": "footway"
   },
   "geometry": {
    "type": "LineString",
    "coordinates": [
     [
      -106.750557,
      32.283689
     ],
     [
      -106.750542,
      32.283692
     ],
     [
      -106.750528,
      32.283694
     ],
     [
      -106.750512,
      32.283697
     ]
    ]
   }
  },
  {
   "type": "Feature",
   "properties": {
    "osmId": 109688738,
    "highway": "footway"
   },
   "geometry": {
    "type": "LineString",
    "coordinates": [
     [
      -106.752476,
      32.282814
     ],
     [
      -106.752193,
      32.282691
     ],
     [
      -106.752078,
      32.282653
     ]
    ]
   }
  },
  {
   "type": "Feature",
   "properties": {
    "osmId": 109688742,
    "highway": "footway"
   },
   "geometry": {
    "type": "LineString",
    "coordinates": [
     [
      -106.74865,
      32.282025
     ],
     [
      -106.749165,
      32.282238
     ],
     [
      -106.74924,
      32.282256
     ],
     [
      -106.749298,
      32.28227
     ]
    ]
   }
  },
  {
   "type": "Feature",
   "properties": {
    "osmId": 109688751,
    "highway": "footway"
   },
   "geometry": {
    "type": "LineString",
    "coordinates": [
     [
      -106.74863,
      32.280044
     ],
     [
      -106.748456,
      32.280078
     ]
    ]
   }
  },
  {
   "type": "Feature",
   "properties": {
    "osmId": 109688752,
    "highway": "footway"
   },
   "geometry": {
    "type": "LineString",
    "coordinates": [
     [
      -106.748882,
      32.280749
     ],
     [
      -106.749101,
      32.280711
     ],
     [
      -106.749121,
      32.28079
     ],
     [
      -106.749018,
      32.280912
     ],
     [
      -106.749009,
      32.280941
     ],
     [
      -106.749042,
      32.281088
     ],
     [
      -106.749078,
      32.281136
     ],
     [
      -106.749139,
      32.281154
     ],
     [
      -106.749491,
      32.281089
     ],
     [
      -106.749516,
      32.281082
     ],
     [
      -106.749538,
      32.281072
     ],
     [
      -106.749558,
      32.281059
     ],
     [
      -106.74958,
      32.281044
     ],
     [
      -106.749603,
      32.28103
     ],
     [
      -106.749629,
      32.281019
     ],
     [
      -106.749658,
      32.281013
     ],
     [
      -106.749684,
      32.28101
     ],
     [
      -106.749765,
      32.281015
     ],
     [
      -106.749837,
      32.281053
     ],
     [
      -106.749874,
      32.281088
     ],
     [
      -106.749922,
      32.281118
     ],
     [
      -106.749988,
      32.281142
     ],
     [
      -106.750044,
      32.281162
     ],
     [
      -106.750094,
      32.281177
     ],
     [
      -106.750323,
      32.281245
     ],
     [
      -106.750381,
      32.281277
     ],
     [
      -106.750422,
      32.281321
     ],
     [
      -106.750465,
      32.28139
     ],
     [
      -106.750489,
      32.281408
     ],
     [
      -106.750527,
      32.281417
     ],
     [
      -106.75056,
      32.281416
     ],
     [
      -106.750792,
      32.281371
     ],
     [
      -106.751042,
      32.281322
     ],
     [
      -106.751112,
      32.281309
     ],
     [
      -106.751186,
      32.281294
     ]
    ]
   }
  },
  {
   "type": "Feature",
   "properties": {
    "osmId": 109688758,
    "highway": "footway"
   },
   "geometry": {
    "type": "LineString",
    "coordinates": [
     [
      -106.75352,
      32.282973
     ],
     [
      -106.753409,
      32.282994
     ],
     [
      -106.753178,
      32.283034
     ],
     [
      -106.753133,
      32.283042
     ],
     [
      -106.753033,
      32.283059
     ],
     [
      -106.752899,
      32.28305
     ],
     [
      -106.752743,
      32.283002
     ],
     [
      -106.752607,
      32.282928
     ],
     [
      -106.752521,
      32.28285
     ],
     [
      -106.752511,
      32.282841
     ],
     [
      -106.752476,
      32.282814
     ],
     [
      -106.752375,
      32.282656
     ],
     [
      -106.752346,
      32.282602
     ]
    ]
   }
  },
  {
   "type": "Feature",
   "properties": {
    "osmId": 109688767,
    "highway": "footway"
   },
   "geometry": {
    "type": "LineString",
    "coordinates": [
     [
      -106.748481,
      32.281948
     ],
     [
      -106.748385,
      32.282105
     ]
    ]
   }
  },
  {
   "type": "Feature",
   "properties": {
    "osmId": 109688771,
    "highway": "footway"
   },
   "geometry": {
    "type": "LineString",
    "coordinates": [
     [
      -106.748622,
      32.281711
     ],
     [
      -106.74859,
      32.281562
     ],
     [
      -106.748604,
      32.281549
     ],
     [
      -106.748613,
      32.281542
     ],
     [
      -106.748694,
      32.28111
     ],
     [
      -106.748732,
      32.281126
     ],
     [
      -106.748926,
      32.281204
     ]
    ]
   }
  },
  {
   "type": "Feature",
   "properties": {
    "osmId": 109688785,
    "highway": "footway"
   },
   "geometry": {
    "type": "LineString",
    "coordinates": [
     [
      -106.751753,
      32.280887
     ],
     [
      -106.751668,
      32.280574
     ],
     [
      -106.751532,
      32.280054
     ],
     [
      -106.751495,
      32.279915
     ],
     [
      -106.751477,
      32.279847
     ]
    ]
   }
  },
  {
   "type": "Feature",
   "properties": {
    "osmId": 109831051,
    "highway": "footway"
   },
   "geometry": {
    "type": "LineString",
    "coordinates": [
     [
      -106.74117,
      32.285023
     ],
     [
      -106.741281,
      32.285034
     ],
     [
      -106.741836,
      32.28493
     ],
     [
      -106.741831,
      32.284916
     ]
    ]
   }
  },
  {
   "type": "Feature",
   "properties": {
    "osmId": 109831052,
    "highway": "footway"
   },
   "geometry": {
    "type": "LineString",
    "coordinates": [
     [
      -106.747111,
      32.284718
     ],
     [
      -106.747085,
      32.284754
     ],
     [
      -106.747039,
      32.28482
     ],
     [
      -106.747018,
      32.284844
     ],
     [
      -106.746979,
      32.28486
     ],
     [
      -106.746966,
      32.284881
     ]
    ]
   }
  },
  {
   "type": "Feature",
   "properties": {
    "osmId": 109831053,
    "highway": "footway"
   },
   "geometry": {
    "type": "LineString",
    "coordinates": [
     [
      -106.746199,
      32.283839
     ],
     [
      -106.746251,
      32.284055
     ]
    ]
   }
  },
  {
   "type": "Feature",
   "properties": {
    "osmId": 109831054,
    "highway": "footway"
   },
   "geometry": {
    "type": "LineString",
    "coordinates": [
     [
      -106.746064,
      32.284088
     ],
     [
      -106.746012,
      32.283873
     ]
    ]
   }
  },
  {
   "type": "Feature",
   "properties": {
    "osmId": 109831055,
    "highway": "footway"
   },
   "geometry": {
    "type": "LineString",
    "coordinates": [
     [
      -106.745508,
      32.285095
     ],
     [
      -106.745717,
      32.285061
     ],
     [
      -106.745723,
      32.285087
     ],
     [
      -106.745776,
      32.285291
     ],
     [
      -106.745572,
      32.285324
     ],
     [
      -106.745585,
      32.285355
     ]
    ]
   }
  },
  {
   "type": "Feature",
   "properties": {
    "osmId": 109831057,
    "highway": "footway"
   },
   "geometry": {
    "type": "LineString",
    "coordinates": [
     [
      -106.745723,
      32.285087
     ],
     [
      -106.746255,
      32.284995
     ],
     [
      -106.746966,
      32.284881
     ]
    ]
   }
  },
  {
   "type": "Feature",
   "properties": {
    "osmId": 109839425,
    "highway": "pedestrian",
    "name": "International Mall"
   },
   "geometry": {
    "type": "LineString",
    "coordinates": [
     [
      -106.743141,
      32.284423
     ],
     [
      -106.742992,
      32.284452
     ]
    ]
   }
  },
  {
   "type": "Feature",
   "properties": {
    "osmId": 109839426,
    "highway": "footway"
   },
   "geometry": {
    "type": "LineString",
    "coordinates": [
     [
      -106.751731,
      32.279441
     ],
     [
      -106.751744,
      32.279486
     ]
    ]
   }
  },
  {
   "type": "Feature",
   "properties": {
    "osmId": 109839428,
    "highway": "footway"
   },
   "geometry": {
    "type": "LineString",
    "coordinates": [
     [
      -106.750813,
      32.2798
     ],
     [
      -106.750793,
      32.279779
     ],
     [
      -106.750644,
      32.279238
     ],
     [
      -106.750632,
      32.279191
     ],
     [
      -106.750612,
      32.279116
     ],
     [
      -106.750445,
      32.278479
     ],
     [
      -106.750332,
      32.278045
     ],
     [
      -106.750334,
      32.278024
     ],
     [
      -106.750349,
      32.278001
     ],
     [
      -106.750368,
      32.277994
     ],
     [
      -106.750389,
      32.277988
     ],
     [
      -106.75242,
      32.277609
     ],
     [
      -106.752443,
      32.277606
     ],
     [
      -106.752464,
      32.277609
     ],
     [
      -106.752485,
      32.277622
     ],
     [
      -106.752495,
      32.277638
     ],
     [
      -106.752728,
      32.27857
     ],
     [
      -106.752771,
      32.278734
     ],
     [
      -106.752774,
      32.278746
     ],
     [
      -106.752767,
      32.278766
     ],
     [
      -106.75274,
      32.278794
     ],
     [
      -106.752699,
      32.278846
     ],
     [
      -106.752702,
      32.278872
     ],
     [
      -106.752715,
      32.278923
     ],
     [
      -106.752703,
      32.278924
     ],
     [
      -106.75273,
      32.279031
     ],
     [
      -106.752772,
      32.279191
     ],
     [
      -106.752801,
      32.279213
     ],
     [
      -106.752886,
      32.279255
     ],
     [
      -106.752906,
      32.279272
     ],
     [
      -106.752927,
      32.279359
     ],
     [
      -106.752932,
      32.27938
     ],
     [
      -106.752924,
      32.279403
     ]
    ]
   }
  },
  {
   "type": "Feature",
   "properties": {
    "osmId": 109839430,
    "highway": "footway"
   },
   "geometry": {
    "type": "LineString",
    "coordinates": [
     [
      -106.750884,
      32.280171
     ],
     [
      -106.750909,
      32.280267
     ],
     [
      -106.751025,
      32.280692
     ],
     [
      -106.751053,
      32.280797
     ]
    ]
   }
  },
  {
   "type": "Feature",
   "properties": {
    "osmId": 109839431,
    "highway": "footway"
   },
   "geometry": {
    "type": "LineString",
    "coordinates": [
     [
      -106.751817,
      32.279623
     ],
     [
      -106.751794,
      32.279542
     ],
     [
      -106.751758,
      32.279535
     ]
    ]
   }
  },
  {
   "type": "Feature",
   "properties": {
    "osmId": 109839434,
    "highway": "footway"
   },
   "geometry": {
    "type": "LineString",
    "coordinates": [
     [
      -106.743541,
      32.28592
     ],
     [
      -106.743524,
      32.285918
     ],
     [
      -106.743526,
      32.285898
     ],
     [
      -106.743523,
      32.285878
     ],
     [
      -106.743412,
      32.285433
     ],
     [
      -106.74323,
      32.284755
     ],
     [
      -106.742982,
      32.284802
     ]
    ]
   }
  },
  {
   "type": "Feature",
   "properties": {
    "osmId": 109839437,
    "highway": "footway"
   },
   "geometry": {
    "type": "LineString",
    "coordinates": [
     [
      -106.743141,
      32.284423
     ],
     [
      -106.743195,
      32.284617
     ],
     [
      -106.743209,
      32.284668
     ],
     [
      -106.743057,
      32.284697
     ],
     [
      -106.743054,
      32.284686
     ]
    ]
   }
  },
  {
   "type": "Feature",
   "properties": {
    "osmId": 109839438,
    "highway": "footway"
   },
   "geometry": {
    "type": "LineString",
    "coordinates": [
     [
      -106.74806,
      32.280999
     ],
     [
      -106.747977,
      32.28123
     ],
     [
      -106.747972,
      32.281244
     ],
     [
      -106.747856,
      32.281267
     ],
     [
      -106.747771,
      32.281238
     ]
    ]
   }
  },
  {
   "type": "Feature",
   "properties": {
    "osmId": 109839439,
    "highway": "footway"
   },
   "geometry": {
    "type": "LineString",
    "coordinates": [
     [
      -106.750861,
      32.280096
     ],
     [
      -106.750841,
      32.280026
     ],
     [
      -106.750838,
      32.280008
     ],
     [
      -106.750837,
      32.27999
     ],
     [
      -106.750844,
      32.279976
     ],
     [
      -106.750866,
      32.279965
     ],
     [
      -106.750897,
      32.279956
     ],
     [
      -106.751477,
      32.279847
     ],
     [
      -106.75153,
      32.279837
     ],
     [
      -106.751874,
      32.279773
     ],
     [
      -106.751909,
      32.279767
     ],
     [
      -106.75215,
      32.279722
     ],
     [
      -106.75235,
      32.279684
     ],
     [
      -106.752555,
      32.279646
     ],
     [
      -106.752741,
      32.279611
     ],
     [
      -106.752935,
      32.279575
     ],
     [
      -106.752965,
      32.279574
     ]
    ]
   }
  },
  {
   "type": "Feature",
   "properties": {
    "osmId": 109839440,
    "highway": "footway"
   },
   "geometry": {
    "type": "LineString",
    "coordinates": [
     [
      -106.741536,
      32.281289
     ],
     [
      -106.741524,
      32.281235
     ]
    ]
   }
  },
  {
   "type": "Feature",
   "properties": {
    "osmId": 109839441,
    "highway": "footway"
   },
   "geometry": {
    "type": "LineString",
    "coordinates": [
     [
      -106.751532,
      32.280054
     ],
     [
      -106.750884,
      32.280171
     ],
     [
      -106.750861,
      32.280096
     ]
    ]
   }
  },
  {
   "type": "Feature",
   "properties": {
    "osmId": 109839442,
    "highway": "footway"
   },
   "geometry": {
    "type": "LineString",
    "coordinates": [
     [
      -106.743477,
      32.284562
     ],
     [
      -106.743195,
      32.284617
     ]
    ]
   }
  },
  {
   "type": "Feature",
   "properties": {
    "osmId": 109839443,
    "highway": "footway"
   },
   "geometry": {
    "type": "LineString",
    "coordinates": [
     [
      -106.744107,
      32.280531
     ],
     [
      -106.743979,
      32.280557
     ],
     [
      -106.743925,
      32.280567
     ],
     [
      -106.743634,
      32.280621
     ],
     [
      -106.743657,
      32.280713
     ],
     [
      -106.743777,
      32.281171
     ],
     [
      -106.743069,
      32.281301
     ],
     [
      -106.742021,
      32.281501
     ],
     [
      -106.74194,
      32.281215
     ],
     [
      -106.741928,
      32.281169
     ],
     [
      -106.741925,
      32.281147
     ],
     [
      -106.741927,
      32.281125
     ],
     [
      -106.741928,
      32.281104
     ],
     [
      -106.741924,
      32.281082
     ],
     [
      -106.741826,
      32.28071
     ],
     [
      -106.741569,
      32.280349
     ],
     [
      -106.74107,
      32.280439
     ],
     [
      -106.741039,
      32.28044
     ],
     [
      -106.740997,
      32.280436
     ],
     [
      -106.740956,
      32.280425
     ],
     [
      -106.740913,
      32.280412
     ],
     [
      -106.740858,
      32.280386
     ],
     [
      -106.740813,
      32.280359
     ],
     [
      -106.740774,
      32.280333
     ],
     [
      -106.740731,
      32.280282
     ],
     [
      -106.740686,
      32.280216
     ],
     [
      -106.740613,
      32.28008
     ],
     [
      -106.740557,
      32.279948
     ],
     [
      -106.740505,
      32.279792
     ],
     [
      -106.740471,
      32.279652
     ],
     [
      -106.740449,
      32.279497
     ],
     [
      -106.740438,
      32.279382
     ],
     [
      -106.740436,
      32.279242
     ],
     [
      -106.740443,
      32.279188
     ],
     [
      -106.740456,
      32.279148
     ],
     [
      -106.740483,
      32.279093
     ],
     [
      -106.740514,
      32.279047
     ],
     [
      -106.740557,
      32.278997
     ],
     [
      -106.740606,
      32.278957
     ],
     [
      -106.740648,
      32.278934
     ],
     [
      -106.740633,
      32.278886
     ],
     [
      -106.740576,
      32.278673
     ],
     [
      -106.74057,
      32.278649
     ],
     [
      -106.740531,
      32.278501
     ],
     [
      -106.740611,
      32.278459
     ],
     [
      -106.740677,
      32.278433
     ],
     [
      -106.740711,
      32.278423
     ],
     [
      -106.740736,
      32.278416
     ],
     [
      -106.740803,
      32.278399
     ],
     [
      -106.740929,
      32.278378
     ],
     [
      -106.740969,
      32.278375
     ],
     [
      -106.741218,
      32.278388
     ],
     [
      -106.741259,
      32.278547
     ],
     [
      -106.741267,
      32.278577
     ],
     [
      -106.741274,
      32.278604
     ],
     [
      -106.741205,
      32.278782
     ],
     [
      -106.74119,
      32.278824
     ],
     [
      -106.741262,
      32.278846
     ],
     [
      -106.741347,
      32.278876
     ],
     [
      -106.741408,
      32.278903
     ],
     [
      -106.741454,
      32.278936
     ],
     [
      -106.741496,
      32.278977
     ],
     [
      -106.741542,
      32.279041
     ],
     [
      -106.741682,
      32.279327
     ],
     [
      -106.741728,
      32.279461
     ],
     [
      -106.741756,
      32.279583
     ],
     [
      -106.741775,
      32.279702
     ],
     [
      -106.741791,
      32.279826
     ],
     [
      -106.741797,
      32.279941
     ],
     [
      -106.741798,
      32.280036
     ],
     [
      -106.741792,
      32.280088
     ],
     [
      -106.741776,
      32.280134
     ],
     [
      -106.741739,
      32.280207
     ],
     [
      -106.741684,
      32.280272
     ],
     [
      -106.741634,
      32.280314
     ],
     [
      -106.741569,
      32.280349
     ]
    ]
   }
  },
  {
   "type": "Feature",
   "properties": {
    "osmId": 109839444,
    "highway": "footway"
   },
   "geometry": {
    "type": "LineString",
    "coordinates": [
     [
      -106.744011,
      32.284258
     ],
     [
      -106.74403,
      32.284333
     ],
     [
      -106.744089,
      32.284414
     ],
     [
      -106.744096,
      32.284445
     ],
     [
      -106.74381,
      32.284497
     ],
     [
      -106.743675,
      32.284523
     ],
     [
      -106.743477,
      32.284562
     ],
     [
      -106.743425,
      32.284365
     ]
    ]
   }
  },
  {
   "type": "Feature",
   "properties": {
    "osmId": 109839445,
    "highway": "footway"
   },
   "geometry": {
    "type": "LineString",
    "coordinates": [
     [
      -106.743675,
      32.284523
     ],
     [
      -106.743623,
      32.284329
     ]
    ]
   }
  },
  {
   "type": "Feature",
   "properties": {
    "osmId": 109839447,
    "highway": "footway"
   },
   "geometry": {
    "type": "LineString",
    "coordinates": [
     [
      -106.748104,
      32.281681
     ],
     [
      -106.748062,
      32.28152
     ],
     [
      -106.748009,
      32.281334
     ],
     [
      -106.747983,
      32.281244
     ],
     [
      -106.747977,
      32.28123
     ]
    ]
   }
  },
  {
   "type": "Feature",
   "properties": {
    "osmId": 109839448,
    "highway": "footway"
   },
   "geometry": {
    "type": "LineString",
    "coordinates": [
     [
      -106.751892,
      32.279846
     ],
     [
      -106.751495,
      32.279915
     ]
    ]
   }
  },
  {
   "type": "Feature",
   "properties": {
    "osmId": 109839449,
    "highway": "footway"
   },
   "geometry": {
    "type": "LineString",
    "coordinates": [
     [
      -106.748896,
      32.281078
     ],
     [
      -106.74879,
      32.281097
     ],
     [
      -106.748732,
      32.281126
     ]
    ]
   }
  },
  {
   "type": "Feature",
   "properties": {
    "osmId": 109839450,
    "highway": "footway"
   },
   "geometry": {
    "type": "LineString",
    "coordinates": [
     [
      -106.751105,
      32.280987
     ],
     [
      -106.751625,
      32.280885
     ]
    ]
   }
  },
  {
   "type": "Feature",
   "properties": {
    "osmId": 109839451,
    "highway": "footway"
   },
   "geometry": {
    "type": "LineString",
    "coordinates": [
     [
      -106.7477,
      32.281326
     ],
     [
      -106.747789,
      32.281312
     ],
     [
      -106.747774,
      32.281249
     ],
     [
      -106.747771,
      32.281238
     ],
     [
      -106.747706,
      32.280988
     ],
     [
      -106.747676,
      32.280874
     ],
     [
      -106.7476,
      32.280579
     ]
    ]
   }
  },
  {
   "type": "Feature",
   "properties": {
    "osmId": 109839452,
    "highway": "footway"
   },
   "geometry": {
    "type": "LineString",
    "coordinates": [
     [
      -106.74194,
      32.281215
     ],
     [
      -106.741536,
      32.281289
     ],
     [
      -106.741133,
      32.281363
     ]
    ]
   }
  },
  {
   "type": "Feature",
   "properties": {
    "osmId": 109839453,
    "highway": "footway"
   },
   "geometry": {
    "type": "LineString",
    "coordinates": [
     [
      -106.748926,
      32.281204
     ],
     [
      -106.748927,
      32.281183
     ],
     [
      -106.748896,
      32.281078
     ],
     [
      -106.748841,
      32.280876
     ],
     [
      -106.748789,
      32.280658
     ],
     [
      -106.748756,
      32.280536
     ],
     [
      -106.748735,
      32.280487
     ],
     [
      -106.748701,
      32.280455
     ],
     [
      -106.748644,
      32.280417
     ],
     [
      -106.748616,
      32.280404
     ],
     [
      -106.748583,
      32.280399
     ]
    ]
   }
  },
  {
   "type": "Feature",
   "properties": {
    "osmId": 109839454,
    "highway": "footway"
   },
   "geometry": {
    "type": "LineString",
    "coordinates": [
     [
      -106.752555,
      32.279646
     ],
     [
      -106.752566,
      32.279691
     ],
     [
      -106.752575,
      32.279728
     ]
    ]
   }
  },
  {
   "type": "Feature",
   "properties": {
    "osmId": 109839455,
    "highway": "footway"
   },
   "geometry": {
    "type": "LineString",
    "coordinates": [
     [
      -106.744947,
      32.280831
     ],
     [
      -106.746051,
      32.280621
     ],
     [
      -106.746073,
      32.2807
     ],
     [
      -106.746075,
      32.280711
     ],
     [
      -106.746073,
      32.28072
     ],
     [
      -106.746068,
      32.280728
     ],
     [
      -106.746059,
      32.280736
     ],
     [
      -106.746046,
      32.280741
     ],
     [
      -106.746034,
      32.280744
     ]
    ]
   }
  },
  {
   "type": "Feature",
   "properties": {
    "osmId": 109839456,
    "highway": "footway"
   },
   "geometry": {
    "type": "LineString",
    "coordinates": [
     [
      -106.752243,
      32.279777
     ],
     [
      -106.75215,
      32.279722
     ]
    ]
   }
  },
  {
   "type": "Feature",
   "properties": {
    "osmId": 109839457,
    "highway": "footway"
   },
   "geometry": {
    "type": "LineString",
    "coordinates": [
     [
      -106.751759,
      32.279634
     ],
     [
      -106.751735,
      32.279547
     ],
     [
      -106.751758,
      32.279535
     ]
    ]
   }
  },
  {
   "type": "Feature",
   "properties": {
    "osmId": 109839458,
    "highway": "footway"
   },
   "geometry": {
    "type": "LineString",
    "coordinates": [
     [
      -106.747185,
      32.281522
     ],
     [
      -106.747084,
      32.281443
     ],
     [
      -106.747261,
      32.281409
     ],
     [
      -106.747702,
      32.281334
     ]
    ]
   }
  },
  {
   "type": "Feature",
   "properties": {
    "osmId": 109839459,
    "highway": "footway"
   },
   "geometry": {
    "type": "LineString",
    "coordinates": [
     [
      -106.747702,
      32.281334
     ],
     [
      -106.7477,
      32.281326
     ],
     [
      -106.747588,
      32.280889
     ],
     [
      -106.74751,
      32.280595
     ]
    ]
   }
  },
  {
   "type": "Feature",
   "properties": {
    "osmId": 109839460,
    "highway": "footway"
   },
   "geometry": {
    "type": "LineString",
    "coordinates": [
     [
      -106.748009,
      32.281334
     ],
     [
      -106.747856,
      32.281267
     ]
    ]
   }
  },
  {
   "type": "Feature",
   "properties": {
    "osmId": 109839462,
    "highway": "footway"
   },
   "geometry": {
    "type": "LineString",
    "coordinates": [
     [
      -106.743907,
      32.281146
     ],
     [
      -106.74396,
      32.281136
     ],
     [
      -106.743933,
      32.281039
     ],
     [
      -106.743934,
      32.28103
     ],
     [
      -106.743939,
      32.281022
     ],
     [
      -106.743946,
      32.281016
     ],
     [
      -106.744464,
      32.280924
     ]
    ]
   }
  },
  {
   "type": "Feature",
   "properties": {
    "osmId": 109839463,
    "highway": "footway"
   },
   "geometry": {
    "type": "LineString",
    "coordinates": [
     [
      -106.74721,
      32.281524
     ],
     [
      -106.747261,
      32.281409
     ]
    ]
   }
  },
  {
   "type": "Feature",
   "properties": {
    "osmId": 109839464,
    "highway": "footway"
   },
   "geometry": {
    "type": "LineString",
    "coordinates": [
     [
      -106.752741,
      32.279611
     ],
     [
      -106.752751,
      32.279657
     ],
     [
      -106.752761,
      32.279691
     ]
    ]
   }
  },
  {
   "type": "Feature",
   "properties": {
    "osmId": 109839465,
    "highway": "footway"
   },
   "geometry": {
    "type": "LineString",
    "coordinates": [
     [
      -106.744813,
      32.280856
     ],
     [
      -106.744947,
      32.280831
     ],
     [
      -106.744978,
      32.280943
     ],
     [
      -106.744995,
      32.281006
     ],
     [
      -106.74501,
      32.281067
     ]
    ]
   }
  },
  {
   "type": "Feature",
   "properties": {
    "osmId": 109839466,
    "highway": "footway"
   },
   "geometry": {
    "type": "LineString",
    "coordinates": [
     [
      -106.751564,
      32.27967
     ],
     [
      -106.751574,
      32.279627
     ],
     [
      -106.75159,
      32.279599
     ],
     [
      -106.751614,
      32.279566
     ],
     [
      -106.751648,
      32.279534
     ],
     [
      -106.751675,
      32.279509
     ],
     [
      -106.751709,
      32.279494
     ],
     [
      -106.751744,
      32.279486
     ],
     [
      -106.751758,
      32.279484
     ],
     [
      -106.751818,
      32.279481
     ],
     [
      -106.751863,
      32.279493
     ],
     [
      -106.751905,
      32.279507
     ],
     [
      -106.751938,
      32.279526
     ],
     [
      -106.751972,
      32.279547
     ],
     [
      -106.75199,
      32.279569
     ],
     [
      -106.751997,
      32.27959
     ]
    ]
   }
  },
  {
   "type": "Feature",
   "properties": {
    "osmId": 109839467,
    "highway": "footway"
   },
   "geometry": {
    "type": "LineString",
    "coordinates": [
     [
      -106.751025,
      32.280692
     ],
     [
      -106.751668,
      32.280574
     ]
    ]
   }
  },
  {
   "type": "Feature",
   "properties": {
    "osmId": 109839468,
    "highway": "footway"
   },
   "geometry": {
    "type": "LineString",
    "coordinates": [
     [
      -106.74381,
      32.284497
     ],
     [
      -106.743764,
      32.284305
     ]
    ]
   }
  },
  {
   "type": "Feature",
   "properties": {
    "osmId": 109839469,
    "highway": "footway"
   },
   "geometry": {
    "type": "LineString",
    "coordinates": [
     [
      -106.751668,
      32.280574
     ],
     [
      -106.751726,
      32.280563
     ]
    ]
   }
  },
  {
   "type": "Feature",
   "properties": {
    "osmId": 109839470,
    "highway": "steps"
   },
   "geometry": {
    "type": "LineString",
    "coordinates": [
     [
      -106.751625,
      32.280885
     ],
     [
      -106.751658,
      32.280879
     ]
    ]
   }
  },
  {
   "type": "Feature",
   "properties": {
    "osmId": 109839472,
    "highway": "footway"
   },
   "geometry": {
    "type": "LineString",
    "coordinates": [
     [
      -106.747768,
      32.280974
     ],
     [
      -106.747706,
      32.280988
     ]
    ]
   }
  },
  {
   "type": "Feature",
   "properties": {
    "osmId": 109839473,
    "highway": "footway"
   },
   "geometry": {
    "type": "LineString",
    "coordinates": [
     [
      -106.75246,
      32.280417
     ],
     [
      -106.752325,
      32.28044
     ],
     [
      -106.752315,
      32.280402
     ]
    ]
   }
  },
  {
   "type": "Feature",
   "properties": {
    "osmId": 109839474,
    "highway": "footway"
   },
   "geometry": {
    "type": "LineString",
    "coordinates": [
     [
      -106.753163,
      32.280284
     ],
     [
      -106.753086,
      32.280298
     ],
     [
      -106.752815,
      32.280348
     ],
     [
      -106.75253,
      32.280403
     ],
     [
      -106.75246,
      32.280417
     ],
     [
      -106.752408,
      32.280384
     ],
     [
      -106.752315,
      32.280402
     ],
     [
      -106.752259,
      32.280412
     ],
     [
      -106.752125,
      32.280438
     ],
     [
      -106.752027,
      32.280368
     ],
     [
      -106.752014,
      32.280314
     ],
     [
      -106.751892,
      32.279846
     ],
     [
      -106.751874,
      32.279773
     ]
    ]
   }
  },
  {
   "type": "Feature",
   "properties": {
    "osmId": 109839475,
    "highway": "footway"
   },
   "geometry": {
    "type": "LineString",
    "coordinates": [
     [
      -106.748684,
      32.28024
     ],
     [
      -106.748738,
      32.280234
     ],
     [
      -106.748806,
      32.280221
     ],
     [
      -106.750587,
      32.279887
     ],
     [
      -106.750602,
      32.279878
     ],
     [
      -106.750614,
      32.279864
     ],
     [
      -106.750621,
      32.279847
     ]
    ]
   }
  },
  {
   "type": "Feature",
   "properties": {
    "osmId": 109839478,
    "highway": "footway"
   },
   "geometry": {
    "type": "LineString",
    "coordinates": [
     [
      -106.752259,
      32.280412
     ],
     [
      -106.752223,
      32.280275
     ],
     [
      -106.752014,
      32.280314
     ]
    ]
   }
  },
  {
   "type": "Feature",
   "properties": {
    "osmId": 175686157,
    "highway": "footway"
   },
   "geometry": {
    "type": "LineString",
    "coordinates": [
     [
      -106.733412,
      32.285477
     ],
     [
      -106.733545,
      32.285514
     ],
     [
      -106.733695,
      32.285605
     ],
     [
      -106.733808,
      32.285743
     ],
     [
      -106.733873,
      32.285882
     ],
     [
      -106.734063,
      32.286331
     ],
     [
      -106.734251,
      32.286712
     ]
    ]
   }
  },
  {
   "type": "Feature",
   "properties": {
    "osmId": 175686177,
    "highway": "path"
   },
   "geometry": {
    "type": "LineString",
    "coordinates": [
     [
      -106.727103,
      32.28609
     ],
     [
      -106.727309,
      32.285954
     ],
     [
      -106.727513,
      32.285816
     ],
     [
      -106.727658,
      32.285691
     ],
     [
      -106.727829,
      32.285585
     ],
     [
      -106.728103,
      32.285415
     ],
     [
      -106.728294,
      32.285322
     ],
     [
      -106.728532,
      32.285215
     ],
     [
      -106.728577,
      32.285195
     ],
     [
      -106.728862,
      32.285065
     ],
     [
      -106.729117,
      32.284982
     ],
     [
      -106.729267,
      32.284911
     ],
     [
      -106.729506,
      32.284811
     ],
     [
      -106.729596,
      32.284782
     ],
     [
      -106.729655,
      32.284762
     ],
     [
      -106.729734,
      32.284737
     ],
     [
      -106.729991,
      32.28458
     ],
     [
      -106.730009,
      32.284548
     ],
     [
      -106.730021,
      32.284528
     ],
     [
      -106.729981,
      32.284426
     ],
     [
      -106.730026,
      32.284308
     ],
     [
      -106.730163,
      32.284188
     ],
     [
      -106.730286,
      32.284147
     ],
     [
      -106.73049,
      32.284138
     ],
     [
      -106.730791,
      32.284156
     ],
     [
      -106.73118,
      32.284192
     ],
     [
      -106.731526,
      32.284215
     ],
     [
      -106.731566,
      32.284251
     ],
     [
      -106.731669,
      32.284407
     ],
     [
      -106.731727,
      32.284449
     ],
     [
      -106.731864,
      32.284489
     ],
     [
      -106.731885,
      32.284495
     ],
     [
      -106.731952,
      32.284514
     ],
     [
      -106.732258,
      32.284528
     ],
     [
      -106.732306,
      32.284551
     ],
     [
      -106.73233,
      32.284591
     ],
     [
      -106.732358,
      32.284636
     ],
     [
      -106.73239,
      32.28469
     ],
     [
      -106.732403,
      32.284709
     ],
     [
      -106.732418,
      32.284721
     ],
     [
      -106.732776,
      32.284982
     ],
     [
      -106.733116,
      32.285226
     ],
     [
      -106.733339,
      32.285406
     ],
     [
      -106.733412,
      32.285477
     ],
     [
      -106.733508,
      32.285571
     ],
     [
      -106.733596,
      32.285752
     ],
     [
      -106.73369,
      32.285845
     ],
     [
      -106.733776,
      32.285967
     ],
     [
      -106.733794,
      32.286016
     ],
     [
      -106.733835,
      32.286115
     ],
     [
      -106.733859,
      32.28616
     ],
     [
      -106.733916,
      32.286262
     ],
     [
      -106.733983,
      32.286453
     ],
     [
      -106.734018,
      32.286532
     ],
     [
      -106.734065,
      32.286582
     ],
     [
      -106.734127,
      32.286639
     ],
     [
      -106.734192,
      32.286687
     ],
     [
      -106.734251,
      32.286712
     ],
     [
      -106.734286,
      32.286773
     ]
    ]
   }
  },
  {
   "type": "Feature",
   "properties": {
    "osmId": 175686183,
    "highway": "footway"
   },
   "geometry": {
    "type": "LineString",
    "coordinates": [
     [
      -106.729042,
      32.286072
     ],
     [
      -106.729122,
      32.285972
     ],
     [
      -106.729302,
      32.285746
     ],
     [
      -106.729313,
      32.28574
     ],
     [
      -106.729522,
      32.285654
     ],
     [
      -106.729616,
      32.285628
     ],
     [
      -106.729704,
      32.285583
     ],
     [
      -106.729769,
      32.285551
     ],
     [
      -106.729903,
      32.285426
     ],
     [
      -106.730082,
      32.285265
     ],
     [
      -106.730289,
      32.285136
     ],
     [
      -106.730455,
      32.284993
     ],
     [
      -106.73064,
      32.284868
     ],
     [
      -106.73093,
      32.284755
     ],
     [
      -106.731123,
      32.284721
     ],
     [
      -106.731341,
      32.284664
     ],
     [
      -106.731552,
      32.284519
     ],
     [
      -106.731727,
      32.284449
     ]
    ]
   }
  },
  {
   "type": "Feature",
   "properties": {
    "osmId": 175686184,
    "highway": "path"
   },
   "geometry": {
    "type": "LineString",
    "coordinates": [
     [
      -106.727642,
      32.286353
     ],
     [
      -106.727084,
      32.286766
     ],
     [
      -106.726974,
      32.286866
     ],
     [
      -106.726901,
      32.286909
     ],
     [
      -106.726829,
      32.286927
     ],
     [
      -106.726706,
      32.286925
     ],
     [
      -106.726548,
      32.286936
     ],
     [
      -106.726496,
      32.286916
     ],
     [
      -106.726376,
      32.286676
     ],
     [
      -106.726335,
      32.28661
     ],
     [
      -106.726271,
      32.286501
     ],
     [
      -106.726237,
      32.28644
     ],
     [
      -106.72622,
      32.286382
     ],
     [
      -106.726216,
      32.286337
     ],
     [
      -106.726221,
      32.286281
     ],
     [
      -106.726238,
      32.286251
     ],
     [
      -106.726268,
      32.286218
     ],
     [
      -106.726319,
      32.286175
     ],
     [
      -106.726377,
      32.286136
     ],
     [
      -106.726429,
      32.286096
     ],
     [
      -106.726474,
      32.286062
     ],
     [
      -106.726534,
      32.286007
     ],
     [
      -106.726585,
      32.285949
     ],
     [
      -106.726638,
      32.285882
     ],
     [
      -106.726679,
      32.285824
     ],
     [
      -106.726712,
      32.285775
     ],
     [
      -106.726763,
      32.285719
     ],
     [
      -106.726808,
      32.285669
     ],
     [
      -106.726961,
      32.285504
     ],
     [
      -106.727022,
      32.285439
     ],
     [
      -106.727101,
      32.285355
     ],
     [
      -106.727175,
      32.285275
     ],
     [
      -106.727229,
      32.285213
     ],
     [
      -106.727245,
      32.285187
     ],
     [
      -106.727261,
      32.28516
     ],
     [
      -106.727339,
      32.285059
     ],
     [
      -106.727408,
      32.284979
     ],
     [
      -106.72744,
      32.284935
     ],
     [
      -106.727507,
      32.284835
     ],
     [
      -106.727553,
      32.284764
     ],
     [
      -106.727586,
      32.284723
     ],
     [
      -106.727605,
      32.284701
     ],
     [
      -106.72765,
      32.284659
     ],
     [
      -106.727689,
      32.284622
     ],
     [
      -106.727745,
      32.28458
     ],
     [
      -106.727792,
      32.284548
     ],
     [
      -106.727858,
      32.284503
     ],
     [
      -106.727952,
      32.284448
     ],
     [
      -106.728056,
      32.284391
     ],
     [
      -106.728159,
      32.284341
     ],
     [
      -106.728217,
      32.284313
     ],
     [
      -106.72825,
      32.284308
     ],
     [
      -106.728286,
      32.284305
     ],
     [
      -106.728381,
      32.28431
     ],
     [
      -106.728495,
      32.284316
     ],
     [
      -106.72857,
      32.284315
     ],
     [
      -106.728624,
      32.284309
     ],
     [
      -106.728677,
      32.284299
     ],
     [
      -106.728876,
      32.28426
     ],
     [
      -106.728984,
      32.284238
     ],
     [
      -106.729011,
      32.28423
     ],
     [
      -106.729037,
      32.284219
     ],
     [
      -106.729074,
      32.284194
     ],
     [
      -106.729112,
      32.28417
     ],
     [
      -106.729137,
      32.28415
     ],
     [
      -106.729169,
      32.284133
     ],
     [
      -106.729205,
      32.284119
     ],
     [
      -106.72924,
      32.284109
     ],
     [
      -106.729275,
      32.284099
     ],
     [
      -106.729308,
      32.284101
     ],
     [
      -106.729349,
      32.284101
     ],
     [
      -106.729396,
      32.284097
     ],
     [
      -106.729439,
      32.284091
     ],
     [
      -106.729483,
      32.28408
     ],
     [
      -106.729513,
      32.284062
     ],
     [
      -106.729528,
      32.284045
     ],
     [
      -106.729543,
      32.284003
     ],
     [
      -106.729551,
      32.283969
     ],
     [
      -106.729572,
      32.283926
     ],
     [
      -106.729579,
      32.283908
     ],
     [
      -106.729596,
      32.283892
     ],
     [
      -106.729622,
      32.283873
     ],
     [
      -106.729653,
      32.283859
     ],
     [
      -106.729719,
      32.283849
     ],
     [
      -106.729935,
      32.283795
     ],
     [
      -106.730044,
      32.283779
     ],
     [
      -106.730114,
      32.283771
     ],
     [
      -106.730178,
      32.283764
     ],
     [
      -106.730242,
      32.283763
     ],
     [
      -106.730324,
      32.283771
     ],
     [
      -106.73039,
      32.283782
     ],
     [
      -106.73045,
      32.283798
     ],
     [
      -106.730488,
      32.283816
     ],
     [
      -106.730591,
      32.283887
     ],
     [
      -106.730679,
      32.283941
     ],
     [
      -106.730739,
      32.283976
     ],
     [
      -106.730765,
      32.283985
     ],
     [
      -106.730862,
      32.283988
     ],
     [
      -106.730921,
      32.283991
     ],
     [
      -106.73101,
      32.284003
     ],
     [
      -106.731099,
      32.284018
     ],
     [
      -106.731217,
      32.284036
     ],
     [
      -106.73126,
      32.284041
     ],
     [
      -106.731469,
      32.284029
     ],
     [
      -106.731543,
      32.28402
     ],
     [
      -106.731717,
      32.283991
     ],
     [
      -106.731755,
      32.283988
     ],
     [
      -106.731831,
      32.28395
     ],
     [
      -106.731941,
      32.283889
     ],
     [
      -106.732049,
      32.283775
     ],
     [
      -106.732176,
      32.283673
     ],
     [
      -106.732327,
      32.283558
     ],
     [
      -106.732492,
      32.283434
     ],
     [
      -106.732545,
      32.2834
     ],
     [
      -106.732585,
      32.283377
     ],
     [
      -106.732636,
      32.283357
     ],
     [
      -106.732673,
      32.283347
     ],
     [
      -106.732705,
      32.283347
     ],
     [
      -106.732733,
      32.283347
     ],
     [
      -106.732762,
      32.283349
     ],
     [
      -106.732793,
      32.283354
     ],
     [
      -106.732824,
      32.283362
     ],
     [
      -106.732847,
      32.28337
     ],
     [
      -106.732908,
      32.283405
     ],
     [
      -106.73299,
      32.283448
     ],
     [
      -106.733093,
      32.283498
     ],
     [
      -106.733168,
      32.283532
     ],
     [
      -106.733221,
      32.283551
     ],
     [
      -106.733278,
      32.283566
     ],
     [
      -106.733303,
      32.283571
     ],
     [
      -106.733332,
      32.283575
     ],
     [
      -106.733366,
      32.283576
     ],
     [
      -106.733401,
      32.283577
     ],
     [
      -106.73344,
      32.283569
     ],
     [
      -106.733489,
      32.283558
     ],
     [
      -106.733527,
      32.283544
     ],
     [
      -106.733625,
      32.283504
     ],
     [
      -106.733713,
      32.283465
     ],
     [
      -106.733808,
      32.283426
     ],
     [
      -106.73391,
      32.283382
     ],
     [
      -106.733996,
      32.283345
     ],
     [
      -106.734091,
      32.283303
     ],
     [
      -106.734373,
      32.283179
     ],
     [
      -106.734564,
      32.283087
     ],
     [
      -106.734627,
      32.283059
     ],
     [
      -106.734678,
      32.283037
     ],
     [
      -106.734734,
      32.283018
     ],
     [
      -106.734834,
      32.282986
     ],
     [
      -106.735254,
      32.282852
     ],
     [
      -106.735373,
      32.282818
     ],
     [
      -106.735489,
      32.282781
     ],
     [
      -106.735542,
      32.282762
     ],
     [
      -106.735701,
      32.282702
     ],
     [
      -106.73575,
      32.282684
     ],
     [
      -106.735924,
      32.28263
     ],
     [
      -106.735962,
      32.282617
     ],
     [
      -106.736083,
      32.282562
     ],
     [
      -106.736121,
      32.282548
     ],
     [
      -106.736161,
      32.282533
     ],
     [
      -106.736195,
      32.282524
     ],
     [
      -106.736229,
      32.282517
     ],
     [
      -106.736261,
      32.282519
     ],
     [
      -106.736273,
      32.282528
     ],
     [
      -106.73628,
      32.282541
     ],
     [
      -106.736279,
      32.282568
     ],
     [
      -106.736272,
      32.282592
     ],
     [
      -106.736254,
      32.282619
     ],
     [
      -106.736222,
      32.282635
     ],
     [
      -106.736179,
      32.282652
     ],
     [
      -106.736068,
      32.282685
     ],
     [
      -106.736041,
      32.282699
     ],
     [
      -106.735907,
      32.282792
     ],
     [
      -106.735829,
      32.282841
     ],
     [
      -106.735773,
      32.282875
     ],
     [
      -106.735727,
      32.282902
     ],
     [
      -106.735437,
      32.283105
     ],
     [
      -106.73538,
      32.283145
     ],
     [
      -106.735232,
      32.283239
     ],
     [
      -106.735163,
      32.283282
     ],
     [
      -106.735092,
      32.283321
     ],
     [
      -106.734982,
      32.283378
     ],
     [
      -106.734828,
      32.283457
     ],
     [
      -106.734756,
      32.283501
     ],
     [
      -106.734417,
      32.283725
     ],
     [
      -106.73429,
      32.283804
     ],
     [
      -106.734203,
      32.283863
     ],
     [
      -106.734124,
      32.28392
     ],
     [
      -106.734077,
      32.283951
     ],
     [
      -106.734028,
      32.283989
     ],
     [
      -106.733987,
      32.284022
     ],
     [
      -106.733878,
      32.28412
     ],
     [
      -106.733677,
      32.284301
     ],
     [
      -106.733575,
      32.284388
     ],
     [
      -106.733509,
      32.284441
     ],
     [
      -106.733437,
      32.284497
     ],
     [
      -106.733267,
      32.284587
     ],
     [
      -106.733219,
      32.284613
     ],
     [
      -106.73318,
      32.284638
     ],
     [
      -106.73314,
      32.284674
     ],
     [
      -106.733122,
      32.284699
     ],
     [
      -106.733108,
      32.284726
     ],
     [
      -106.733093,
      32.284773
     ],
     [
      -106.733064,
      32.284964
     ],
     [
      -106.733063,
      32.284982
     ],
     [
      -106.733065,
      32.284995
     ],
     [
      -106.733076,
      32.285025
     ],
     [
      -106.733089,
      32.285052
     ],
     [
      -106.733112,
      32.285092
     ],
     [
      -106.73316,
      32.285158
     ],
     [
      -106.733192,
      32.285195
     ],
     [
      -106.733208,
      32.285211
     ],
     [
      -106.733229,
      32.285224
     ],
     [
      -106.733252,
      32.285236
     ],
     [
      -106.733289,
      32.285246
     ],
     [
      -106.733329,
      32.285256
     ],
     [
      -106.733368,
      32.285263
     ],
     [
      -106.7334,
      32.285273
     ],
     [
      -106.733436,
      32.28528
     ],
     [
      -106.733462,
      32.285281
     ],
     [
      -106.733492,
      32.285265
     ],
     [
      -106.73372,
      32.285097
     ],
     [
      -106.733758,
      32.285067
     ],
     [
      -106.733805,
      32.285045
     ],
     [
      -106.733845,
      32.285039
     ],
     [
      -106.733992,
      32.285036
     ],
     [
      -106.734046,
      32.285036
     ],
     [
      -106.734083,
      32.285034
     ],
     [
      -106.734123,
      32.285028
     ],
     [
      -106.734162,
      32.285016
     ],
     [
      -106.734228,
      32.284986
     ],
     [
      -106.734396,
      32.284884
     ],
     [
      -106.734549,
      32.284797
     ],
     [
      -106.73464,
      32.284753
     ],
     [
      -106.734824,
      32.284659
     ],
     [
      -106.734932,
      32.284607
     ],
     [
      -106.734993,
      32.284576
     ],
     [
      -106.735109,
      32.284502
     ],
     [
      -106.735199,
      32.284438
     ],
     [
      -106.735278,
      32.284379
     ],
     [
      -106.735385,
      32.284296
     ],
     [
      -106.735529,
      32.284187
     ],
     [
      -106.735645,
      32.284102
     ],
     [
      -106.735747,
      32.284031
     ],
     [
      -106.735822,
      32.283977
     ],
     [
      -106.735895,
      32.283923
     ],
     [
      -106.735976,
      32.283861
     ],
     [
      -106.736035,
      32.283815
     ],
     [
      -106.736092,
      32.283777
     ],
     [
      -106.736138,
      32.283747
     ],
     [
      -106.736191,
      32.283718
     ],
     [
      -106.736244,
      32.283693
     ],
     [
      -106.73628,
      32.283674
     ],
     [
      -106.736314,
      32.283651
     ],
     [
      -106.736461,
      32.283528
     ],
     [
      -106.736486,
      32.283506
     ],
     [
      -106.736511,
      32.283494
     ],
     [
      -106.736531,
      32.283492
     ],
     [
      -106.73655,
      32.283496
     ],
     [
      -106.736565,
      32.283507
     ],
     [
      -106.736565,
      32.283526
     ],
     [
      -106.736556,
      32.283543
     ],
     [
      -106.736477,
      32.283625
     ],
     [
      -106.736356,
      32.283724
     ],
     [
      -106.736238,
      32.283826
     ],
     [
      -106.736136,
      32.283913
     ],
     [
      -106.736092,
      32.283951
     ],
     [
      -106.736037,
      32.283986
     ],
     [
      -106.735975,
      32.28402
     ],
     [
      -106.735808,
      32.284096
     ],
     [
      -106.73559,
      32.284264
     ],
     [
      -106.735385,
      32.284411
     ],
     [
      -106.735195,
      32.284544
     ],
     [
      -106.734972,
      32.284694
     ],
     [
      -106.734918,
      32.284726
     ],
     [
      -106.734877,
      32.284754
     ],
     [
      -106.734849,
      32.284772
     ],
     [
      -106.734758,
      32.28481
     ],
     [
      -106.734654,
      32.28485
     ],
     [
      -106.734635,
      32.28486
     ],
     [
      -106.734613,
      32.284872
     ],
     [
      -106.734589,
      32.284887
     ],
     [
      -106.734569,
      32.284902
     ],
     [
      -106.734551,
      32.28492
     ],
     [
      -106.73454,
      32.284934
     ],
     [
      -106.734532,
      32.284955
     ],
     [
      -106.734528,
      32.284978
     ],
     [
      -106.734529,
      32.284999
     ],
     [
      -106.734534,
      32.285017
     ],
     [
      -106.734544,
      32.285063
     ],
     [
      -106.734544,
      32.285094
     ],
     [
      -106.734542,
      32.28512
     ],
     [
      -106.734534,
      32.285148
     ],
     [
      -106.734519,
      32.285183
     ],
     [
      -106.734413,
      32.28535
     ],
     [
      -106.734361,
      32.285436
     ],
     [
      -106.73435,
      32.285457
     ],
     [
      -106.734341,
      32.285479
     ],
     [
      -106.73433,
      32.285516
     ],
     [
      -106.734323,
      32.28555
     ],
     [
      -106.734317,
      32.285599
     ],
     [
      -106.734316,
      32.285666
     ],
     [
      -106.734318,
      32.285753
     ],
     [
      -106.734326,
      32.285828
     ],
     [
      -106.734358,
      32.286054
     ],
     [
      -106.734382,
      32.286189
     ],
     [
      -106.734392,
      32.28627
     ],
     [
      -106.734394,
      32.286329
     ],
     [
      -106.734391,
      32.286388
     ],
     [
      -106.734377,
      32.286503
     ],
     [
      -106.734342,
      32.286608
     ],
     [
      -106.734286,
      32.286773
     ],
     [
      -106.734296,
      32.286827
     ],
     [
      -106.734337,
      32.286963
     ],
     [
      -106.734417,
      32.287197
     ],
     [
      -106.734491,
      32.28742
     ],
     [
      -106.734514,
      32.287487
     ],
     [
      -106.734583,
      32.287676
     ],
     [
      -106.73451,
      32.287724
     ],
     [
      -106.734184,
      32.287936
     ],
     [
      -106.733918,
      32.28812
     ],
     [
      -106.733533,
      32.288291
     ],
     [
      -106.733477,
      32.288316
     ],
     [
      -106.73336,
      32.288363
     ],
     [
      -106.733274,
      32.288385
     ],
     [
      -106.733126,
      32.288415
     ],
     [
      -106.733041,
      32.288434
     ],
     [
      -106.732883,
      32.288473
     ],
     [
      -106.732716,
      32.288521
     ],
     [
      -106.732519,
      32.288573
     ],
     [
      -106.732334,
      32.288625
     ],
     [
      -106.732214,
      32.288664
     ],
     [
      -106.732133,
      32.288687
     ],
     [
      -106.731966,
      32.288723
     ],
     [
      -106.731739,
      32.288756
     ],
     [
      -106.731654,
      32.288763
     ],
     [
      -106.731562,
      32.288778
     ],
     [
      -106.731511,
      32.288789
     ],
     [
      -106.731445,
      32.288812
     ],
     [
      -106.731192,
      32.288917
     ],
     [
      -106.730927,
      32.289023
     ],
     [
      -106.730797,
      32.289069
     ],
     [
      -106.730719,
      32.289093
     ],
     [
      -106.730565,
      32.289142
     ],
     [
      -106.730488,
      32.28917
     ],
     [
      -106.730414,
      32.289198
     ],
     [
      -106.730347,
      32.289226
     ],
     [
      -106.730322,
      32.289242
     ],
     [
      -106.730324,
      32.289258
     ],
     [
      -106.73035,
      32.289266
     ],
     [
      -106.730367,
      32.289259
     ],
     [
      -106.730425,
      32.289224
     ],
     [
      -106.730487,
      32.289206
     ],
     [
      -106.730555,
      32.289212
     ],
     [
      -106.730593,
      32.289221
     ],
     [
      -106.730653,
      32.289242
     ],
     [
      -106.730717,
      32.289249
     ],
     [
      -106.730771,
      32.289256
     ],
     [
      -106.730847,
      32.289264
     ],
     [
      -106.730929,
      32.289276
     ],
     [
      -106.731011,
      32.289289
     ],
     [
      -106.73109,
      32.289304
     ],
     [
      -106.731182,
      32.289328
     ],
     [
      -106.731295,
      32.28936
     ],
     [
      -106.731347,
      32.28938
     ],
     [
      -106.73146,
      32.289433
     ],
     [
      -106.731571,
      32.28948
     ],
     [
      -106.731641,
      32.2895
     ],
     [
      -106.731729,
      32.289507
     ],
     [
      -106.731782,
      32.289496
     ],
     [
      -106.731843,
      32.289479
     ],
     [
      -106.73188,
      32.289471
     ],
     [
      -106.731922,
      32.289466
     ],
     [
      -106.731977,
      32.289475
     ],
     [
      -106.732034,
      32.289491
     ],
     [
      -106.732089,
      32.289508
     ],
     [
      -106.732128,
      32.289524
     ],
     [
      -106.73217,
      32.28955
     ],
     [
      -106.732206,
      32.289581
     ],
     [
      -106.732234,
      32.289612
     ],
     [
      -106.732259,
      32.289645
     ],
     [
      -106.732275,
      32.289683
     ],
     [
      -106.732283,
      32.289726
     ],
     [
      -106.732286,
      32.289764
     ],
     [
      -106.732278,
      32.289806
     ],
     [
      -106.732261,
      32.289852
     ],
     [
      -106.732246,
      32.289891
     ],
     [
      -106.73221,
      32.289934
     ],
     [
      -106.732179,
      32.289968
     ],
     [
      -106.732145,
      32.289996
     ],
     [
      -106.732105,
      32.290022
     ],
     [
      -106.732057,
      32.290049
     ],
     [
      -106.731969,
      32.290087
     ],
     [
      -106.731839,
      32.290138
     ],
     [
      -106.731764,
      32.290163
     ],
     [
      -106.731601,
      32.290216
     ],
     [
      -106.731493,
      32.290251
     ],
     [
      -106.731407,
      32.290279
     ],
     [
      -106.731282,
      32.290317
     ],
     [
      -106.731211,
      32.290334
     ],
     [
      -106.731163,
      32.290348
     ],
     [
      -106.731125,
      32.290355
     ],
     [
      -106.731076,
      32.29036
     ],
     [
      -106.731014,
      32.290362
     ],
     [
      -106.730968,
      32.290362
     ],
     [
      -106.730894,
      32.290361
     ],
     [
      -106.730802,
      32.290361
     ],
     [
      -106.73072,
      32.290362
     ],
     [
      -106.730667,
      32.290363
     ],
     [
      -106.730636,
      32.290364
     ],
     [
      -106.730588,
      32.29037
     ],
     [
      -106.730498,
      32.290374
     ],
     [
      -106.73041,
      32.29038
     ],
     [
      -106.730308,
      32.290382
     ],
     [
      -106.730241,
      32.290385
     ],
     [
      -106.730161,
      32.290386
     ],
     [
      -106.730088,
      32.290384
     ],
     [
      -106.730021,
      32.290384
     ],
     [
      -106.729963,
      32.290384
     ],
     [
      -106.729774,
      32.290395
     ],
     [
      -106.729653,
      32.290396
     ],
     [
      -106.729518,
      32.29039
     ],
     [
      -106.729412,
      32.290384
     ],
     [
      -106.729308,
      32.290373
     ],
     [
      -106.729216,
      32.290353
     ],
     [
      -106.72912,
      32.290319
     ],
     [
      -106.729056,
      32.290288
     ],
     [
      -106.729001,
      32.290242
     ],
     [
      -106.728956,
      32.290179
     ],
     [
      -106.728919,
      32.290145
     ],
     [
      -106.728871,
      32.290119
     ],
     [
      -106.728682,
      32.290111
     ],
     [
      -106.728546,
      32.290107
     ],
     [
      -106.728493,
      32.290087
     ],
     [
      -106.72844,
      32.290057
     ],
     [
      -106.728403,
      32.290027
     ],
     [
      -106.728381,
      32.289975
     ],
     [
      -106.728365,
      32.289925
     ],
     [
      -106.728357,
      32.289861
     ],
     [
      -106.728361,
      32.289797
     ],
     [
      -106.728377,
      32.289742
     ],
     [
      -106.7284,
      32.289685
     ],
     [
      -106.728422,
      32.289644
     ],
     [
      -106.728453,
      32.289589
     ],
     [
      -106.728492,
      32.28955
     ],
     [
      -106.728539,
      32.289518
     ],
     [
      -106.728618,
      32.289477
     ],
     [
      -106.728717,
      32.289444
     ],
     [
      -106.72881,
      32.289408
     ],
     [
      -106.728854,
      32.289375
     ],
     [
      -106.728921,
      32.289321
     ],
     [
      -106.729039,
      32.28921
     ],
     [
      -106.729103,
      32.289152
     ],
     [
      -106.729201,
      32.289065
     ],
     [
      -106.729303,
      32.288971
     ],
     [
      -106.729482,
      32.288823
     ],
     [
      -106.729555,
      32.288764
     ],
     [
      -106.729672,
      32.288655
     ],
     [
      -106.72977,
      32.288564
     ],
     [
      -106.729866,
      32.288479
     ],
     [
      -106.729912,
      32.288439
     ],
     [
      -106.729977,
      32.288389
     ],
     [
      -106.730064,
      32.288335
     ],
     [
      -106.730172,
      32.288268
     ],
     [
      -106.730252,
      32.288202
     ],
     [
      -106.730327,
      32.288141
     ],
     [
      -106.730389,
      32.288112
     ],
     [
      -106.730466,
      32.288095
     ],
     [
      -106.730518,
      32.288082
     ],
     [
      -106.730561,
      32.288064
     ],
     [
      -106.730636,
      32.288009
     ],
     [
      -106.730772,
      32.287932
     ],
     [
      -106.73085,
      32.2879
     ],
     [
      -106.730958,
      32.287862
     ],
     [
      -106.731071,
      32.287829
     ],
     [
      -106.731247,
      32.287793
     ],
     [
      -106.731381,
      32.287766
     ],
     [
      -106.731468,
      32.287745
     ],
     [
      -106.731635,
      32.287721
     ],
     [
      -106.731895,
      32.287688
     ],
     [
      -106.732086,
      32.287661
     ],
     [
      -106.732198,
      32.287634
     ],
     [
      -106.732617,
      32.287489
     ],
     [
      -106.732638,
      32.28747
     ],
     [
      -106.732636,
      32.287449
     ],
     [
      -106.732561,
      32.287376
     ],
     [
      -106.732393,
      32.287241
     ],
     [
      -106.732328,
      32.287199
     ],
     [
      -106.732225,
      32.287131
     ],
     [
      -106.732103,
      32.287059
     ],
     [
      -106.731957,
      32.286971
     ],
     [
      -106.731864,
      32.28692
     ],
     [
      -106.731797,
      32.28689
     ],
     [
      -106.731566,
      32.286791
     ],
     [
      -106.731416,
      32.286725
     ],
     [
      -106.731279,
      32.286659
     ],
     [
      -106.731104,
      32.286574
     ],
     [
      -106.730977,
      32.286507
     ],
     [
      -106.730856,
      32.286437
     ],
     [
      -106.730772,
      32.286381
     ],
     [
      -106.730643,
      32.286291
     ],
     [
      -106.730504,
      32.286201
     ],
     [
      -106.730448,
      32.286165
     ],
     [
      -106.730391,
      32.286106
     ],
     [
      -106.73032,
      32.286053
     ],
     [
      -106.73026,
      32.286018
     ],
     [
      -106.730221,
      32.286001
     ],
     [
      -106.730186,
      32.28599
     ],
     [
      -106.730143,
      32.285953
     ],
     [
      -106.730087,
      32.285919
     ],
     [
      -106.73006,
      32.28591
     ],
     [
      -106.730043,
      32.285913
     ],
     [
      -106.730036,
      32.28592
     ],
     [
      -106.730031,
      32.285939
     ],
     [
      -106.730052,
      32.285961
     ],
     [
      -106.730096,
      32.285973
     ],
     [
      -106.730186,
      32.28599
     ]
    ]
   }
  },
  {
   "type": "Feature",
   "properties": {
    "osmId": 188539786,
    "highway": "pedestrian",
    "name": "McFie Circle"
   },
   "geometry": {
    "type": "LineString",
    "coordinates": [
     [
      -106.750356,
      32.283026
     ],
     [
      -106.75047,
      32.282907
     ],
     [
      -106.750556,
      32.282798
     ],
     [
      -106.75058,
      32.282743
     ],
     [
      -106.750599,
      32.282682
     ],
     [
      -106.750613,
      32.282596
     ],
     [
      -106.750624,
      32.282466
     ],
     [
      -106.750626,
      32.28236
     ],
     [
      -106.750614,
      32.282247
     ],
     [
      -106.75059,
      32.282143
     ],
     [
      -106.750564,
      32.282023
     ],
     [
      -106.750565,
      32.281999
     ],
     [
      -106.750568,
      32.28195
     ],
     [
      -106.750572,
      32.281889
     ],
     [
      -106.750546,
      32.281726
     ],
     [
      -106.750514,
      32.281599
     ],
     [
      -106.750496,
      32.281521
     ],
     [
      -106.750447,
      32.281456
     ],
     [
      -106.750369,
      32.281343
     ],
     [
      -106.750342,
      32.281314
     ],
     [
      -106.750305,
      32.281287
     ],
     [
      -106.750097,
      32.281225
     ],
     [
      -106.749801,
      32.281132
     ],
     [
      -106.749674,
      32.281103
     ],
     [
      -106.749601,
      32.281107
     ],
     [
      -106.749152,
      32.281195
     ],
     [
      -106.749002,
      32.281228
     ]
    ]
   }
  },
  {
   "type": "Feature",
   "properties": {
    "osmId": 188608154,
    "highway": "footway"
   },
   "geometry": {
    "type": "LineString",
    "coordinates": [
     [
      -106.745876,
      32.282882
     ],
     [
      -106.745849,
      32.28289
     ],
     [
      -106.745818,
      32.282884
     ],
     [
      -106.745784,
      32.282868
     ],
     [
      -106.745762,
      32.282837
     ],
     [
      -106.745689,
      32.282851
     ],
     [
      -106.745618,
      32.282848
     ]
    ]
   }
  },
  {
   "type": "Feature",
   "properties": {
    "osmId": 190116915,
    "highway": "footway"
   },
   "geometry": {
    "type": "LineString",
    "coordinates": [
     [
      -106.742776,
      32.283304
     ],
     [
      -106.742731,
      32.283328
     ],
     [
      -106.742703,
      32.283351
     ],
     [
      -106.74268,
      32.283372
     ]
    ]
   }
  },
  {
   "type": "Feature",
   "properties": {
    "osmId": 191005833,
    "highway": "footway"
   },
   "geometry": {
    "type": "LineString",
    "coordinates": [
     [
      -106.74751,
      32.280595
     ],
     [
      -106.747497,
      32.280527
     ],
     [
      -106.747486,
      32.28047
     ]
    ]
   }
  },
  {
   "type": "Feature",
   "properties": {
    "osmId": 191005834,
    "highway": "footway"
   },
   "geometry": {
    "type": "LineString",
    "coordinates": [
     [
      -106.746068,
      32.280728
     ],
     [
      -106.746075,
      32.280734
     ],
     [
      -106.746079,
      32.280742
     ],
     [
      -106.746096,
      32.280798
     ],
     [
      -106.746117,
      32.280858
     ]
    ]
   }
  },
  {
   "type": "Feature",
   "properties": {
    "osmId": 191005835,
    "highway": "footway"
   },
   "geometry": {
    "type": "LineString",
    "coordinates": [
     [
      -106.74751,
      32.280595
     ],
     [
      -106.7476,
      32.280579
     ],
     [
      -106.747923,
      32.280517
     ]
    ]
   }
  },
  {
   "type": "Feature",
   "properties": {
    "osmId": 191005836,
    "highway": "footway"
   },
   "geometry": {
    "type": "LineString",
    "coordinates": [
     [
      -106.746117,
      32.280858
     ],
     [
      -106.745045,
      32.281061
     ],
     [
      -106.74501,
      32.281067
     ],
     [
      -106.744464,
      32.281171
     ],
     [
      -106.743714,
      32.281312
     ],
     [
      -106.743604,
      32.281333
     ],
     [
      -106.743382,
      32.281374
     ],
     [
      -106.743162,
      32.281416
     ],
     [
      -106.742944,
      32.281457
     ],
     [
      -106.742723,
      32.281498
     ]
    ]
   }
  },
  {
   "type": "Feature",
   "properties": {
    "osmId": 191005837,
    "highway": "footway"
   },
   "geometry": {
    "type": "LineString",
    "coordinates": [
     [
      -106.746117,
      32.280858
     ],
     [
      -106.746129,
      32.280875
     ],
     [
      -106.746184,
      32.281104
     ],
     [
      -106.746266,
      32.281415
     ],
     [
      -106.74633,
      32.281655
     ],
     [
      -106.746354,
      32.281745
     ],
     [
      -106.746577,
      32.282575
     ],
     [
      -106.746695,
      32.282553
     ]
    ]
   }
  },
  {
   "type": "Feature",
   "properties": {
    "osmId": 192148050,
    "highway": "footway"
   },
   "geometry": {
    "type": "LineString",
    "coordinates": [
     [
      -106.742992,
      32.284452
     ],
     [
      -106.742959,
      32.284416
     ]
    ]
   }
  },
  {
   "type": "Feature",
   "properties": {
    "osmId": 192658601,
    "highway": "footway"
   },
   "geometry": {
    "type": "LineString",
    "coordinates": [
     [
      -106.751753,
      32.280887
     ],
     [
      -106.751658,
      32.280879
     ]
    ]
   }
  },
  {
   "type": "Feature",
   "properties": {
    "osmId": 193769337,
    "highway": "footway"
   },
   "geometry": {
    "type": "LineString",
    "coordinates": [
     [
      -106.757074,
      32.281803
     ],
     [
      -106.75707,
      32.281781
     ],
     [
      -106.757064,
      32.281745
     ]
    ]
   }
  },
  {
   "type": "Feature",
   "properties": {
    "osmId": 193769338,
    "highway": "footway"
   },
   "geometry": {
    "type": "LineString",
    "coordinates": [
     [
      -106.756136,
      32.282515
     ],
     [
      -106.756102,
      32.282452
     ],
     [
      -106.756074,
      32.282403
     ]
    ]
   }
  },
  {
   "type": "Feature",
   "properties": {
    "osmId": 193769339,
    "highway": "footway"
   },
   "geometry": {
    "type": "LineString",
    "coordinates": [
     [
      -106.756195,
      32.28247
     ],
     [
      -106.756161,
      32.282484
     ],
     [
      -106.756136,
      32.282515
     ],
     [
      -106.75613,
      32.282538
     ],
     [
      -106.756128,
      32.282562
     ],
     [
      -106.75613,
      32.282589
     ],
     [
      -106.756135,
      32.282623
     ],
     [
      -106.756246,
      32.283026
     ],
     [
      -106.756309,
      32.283269
     ],
     [
      -106.756326,
      32.283334
     ],
     [
      -106.756346,
      32.283388
     ],
     [
      -106.756381,
      32.283492
     ],
     [
      -106.756403,
      32.283565
     ],
     [
      -106.756468,
      32.283808
     ],
     [
      -106.756487,
      32.283837
     ],
     [
      -106.756511,
      32.283857
     ],
     [
      -106.756521,
      32.283861
     ],
     [
      -106.756542,
      32.283868
     ],
     [
      -106.756586,
      32.283868
     ],
     [
      -106.757254,
      32.283738
     ],
     [
      -106.757341,
      32.283731
     ],
     [
      -106.757573,
      32.283708
     ],
     [
      -106.75819,
      32.283589
     ],
     [
      -106.758216,
      32.283577
     ],
     [
      -106.758232,
      32.28356
     ],
     [
      -106.758247,
      32.283527
     ],
     [
      -106.758241,
      32.283475
     ],
     [
      -106.758206,
      32.283356
     ],
     [
      -106.758158,
      32.283179
     ]
    ]
   }
  },
  {
   "type": "Feature",
   "properties": {
    "osmId": 259002881,
    "highway": "footway"
   },
   "geometry": {
    "type": "LineString",
    "coordinates": [
     [
      -106.746264,
      32.280696
     ],
     [
      -106.746173,
      32.280713
     ],
     [
      -106.746098,
      32.280727
     ],
     [
      -106.746084,
      32.280728
     ],
     [
      -106.746068,
      32.280728
     ]
    ]
   }
  },
  {
   "type": "Feature",
   "properties": {
    "osmId": 357086633,
    "highway": "footway"
   },
   "geometry": {
    "type": "LineString",
    "coordinates": [
     [
      -106.761881,
      32.285682
     ],
     [
      -106.761723,
      32.285703
     ],
     [
      -106.761414,
      32.285757
     ],
     [
      -106.761108,
      32.28579
     ],
     [
      -106.760785,
      32.285797
     ],
     [
      -106.76072,
      32.285826
     ],
     [
      -106.760656,
      32.285866
     ],
     [
      -106.760609,
      32.28591
     ],
     [
      -106.760557,
      32.285994
     ],
     [
      -106.760507,
      32.286094
     ],
     [
      -106.760438,
      32.286183
     ],
     [
      -106.760305,
      32.286309
     ],
     [
      -106.760019,
      32.286574
     ],
     [
      -106.759781,
      32.286729
     ],
     [
      -106.759638,
      32.28685
     ],
     [
      -106.759547,
      32.28694
     ],
     [
      -106.759512,
      32.287121
     ]
    ]
   }
  },
  {
   "type": "Feature",
   "properties": {
    "osmId": 448373261,
    "highway": "pedestrian",
    "name": "Frenger Mall"
   },
   "geometry": {
    "type": "LineString",
    "coordinates": [
     [
      -106.75548,
      32.280526
     ],
     [
      -106.755332,
      32.280606
     ],
     [
      -106.754464,
      32.28076
     ],
     [
      -106.754325,
      32.28079
     ],
     [
      -106.754179,
      32.280817
     ],
     [
      -106.754108,
      32.28083
     ],
     [
      -106.75373,
      32.280905
     ],
     [
      -106.753543,
      32.280941
     ],
     [
      -106.753482,
      32.280952
     ],
     [
      -106.753435,
      32.280961
     ],
     [
      -106.753373,
      32.280974
     ],
     [
      -106.753283,
      32.28099
     ],
     [
      -106.752979,
      32.281045
     ],
     [
      -106.752665,
      32.281107
     ],
     [
      -106.752608,
      32.281116
     ],
     [
      -106.752554,
      32.281126
     ],
     [
      -106.75185,
      32.281265
     ],
     [
      -106.751525,
      32.281329
     ],
     [
      -106.751291,
      32.281372
     ],
     [
      -106.751137,
      32.2814
     ],
     [
      -106.750817,
      32.281462
     ],
     [
      -106.750709,
      32.281483
     ],
     [
      -106.750496,
      32.281521
     ]
    ]
   }
  },
  {
   "type": "Feature",
   "properties": {
    "osmId": 453824570,
    "highway": "footway"
   },
   "geometry": {
    "type": "LineString",
    "coordinates": [
     [
      -106.754284,
      32.284548
     ],
     [
      -106.754263,
      32.284455
     ],
     [
      -106.754244,
      32.284366
     ]
    ]
   }
  },
  {
   "type": "Feature",
   "properties": {
    "osmId": 455030984,
    "highway": "footway"
   },
   "geometry": {
    "type": "LineString",
    "coordinates": [
     [
      -106.748553,
      32.279772
     ],
     [
      -106.748501,
      32.279751
     ],
     [
      -106.748462,
      32.279727
     ]
    ]
   }
  },
  {
   "type": "Feature",
   "properties": {
    "osmId": 553396502,
    "highway": "footway"
   },
   "geometry": {
    "type": "LineString",
    "coordinates": [
     [
      -106.749133,
      32.284967
     ],
     [
      -106.749164,
      32.285103
     ],
     [
      -106.749232,
      32.285342
     ]
    ]
   }
  },
  {
   "type": "Feature",
   "properties": {
    "osmId": 553396503,
    "highway": "footway"
   },
   "geometry": {
    "type": "LineString",
    "coordinates": [
     [
      -106.749207,
      32.284868
     ],
     [
      -106.749203,
      32.284899
     ],
     [
      -106.749192,
      32.28492
     ],
     [
      -106.749172,
      32.28494
     ],
     [
      -106.749141,
      32.284957
     ],
     [
      -106.749133,
      32.284967
     ],
     [
      -106.749103,
      32.284954
     ],
     [
      -106.74907,
      32.284949
     ],
     [
      -106.749051,
      32.284942
     ],
     [
      -106.749034,
      32.284928
     ],
     [
      -106.749011,
      32.284902
     ]
    ]
   }
  },
  {
   "type": "Feature",
   "properties": {
    "osmId": 553396508,
    "highway": "footway"
   },
   "geometry": {
    "type": "LineString",
    "coordinates": [
     [
      -106.749949,
      32.285467
     ],
     [
      -106.749891,
      32.285545
     ],
     [
      -106.74984,
      32.285612
     ],
     [
      -106.749811,
      32.285645
     ],
     [
      -106.749773,
      32.285677
     ],
     [
      -106.749735,
      32.285702
     ],
     [
      -106.749698,
      32.285725
     ],
     [
      -106.749622,
      32.285766
     ],
     [
      -106.749541,
      32.285799
     ],
     [
      -106.749525,
      32.285806
     ]
    ]
   }
  },
  {
   "type": "Feature",
   "properties": {
    "osmId": 553396511,
    "highway": "footway"
   },
   "geometry": {
    "type": "LineString",
    "coordinates": [
     [
      -106.734149,
      32.280827
     ],
     [
      -106.734021,
      32.280856
     ]
    ]
   }
  },
  {
   "type": "Feature",
   "properties": {
    "osmId": 555018079,
    "highway": "footway"
   },
   "geometry": {
    "type": "LineString",
    "coordinates": [
     [
      -106.750813,
      32.2798
     ],
     [
      -106.750828,
      32.279894
     ],
     [
      -106.750844,
      32.279976
     ],
     [
      -106.750753,
      32.279989
     ],
     [
      -106.750653,
      32.280002
     ]
    ]
   }
  },
  {
   "type": "Feature",
   "properties": {
    "osmId": 555018080,
    "highway": "footway"
   },
   "geometry": {
    "type": "LineString",
    "coordinates": [
     [
      -106.750614,
      32.279864
     ],
     [
      -106.750637,
      32.279941
     ],
     [
      -106.750653,
      32.280002
     ]
    ]
   }
  },
  {
   "type": "Feature",
   "properties": {
    "osmId": 555018081,
    "highway": "footway"
   },
   "geometry": {
    "type": "LineString",
    "coordinates": [
     [
      -106.751042,
      32.281322
     ],
     [
      -106.75102,
      32.281246
     ],
     [
      -106.750984,
      32.281116
     ],
     [
      -106.75092,
      32.280887
     ],
     [
      -106.750861,
      32.280676
     ],
     [
      -106.75084,
      32.2806
     ],
     [
      -106.750771,
      32.280336
     ],
     [
      -106.750696,
      32.280045
     ],
     [
      -106.750674,
      32.280011
     ],
     [
      -106.750653,
      32.280002
     ],
     [
      -106.750628,
      32.280005
     ],
     [
      -106.750429,
      32.280048
     ],
     [
      -106.749483,
      32.280226
     ],
     [
      -106.748776,
      32.280365
     ],
     [
      -106.748583,
      32.280399
     ],
     [
      -106.748307,
      32.280448
     ],
     [
      -106.747923,
      32.280517
     ]
    ]
   }
  },
  {
   "type": "Feature",
   "properties": {
    "osmId": 555018082,
    "highway": "footway"
   },
   "geometry": {
    "type": "LineString",
    "coordinates": [
     [
      -106.743437,
      32.283597
     ],
     [
      -106.743173,
      32.283225
     ],
     [
      -106.743016,
      32.283001
     ],
     [
      -106.742993,
      32.282905
     ]
    ]
   }
  },
  {
   "type": "Feature",
   "properties": {
    "osmId": 555018084,
    "highway": "footway"
   },
   "geometry": {
    "type": "LineString",
    "coordinates": [
     [
      -106.754098,
      32.282804
     ],
     [
      -106.754114,
      32.282862
     ],
     [
      -106.754207,
      32.283211
     ]
    ]
   }
  },
  {
   "type": "Feature",
   "properties": {
    "osmId": 555018085,
    "highway": "footway"
   },
   "geometry": {
    "type": "LineString",
    "coordinates": [
     [
      -106.756195,
      32.28247
     ],
     [
      -106.756277,
      32.282423
     ],
     [
      -106.756336,
      32.28238
     ],
     [
      -106.75639,
      32.282325
     ],
     [
      -106.756428,
      32.282273
     ],
     [
      -106.75646,
      32.282201
     ],
     [
      -106.756489,
      32.282121
     ],
     [
      -106.756513,
      32.282074
     ],
     [
      -106.756551,
      32.282015
     ],
     [
      -106.756623,
      32.281933
     ],
     [
      -106.756686,
      32.28188
     ],
     [
      -106.75673,
      32.281854
     ],
     [
      -106.756771,
      32.281836
     ],
     [
      -106.756954,
      32.281802
     ],
     [
      -106.75707,
      32.281781
     ],
     [
      -106.757201,
      32.281754
     ],
     [
      -106.757354,
      32.281724
     ],
     [
      -106.757762,
      32.281653
     ]
    ]
   }
  },
  {
   "type": "Feature",
   "properties": {
    "osmId": 555018086,
    "highway": "footway"
   },
   "geometry": {
    "type": "LineString",
    "coordinates": [
     [
      -106.756353,
      32.281329
     ],
     [
      -106.756082,
      32.281378
     ]
    ]
   }
  },
  {
   "type": "Feature",
   "properties": {
    "osmId": 555018087,
    "highway": "footway"
   },
   "geometry": {
    "type": "LineString",
    "coordinates": [
     [
      -106.756421,
      32.281601
     ],
     [
      -106.756381,
      32.281435
     ],
     [
      -106.756353,
      32.281329
     ],
     [
      -106.756296,
      32.281098
     ]
    ]
   }
  },
  {
   "type": "Feature",
   "properties": {
    "osmId": 555018088,
    "highway": "footway"
   },
   "geometry": {
    "type": "LineString",
    "coordinates": [
     [
      -106.757308,
      32.281576
     ],
     [
      -106.757295,
      32.281537
     ],
     [
      -106.757028,
      32.281397
     ],
     [
      -106.757013,
      32.2814
     ],
     [
      -106.756943,
      32.281411
     ],
     [
      -106.75693,
      32.281413
     ],
     [
      -106.756733,
      32.281642
     ]
    ]
   }
  },
  {
   "type": "Feature",
   "properties": {
    "osmId": 555018089,
    "highway": "footway"
   },
   "geometry": {
    "type": "LineString",
    "coordinates": [
     [
      -106.756743,
      32.281683
     ],
     [
      -106.756733,
      32.281642
     ],
     [
      -106.756381,
      32.281435
     ]
    ]
   }
  },
  {
   "type": "Feature",
   "properties": {
    "osmId": 555018090,
    "highway": "footway"
   },
   "geometry": {
    "type": "LineString",
    "coordinates": [
     [
      -106.757266,
      32.281584
     ],
     [
      -106.757295,
      32.281537
     ],
     [
      -106.75748,
      32.281234
     ],
     [
      -106.757711,
      32.281186
     ],
     [
      -106.757839,
      32.281159
     ]
    ]
   }
  },
  {
   "type": "Feature",
   "properties": {
    "osmId": 555018091,
    "highway": "footway"
   },
   "geometry": {
    "type": "LineString",
    "coordinates": [
     [
      -106.755304,
      32.284137
     ],
     [
      -106.755162,
      32.283616
     ],
     [
      -106.755127,
      32.283542
     ],
     [
      -106.755094,
      32.283461
     ]
    ]
   }
  },
  {
   "type": "Feature",
   "properties": {
    "osmId": 555018092,
    "highway": "footway"
   },
   "geometry": {
    "type": "LineString",
    "coordinates": [
     [
      -106.755739,
      32.284072
     ],
     [
      -106.755741,
      32.28401
     ],
     [
      -106.75574,
      32.283991
     ],
     [
      -106.755726,
      32.283958
     ],
     [
      -106.755714,
      32.283941
     ],
     [
      -106.755691,
      32.283922
     ],
     [
      -106.755664,
      32.283904
     ],
     [
      -106.75563,
      32.28389
     ],
     [
      -106.755598,
      32.283885
     ],
     [
      -106.755566,
      32.283888
     ],
     [
      -106.755535,
      32.283903
     ],
     [
      -106.755512,
      32.283923
     ],
     [
      -106.755499,
      32.283943
     ],
     [
      -106.755489,
      32.283962
     ],
     [
      -106.755482,
      32.283983
     ],
     [
      -106.75548,
      32.284003
     ],
     [
      -106.755482,
      32.284019
     ],
     [
      -106.755486,
      32.284039
     ],
     [
      -106.755492,
      32.284057
     ],
     [
      -106.755527,
      32.284115
     ]
    ]
   }
  },
  {
   "type": "Feature",
   "properties": {
    "osmId": 555018093,
    "highway": "footway"
   },
   "geometry": {
    "type": "LineString",
    "coordinates": [
     [
      -106.749139,
      32.281154
     ],
     [
      -106.749152,
      32.281195
     ],
     [
      -106.749172,
      32.281246
     ],
     [
      -106.749326,
      32.281804
     ]
    ]
   }
  },
  {
   "type": "Feature",
   "properties": {
    "osmId": 555018094,
    "highway": "footway"
   },
   "geometry": {
    "type": "LineString",
    "coordinates": [
     [
      -106.753482,
      32.280952
     ],
     [
      -106.753457,
      32.280856
     ],
     [
      -106.753436,
      32.280757
     ],
     [
      -106.753351,
      32.280419
     ],
     [
      -106.753237,
      32.279963
     ],
     [
      -106.753138,
      32.279566
     ],
     [
      -106.75314,
      32.279545
     ],
     [
      -106.753153,
      32.279533
     ],
     [
      -106.753181,
      32.279523
     ],
     [
      -106.753958,
      32.279376
     ],
     [
      -106.754023,
      32.279364
     ],
     [
      -106.754056,
      32.279358
     ],
     [
      -106.754302,
      32.279311
     ],
     [
      -106.754541,
      32.279267
     ],
     [
      -106.754592,
      32.279257
     ],
     [
      -106.754984,
      32.279187
     ],
     [
      -106.755001,
      32.279187
     ],
     [
      -106.755018,
      32.279193
     ],
     [
      -106.755035,
      32.279202
     ],
     [
      -106.755047,
      32.279217
     ],
     [
      -106.755193,
      32.279769
     ],
     [
      -106.755357,
      32.280438
     ],
     [
      -106.755306,
      32.280493
     ],
     [
      -106.755332,
      32.280606
     ]
    ]
   }
  },
  {
   "type": "Feature",
   "properties": {
    "osmId": 555018095,
    "highway": "footway"
   },
   "geometry": {
    "type": "LineString",
    "coordinates": [
     [
      -106.757795,
      32.281485
     ],
     [
      -106.757308,
      32.281576
     ],
     [
      -106.757266,
      32.281584
     ],
     [
      -106.757179,
      32.2816
     ],
     [
      -106.757042,
      32.281626
     ],
     [
      -106.756905,
      32.281652
     ],
     [
      -106.756743,
      32.281683
     ],
     [
      -106.756676,
      32.281686
     ],
     [
      -106.756563,
      32.281662
     ],
     [
      -106.756421,
      32.281601
     ],
     [
      -106.756336,
      32.281551
     ],
     [
      -106.756247,
      32.281465
     ],
     [
      -106.756155,
      32.281408
     ],
     [
      -106.756082,
      32.281378
     ],
     [
      -106.755994,
      32.281355
     ],
     [
      -106.755897,
      32.281347
     ],
     [
      -106.755835,
      32.281329
     ],
     [
      -106.755788,
      32.281298
     ],
     [
      -106.75577,
      32.281275
     ],
     [
      -106.755571,
      32.280509
     ],
     [
      -106.755556,
      32.280451
     ],
     [
      -106.755475,
      32.28014
     ],
     [
      -106.755445,
      32.280024
     ],
     [
      -106.755283,
      32.279401
     ],
     [
      -106.755232,
      32.279204
     ],
     [
      -106.75523,
      32.279183
     ],
     [
      -106.755239,
      32.279165
     ]
    ]
   }
  },
  {
   "type": "Feature",
   "properties": {
    "osmId": 555018099,
    "highway": "footway"
   },
   "geometry": {
    "type": "LineString",
    "coordinates": [
     [
      -106.763235,
      32.281907
     ],
     [
      -106.763252,
      32.28197
     ],
     [
      -106.763417,
      32.282582
     ]
    ]
   }
  },
  {
   "type": "Feature",
   "properties": {
    "osmId": 555018102,
    "highway": "footway"
   },
   "geometry": {
    "type": "LineString",
    "coordinates": [
     [
      -106.753787,
      32.284427
     ],
     [
      -106.753788,
      32.284407
     ],
     [
      -106.753783,
      32.284379
     ],
     [
      -106.753766,
      32.284323
     ],
     [
      -106.753124,
      32.284441
     ],
     [
      -106.753088,
      32.284458
     ],
     [
      -106.752982,
      32.284582
     ],
     [
      -106.752952,
      32.284618
     ]
    ]
   }
  },
  {
   "type": "Feature",
   "properties": {
    "osmId": 555018108,
    "highway": "footway"
   },
   "geometry": {
    "type": "LineString",
    "coordinates": [
     [
      -106.751544,
      32.275216
     ],
     [
      -106.751553,
      32.275263
     ],
     [
      -106.751417,
      32.275407
     ],
     [
      -106.751419,
      32.275436
     ]
    ]
   }
  },
  {
   "type": "Feature",
   "properties": {
    "osmId": 555018109,
    "highway": "footway"
   },
   "geometry": {
    "type": "LineString",
    "coordinates": [
     [
      -106.749241,
      32.284029
     ],
     [
      -106.748898,
      32.284098
     ],
     [
      -106.748622,
      32.28415
     ],
     [
      -106.748678,
      32.284354
     ],
     [
      -106.748704,
      32.284365
     ],
     [
      -106.748727,
      32.284447
     ],
     [
      -106.748754,
      32.284537
     ],
     [
      -106.748727,
      32.284558
     ],
     [
      -106.748785,
      32.284767
     ],
     [
      -106.749055,
      32.284709
     ],
     [
      -106.749425,
      32.284635
     ],
     [
      -106.749451,
      32.28472
     ]
    ]
   }
  },
  {
   "type": "Feature",
   "properties": {
    "osmId": 555018111,
    "highway": "footway"
   },
   "geometry": {
    "type": "LineString",
    "coordinates": [
     [
      -106.749779,
      32.2852
     ],
     [
      -106.749861,
      32.285184
     ],
     [
      -106.750018,
      32.285153
     ]
    ]
   }
  },
  {
   "type": "Feature",
   "properties": {
    "osmId": 555018128,
    "highway": "steps"
   },
   "geometry": {
    "type": "LineString",
    "coordinates": [
     [
      -106.742266,
      32.284661
     ],
     [
      -106.74226,
      32.284639
     ]
    ]
   }
  },
  {
   "type": "Feature",
   "properties": {
    "osmId": 555018129,
    "highway": "footway"
   },
   "geometry": {
    "type": "LineString",
    "coordinates": [
     [
      -106.74231,
      32.284827
     ],
     [
      -106.742266,
      32.284661
     ]
    ]
   }
  },
  {
   "type": "Feature",
   "properties": {
    "osmId": 555018130,
    "highway": "steps"
   },
   "geometry": {
    "type": "LineString",
    "coordinates": [
     [
      -106.742583,
      32.284601
     ],
     [
      -106.742578,
      32.284582
     ]
    ]
   }
  },
  {
   "type": "Feature",
   "properties": {
    "osmId": 555018131,
    "highway": "footway"
   },
   "geometry": {
    "type": "LineString",
    "coordinates": [
     [
      -106.742627,
      32.284767
     ],
     [
      -106.742583,
      32.284601
     ]
    ]
   }
  },
  {
   "type": "Feature",
   "properties": {
    "osmId": 555018132,
    "highway": "footway"
   },
   "geometry": {
    "type": "LineString",
    "coordinates": [
     [
      -106.742248,
      32.284593
     ],
     [
      -106.741768,
      32.284684
     ]
    ]
   }
  },
  {
   "type": "Feature",
   "properties": {
    "osmId": 555018133,
    "highway": "footway"
   },
   "geometry": {
    "type": "LineString",
    "coordinates": [
     [
      -106.742992,
      32.284452
     ],
     [
      -106.742565,
      32.284533
     ]
    ]
   }
  },
  {
   "type": "Feature",
   "properties": {
    "osmId": 555018134,
    "highway": "footway"
   },
   "geometry": {
    "type": "LineString",
    "coordinates": [
     [
      -106.74226,
      32.284639
     ],
     [
      -106.742248,
      32.284593
     ],
     [
      -106.742222,
      32.284494
     ]
    ]
   }
  },
  {
   "type": "Feature",
   "properties": {
    "osmId": 555018135,
    "highway": "footway"
   },
   "geometry": {
    "type": "LineString",
    "coordinates": [
     [
      -106.742578,
      32.284582
     ],
     [
      -106.742565,
      32.284533
     ],
     [
      -106.742538,
      32.284433
     ]
    ]
   }
  },
  {
   "type": "Feature",
   "properties": {
    "osmId": 555018136,
    "highway": "footway"
   },
   "geometry": {
    "type": "LineString",
    "coordinates": [
     [
      -106.741471,
      32.283561
     ],
     [
      -106.741818,
      32.283498
     ]
    ]
   }
  },
  {
   "type": "Feature",
   "properties": {
    "osmId": 555018137,
    "highway": "footway"
   },
   "geometry": {
    "type": "LineString",
    "coordinates": [
     [
      -106.741886,
      32.283571
     ],
     [
      -106.741818,
      32.283498
     ],
     [
      -106.741606,
      32.283269
     ],
     [
      -106.741319,
      32.282957
     ]
    ]
   }
  },
  {
   "type": "Feature",
   "properties": {
    "osmId": 555018138,
    "highway": "footway"
   },
   "geometry": {
    "type": "LineString",
    "coordinates": [
     [
      -106.740753,
      32.283422
     ],
     [
      -106.741405,
      32.283304
     ],
     [
      -106.741606,
      32.283269
     ]
    ]
   }
  },
  {
   "type": "Feature",
   "properties": {
    "osmId": 555018139,
    "highway": "pedestrian"
   },
   "geometry": {
    "type": "LineString",
    "coordinates": [
     [
      -106.742221,
      32.284867
     ],
     [
      -106.742215,
      32.284845
     ],
     [
      -106.742171,
      32.284679
     ],
     [
      -106.742266,
      32.284661
     ],
     [
      -106.742583,
      32.284601
     ],
     [
      -106.742651,
      32.284588
     ],
     [
      -106.742695,
      32.284754
     ],
     [
      -106.742701,
      32.284776
     ],
     [
      -106.742221,
      32.284867
     ]
    ]
   }
  },
  {
   "type": "Feature",
   "properties": {
    "osmId": 555018140,
    "highway": "pedestrian",
    "name": "International Mall"
   },
   "geometry": {
    "type": "LineString",
    "coordinates": [
     [
      -106.746984,
      32.283647
     ],
     [
      -106.747033,
      32.283638
     ],
     [
      -106.747085,
      32.283628
     ],
     [
      -106.74727,
      32.283593
     ],
     [
      -106.747479,
      32.283553
     ],
     [
      -106.747466,
      32.283497
     ],
     [
      -106.747541,
      32.283483
     ],
     [
      -106.747856,
      32.283427
     ],
     [
      -106.748396,
      32.283331
     ]
    ]
   }
  },
  {
   "type": "Feature",
   "properties": {
    "osmId": 696061658,
    "highway": "path",
    "name": "Stern Arroyo Path"
   },
   "geometry": {
    "type": "LineString",
    "coordinates": [
     [
      -106.745393,
      32.269601
     ],
     [
      -106.745557,
      32.269351
     ],
     [
      -106.746027,
      32.268737
     ]
    ]
   }
  },
  {
   "type": "Feature",
   "properties": {
    "osmId": 696061659,
    "highway": "path",
    "name": "Arroyo Path"
   },
   "geometry": {
    "type": "LineString",
    "coordinates": [
     [
      -106.749112,
      32.263875
     ],
     [
      -106.748952,
      32.264011
     ],
     [
      -106.74893,
      32.26412
     ],
     [
      -106.748715,
      32.264431
     ],
     [
      -106.748048,
      32.265315
     ],
     [
      -106.747801,
      32.265649
     ],
     [
      -106.747793,
      32.265735
     ],
     [
      -106.747814,
      32.266019
     ],
     [
      -106.747506,
      32.26641
     ],
     [
      -106.747438,
      32.266511
     ],
     [
      -106.747405,
      32.266545
     ],
     [
      -106.747353,
      32.266569
     ],
     [
      -106.747048,
      32.2671
     ],
     [
      -106.74687,
      32.267568
     ],
     [
      -106.74685,
      32.267784
     ],
     [
      -106.746738,
      32.267908
     ],
     [
      -106.746534,
      32.268175
     ],
     [
      -106.746384,
      32.268525
     ],
     [
      -106.746247,
      32.268681
     ],
     [
      -106.746027,
      32.268737
     ]
    ]
   }
  },
  {
   "type": "Feature",
   "properties": {
    "osmId": 696061660,
    "highway": "service",
    "name": "Arroyo Trail"
   },
   "geometry": {
    "type": "LineString",
    "coordinates": [
     [
      -106.749112,
      32.263875
     ],
     [
      -106.749169,
      32.263721
     ],
     [
      -106.749201,
      32.263161
     ],
     [
      -106.749233,
      32.262356
     ],
     [
      -106.749263,
      32.261979
     ],
     [
      -106.749729,
      32.26126
     ],
     [
      -106.750126,
      32.26072
     ],
     [
      -106.750177,
      32.260609
     ]
    ]
   }
  },
  {
   "type": "Feature",
   "properties": {
    "osmId": 697959412,
    "highway": "footway"
   },
   "geometry": {
    "type": "LineString",
    "coordinates": [
     [
      -106.754216,
      32.283245
     ],
     [
      -106.754288,
      32.283511
     ]
    ]
   }
  },
  {
   "type": "Feature",
   "properties": {
    "osmId": 697959413,
    "highway": "footway"
   },
   "geometry": {
    "type": "LineString",
    "coordinates": [
     [
      -106.754207,
      32.283211
     ],
     [
      -106.754216,
      32.283245
     ]
    ]
   }
  },
  {
   "type": "Feature",
   "properties": {
    "osmId": 739622361,
    "highway": "footway"
   },
   "geometry": {
    "type": "LineString",
    "coordinates": [
     [
      -106.742021,
      32.281501
     ],
     [
      -106.742039,
      32.281564
     ],
     [
      -106.742077,
      32.281707
     ]
    ]
   }
  },
  {
   "type": "Feature",
   "properties": {
    "osmId": 798519483,
    "highway": "footway"
   },
   "geometry": {
    "type": "LineString",
    "coordinates": [
     [
      -106.750581,
      32.28298
     ],
     [
      -106.750643,
      32.282871
     ],
     [
      -106.750685,
      32.282789
     ],
     [
      -106.750715,
      32.282718
     ],
     [
      -106.750759,
      32.28261
     ],
     [
      -106.750784,
      32.282533
     ],
     [
      -106.750791,
      32.28249
     ],
     [
      -106.750778,
      32.282439
     ]
    ]
   }
  },
  {
   "type": "Feature",
   "properties": {
    "osmId": 798519484,
    "highway": "steps"
   },
   "geometry": {
    "type": "LineString",
    "coordinates": [
     [
      -106.750659,
      32.2827
     ],
     [
      -106.75068,
      32.282708
     ]
    ]
   }
  },
  {
   "type": "Feature",
   "properties": {
    "osmId": 798519485,
    "highway": "footway"
   },
   "geometry": {
    "type": "LineString",
    "coordinates": [
     [
      -106.75068,
      32.282708
     ],
     [
      -106.750715,
      32.282718
     ],
     [
      -106.751148,
      32.282868
     ]
    ]
   }
  },
  {
   "type": "Feature",
   "properties": {
    "osmId": 798519486,
    "highway": "footway"
   },
   "geometry": {
    "type": "LineString",
    "coordinates": [
     [
      -106.750599,
      32.282682
     ],
     [
      -106.750659,
      32.2827
     ]
    ]
   }
  },
  {
   "type": "Feature",
   "properties": {
    "osmId": 798519487,
    "highway": "steps"
   },
   "geometry": {
    "type": "LineString",
    "coordinates": [
     [
      -106.750698,
      32.282452
     ],
     [
      -106.750754,
      32.282443
     ]
    ]
   }
  },
  {
   "type": "Feature",
   "properties": {
    "osmId": 798519488,
    "highway": "footway"
   },
   "geometry": {
    "type": "LineString",
    "coordinates": [
     [
      -106.750754,
      32.282443
     ],
     [
      -106.750778,
      32.282439
     ],
     [
      -106.750794,
      32.282436
     ],
     [
      -106.750955,
      32.282408
     ]
    ]
   }
  },
  {
   "type": "Feature",
   "properties": {
    "osmId": 798519489,
    "highway": "footway"
   },
   "geometry": {
    "type": "LineString",
    "coordinates": [
     [
      -106.753934,
      32.284398
     ],
     [
      -106.753943,
      32.284412
     ],
     [
      -106.753958,
      32.284418
     ],
     [
      -106.753974,
      32.284417
     ],
     [
      -106.754244,
      32.284366
     ],
     [
      -106.755486,
      32.284125
     ]
    ]
   }
  },
  {
   "type": "Feature",
   "properties": {
    "osmId": 798519490,
    "highway": "footway"
   },
   "geometry": {
    "type": "LineString",
    "coordinates": [
     [
      -106.753621,
      32.283358
     ],
     [
      -106.753586,
      32.283363
     ],
     [
      -106.753513,
      32.283377
     ],
     [
      -106.753378,
      32.283402
     ],
     [
      -106.753257,
      32.283425
     ],
     [
      -106.753247,
      32.283388
     ]
    ]
   }
  },
  {
   "type": "Feature",
   "properties": {
    "osmId": 798519491,
    "highway": "footway"
   },
   "geometry": {
    "type": "LineString",
    "coordinates": [
     [
      -106.753548,
      32.282967
     ],
     [
      -106.75352,
      32.282973
     ],
     [
      -106.753621,
      32.283358
     ],
     [
      -106.753787,
      32.284002
     ],
     [
      -106.753808,
      32.284013
     ],
     [
      -106.753826,
      32.284012
     ]
    ]
   }
  },
  {
   "type": "Feature",
   "properties": {
    "osmId": 798519492,
    "highway": "footway"
   },
   "geometry": {
    "type": "LineString",
    "coordinates": [
     [
      -106.753385,
      32.282889
     ],
     [
      -106.753394,
      32.282931
     ],
     [
      -106.753409,
      32.282994
     ],
     [
      -106.753513,
      32.283377
     ]
    ]
   }
  },
  {
   "type": "Feature",
   "properties": {
    "osmId": 798519493,
    "highway": "footway"
   },
   "geometry": {
    "type": "LineString",
    "coordinates": [
     [
      -106.75452,
      32.284186
     ],
     [
      -106.754368,
      32.284217
     ],
     [
      -106.754201,
      32.284178
     ]
    ]
   }
  },
  {
   "type": "Feature",
   "properties": {
    "osmId": 798519496,
    "highway": "pedestrian"
   },
   "geometry": {
    "type": "LineString",
    "coordinates": [
     [
      -106.756229,
      32.28334
     ],
     [
      -106.756137,
      32.283359
     ],
     [
      -106.755657,
      32.283458
     ],
     [
      -106.755549,
      32.283481
     ],
     [
      -106.755254,
      32.283528
     ],
     [
      -106.755127,
      32.283542
     ],
     [
      -106.755009,
      32.283556
     ],
     [
      -106.754909,
      32.283589
     ],
     [
      -106.754844,
      32.283633
     ],
     [
      -106.754789,
      32.283686
     ],
     [
      -106.754732,
      32.283702
     ]
    ]
   }
  },
  {
   "type": "Feature",
   "properties": {
    "osmId": 798519499,
    "highway": "footway"
   },
   "geometry": {
    "type": "LineString",
    "coordinates": [
     [
      -106.754141,
      32.28383
     ],
     [
      -106.754183,
      32.283822
     ],
     [
      -106.754505,
      32.283763
     ],
     [
      -106.75457,
      32.283735
     ]
    ]
   }
  },
  {
   "type": "Feature",
   "properties": {
    "osmId": 798519500,
    "highway": "footway"
   },
   "geometry": {
    "type": "LineString",
    "coordinates": [
     [
      -106.754439,
      32.283277
     ],
     [
      -106.754491,
      32.283471
     ],
     [
      -106.754288,
      32.283511
     ],
     [
      -106.754097,
      32.283549
     ],
     [
      -106.754074,
      32.283553
     ]
    ]
   }
  },
  {
   "type": "Feature",
   "properties": {
    "osmId": 931112731,
    "highway": "footway"
   },
   "geometry": {
    "type": "LineString",
    "coordinates": [
     [
      -106.745338,
      32.281946
     ],
     [
      -106.745307,
      32.281955
     ],
     [
      -106.74525,
      32.282033
     ],
     [
      -106.745178,
      32.28205
     ],
     [
      -106.74475,
      32.282137
     ],
     [
      -106.744674,
      32.282153
     ]
    ]
   }
  },
  {
   "type": "Feature",
   "properties": {
    "osmId": 956191780,
    "highway": "footway"
   },
   "geometry": {
    "type": "LineString",
    "coordinates": [
     [
      -106.743239,
      32.286323
     ],
     [
      -106.743346,
      32.286307
     ],
     [
      -106.743446,
      32.286298
     ],
     [
      -106.743504,
      32.286293
     ]
    ]
   }
  },
  {
   "type": "Feature",
   "properties": {
    "osmId": 956191781,
    "highway": "footway"
   },
   "geometry": {
    "type": "LineString",
    "coordinates": [
     [
      -106.743582,
      32.286226
     ],
     [
      -106.743572,
      32.286149
     ],
     [
      -106.743553,
      32.28601
     ],
     [
      -106.743541,
      32.28592
     ]
    ]
   }
  },
  {
   "type": "Feature",
   "properties": {
    "osmId": 956191782,
    "highway": "footway",
    "name": "Triviz Path"
   },
   "geometry": {
    "type": "LineString",
    "coordinates": [
     [
      -106.743176,
      32.28628
     ],
     [
      -106.743146,
      32.286163
     ],
     [
      -106.743115,
      32.286039
     ],
     [
      -106.743096,
      32.285963
     ]
    ]
   }
  },
  {
   "type": "Feature",
   "properties": {
    "osmId": 956191783,
    "highway": "footway",
    "name": "Triviz Path"
   },
   "geometry": {
    "type": "LineString",
    "coordinates": [
     [
      -106.743134,
      32.285925
     ],
     [
      -106.743266,
      32.285908
     ],
     [
      -106.743397,
      32.285892
     ],
     [
      -106.743449,
      32.285885
     ]
    ]
   }
  },
  {
   "type": "Feature",
   "properties": {
    "osmId": 956193089,
    "highway": "footway"
   },
   "geometry": {
    "type": "LineString",
    "coordinates": [
     [
      -106.752865,
      32.284635
     ],
     [
      -106.752888,
      32.284718
     ],
     [
      -106.752916,
      32.284821
     ]
    ]
   }
  },
  {
   "type": "Feature",
   "properties": {
    "osmId": 956193090,
    "highway": "footway"
   },
   "geometry": {
    "type": "LineString",
    "coordinates": [
     [
      -106.752916,
      32.284821
     ],
     [
      -106.752933,
      32.284809
     ],
     [
      -106.75296,
      32.2848
     ],
     [
      -106.753027,
      32.284787
     ],
     [
      -106.754025,
      32.284598
     ],
     [
      -106.754284,
      32.284548
     ],
     [
      -106.754661,
      32.284475
     ],
     [
      -106.754694,
      32.284477
     ],
     [
      -106.754726,
      32.284494
     ],
     [
      -106.754746,
      32.284517
     ],
     [
      -106.754868,
      32.284993
     ],
     [
      -106.754981,
      32.285389
     ],
     [
      -106.754971,
      32.285408
     ],
     [
      -106.754939,
      32.285425
     ],
     [
      -106.75428,
      32.285547
     ],
     [
      -106.75425,
      32.285556
     ],
     [
      -106.754246,
      32.285542
     ],
     [
      -106.753133,
      32.285755
     ],
     [
      -106.753126,
      32.28575
     ]
    ]
   }
  },
  {
   "type": "Feature",
   "properties": {
    "osmId": 956193094,
    "highway": "footway"
   },
   "geometry": {
    "type": "LineString",
    "coordinates": [
     [
      -106.755486,
      32.284125
     ],
     [
      -106.755527,
      32.284115
     ],
     [
      -106.755739,
      32.284072
     ],
     [
      -106.756193,
      32.283979
     ],
     [
      -106.756216,
      32.283968
     ],
     [
      -106.756231,
      32.283958
     ],
     [
      -106.756247,
      32.283942
     ],
     [
      -106.756383,
      32.283899
     ],
     [
      -106.756511,
      32.283857
     ],
     [
      -106.756534,
      32.28385
     ]
    ]
   }
  },
  {
   "type": "Feature",
   "properties": {
    "osmId": 956203696,
    "highway": "footway"
   },
   "geometry": {
    "type": "LineString",
    "coordinates": [
     [
      -106.74107,
      32.280439
     ],
     [
      -106.741111,
      32.280709
     ],
     [
      -106.741008,
      32.280893
     ],
     [
      -106.741133,
      32.281363
     ],
     [
      -106.741211,
      32.281651
     ],
     [
      -106.740454,
      32.281801
     ],
     [
      -106.740419,
      32.281794
     ],
     [
      -106.74041,
      32.281772
     ]
    ]
   }
  },
  {
   "type": "Feature",
   "properties": {
    "osmId": 956203697,
    "highway": "footway"
   },
   "geometry": {
    "type": "LineString",
    "coordinates": [
     [
      -106.740633,
      32.278886
     ],
     [
      -106.741205,
      32.278782
     ]
    ]
   }
  },
  {
   "type": "Feature",
   "properties": {
    "osmId": 956203698,
    "highway": "footway"
   },
   "geometry": {
    "type": "LineString",
    "coordinates": [
     [
      -106.74057,
      32.278649
     ],
     [
      -106.740661,
      32.278602
     ],
     [
      -106.740729,
      32.278571
     ],
     [
      -106.740746,
      32.278565
     ],
     [
      -106.740796,
      32.278548
     ],
     [
      -106.740862,
      32.278533
     ],
     [
      -106.740914,
      32.278526
     ],
     [
      -106.740965,
      32.278524
     ],
     [
      -106.741045,
      32.278527
     ],
     [
      -106.741118,
      32.278537
     ],
     [
      -106.741137,
      32.278605
     ],
     [
      -106.741267,
      32.278577
     ]
    ]
   }
  },
  {
   "type": "Feature",
   "properties": {
    "osmId": 956203699,
    "highway": "footway"
   },
   "geometry": {
    "type": "LineString",
    "coordinates": [
     [
      -106.740746,
      32.278565
     ],
     [
      -106.740711,
      32.278423
     ]
    ]
   }
  },
  {
   "type": "Feature",
   "properties": {
    "osmId": 978590586,
    "highway": "footway"
   },
   "geometry": {
    "type": "LineString",
    "coordinates": [
     [
      -106.754244,
      32.284366
     ],
     [
      -106.754238,
      32.284342
     ],
     [
      -106.754201,
      32.284178
     ]
    ]
   }
  },
  {
   "type": "Feature",
   "properties": {
    "osmId": 978590589,
    "highway": "footway"
   },
   "geometry": {
    "type": "LineString",
    "coordinates": [
     [
      -106.751506,
      32.28206
     ],
     [
      -106.751347,
      32.282101
     ],
     [
      -106.751266,
      32.282113
     ],
     [
      -106.751197,
      32.282109
     ],
     [
      -106.751132,
      32.282092
     ],
     [
      -106.751028,
      32.282052
     ],
     [
      -106.750969,
      32.282019
     ],
     [
      -106.750924,
      32.281982
     ],
     [
      -106.750906,
      32.281947
     ],
     [
      -106.750827,
      32.281961
     ],
     [
      -106.750655,
      32.281992
     ],
     [
      -106.750625,
      32.281982
     ],
     [
      -106.750568,
      32.28195
     ]
    ]
   }
  },
  {
   "type": "Feature",
   "properties": {
    "osmId": 978590591,
    "highway": "pedestrian",
    "name": "Frank Bromilow Mall"
   },
   "geometry": {
    "type": "LineString",
    "coordinates": [
     [
      -106.754241,
      32.280459
     ],
     [
      -106.754267,
      32.280569
     ]
    ]
   }
  },
  {
   "type": "Feature",
   "properties": {
    "osmId": 978590592,
    "highway": "pedestrian",
    "name": "Frank Bromilow Mall"
   },
   "geometry": {
    "type": "LineString",
    "coordinates": [
     [
      -106.753935,
      32.279289
     ],
     [
      -106.753958,
      32.279376
     ],
     [
      -106.75396,
      32.279386
     ],
     [
      -106.753992,
      32.27951
     ],
     [
      -106.754007,
      32.279566
     ],
     [
      -106.754095,
      32.279903
     ],
     [
      -106.75411,
      32.279958
     ],
     [
      -106.754228,
      32.280411
     ],
     [
      -106.754241,
      32.280459
     ]
    ]
   }
  },
  {
   "type": "Feature",
   "properties": {
    "osmId": 978590593,
    "highway": "footway"
   },
   "geometry": {
    "type": "LineString",
    "coordinates": [
     [
      -106.755018,
      32.279193
     ],
     [
      -106.755131,
      32.279179
     ],
     [
      -106.755239,
      32.279165
     ],
     [
      -106.755203,
      32.279054
     ],
     [
      -106.755174,
      32.278962
     ],
     [
      -106.755079,
      32.278981
     ],
     [
      -106.754989,
      32.279002
     ],
     [
      -106.75499,
      32.279093
     ],
     [
      -106.755001,
      32.279187
     ]
    ]
   }
  },
  {
   "type": "Feature",
   "properties": {
    "osmId": 978590594,
    "highway": "footway"
   },
   "geometry": {
    "type": "LineString",
    "coordinates": [
     [
      -106.7531,
      32.279373
     ],
     [
      -106.75312,
      32.27946
     ],
     [
      -106.75314,
      32.279545
     ],
     [
      -106.753049,
      32.27956
     ],
     [
      -106.752965,
      32.279574
     ]
    ]
   }
  },
  {
   "type": "Feature",
   "properties": {
    "osmId": 978590595,
    "highway": "footway"
   },
   "geometry": {
    "type": "LineString",
    "coordinates": [
     [
      -106.752927,
      32.279359
     ],
     [
      -106.752871,
      32.27934
     ],
     [
      -106.752785,
      32.279315
     ],
     [
      -106.752713,
      32.279297
     ],
     [
      -106.752644,
      32.279287
     ],
     [
      -106.752611,
      32.27928
     ],
     [
      -106.752591,
      32.27927
     ],
     [
      -106.752582,
      32.279256
     ],
     [
      -106.752557,
      32.279155
     ],
     [
      -106.752619,
      32.279145
     ],
     [
      -106.752596,
      32.279055
     ]
    ]
   }
  },
  {
   "type": "Feature",
   "properties": {
    "osmId": 978590596,
    "highway": "footway"
   },
   "geometry": {
    "type": "LineString",
    "coordinates": [
     [
      -106.75273,
      32.279031
     ],
     [
      -106.752596,
      32.279055
     ],
     [
      -106.752531,
      32.279066
     ],
     [
      -106.75252,
      32.279068
     ]
    ]
   }
  },
  {
   "type": "Feature",
   "properties": {
    "osmId": 978590597,
    "highway": "footway"
   },
   "geometry": {
    "type": "LineString",
    "coordinates": [
     [
      -106.751525,
      32.27957
     ],
     [
      -106.75153,
      32.279585
     ],
     [
      -106.751548,
      32.279673
     ]
    ]
   }
  },
  {
   "type": "Feature",
   "properties": {
    "osmId": 978590598,
    "highway": "footway"
   },
   "geometry": {
    "type": "LineString",
    "coordinates": [
     [
      -106.751909,
      32.279767
     ],
     [
      -106.751886,
      32.279685
     ],
     [
      -106.751866,
      32.279614
     ]
    ]
   }
  },
  {
   "type": "Feature",
   "properties": {
    "osmId": 978590606,
    "highway": "footway"
   },
   "geometry": {
    "type": "LineString",
    "coordinates": [
     [
      -106.750594,
      32.280646
     ],
     [
      -106.750524,
      32.280382
     ],
     [
      -106.750429,
      32.280048
     ]
    ]
   }
  },
  {
   "type": "Feature",
   "properties": {
    "osmId": 978590607,
    "highway": "footway"
   },
   "geometry": {
    "type": "LineString",
    "coordinates": [
     [
      -106.750429,
      32.281011
     ],
     [
      -106.750215,
      32.281088
     ],
     [
      -106.750163,
      32.281099
     ],
     [
      -106.75013,
      32.281104
     ],
     [
      -106.750094,
      32.281177
     ]
    ]
   }
  },
  {
   "type": "Feature",
   "properties": {
    "osmId": 978590608,
    "highway": "footway"
   },
   "geometry": {
    "type": "LineString",
    "coordinates": [
     [
      -106.75084,
      32.2806
     ],
     [
      -106.750594,
      32.280646
     ],
     [
      -106.750224,
      32.280716
     ],
     [
      -106.750275,
      32.280914
     ],
     [
      -106.750399,
      32.280895
     ],
     [
      -106.750429,
      32.281011
     ],
     [
      -106.75041,
      32.281082
     ]
    ]
   }
  },
  {
   "type": "Feature",
   "properties": {
    "osmId": 978590609,
    "highway": "footway"
   },
   "geometry": {
    "type": "LineString",
    "coordinates": [
     [
      -106.750771,
      32.280336
     ],
     [
      -106.750524,
      32.280382
     ],
     [
      -106.749568,
      32.280559
     ]
    ]
   }
  },
  {
   "type": "Feature",
   "properties": {
    "osmId": 978590612,
    "highway": "footway"
   },
   "geometry": {
    "type": "LineString",
    "coordinates": [
     [
      -106.749483,
      32.280226
     ],
     [
      -106.749568,
      32.280559
     ],
     [
      -106.749684,
      32.28101
     ]
    ]
   }
  },
  {
   "type": "Feature",
   "properties": {
    "osmId": 978798112,
    "highway": "footway"
   },
   "geometry": {
    "type": "LineString",
    "coordinates": [
     [
      -106.753548,
      32.282967
     ],
     [
      -106.754114,
      32.282862
     ],
     [
      -106.754691,
      32.282756
     ],
     [
      -106.754904,
      32.282718
     ],
     [
      -106.755423,
      32.282623
     ],
     [
      -106.755908,
      32.282534
     ],
     [
      -106.755921,
      32.282539
     ],
     [
      -106.755923,
      32.282547
     ],
     [
      -106.756043,
      32.282994
     ],
     [
      -106.756059,
      32.283044
     ],
     [
      -106.756063,
      32.283059
     ],
     [
      -106.756119,
      32.283261
     ],
     [
      -106.756137,
      32.283359
     ],
     [
      -106.756173,
      32.28353
     ],
     [
      -106.756202,
      32.283668
     ],
     [
      -106.756249,
      32.283845
     ],
     [
      -106.756257,
      32.283905
     ],
     [
      -106.756247,
      32.283942
     ]
    ]
   }
  },
  {
   "type": "Feature",
   "properties": {
    "osmId": 978798113,
    "highway": "footway"
   },
   "geometry": {
    "type": "LineString",
    "coordinates": [
     [
      -106.754228,
      32.280411
     ],
     [
      -106.754187,
      32.280419
     ],
     [
      -106.754047,
      32.280445
     ],
     [
      -106.753875,
      32.280477
     ]
    ]
   }
  },
  {
   "type": "Feature",
   "properties": {
    "osmId": 978798120,
    "highway": "footway"
   },
   "geometry": {
    "type": "LineString",
    "coordinates": [
     [
      -106.753457,
      32.280856
     ],
     [
      -106.753514,
      32.280845
     ],
     [
      -106.753959,
      32.280756
     ]
    ]
   }
  },
  {
   "type": "Feature",
   "properties": {
    "osmId": 978798121,
    "highway": "footway"
   },
   "geometry": {
    "type": "LineString",
    "coordinates": [
     [
      -106.753435,
      32.280961
     ],
     [
      -106.753442,
      32.281016
     ],
     [
      -106.753454,
      32.281086
     ],
     [
      -106.753477,
      32.281215
     ],
     [
      -106.753487,
      32.28133
     ],
     [
      -106.753493,
      32.281427
     ],
     [
      -106.75349,
      32.281557
     ],
     [
      -106.753489,
      32.281612
     ],
     [
      -106.753509,
      32.281658
     ],
     [
      -106.753564,
      32.281703
     ],
     [
      -106.753619,
      32.281736
     ],
     [
      -106.753648,
      32.281739
     ],
     [
      -106.753672,
      32.281741
     ],
     [
      -106.753959,
      32.281683
     ],
     [
      -106.754352,
      32.281605
     ],
     [
      -106.75453,
      32.281568
     ],
     [
      -106.755565,
      32.281367
     ],
     [
      -106.755594,
      32.281341
     ],
     [
      -106.755595,
      32.281312
     ],
     [
      -106.755417,
      32.280675
     ],
     [
      -106.755386,
      32.280653
     ],
     [
      -106.755332,
      32.280606
     ]
    ]
   }
  },
  {
   "type": "Feature",
   "properties": {
    "osmId": 978798122,
    "highway": "footway"
   },
   "geometry": {
    "type": "LineString",
    "coordinates": [
     [
      -106.753514,
      32.281077
     ],
     [
      -106.753482,
      32.280952
     ]
    ]
   }
  },
  {
   "type": "Feature",
   "properties": {
    "osmId": 978798123,
    "highway": "footway"
   },
   "geometry": {
    "type": "LineString",
    "coordinates": [
     [
      -106.753284,
      32.281036
     ],
     [
      -106.753283,
      32.28099
     ],
     [
      -106.753315,
      32.280883
     ]
    ]
   }
  },
  {
   "type": "Feature",
   "properties": {
    "osmId": 978798126,
    "highway": "footway"
   },
   "geometry": {
    "type": "LineString",
    "coordinates": [
     [
      -106.752658,
      32.281938
     ],
     [
      -106.752595,
      32.281925
     ],
     [
      -106.752275,
      32.281878
     ],
     [
      -106.752147,
      32.281863
     ],
     [
      -106.751905,
      32.281827
     ],
     [
      -106.751664,
      32.281806
     ],
     [
      -106.751401,
      32.281784
     ]
    ]
   }
  },
  {
   "type": "Feature",
   "properties": {
    "osmId": 978798127,
    "highway": "footway"
   },
   "geometry": {
    "type": "LineString",
    "coordinates": [
     [
      -106.752658,
      32.281938
     ],
     [
      -106.752677,
      32.281897
     ],
     [
      -106.752776,
      32.281739
     ]
    ]
   }
  },
  {
   "type": "Feature",
   "properties": {
    "osmId": 978798129,
    "highway": "footway"
   },
   "geometry": {
    "type": "LineString",
    "coordinates": [
     [
      -106.753285,
      32.281789
     ],
     [
      -106.753305,
      32.281766
     ],
     [
      -106.753317,
      32.281725
     ],
     [
      -106.753333,
      32.281666
     ],
     [
      -106.753335,
      32.281616
     ],
     [
      -106.75334,
      32.281497
     ],
     [
      -106.753339,
      32.28139
     ],
     [
      -106.753338,
      32.281351
     ],
     [
      -106.753336,
      32.281302
     ],
     [
      -106.753327,
      32.281194
     ],
     [
      -106.753305,
      32.281072
     ],
     [
      -106.753296,
      32.281043
     ],
     [
      -106.753284,
      32.281036
     ]
    ]
   }
  },
  {
   "type": "Feature",
   "properties": {
    "osmId": 978798130,
    "highway": "footway"
   },
   "geometry": {
    "type": "LineString",
    "coordinates": [
     [
      -106.752984,
      32.280852
     ],
     [
      -106.752944,
      32.280839
     ]
    ]
   }
  },
  {
   "type": "Feature",
   "properties": {
    "osmId": 978798131,
    "highway": "footway"
   },
   "geometry": {
    "type": "LineString",
    "coordinates": [
     [
      -106.752984,
      32.280852
     ],
     [
      -106.752989,
      32.280871
     ],
     [
      -106.753009,
      32.280942
     ]
    ]
   }
  },
  {
   "type": "Feature",
   "properties": {
    "osmId": 978798132,
    "highway": "footway"
   },
   "geometry": {
    "type": "LineString",
    "coordinates": [
     [
      -106.752954,
      32.280878
     ],
     [
      -106.752989,
      32.280871
     ]
    ]
   }
  },
  {
   "type": "Feature",
   "properties": {
    "osmId": 978798133,
    "highway": "footway"
   },
   "geometry": {
    "type": "LineString",
    "coordinates": [
     [
      -106.753168,
      32.280911
     ],
     [
      -106.752984,
      32.280852
     ]
    ]
   }
  },
  {
   "type": "Feature",
   "properties": {
    "osmId": 978798140,
    "highway": "footway"
   },
   "geometry": {
    "type": "LineString",
    "coordinates": [
     [
      -106.7531,
      32.279373
     ],
     [
      -106.753133,
      32.279374
     ],
     [
      -106.753983,
      32.27921
     ],
     [
      -106.754039,
      32.279199
     ],
     [
      -106.754111,
      32.279188
     ],
     [
      -106.754962,
      32.27903
     ],
     [
      -106.754976,
      32.279022
     ],
     [
      -106.754989,
      32.279002
     ],
     [
      -106.754993,
      32.278985
     ],
     [
      -106.754853,
      32.278436
     ],
     [
      -106.7546,
      32.277476
     ],
     [
      -106.754534,
      32.277206
     ],
     [
      -106.754525,
      32.277199
     ],
     [
      -106.754511,
      32.277197
     ],
     [
      -106.754488,
      32.277201
     ],
     [
      -106.753734,
      32.277346
     ],
     [
      -106.753708,
      32.277353
     ],
     [
      -106.753703,
      32.277369
     ],
     [
      -106.753703,
      32.277389
     ],
     [
      -106.753783,
      32.277693
     ],
     [
      -106.753792,
      32.277721
     ]
    ]
   }
  },
  {
   "type": "Feature",
   "properties": {
    "osmId": 978798146,
    "highway": "footway"
   },
   "geometry": {
    "type": "LineString",
    "coordinates": [
     [
      -106.754039,
      32.279199
     ],
     [
      -106.753838,
      32.279083
     ],
     [
      -106.753286,
      32.279188
     ]
    ]
   }
  },
  {
   "type": "Feature",
   "properties": {
    "osmId": 978798148,
    "highway": "footway"
   },
   "geometry": {
    "type": "LineString",
    "coordinates": [
     [
      -106.752771,
      32.278734
     ],
     [
      -106.752464,
      32.278793
     ],
     [
      -106.751818,
      32.278916
     ],
     [
      -106.751485,
      32.27898
     ],
     [
      -106.751424,
      32.278992
     ],
     [
      -106.75067,
      32.279136
     ],
     [
      -106.750639,
      32.279131
     ],
     [
      -106.750612,
      32.279116
     ]
    ]
   }
  },
  {
   "type": "Feature",
   "properties": {
    "osmId": 997790148,
    "highway": "path"
   },
   "geometry": {
    "type": "LineString",
    "coordinates": [
     [
      -106.734184,
      32.287936
     ],
     [
      -106.734154,
      32.287902
     ],
     [
      -106.734101,
      32.287853
     ],
     [
      -106.734039,
      32.287801
     ],
     [
      -106.733999,
      32.287771
     ],
     [
      -106.73393,
      32.287714
     ],
     [
      -106.73384,
      32.287618
     ],
     [
      -106.733786,
      32.287564
     ],
     [
      -106.733681,
      32.287457
     ],
     [
      -106.733649,
      32.287427
     ],
     [
      -106.733599,
      32.287385
     ],
     [
      -106.733524,
      32.287346
     ],
     [
      -106.733432,
      32.287296
     ],
     [
      -106.73334,
      32.287238
     ],
     [
      -106.733256,
      32.287183
     ],
     [
      -106.733184,
      32.287137
     ],
     [
      -106.733128,
      32.287093
     ],
     [
      -106.73305,
      32.287027
     ],
     [
      -106.732989,
      32.286975
     ],
     [
      -106.732899,
      32.286905
     ],
     [
      -106.732841,
      32.286857
     ],
     [
      -106.732756,
      32.286784
     ],
     [
      -106.732689,
      32.286724
     ],
     [
      -106.732646,
      32.286687
     ],
     [
      -106.732572,
      32.286625
     ],
     [
      -106.732505,
      32.286578
     ],
     [
      -106.732419,
      32.286539
     ],
     [
      -106.73231,
      32.286489
     ],
     [
      -106.732248,
      32.286445
     ],
     [
      -106.732172,
      32.286392
     ],
     [
      -106.732049,
      32.28631
     ],
     [
      -106.73196,
      32.286267
     ],
     [
      -106.731903,
      32.286245
     ],
     [
      -106.731849,
      32.286211
     ],
     [
      -106.731674,
      32.286096
     ],
     [
      -106.73153,
      32.286014
     ],
     [
      -106.731327,
      32.285912
     ],
     [
      -106.73111,
      32.285807
     ],
     [
      -106.730986,
      32.285746
     ],
     [
      -106.730888,
      32.285695
     ],
     [
      -106.730719,
      32.285599
     ],
     [
      -106.730562,
      32.285558
     ],
     [
      -106.730409,
      32.285534
     ],
     [
      -106.730339,
      32.285517
     ],
     [
      -106.730311,
      32.285521
     ],
     [
      -106.730292,
      32.285531
     ],
     [
      -106.73023,
      32.285598
     ]
    ]
   }
  },
  {
   "type": "Feature",
   "properties": {
    "osmId": 1001522046,
    "highway": "footway"
   },
   "geometry": {
    "type": "LineString",
    "coordinates": [
     [
      -106.761257,
      32.280994
     ],
     [
      -106.761234,
      32.280919
     ],
     [
      -106.761213,
      32.280847
     ]
    ]
   }
  },
  {
   "type": "Feature",
   "properties": {
    "osmId": 1001522048,
    "highway": "footway"
   },
   "geometry": {
    "type": "LineString",
    "coordinates": [
     [
      -106.761282,
      32.280855
     ],
     [
      -106.761242,
      32.280856
     ],
     [
      -106.761213,
      32.280847
     ],
     [
      -106.761182,
      32.280827
     ],
     [
      -106.761169,
      32.280801
     ],
     [
      -106.760906,
      32.27988
     ],
     [
      -106.760869,
      32.279732
     ],
     [
      -106.760848,
      32.279605
     ],
     [
      -106.760835,
      32.279497
     ],
     [
      -106.760832,
      32.27937
     ],
     [
      -106.760836,
      32.279229
     ],
     [
      -106.760871,
      32.279035
     ],
     [
      -106.760908,
      32.278893
     ],
     [
      -106.760979,
      32.278693
     ],
     [
      -106.761027,
      32.278593
     ],
     [
      -106.761053,
      32.278538
     ],
     [
      -106.761138,
      32.278405
     ],
     [
      -106.761314,
      32.278149
     ],
     [
      -106.761603,
      32.277732
     ],
     [
      -106.762016,
      32.277148
     ],
     [
      -106.762078,
      32.27707
     ],
     [
      -106.76214,
      32.277003
     ],
     [
      -106.762157,
      32.276987
     ],
     [
      -106.762187,
      32.276969
     ],
     [
      -106.762215,
      32.276966
     ],
     [
      -106.762253,
      32.276975
     ],
     [
      -106.762294,
      32.276994
     ],
     [
      -106.762538,
      32.277126
     ],
     [
      -106.762634,
      32.277172
     ],
     [
      -106.762697,
      32.277194
     ],
     [
      -106.76274,
      32.277202
     ],
     [
      -106.762782,
      32.277195
     ],
     [
      -106.762824,
      32.27718
     ]
    ]
   }
  },
  {
   "type": "Feature",
   "properties": {
    "osmId": 1001522053,
    "highway": "footway"
   },
   "geometry": {
    "type": "LineString",
    "coordinates": [
     [
      -106.763675,
      32.282533
     ],
     [
      -106.76359,
      32.28255
     ],
     [
      -106.763512,
      32.282566
     ]
    ]
   }
  },
  {
   "type": "Feature",
   "properties": {
    "osmId": 1001522054,
    "highway": "footway"
   },
   "geometry": {
    "type": "LineString",
    "coordinates": [
     [
      -106.761357,
      32.281441
     ],
     [
      -106.761252,
      32.281085
     ],
     [
      -106.761242,
      32.281054
     ],
     [
      -106.761241,
      32.281031
     ],
     [
      -106.761246,
      32.281011
     ],
     [
      -106.761257,
      32.280994
     ],
     [
      -106.76128,
      32.280972
     ],
     [
      -106.761309,
      32.280962
     ]
    ]
   }
  },
  {
   "type": "Feature",
   "properties": {
    "osmId": 1001522055,
    "highway": "footway"
   },
   "geometry": {
    "type": "LineString",
    "coordinates": [
     [
      -106.761394,
      32.281568
     ],
     [
      -106.761377,
      32.28151
     ],
     [
      -106.761357,
      32.281441
     ]
    ]
   }
  },
  {
   "type": "Feature",
   "properties": {
    "osmId": 1001522056,
    "highway": "footway"
   },
   "geometry": {
    "type": "LineString",
    "coordinates": [
     [
      -106.763512,
      32.282566
     ],
     [
      -106.763417,
      32.282582
     ],
     [
      -106.761843,
      32.282885
     ],
     [
      -106.7618,
      32.282886
     ],
     [
      -106.761774,
      32.282878
     ],
     [
      -106.761758,
      32.28287
     ],
     [
      -106.76175,
      32.282861
     ],
     [
      -106.761593,
      32.282289
     ],
     [
      -106.761394,
      32.281568
     ]
    ]
   }
  },
  {
   "type": "Feature",
   "properties": {
    "osmId": 1001522057,
    "highway": "footway"
   },
   "geometry": {
    "type": "LineString",
    "coordinates": [
     [
      -106.766391,
      32.281988
     ],
     [
      -106.766391,
      32.282018
     ],
     [
      -106.766378,
      32.282038
     ],
     [
      -106.766347,
      32.282055
     ],
     [
      -106.765571,
      32.282198
     ],
     [
      -106.764185,
      32.282452
     ],
     [
      -106.76382,
      32.282522
     ],
     [
      -106.76372,
      32.28254
     ],
     [
      -106.763695,
      32.282541
     ],
     [
      -106.763683,
      32.282537
     ],
     [
      -106.763675,
      32.282533
     ],
     [
      -106.763664,
      32.282527
     ],
     [
      -106.763654,
      32.282512
     ]
    ]
   }
  },
  {
   "type": "Feature",
   "properties": {
    "osmId": 1001522058,
    "highway": "footway"
   },
   "geometry": {
    "type": "LineString",
    "coordinates": [
     [
      -106.763252,
      32.28197
     ],
     [
      -106.762994,
      32.282017
     ],
     [
      -106.762949,
      32.282026
     ],
     [
      -106.762091,
      32.282194
     ],
     [
      -106.761593,
      32.282289
     ]
    ]
   }
  },
  {
   "type": "Feature",
   "properties": {
    "osmId": 1001522060,
    "highway": "pedestrian"
   },
   "geometry": {
    "type": "LineString",
    "coordinates": [
     [
      -106.763538,
      32.282488
     ],
     [
      -106.763537,
      32.282533
     ],
     [
      -106.763533,
      32.282559
     ],
     [
      -106.763521,
      32.282575
     ],
     [
      -106.763507,
      32.282584
     ],
     [
      -106.763487,
      32.282592
     ],
     [
      -106.763444,
      32.2826
     ],
     [
      -106.76183,
      32.282904
     ],
     [
      -106.761797,
      32.282903
     ],
     [
      -106.761772,
      32.282895
     ],
     [
      -106.761749,
      32.282883
     ],
     [
      -106.76173,
      32.282865
     ],
     [
      -106.761721,
      32.282843
     ],
     [
      -106.761384,
      32.281604
     ],
     [
      -106.761385,
      32.28159
     ],
     [
      -106.761394,
      32.281568
     ],
     [
      -106.761408,
      32.281553
     ],
     [
      -106.761417,
      32.28155
     ],
     [
      -106.761607,
      32.282253
     ],
     [
      -106.761656,
      32.282244
     ],
     [
      -106.761464,
      32.281544
     ],
     [
      -106.761483,
      32.28155
     ],
     [
      -106.761508,
      32.281561
     ],
     [
      -106.761525,
      32.281584
     ],
     [
      -106.761533,
      32.281608
     ],
     [
      -106.761669,
      32.282125
     ],
     [
      -106.761685,
      32.282162
     ],
     [
      -106.761714,
      32.282187
     ],
     [
      -106.761753,
      32.282206
     ],
     [
      -106.761796,
      32.282213
     ],
     [
      -106.761837,
      32.282209
     ],
     [
      -106.762047,
      32.282167
     ],
     [
      -106.762067,
      32.282166
     ],
     [
      -106.762076,
      32.282172
     ],
     [
      -106.762088,
      32.282184
     ],
     [
      -106.762091,
      32.282194
     ],
     [
      -106.762092,
      32.282199
     ],
     [
      -106.761713,
      32.282274
     ],
     [
      -106.761756,
      32.282425
     ],
     [
      -106.761866,
      32.282402
     ],
     [
      -106.761874,
      32.28243
     ],
     [
      -106.761741,
      32.282454
     ],
     [
      -106.761803,
      32.282676
     ],
     [
      -106.761932,
      32.28265
     ],
     [
      -106.76194,
      32.282678
     ],
     [
      -106.761975,
      32.282671
     ],
     [
      -106.761983,
      32.282698
     ],
     [
      -106.762015,
      32.282693
     ],
     [
      -106.762022,
      32.282724
     ],
     [
      -106.762054,
      32.282718
     ],
     [
      -106.762063,
      32.28275
     ],
     [
      -106.762219,
      32.282722
     ],
     [
      -106.762226,
      32.282751
     ],
     [
      -106.763221,
      32.282557
     ],
     [
      -106.763198,
      32.28247
     ],
     [
      -106.763266,
      32.282457
     ],
     [
      -106.763361,
      32.282439
     ],
     [
      -106.763393,
      32.282433
     ],
     [
      -106.763413,
      32.282513
     ],
     [
      -106.763538,
      32.282488
     ]
    ]
   }
  },
  {
   "type": "Feature",
   "properties": {
    "osmId": 1001522061,
    "highway": "footway"
   },
   "geometry": {
    "type": "LineString",
    "coordinates": [
     [
      -106.761486,
      32.282916
     ],
     [
      -106.761627,
      32.282886
     ],
     [
      -106.76173,
      32.282865
     ],
     [
      -106.76175,
      32.282861
     ]
    ]
   }
  },
  {
   "type": "Feature",
   "properties": {
    "osmId": 1001522063,
    "highway": "footway"
   },
   "geometry": {
    "type": "LineString",
    "coordinates": [
     [
      -106.758409,
      32.283426
     ],
     [
      -106.758421,
      32.283467
     ],
     [
      -106.758433,
      32.28349
     ],
     [
      -106.758456,
      32.283517
     ],
     [
      -106.758477,
      32.283522
     ],
     [
      -106.758503,
      32.283528
     ],
     [
      -106.758568,
      32.283519
     ],
     [
      -106.76138,
      32.282984
     ],
     [
      -106.761423,
      32.282973
     ],
     [
      -106.761459,
      32.28296
     ],
     [
      -106.761479,
      32.282938
     ],
     [
      -106.761486,
      32.282916
     ],
     [
      -106.761489,
      32.282889
     ],
     [
      -106.761482,
      32.282852
     ],
     [
      -106.761395,
      32.282542
     ],
     [
      -106.761373,
      32.282445
     ],
     [
      -106.761329,
      32.28221
     ],
     [
      -106.761303,
      32.282066
     ],
     [
      -106.761222,
      32.281755
     ],
     [
      -106.761047,
      32.281108
     ],
     [
      -106.76103,
      32.281072
     ],
     [
      -106.761007,
      32.28105
     ],
     [
      -106.760971,
      32.281035
     ],
     [
      -106.760937,
      32.281034
     ],
     [
      -106.760115,
      32.281184
     ],
     [
      -106.759957,
      32.281212
     ],
     [
      -106.75932,
      32.281333
     ],
     [
      -106.757963,
      32.281582
     ],
     [
      -106.757942,
      32.281591
     ],
     [
      -106.757936,
      32.281607
     ],
     [
      -106.757938,
      32.281622
     ],
     [
      -106.757959,
      32.281704
     ],
     [
      -106.758474,
      32.281604
     ],
     [
      -106.758475,
      32.281611
     ]
    ]
   }
  },
  {
   "type": "Feature",
   "properties": {
    "osmId": 1001576823,
    "highway": "footway"
   },
   "geometry": {
    "type": "LineString",
    "coordinates": [
     [
      -106.753535,
      32.280916
     ],
     [
      -106.753543,
      32.280941
     ]
    ]
   }
  },
  {
   "type": "Feature",
   "properties": {
    "osmId": 1001576824,
    "highway": "footway"
   },
   "geometry": {
    "type": "LineString",
    "coordinates": [
     [
      -106.753517,
      32.280854
     ],
     [
      -106.753535,
      32.280916
     ]
    ]
   }
  },
  {
   "type": "Feature",
   "properties": {
    "osmId": 1001576825,
    "highway": "footway"
   },
   "geometry": {
    "type": "LineString",
    "coordinates": [
     [
      -106.753514,
      32.280845
     ],
     [
      -106.753517,
      32.280854
     ]
    ]
   }
  },
  {
   "type": "Feature",
   "properties": {
    "osmId": 1001576826,
    "highway": "footway"
   },
   "geometry": {
    "type": "LineString",
    "coordinates": [
     [
      -106.755306,
      32.280493
     ],
     [
      -106.755465,
      32.280466
     ],
     [
      -106.755556,
      32.280451
     ]
    ]
   }
  },
  {
   "type": "Feature",
   "properties": {
    "osmId": 1001576827,
    "highway": "footway"
   },
   "geometry": {
    "type": "LineString",
    "coordinates": [
     [
      -106.755556,
      32.280451
     ],
     [
      -106.755888,
      32.280388
     ],
     [
      -106.756124,
      32.280343
     ],
     [
      -106.757386,
      32.280104
     ],
     [
      -106.757285,
      32.279717
     ],
     [
      -106.757173,
      32.279285
     ],
     [
      -106.757085,
      32.278855
     ],
     [
      -106.757077,
      32.278839
     ],
     [
      -106.757063,
      32.278827
     ],
     [
      -106.757048,
      32.278817
     ],
     [
      -106.757036,
      32.278815
     ]
    ]
   }
  },
  {
   "type": "Feature",
   "properties": {
    "osmId": 1001576831,
    "highway": "footway"
   },
   "geometry": {
    "type": "LineString",
    "coordinates": [
     [
      -106.757201,
      32.278569
     ],
     [
      -106.757112,
      32.278584
     ],
     [
      -106.757023,
      32.278599
     ]
    ]
   }
  },
  {
   "type": "Feature",
   "properties": {
    "osmId": 1001576832,
    "highway": "footway"
   },
   "geometry": {
    "type": "LineString",
    "coordinates": [
     [
      -106.755079,
      32.278625
     ],
     [
      -106.755045,
      32.278487
     ]
    ]
   }
  },
  {
   "type": "Feature",
   "properties": {
    "osmId": 1001576833,
    "highway": "footway"
   },
   "geometry": {
    "type": "LineString",
    "coordinates": [
     [
      -106.755093,
      32.278677
     ],
     [
      -106.755088,
      32.27866
     ],
     [
      -106.755079,
      32.278625
     ]
    ]
   }
  },
  {
   "type": "Feature",
   "properties": {
    "osmId": 1001576834,
    "highway": "footway"
   },
   "geometry": {
    "type": "LineString",
    "coordinates": [
     [
      -106.755045,
      32.278487
     ],
     [
      -106.755032,
      32.278442
     ],
     [
      -106.755021,
      32.278402
     ]
    ]
   }
  },
  {
   "type": "Feature",
   "properties": {
    "osmId": 1001576835,
    "highway": "footway"
   },
   "geometry": {
    "type": "LineString",
    "coordinates": [
     [
      -106.756738,
      32.277403
     ],
     [
      -106.756753,
      32.277456
     ],
     [
      -106.756764,
      32.2775
     ]
    ]
   }
  },
  {
   "type": "Feature",
   "properties": {
    "osmId": 1001576836,
    "highway": "footway"
   },
   "geometry": {
    "type": "LineString",
    "coordinates": [
     [
      -106.755923,
      32.276944
     ],
     [
      -106.756541,
      32.276826
     ],
     [
      -106.756569,
      32.276831
     ],
     [
      -106.75659,
      32.276847
     ],
     [
      -106.7566,
      32.276871
     ],
     [
      -106.756738,
      32.277403
     ]
    ]
   }
  },
  {
   "type": "Feature",
   "properties": {
    "osmId": 1001576837,
    "highway": "footway"
   },
   "geometry": {
    "type": "LineString",
    "coordinates": [
     [
      -106.756764,
      32.2775
     ],
     [
      -106.756868,
      32.277889
     ],
     [
      -106.756889,
      32.277975
     ],
     [
      -106.756929,
      32.278155
     ],
     [
      -106.757022,
      32.278579
     ],
     [
      -106.757023,
      32.278599
     ],
     [
      -106.757019,
      32.278612
     ],
     [
      -106.757012,
      32.278624
     ],
     [
      -106.756991,
      32.278638
     ],
     [
      -106.756962,
      32.278646
     ],
     [
      -106.755246,
      32.278967
     ],
     [
      -106.755214,
      32.278969
     ],
     [
      -106.755174,
      32.278962
     ],
     [
      -106.755158,
      32.278938
     ],
     [
      -106.755093,
      32.278677
     ]
    ]
   }
  },
  {
   "type": "Feature",
   "properties": {
    "osmId": 1001576838,
    "highway": "footway"
   },
   "geometry": {
    "type": "LineString",
    "coordinates": [
     [
      -106.761437,
      32.277623
     ],
     [
      -106.761564,
      32.27746
     ],
     [
      -106.761856,
      32.27704
     ],
     [
      -106.761912,
      32.276965
     ],
     [
      -106.761971,
      32.276906
     ],
     [
      -106.761977,
      32.276893
     ],
     [
      -106.761982,
      32.276872
     ],
     [
      -106.761981,
      32.27685
     ],
     [
      -106.761974,
      32.276832
     ]
    ]
   }
  },
  {
   "type": "Feature",
   "properties": {
    "osmId": 1001576839,
    "highway": "footway"
   },
   "geometry": {
    "type": "LineString",
    "coordinates": [
     [
      -106.757193,
      32.278547
     ],
     [
      -106.757201,
      32.278569
     ],
     [
      -106.757215,
      32.27858
     ],
     [
      -106.757242,
      32.278588
     ],
     [
      -106.757269,
      32.278586
     ],
     [
      -106.759021,
      32.278256
     ],
     [
      -106.75912,
      32.278239
     ],
     [
      -106.759225,
      32.278223
     ],
     [
      -106.759357,
      32.278214
     ],
     [
      -106.759471,
      32.27821
     ],
     [
      -106.759611,
      32.278218
     ],
     [
      -106.759768,
      32.278237
     ],
     [
      -106.759908,
      32.278266
     ],
     [
      -106.760781,
      32.278485
     ],
     [
      -106.760813,
      32.278485
     ],
     [
      -106.760844,
      32.27848
     ],
     [
      -106.760865,
      32.278465
     ],
     [
      -106.760883,
      32.278446
     ],
     [
      -106.760954,
      32.278323
     ],
     [
      -106.761047,
      32.278181
     ],
     [
      -106.761289,
      32.277846
     ],
     [
      -106.761302,
      32.277817
     ],
     [
      -106.7613,
      32.277803
     ],
     [
      -106.761302,
      32.277785
     ],
     [
      -106.761293,
      32.27776
     ],
     [
      -106.761264,
      32.277737
     ],
     [
      -106.761202,
      32.277708
     ]
    ]
   }
  },
  {
   "type": "Feature",
   "properties": {
    "osmId": 1001576840,
    "highway": "footway"
   },
   "geometry": {
    "type": "LineString",
    "coordinates": [
     [
      -106.758296,
      32.281242
     ],
     [
      -106.757882,
      32.281322
     ],
     [
      -106.757839,
      32.281159
     ],
     [
      -106.757719,
      32.28071
     ],
     [
      -106.757709,
      32.280677
     ],
     [
      -106.757685,
      32.280682
     ],
     [
      -106.757561,
      32.280197
     ]
    ]
   }
  },
  {
   "type": "Feature",
   "properties": {
    "osmId": 1001576841,
    "highway": "footway"
   },
   "geometry": {
    "type": "LineString",
    "coordinates": [
     [
      -106.760658,
      32.278641
     ],
     [
      -106.76071,
      32.278658
     ],
     [
      -106.760725,
      32.278667
     ],
     [
      -106.760737,
      32.278681
     ],
     [
      -106.760746,
      32.278709
     ],
     [
      -106.760745,
      32.27874
     ],
     [
      -106.760713,
      32.278827
     ],
     [
      -106.760651,
      32.279078
     ],
     [
      -106.760627,
      32.279237
     ],
     [
      -106.760625,
      32.279436
     ],
     [
      -106.76064,
      32.279616
     ],
     [
      -106.760667,
      32.279787
     ],
     [
      -106.760719,
      32.279975
     ],
     [
      -106.760788,
      32.280212
     ],
     [
      -106.76097,
      32.280834
     ],
     [
      -106.760972,
      32.280859
     ],
     [
      -106.760964,
      32.280879
     ],
     [
      -106.760949,
      32.280899
     ],
     [
      -106.760934,
      32.280914
     ],
     [
      -106.760917,
      32.280923
     ],
     [
      -106.757935,
      32.281482
     ],
     [
      -106.757914,
      32.281481
     ],
     [
      -106.757897,
      32.281472
     ],
     [
      -106.757891,
      32.28146
     ],
     [
      -106.757872,
      32.281382
     ],
     [
      -106.757882,
      32.281322
     ]
    ]
   }
  },
  {
   "type": "Feature",
   "properties": {
    "osmId": 1001576842,
    "highway": "footway"
   },
   "geometry": {
    "type": "LineString",
    "coordinates": [
     [
      -106.756984,
      32.28158
     ],
     [
      -106.756943,
      32.281411
     ]
    ]
   }
  },
  {
   "type": "Feature",
   "properties": {
    "osmId": 1001576843,
    "highway": "footway"
   },
   "geometry": {
    "type": "LineString",
    "coordinates": [
     [
      -106.757013,
      32.2814
     ],
     [
      -106.757053,
      32.281564
     ]
    ]
   }
  },
  {
   "type": "Feature",
   "properties": {
    "osmId": 1001576844,
    "highway": "pedestrian"
   },
   "geometry": {
    "type": "LineString",
    "coordinates": [
     [
      -106.757203,
      32.281628
     ],
     [
      -106.757189,
      32.281609
     ],
     [
      -106.757179,
      32.2816
     ],
     [
      -106.757169,
      32.281595
     ],
     [
      -106.757146,
      32.281582
     ],
     [
      -106.757103,
      32.281568
     ],
     [
      -106.757078,
      32.281565
     ],
     [
      -106.757067,
      32.281563
     ],
     [
      -106.757053,
      32.281564
     ],
     [
      -106.75703,
      32.281567
     ],
     [
      -106.757001,
      32.281573
     ],
     [
      -106.756984,
      32.28158
     ],
     [
      -106.756968,
      32.281587
     ],
     [
      -106.756945,
      32.281602
     ],
     [
      -106.756925,
      32.281621
     ],
     [
      -106.756915,
      32.281634
     ],
     [
      -106.756905,
      32.281652
     ],
     [
      -106.7569,
      32.281664
     ],
     [
      -106.756897,
      32.281683
     ],
     [
      -106.757047,
      32.281657
     ],
     [
      -106.757203,
      32.281628
     ]
    ]
   }
  },
  {
   "type": "Feature",
   "properties": {
    "osmId": 1001576845,
    "highway": "pedestrian"
   },
   "geometry": {
    "type": "LineString",
    "coordinates": [
     [
      -106.757213,
      32.281718
     ],
     [
      -106.757064,
      32.281745
     ],
     [
      -106.756918,
      32.28177
     ],
     [
      -106.756935,
      32.281788
     ],
     [
      -106.756954,
      32.281802
     ],
     [
      -106.756975,
      32.281816
     ],
     [
      -106.757007,
      32.281828
     ],
     [
      -106.757032,
      32.281833
     ],
     [
      -106.757051,
      32.281833
     ],
     [
      -106.757078,
      32.281832
     ],
     [
      -106.757102,
      32.281827
     ],
     [
      -106.757114,
      32.281824
     ],
     [
      -106.75714,
      32.281813
     ],
     [
      -106.757166,
      32.281797
     ],
     [
      -106.757183,
      32.28178
     ],
     [
      -106.757196,
      32.281761
     ],
     [
      -106.757201,
      32.281754
     ],
     [
      -106.757205,
      32.281745
     ],
     [
      -106.757209,
      32.281733
     ],
     [
      -106.757213,
      32.281718
     ]
    ]
   }
  },
  {
   "type": "Feature",
   "properties": {
    "osmId": 1001576846,
    "highway": "footway"
   },
   "geometry": {
    "type": "LineString",
    "coordinates": [
     [
      -106.757064,
      32.281745
     ],
     [
      -106.757056,
      32.2817
     ],
     [
      -106.757047,
      32.281657
     ]
    ]
   }
  },
  {
   "type": "Feature",
   "properties": {
    "osmId": 1001576847,
    "highway": "footway"
   },
   "geometry": {
    "type": "LineString",
    "coordinates": [
     [
      -106.757047,
      32.281657
     ],
     [
      -106.757042,
      32.281626
     ]
    ]
   }
  },
  {
   "type": "Feature",
   "properties": {
    "osmId": 1001576848,
    "highway": "footway"
   },
   "geometry": {
    "type": "LineString",
    "coordinates": [
     [
      -106.757354,
      32.281724
     ],
     [
      -106.757417,
      32.281985
     ]
    ]
   }
  },
  {
   "type": "Feature",
   "properties": {
    "osmId": 1002771554,
    "highway": "footway"
   },
   "geometry": {
    "type": "LineString",
    "coordinates": [
     [
      -106.750389,
      32.277988
     ],
     [
      -106.750338,
      32.277935
     ],
     [
      -106.750291,
      32.277883
     ]
    ]
   }
  },
  {
   "type": "Feature",
   "properties": {
    "osmId": 1002771555,
    "highway": "footway"
   },
   "geometry": {
    "type": "LineString",
    "coordinates": [
     [
      -106.750291,
      32.277883
     ],
     [
      -106.750866,
      32.277777
     ],
     [
      -106.750884,
      32.277769
     ],
     [
      -106.750893,
      32.277758
     ],
     [
      -106.750895,
      32.277749
     ],
     [
      -106.750895,
      32.277742
     ],
     [
      -106.750886,
      32.277718
     ],
     [
      -106.750844,
      32.277659
     ],
     [
      -106.750826,
      32.277631
     ],
     [
      -106.750796,
      32.277599
     ],
     [
      -106.750585,
      32.277399
     ],
     [
      -106.750531,
      32.277349
     ],
     [
      -106.75052,
      32.277344
     ],
     [
      -106.750504,
      32.277341
     ],
     [
      -106.750489,
      32.277344
     ],
     [
      -106.750456,
      32.277363
     ],
     [
      -106.750433,
      32.277377
     ],
     [
      -106.750401,
      32.277395
     ],
     [
      -106.750356,
      32.277413
     ],
     [
      -106.750326,
      32.277422
     ],
     [
      -106.750286,
      32.277431
     ],
     [
      -106.750238,
      32.277438
     ],
     [
      -106.750215,
      32.277442
     ],
     [
      -106.750206,
      32.277448
     ],
     [
      -106.750196,
      32.277457
     ],
     [
      -106.750189,
      32.277471
     ],
     [
      -106.750189,
      32.277487
     ],
     [
      -106.750193,
      32.277503
     ],
     [
      -106.750291,
      32.277883
     ]
    ]
   }
  },
  {
   "type": "Feature",
   "properties": {
    "osmId": 1002771556,
    "highway": "footway"
   },
   "geometry": {
    "type": "LineString",
    "coordinates": [
     [
      -106.750464,
      32.279247
     ],
     [
      -106.75036,
      32.278851
     ],
     [
      -106.75013,
      32.277974
     ],
     [
      -106.749949,
      32.277285
     ],
     [
      -106.749909,
      32.277136
     ],
     [
      -106.749579,
      32.275858
     ],
     [
      -106.749568,
      32.275843
     ]
    ]
   }
  },
  {
   "type": "Feature",
   "properties": {
    "osmId": 1002771585,
    "highway": "footway"
   },
   "geometry": {
    "type": "LineString",
    "coordinates": [
     [
      -106.754823,
      32.277014
     ],
     [
      -106.754795,
      32.2769
     ],
     [
      -106.75476,
      32.276766
     ],
     [
      -106.754597,
      32.276796
     ]
    ]
   }
  },
  {
   "type": "Feature",
   "properties": {
    "osmId": 1002771634,
    "highway": "footway"
   },
   "geometry": {
    "type": "LineString",
    "coordinates": [
     [
      -106.754298,
      32.275003
     ],
     [
      -106.754261,
      32.275048
     ]
    ]
   }
  },
  {
   "type": "Feature",
   "properties": {
    "osmId": 1002771635,
    "highway": "footway"
   },
   "geometry": {
    "type": "LineString",
    "coordinates": [
     [
      -106.754245,
      32.275067
     ],
     [
      -106.754239,
      32.275071
     ],
     [
      -106.754223,
      32.275074
     ],
     [
      -106.754157,
      32.275084
     ]
    ]
   }
  },
  {
   "type": "Feature",
   "properties": {
    "osmId": 1002771636,
    "highway": "steps"
   },
   "geometry": {
    "type": "LineString",
    "coordinates": [
     [
      -106.754311,
      32.274984
     ],
     [
      -106.754298,
      32.275003
     ]
    ]
   }
  },
  {
   "type": "Feature",
   "properties": {
    "osmId": 1002771637,
    "highway": "footway"
   },
   "geometry": {
    "type": "LineString",
    "coordinates": [
     [
      -106.754305,
      32.274955
     ],
     [
      -106.754311,
      32.274976
     ],
     [
      -106.754311,
      32.274984
     ]
    ]
   }
  },
  {
   "type": "Feature",
   "properties": {
    "osmId": 1002771638,
    "highway": "steps"
   },
   "geometry": {
    "type": "LineString",
    "coordinates": [
     [
      -106.754261,
      32.275048
     ],
     [
      -106.754253,
      32.275059
     ],
     [
      -106.754245,
      32.275067
     ]
    ]
   }
  },
  {
   "type": "Feature",
   "properties": {
    "osmId": 1002771639,
    "highway": "footway"
   },
   "geometry": {
    "type": "LineString",
    "coordinates": [
     [
      -106.754966,
      32.276989
     ],
     [
      -106.755502,
      32.27689
     ]
    ]
   }
  },
  {
   "type": "Feature",
   "properties": {
    "osmId": 1002771640,
    "highway": "footway"
   },
   "geometry": {
    "type": "LineString",
    "coordinates": [
     [
      -106.75488,
      32.277003
     ],
     [
      -106.754926,
      32.276996
     ],
     [
      -106.754966,
      32.276989
     ]
    ]
   }
  },
  {
   "type": "Feature",
   "properties": {
    "osmId": 1002771641,
    "highway": "footway"
   },
   "geometry": {
    "type": "LineString",
    "coordinates": [
     [
      -106.755584,
      32.276876
     ],
     [
      -106.755587,
      32.276875
     ],
     [
      -106.75617,
      32.276767
     ]
    ]
   }
  },
  {
   "type": "Feature",
   "properties": {
    "osmId": 1002771642,
    "highway": "footway"
   },
   "geometry": {
    "type": "LineString",
    "coordinates": [
     [
      -106.755502,
      32.27689
     ],
     [
      -106.755547,
      32.276882
     ],
     [
      -106.755584,
      32.276876
     ]
    ]
   }
  },
  {
   "type": "Feature",
   "properties": {
    "osmId": 1002771643,
    "highway": "footway"
   },
   "geometry": {
    "type": "LineString",
    "coordinates": [
     [
      -106.755735,
      32.274778
     ],
     [
      -106.755584,
      32.2747
     ],
     [
      -106.755034,
      32.274431
     ],
     [
      -106.754996,
      32.274417
     ],
     [
      -106.754964,
      32.274415
     ],
     [
      -106.754935,
      32.274424
     ],
     [
      -106.754907,
      32.274441
     ],
     [
      -106.754881,
      32.274471
     ],
     [
      -106.754673,
      32.274756
     ],
     [
      -106.75464,
      32.27479
     ],
     [
      -106.754586,
      32.274837
     ],
     [
      -106.754532,
      32.274876
     ],
     [
      -106.754463,
      32.274911
     ],
     [
      -106.754403,
      32.274933
     ],
     [
      -106.754305,
      32.274955
     ],
     [
      -106.754179,
      32.274979
     ],
     [
      -106.754159,
      32.274986
     ],
     [
      -106.754145,
      32.274998
     ],
     [
      -106.75414,
      32.275016
     ],
     [
      -106.754157,
      32.275084
     ],
     [
      -106.754597,
      32.276796
     ],
     [
      -106.754655,
      32.277023
     ],
     [
      -106.754664,
      32.277036
     ],
     [
      -106.754676,
      32.277041
     ],
     [
      -106.754823,
      32.277014
     ],
     [
      -106.75488,
      32.277003
     ]
    ]
   }
  },
  {
   "type": "Feature",
   "properties": {
    "osmId": 1002863801,
    "highway": "footway"
   },
   "geometry": {
    "type": "LineString",
    "coordinates": [
     [
      -106.748422,
      32.282306
     ],
     [
      -106.748449,
      32.282395
     ],
     [
      -106.748465,
      32.282447
     ]
    ]
   }
  },
  {
   "type": "Feature",
   "properties": {
    "osmId": 1002863802,
    "highway": "footway"
   },
   "geometry": {
    "type": "LineString",
    "coordinates": [
     [
      -106.74743,
      32.282457
     ],
     [
      -106.747575,
      32.282431
     ],
     [
      -106.747888,
      32.282375
     ],
     [
      -106.747863,
      32.282265
     ],
     [
      -106.747995,
      32.28229
     ],
     [
      -106.747918,
      32.282364
     ],
     [
      -106.747927,
      32.282405
     ]
    ]
   }
  },
  {
   "type": "Feature",
   "properties": {
    "osmId": 1002863803,
    "highway": "footway"
   },
   "geometry": {
    "type": "LineString",
    "coordinates": [
     [
      -106.74742,
      32.282415
     ],
     [
      -106.74743,
      32.282457
     ],
     [
      -106.747441,
      32.282499
     ]
    ]
   }
  },
  {
   "type": "Feature",
   "properties": {
    "osmId": 1002863804,
    "highway": "steps"
   },
   "geometry": {
    "type": "LineString",
    "coordinates": [
     [
      -106.747668,
      32.282457
     ],
     [
      -106.747645,
      32.282461
     ]
    ]
   }
  },
  {
   "type": "Feature",
   "properties": {
    "osmId": 1002863805,
    "highway": "footway"
   },
   "geometry": {
    "type": "LineString",
    "coordinates": [
     [
      -106.747862,
      32.282417
     ],
     [
      -106.747668,
      32.282457
     ]
    ]
   }
  },
  {
   "type": "Feature",
   "properties": {
    "osmId": 1002863806,
    "highway": "steps"
   },
   "geometry": {
    "type": "LineString",
    "coordinates": [
     [
      -106.74791,
      32.282409
     ],
     [
      -106.747862,
      32.282417
     ]
    ]
   }
  },
  {
   "type": "Feature",
   "properties": {
    "osmId": 1002863807,
    "highway": "footway"
   },
   "geometry": {
    "type": "LineString",
    "coordinates": [
     [
      -106.748349,
      32.281957
     ],
     [
      -106.748385,
      32.282105
     ],
     [
      -106.748387,
      32.282115
     ],
     [
      -106.748433,
      32.282304
     ],
     [
      -106.748422,
      32.282306
     ],
     [
      -106.748159,
      32.282359
     ],
     [
      -106.747927,
      32.282405
     ],
     [
      -106.74791,
      32.282409
     ]
    ]
   }
  },
  {
   "type": "Feature",
   "properties": {
    "osmId": 1002863811,
    "highway": "footway"
   },
   "geometry": {
    "type": "LineString",
    "coordinates": [
     [
      -106.754145,
      32.274998
     ],
     [
      -106.754055,
      32.275014
     ],
     [
      -106.753961,
      32.275032
     ]
    ]
   }
  },
  {
   "type": "Feature",
   "properties": {
    "osmId": 1002863812,
    "highway": "footway"
   },
   "geometry": {
    "type": "LineString",
    "coordinates": [
     [
      -106.753987,
      32.277168
     ],
     [
      -106.753916,
      32.277182
     ],
     [
      -106.753855,
      32.277193
     ]
    ]
   }
  },
  {
   "type": "Feature",
   "properties": {
    "osmId": 1002863813,
    "highway": "footway"
   },
   "geometry": {
    "type": "LineString",
    "coordinates": [
     [
      -106.753261,
      32.275151
     ],
     [
      -106.752812,
      32.275234
     ],
     [
      -106.752797,
      32.275238
     ],
     [
      -106.752788,
      32.275244
     ],
     [
      -106.752782,
      32.275253
     ],
     [
      -106.752778,
      32.275265
     ],
     [
      -106.75278,
      32.275277
     ],
     [
      -106.752792,
      32.275325
     ],
     [
      -106.752982,
      32.276066
     ],
     [
      -106.752992,
      32.276096
     ],
     [
      -106.753005,
      32.276127
     ],
     [
      -106.753017,
      32.276146
     ],
     [
      -106.753041,
      32.276176
     ],
     [
      -106.753061,
      32.276196
     ],
     [
      -106.753078,
      32.276219
     ],
     [
      -106.753092,
      32.276249
     ],
     [
      -106.753105,
      32.276293
     ],
     [
      -106.753227,
      32.276771
     ],
     [
      -106.753239,
      32.276804
     ],
     [
      -106.753261,
      32.276857
     ],
     [
      -106.753282,
      32.276902
     ],
     [
      -106.75331,
      32.276945
     ],
     [
      -106.753344,
      32.276986
     ],
     [
      -106.75359,
      32.27722
     ],
     [
      -106.75361,
      32.277233
     ],
     [
      -106.753625,
      32.277238
     ],
     [
      -106.753636,
      32.277238
     ],
     [
      -106.753843,
      32.277202
     ],
     [
      -106.753855,
      32.277193
     ],
     [
      -106.753861,
      32.277182
     ],
     [
      -106.753861,
      32.277169
     ],
     [
      -106.75363,
      32.276276
     ],
     [
      -106.753614,
      32.276216
     ],
     [
      -106.753601,
      32.276173
     ],
     [
      -106.75357,
      32.276103
     ],
     [
      -106.753535,
      32.276022
     ],
     [
      -106.753521,
      32.275976
     ],
     [
      -106.753312,
      32.275165
     ],
     [
      -106.753302,
      32.275155
     ],
     [
      -106.753289,
      32.27515
     ],
     [
      -106.753274,
      32.275149
     ],
     [
      -106.753261,
      32.275151
     ]
    ]
   }
  },
  {
   "type": "Feature",
   "properties": {
    "osmId": 1002863816,
    "highway": "footway"
   },
   "geometry": {
    "type": "LineString",
    "coordinates": [
     [
      -106.754664,
      32.277036
     ],
     [
      -106.754578,
      32.277053
     ],
     [
      -106.754482,
      32.277072
     ],
     [
      -106.754503,
      32.277139
     ],
     [
      -106.754525,
      32.277199
     ]
    ]
   }
  },
  {
   "type": "Feature",
   "properties": {
    "osmId": 1002863819,
    "highway": "footway"
   },
   "geometry": {
    "type": "LineString",
    "coordinates": [
     [
      -106.754003,
      32.27717
     ],
     [
      -106.75447,
      32.277081
     ],
     [
      -106.754477,
      32.277077
     ],
     [
      -106.754482,
      32.277072
     ],
     [
      -106.754484,
      32.277064
     ],
     [
      -106.753969,
      32.275045
     ],
     [
      -106.753961,
      32.275032
     ],
     [
      -106.753952,
      32.275026
     ],
     [
      -106.753939,
      32.275025
     ],
     [
      -106.753448,
      32.275115
     ],
     [
      -106.753436,
      32.27512
     ],
     [
      -106.753427,
      32.275129
     ],
     [
      -106.753425,
      32.275143
     ],
     [
      -106.753426,
      32.275153
     ],
     [
      -106.753579,
      32.275759
     ],
     [
      -106.753625,
      32.275931
     ],
     [
      -106.753639,
      32.27598
     ],
     [
      -106.75365,
      32.276011
     ],
     [
      -106.753681,
      32.27608
     ],
     [
      -106.753712,
      32.276157
     ],
     [
      -106.753724,
      32.276198
     ],
     [
      -106.753759,
      32.276326
     ],
     [
      -106.753815,
      32.276547
     ],
     [
      -106.753965,
      32.277127
     ],
     [
      -106.753971,
      32.277146
     ],
     [
      -106.753977,
      32.277159
     ],
     [
      -106.753987,
      32.277168
     ],
     [
      -106.754003,
      32.27717
     ]
    ]
   }
  },
  {
   "type": "Feature",
   "properties": {
    "osmId": 1003619717,
    "highway": "footway"
   },
   "geometry": {
    "type": "LineString",
    "coordinates": [
     [
      -106.765759,
      32.27624
     ],
     [
      -106.765702,
      32.276265
     ],
     [
      -106.765634,
      32.276295
     ]
    ]
   }
  },
  {
   "type": "Feature",
   "properties": {
    "osmId": 1003619718,
    "highway": "footway"
   },
   "geometry": {
    "type": "LineString",
    "coordinates": [
     [
      -106.765287,
      32.275447
     ],
     [
      -106.765202,
      32.275483
     ],
     [
      -106.765091,
      32.275531
     ]
    ]
   }
  },
  {
   "type": "Feature",
   "properties": {
    "osmId": 1003619720,
    "highway": "footway"
   },
   "geometry": {
    "type": "LineString",
    "coordinates": [
     [
      -106.760949,
      32.280899
     ],
     [
      -106.760975,
      32.280967
     ],
     [
      -106.761007,
      32.28105
     ]
    ]
   }
  },
  {
   "type": "Feature",
   "properties": {
    "osmId": 1003619721,
    "highway": "footway"
   },
   "geometry": {
    "type": "LineString",
    "coordinates": [
     [
      -106.757063,
      32.278827
     ],
     [
      -106.757034,
      32.278712
     ],
     [
      -106.757012,
      32.278624
     ]
    ]
   }
  },
  {
   "type": "Feature",
   "properties": {
    "osmId": 1003619722,
    "highway": "footway"
   },
   "geometry": {
    "type": "LineString",
    "coordinates": [
     [
      -106.7613,
      32.277803
     ],
     [
      -106.761364,
      32.27772
     ],
     [
      -106.761437,
      32.277623
     ]
    ]
   }
  },
  {
   "type": "Feature",
   "properties": {
    "osmId": 1003619723,
    "highway": "footway"
   },
   "geometry": {
    "type": "LineString",
    "coordinates": [
     [
      -106.760865,
      32.278465
     ],
     [
      -106.760959,
      32.278502
     ],
     [
      -106.761053,
      32.278538
     ],
     [
      -106.761078,
      32.278548
     ]
    ]
   }
  },
  {
   "type": "Feature",
   "properties": {
    "osmId": 1003619724,
    "highway": "footway"
   },
   "geometry": {
    "type": "LineString",
    "coordinates": [
     [
      -106.760813,
      32.278485
     ],
     [
      -106.760768,
      32.278578
     ],
     [
      -106.760725,
      32.278667
     ]
    ]
   }
  },
  {
   "type": "Feature",
   "properties": {
    "osmId": 1003619726,
    "highway": "footway"
   },
   "geometry": {
    "type": "LineString",
    "coordinates": [
     [
      -106.766194,
      32.275101
     ],
     [
      -106.766171,
      32.275083
     ],
     [
      -106.76615,
      32.275073
     ],
     [
      -106.766126,
      32.275069
     ],
     [
      -106.766098,
      32.275069
     ],
     [
      -106.766074,
      32.275077
     ],
     [
      -106.76572,
      32.275239
     ],
     [
      -106.765302,
      32.275431
     ],
     [
      -106.765287,
      32.275447
     ],
     [
      -106.765279,
      32.275465
     ],
     [
      -106.765277,
      32.275476
     ],
     [
      -106.765278,
      32.275497
     ],
     [
      -106.765285,
      32.275514
     ],
     [
      -106.765525,
      32.275882
     ],
     [
      -106.765741,
      32.276226
     ],
     [
      -106.765759,
      32.27624
     ],
     [
      -106.765784,
      32.276247
     ],
     [
      -106.765804,
      32.276247
     ],
     [
      -106.765825,
      32.276244
     ],
     [
      -106.766241,
      32.276055
     ],
     [
      -106.766598,
      32.275892
     ],
     [
      -106.766623,
      32.275876
     ],
     [
      -106.766634,
      32.275867
     ],
     [
      -106.766644,
      32.275852
     ],
     [
      -106.766649,
      32.275834
     ],
     [
      -106.766646,
      32.275814
     ],
     [
      -106.766194,
      32.275101
     ]
    ]
   }
  },
  {
   "type": "Feature",
   "properties": {
    "osmId": 1003619727,
    "highway": "footway"
   },
   "geometry": {
    "type": "LineString",
    "coordinates": [
     [
      -106.762384,
      32.276895
     ],
     [
      -106.762348,
      32.276881
     ],
     [
      -106.762334,
      32.27687
     ],
     [
      -106.762329,
      32.27686
     ],
     [
      -106.762328,
      32.276846
     ],
     [
      -106.762336,
      32.276833
     ],
     [
      -106.762345,
      32.276824
     ],
     [
      -106.762451,
      32.27675
     ],
     [
      -106.762526,
      32.276706
     ],
     [
      -106.762605,
      32.276662
     ],
     [
      -106.76287,
      32.27654
     ],
     [
      -106.762885,
      32.276533
     ],
     [
      -106.763581,
      32.276218
     ],
     [
      -106.763606,
      32.276203
     ],
     [
      -106.763735,
      32.276148
     ],
     [
      -106.763942,
      32.276052
     ],
     [
      -106.765062,
      32.275538
     ],
     [
      -106.765091,
      32.275531
     ],
     [
      -106.765112,
      32.275531
     ],
     [
      -106.765133,
      32.275534
     ],
     [
      -106.765147,
      32.275539
     ],
     [
      -106.765163,
      32.275554
     ],
     [
      -106.765634,
      32.276295
     ],
     [
      -106.766758,
      32.278066
     ]
    ]
   }
  },
  {
   "type": "Feature",
   "properties": {
    "osmId": 1003619728,
    "highway": "footway"
   },
   "geometry": {
    "type": "LineString",
    "coordinates": [
     [
      -106.762369,
      32.27684
     ],
     [
      -106.762345,
      32.276824
     ],
     [
      -106.762227,
      32.27675
     ],
     [
      -106.762146,
      32.276699
     ]
    ]
   }
  },
  {
   "type": "Feature",
   "properties": {
    "osmId": 1003619729,
    "highway": "footway"
   },
   "geometry": {
    "type": "LineString",
    "coordinates": [
     [
      -106.762348,
      32.276881
     ],
     [
      -106.76229,
      32.276939
     ],
     [
      -106.762253,
      32.276975
     ]
    ]
   }
  },
  {
   "type": "Feature",
   "properties": {
    "osmId": 1003619730,
    "highway": "footway"
   },
   "geometry": {
    "type": "LineString",
    "coordinates": [
     [
      -106.762074,
      32.276714
     ],
     [
      -106.762007,
      32.276793
     ],
     [
      -106.761974,
      32.276832
     ]
    ]
   }
  },
  {
   "type": "Feature",
   "properties": {
    "osmId": 1003619731,
    "highway": "footway"
   },
   "geometry": {
    "type": "LineString",
    "coordinates": [
     [
      -106.762157,
      32.276987
     ],
     [
      -106.762043,
      32.276927
     ],
     [
      -106.761977,
      32.276893
     ]
    ]
   }
  },
  {
   "type": "Feature",
   "properties": {
    "osmId": 1003709741,
    "highway": "footway"
   },
   "geometry": {
    "type": "LineString",
    "coordinates": [
     [
      -106.755465,
      32.282781
     ],
     [
      -106.755423,
      32.282623
     ]
    ]
   }
  },
  {
   "type": "Feature",
   "properties": {
    "osmId": 1003709742,
    "highway": "footway"
   },
   "geometry": {
    "type": "LineString",
    "coordinates": [
     [
      -106.754842,
      32.282802
     ],
     [
      -106.754904,
      32.282718
     ]
    ]
   }
  },
  {
   "type": "Feature",
   "properties": {
    "osmId": 1003709743,
    "highway": "footway"
   },
   "geometry": {
    "type": "LineString",
    "coordinates": [
     [
      -106.755376,
      32.282798
     ],
     [
      -106.755334,
      32.282761
     ],
     [
      -106.755311,
      32.282744
     ],
     [
      -106.755297,
      32.282741
     ],
     [
      -106.755261,
      32.282744
     ],
     [
      -106.755125,
      32.282758
     ],
     [
      -106.755054,
      32.282765
     ],
     [
      -106.755021,
      32.282768
     ],
     [
      -106.754842,
      32.282802
     ],
     [
      -106.754796,
      32.282811
     ],
     [
      -106.754691,
      32.282756
     ]
    ]
   }
  },
  {
   "type": "Feature",
   "properties": {
    "osmId": 1003709744,
    "highway": "footway"
   },
   "geometry": {
    "type": "LineString",
    "coordinates": [
     [
      -106.756059,
      32.283044
     ],
     [
      -106.75583,
      32.283085
     ],
     [
      -106.755572,
      32.283131
     ],
     [
      -106.755356,
      32.28317
     ],
     [
      -106.755144,
      32.283208
     ]
    ]
   }
  },
  {
   "type": "Feature",
   "properties": {
    "osmId": 1003709745,
    "highway": "footway"
   },
   "geometry": {
    "type": "LineString",
    "coordinates": [
     [
      -106.755816,
      32.282716
     ],
     [
      -106.755465,
      32.282781
     ],
     [
      -106.755376,
      32.282798
     ],
     [
      -106.755268,
      32.282819
     ],
     [
      -106.755356,
      32.28317
     ],
     [
      -106.755363,
      32.283196
     ],
     [
      -106.75535,
      32.283228
     ]
    ]
   }
  },
  {
   "type": "Feature",
   "properties": {
    "osmId": 1003709748,
    "highway": "footway"
   },
   "geometry": {
    "type": "LineString",
    "coordinates": [
     [
      -106.762949,
      32.282026
     ],
     [
      -106.762999,
      32.282201
     ],
     [
      -106.763042,
      32.282192
     ]
    ]
   }
  },
  {
   "type": "Feature",
   "properties": {
    "osmId": 1003709760,
    "highway": "footway"
   },
   "geometry": {
    "type": "LineString",
    "coordinates": [
     [
      -106.752629,
      32.277578
     ],
     [
      -106.752544,
      32.277594
     ],
     [
      -106.752464,
      32.277609
     ]
    ]
   }
  },
  {
   "type": "Feature",
   "properties": {
    "osmId": 1003709761,
    "highway": "footway"
   },
   "geometry": {
    "type": "LineString",
    "coordinates": [
     [
      -106.752908,
      32.279417
     ],
     [
      -106.751997,
      32.27959
     ],
     [
      -106.751866,
      32.279614
     ],
     [
      -106.751817,
      32.279623
     ],
     [
      -106.751759,
      32.279634
     ],
     [
      -106.751564,
      32.27967
     ],
     [
      -106.751548,
      32.279673
     ],
     [
      -106.750922,
      32.279793
     ]
    ]
   }
  },
  {
   "type": "Feature",
   "properties": {
    "osmId": 1003709769,
    "highway": "pedestrian"
   },
   "geometry": {
    "type": "LineString",
    "coordinates": [
     [
      -106.754881,
      32.276994
     ],
     [
      -106.754827,
      32.276979
     ],
     [
      -106.754807,
      32.276901
     ],
     [
      -106.754825,
      32.276897
     ],
     [
      -106.754824,
      32.276891
     ],
     [
      -106.754819,
      32.276872
     ],
     [
      -106.754799,
      32.276876
     ],
     [
      -106.754779,
      32.2768
     ],
     [
      -106.754753,
      32.276805
     ],
     [
      -106.754806,
      32.277007
     ],
     [
      -106.754881,
      32.276994
     ]
    ]
   }
  },
  {
   "type": "Feature",
   "properties": {
    "osmId": 1003709770,
    "highway": "footway"
   },
   "geometry": {
    "type": "LineString",
    "coordinates": [
     [
      -106.755587,
      32.276875
     ],
     [
      -106.755556,
      32.276757
     ],
     [
      -106.754795,
      32.2769
     ]
    ]
   }
  },
  {
   "type": "Feature",
   "properties": {
    "osmId": 1003709772,
    "highway": "pedestrian"
   },
   "geometry": {
    "type": "LineString",
    "coordinates": [
     [
      -106.754619,
      32.276826
     ],
     [
      -106.754602,
      32.27676
     ],
     [
      -106.754701,
      32.276742
     ],
     [
      -106.754709,
      32.276741
     ],
     [
      -106.754764,
      32.276731
     ],
     [
      -106.75478,
      32.276796
     ],
     [
      -106.754781,
      32.276799
     ],
     [
      -106.754779,
      32.2768
     ],
     [
      -106.754753,
      32.276805
     ],
     [
      -106.754751,
      32.276802
     ],
     [
      -106.754687,
      32.276814
     ],
     [
      -106.754619,
      32.276826
     ]
    ]
   }
  },
  {
   "type": "Feature",
   "properties": {
    "osmId": 1003830206,
    "highway": "footway"
   },
   "geometry": {
    "type": "LineString",
    "coordinates": [
     [
      -106.753178,
      32.283034
     ],
     [
      -106.753291,
      32.283112
     ],
     [
      -106.753306,
      32.283127
     ],
     [
      -106.753313,
      32.283139
     ],
     [
      -106.753378,
      32.283402
     ]
    ]
   }
  },
  {
   "type": "Feature",
   "properties": {
    "osmId": 1003830211,
    "highway": "footway"
   },
   "geometry": {
    "type": "LineString",
    "coordinates": [
     [
      -106.753183,
      32.282405
     ],
     [
      -106.753113,
      32.282418
     ]
    ]
   }
  },
  {
   "type": "Feature",
   "properties": {
    "osmId": 1003830212,
    "highway": "steps"
   },
   "geometry": {
    "type": "LineString",
    "coordinates": [
     [
      -106.753199,
      32.282402
     ],
     [
      -106.753183,
      32.282405
     ]
    ]
   }
  },
  {
   "type": "Feature",
   "properties": {
    "osmId": 1003830213,
    "highway": "footway"
   },
   "geometry": {
    "type": "LineString",
    "coordinates": [
     [
      -106.753198,
      32.282457
     ],
     [
      -106.753127,
      32.28247
     ]
    ]
   }
  },
  {
   "type": "Feature",
   "properties": {
    "osmId": 1003830214,
    "highway": "steps"
   },
   "geometry": {
    "type": "LineString",
    "coordinates": [
     [
      -106.753212,
      32.282454
     ],
     [
      -106.753198,
      32.282457
     ]
    ]
   }
  },
  {
   "type": "Feature",
   "properties": {
    "osmId": 1003830215,
    "highway": "footway"
   },
   "geometry": {
    "type": "LineString",
    "coordinates": [
     [
      -106.753254,
      32.282392
     ],
     [
      -106.753246,
      32.282394
     ],
     [
      -106.753199,
      32.282402
     ]
    ]
   }
  },
  {
   "type": "Feature",
   "properties": {
    "osmId": 1003830216,
    "highway": "footway"
   },
   "geometry": {
    "type": "LineString",
    "coordinates": [
     [
      -106.753268,
      32.282444
     ],
     [
      -106.753259,
      32.282446
     ],
     [
      -106.753212,
      32.282454
     ]
    ]
   }
  },
  {
   "type": "Feature",
   "properties": {
    "osmId": 1003830217,
    "highway": "footway"
   },
   "geometry": {
    "type": "LineString",
    "coordinates": [
     [
      -106.752948,
      32.281793
     ],
     [
      -106.752981,
      32.2818
     ],
     [
      -106.75311,
      32.281828
     ]
    ]
   }
  },
  {
   "type": "Feature",
   "properties": {
    "osmId": 1003830218,
    "highway": "footway"
   },
   "geometry": {
    "type": "LineString",
    "coordinates": [
     [
      -106.753335,
      32.281616
     ],
     [
      -106.75329,
      32.281624
     ],
     [
      -106.753246,
      32.281633
     ],
     [
      -106.753225,
      32.28164
     ],
     [
      -106.753216,
      32.281649
     ],
     [
      -106.753209,
      32.281678
     ]
    ]
   }
  },
  {
   "type": "Feature",
   "properties": {
    "osmId": 1003830219,
    "highway": "footway"
   },
   "geometry": {
    "type": "LineString",
    "coordinates": [
     [
      -106.753164,
      32.28168
     ],
     [
      -106.7531,
      32.281692
     ]
    ]
   }
  },
  {
   "type": "Feature",
   "properties": {
    "osmId": 1003830220,
    "highway": "steps"
   },
   "geometry": {
    "type": "LineString",
    "coordinates": [
     [
      -106.753185,
      32.281677
     ],
     [
      -106.753164,
      32.28168
     ]
    ]
   }
  },
  {
   "type": "Feature",
   "properties": {
    "osmId": 1003830221,
    "highway": "footway"
   },
   "geometry": {
    "type": "LineString",
    "coordinates": [
     [
      -106.753086,
      32.281695
     ],
     [
      -106.753066,
      32.281701
     ],
     [
      -106.753046,
      32.281711
     ],
     [
      -106.753025,
      32.281727
     ],
     [
      -106.75301,
      32.281743
     ],
     [
      -106.752998,
      32.281764
     ],
     [
      -106.752981,
      32.2818
     ]
    ]
   }
  },
  {
   "type": "Feature",
   "properties": {
    "osmId": 1003830222,
    "highway": "steps"
   },
   "geometry": {
    "type": "LineString",
    "coordinates": [
     [
      -106.7531,
      32.281692
     ],
     [
      -106.753086,
      32.281695
     ]
    ]
   }
  },
  {
   "type": "Feature",
   "properties": {
    "osmId": 1003830223,
    "highway": "footway"
   },
   "geometry": {
    "type": "LineString",
    "coordinates": [
     [
      -106.753317,
      32.281725
     ],
     [
      -106.75326,
      32.281693
     ],
     [
      -106.753231,
      32.281683
     ],
     [
      -106.753209,
      32.281678
     ],
     [
      -106.753185,
      32.281677
     ]
    ]
   }
  },
  {
   "type": "Feature",
   "properties": {
    "osmId": 1003830224,
    "highway": "footway"
   },
   "geometry": {
    "type": "LineString",
    "coordinates": [
     [
      -106.750779,
      32.282168
     ],
     [
      -106.750831,
      32.282193
     ]
    ]
   }
  },
  {
   "type": "Feature",
   "properties": {
    "osmId": 1003830225,
    "highway": "steps"
   },
   "geometry": {
    "type": "LineString",
    "coordinates": [
     [
      -106.750735,
      32.282145
     ],
     [
      -106.750779,
      32.282168
     ]
    ]
   }
  },
  {
   "type": "Feature",
   "properties": {
    "osmId": 1003830226,
    "highway": "footway"
   },
   "geometry": {
    "type": "LineString",
    "coordinates": [
     [
      -106.750741,
      32.282134
     ],
     [
      -106.750672,
      32.282084
     ],
     [
      -106.750611,
      32.282034
     ],
     [
      -106.750565,
      32.281999
     ]
    ]
   }
  },
  {
   "type": "Feature",
   "properties": {
    "osmId": 1003830227,
    "highway": "footway"
   },
   "geometry": {
    "type": "LineString",
    "coordinates": [
     [
      -106.75059,
      32.282143
     ],
     [
      -106.750726,
      32.282162
     ],
     [
      -106.750735,
      32.282145
     ],
     [
      -106.750741,
      32.282134
     ],
     [
      -106.75076,
      32.282102
     ],
     [
      -106.750777,
      32.282086
     ],
     [
      -106.750809,
      32.282069
     ],
     [
      -106.750849,
      32.282048
     ],
     [
      -106.75083,
      32.281975
     ],
     [
      -106.750827,
      32.281961
     ]
    ]
   }
  },
  {
   "type": "Feature",
   "properties": {
    "osmId": 1003830228,
    "highway": "footway"
   },
   "geometry": {
    "type": "LineString",
    "coordinates": [
     [
      -106.751192,
      32.281849
     ],
     [
      -106.751201,
      32.281888
     ],
     [
      -106.751203,
      32.281922
     ],
     [
      -106.7512,
      32.281959
     ],
     [
      -106.751189,
      32.282
     ],
     [
      -106.751171,
      32.282039
     ],
     [
      -106.751152,
      32.282072
     ],
     [
      -106.751132,
      32.282092
     ],
     [
      -106.751107,
      32.282116
     ],
     [
      -106.751077,
      32.282136
     ],
     [
      -106.751048,
      32.282149
     ],
     [
      -106.751015,
      32.282162
     ],
     [
      -106.750977,
      32.282173
     ],
     [
      -106.750831,
      32.282193
     ],
     [
      -106.75079,
      32.282198
     ],
     [
      -106.750813,
      32.282283
     ],
     [
      -106.750758,
      32.282294
     ],
     [
      -106.750794,
      32.282436
     ]
    ]
   }
  },
  {
   "type": "Feature",
   "properties": {
    "osmId": 1003830229,
    "highway": "footway"
   },
   "geometry": {
    "type": "LineString",
    "coordinates": [
     [
      -106.751411,
      32.281804
     ],
     [
      -106.751192,
      32.281849
     ],
     [
      -106.751149,
      32.281857
     ],
     [
      -106.751143,
      32.281837
     ]
    ]
   }
  },
  {
   "type": "Feature",
   "properties": {
    "osmId": 1003830232,
    "highway": "footway"
   },
   "geometry": {
    "type": "LineString",
    "coordinates": [
     [
      -106.754053,
      32.281223
     ],
     [
      -106.754079,
      32.281321
     ],
     [
      -106.754268,
      32.281286
     ],
     [
      -106.754447,
      32.281252
     ]
    ]
   }
  },
  {
   "type": "Feature",
   "properties": {
    "osmId": 1003830233,
    "highway": "footway"
   },
   "geometry": {
    "type": "LineString",
    "coordinates": [
     [
      -106.754302,
      32.281417
     ],
     [
      -106.75428,
      32.281422
     ]
    ]
   }
  },
  {
   "type": "Feature",
   "properties": {
    "osmId": 1003830234,
    "highway": "footway"
   },
   "geometry": {
    "type": "LineString",
    "coordinates": [
     [
      -106.754352,
      32.281605
     ],
     [
      -106.754302,
      32.281417
     ],
     [
      -106.754268,
      32.281286
     ],
     [
      -106.754242,
      32.281188
     ]
    ]
   }
  },
  {
   "type": "Feature",
   "properties": {
    "osmId": 1003830235,
    "highway": "steps"
   },
   "geometry": {
    "type": "LineString",
    "coordinates": [
     [
      -106.754341,
      32.28141
     ],
     [
      -106.75428,
      32.281422
     ]
    ]
   }
  },
  {
   "type": "Feature",
   "properties": {
    "osmId": 1003830236,
    "highway": "footway"
   },
   "geometry": {
    "type": "LineString",
    "coordinates": [
     [
      -106.754482,
      32.281384
     ],
     [
      -106.754341,
      32.28141
     ]
    ]
   }
  },
  {
   "type": "Feature",
   "properties": {
    "osmId": 1003830238,
    "highway": "footway"
   },
   "geometry": {
    "type": "LineString",
    "coordinates": [
     [
      -106.753747,
      32.280971
     ],
     [
      -106.753762,
      32.28103
     ]
    ]
   }
  },
  {
   "type": "Feature",
   "properties": {
    "osmId": 1003830239,
    "highway": "steps"
   },
   "geometry": {
    "type": "LineString",
    "coordinates": [
     [
      -106.753739,
      32.280941
     ],
     [
      -106.753747,
      32.280971
     ]
    ]
   }
  },
  {
   "type": "Feature",
   "properties": {
    "osmId": 1003830240,
    "highway": "footway"
   },
   "geometry": {
    "type": "LineString",
    "coordinates": [
     [
      -106.75373,
      32.280905
     ],
     [
      -106.753739,
      32.280941
     ]
    ]
   }
  },
  {
   "type": "Feature",
   "properties": {
    "osmId": 1003830242,
    "highway": "footway"
   },
   "geometry": {
    "type": "LineString",
    "coordinates": [
     [
      -106.754215,
      32.281157
     ],
     [
      -106.754224,
      32.281191
     ]
    ]
   }
  },
  {
   "type": "Feature",
   "properties": {
    "osmId": 1003830243,
    "highway": "footway"
   },
   "geometry": {
    "type": "LineString",
    "coordinates": [
     [
      -106.753813,
      32.281268
     ],
     [
      -106.753804,
      32.281235
     ]
    ]
   }
  },
  {
   "type": "Feature",
   "properties": {
    "osmId": 1003830244,
    "highway": "footway"
   },
   "geometry": {
    "type": "LineString",
    "coordinates": [
     [
      -106.75347,
      32.281762
     ],
     [
      -106.753448,
      32.281818
     ],
     [
      -106.753418,
      32.281895
     ]
    ]
   }
  },
  {
   "type": "Feature",
   "properties": {
    "osmId": 1003830245,
    "highway": "footway"
   },
   "geometry": {
    "type": "LineString",
    "coordinates": [
     [
      -106.753285,
      32.281789
     ],
     [
      -106.753371,
      32.281773
     ],
     [
      -106.75347,
      32.281762
     ]
    ]
   }
  },
  {
   "type": "Feature",
   "properties": {
    "osmId": 1003830246,
    "highway": "footway"
   },
   "geometry": {
    "type": "LineString",
    "coordinates": [
     [
      -106.753379,
      32.282866
     ],
     [
      -106.753435,
      32.282857
     ],
     [
      -106.75351,
      32.282845
     ]
    ]
   }
  },
  {
   "type": "Feature",
   "properties": {
    "osmId": 1003830247,
    "highway": "footway"
   },
   "geometry": {
    "type": "LineString",
    "coordinates": [
     [
      -106.753418,
      32.281895
     ],
     [
      -106.75341,
      32.281914
     ],
     [
      -106.753325,
      32.282136
     ],
     [
      -106.753324,
      32.282146
     ],
     [
      -106.75351,
      32.282845
     ]
    ]
   }
  },
  {
   "type": "Feature",
   "properties": {
    "osmId": 1003830248,
    "highway": "footway"
   },
   "geometry": {
    "type": "LineString",
    "coordinates": [
     [
      -106.753141,
      32.281962
     ],
     [
      -106.753295,
      32.28193
     ],
     [
      -106.75341,
      32.281914
     ]
    ]
   }
  },
  {
   "type": "Feature",
   "properties": {
    "osmId": 1003830249,
    "highway": "footway"
   },
   "geometry": {
    "type": "LineString",
    "coordinates": [
     [
      -106.752846,
      32.282011
     ],
     [
      -106.753139,
      32.281952
     ],
     [
      -106.753141,
      32.281962
     ],
     [
      -106.753254,
      32.282392
     ],
     [
      -106.753268,
      32.282444
     ],
     [
      -106.753379,
      32.282866
     ],
     [
      -106.753385,
      32.282889
     ]
    ]
   }
  },
  {
   "type": "Feature",
   "properties": {
    "osmId": 1003830250,
    "highway": "pedestrian"
   },
   "geometry": {
    "type": "LineString",
    "coordinates": [
     [
      -106.753269,
      32.282484
     ],
     [
      -106.753222,
      32.282492
     ],
     [
      -106.753212,
      32.282454
     ],
     [
      -106.753207,
      32.282435
     ],
     [
      -106.753154,
      32.282444
     ],
     [
      -106.75315,
      32.28243
     ],
     [
      -106.753203,
      32.28242
     ],
     [
      -106.753199,
      32.282402
     ],
     [
      -106.753195,
      32.282387
     ],
     [
      -106.753189,
      32.282389
     ],
     [
      -106.753182,
      32.282363
     ],
     [
      -106.753236,
      32.282353
     ],
     [
      -106.753246,
      32.282394
     ],
     [
      -106.753259,
      32.282446
     ],
     [
      -106.753269,
      32.282484
     ]
    ]
   }
  },
  {
   "type": "Feature",
   "properties": {
    "osmId": 1003830251,
    "highway": "pedestrian"
   },
   "geometry": {
    "type": "LineString",
    "coordinates": [
     [
      -106.75361,
      32.282435
     ],
     [
      -106.753566,
      32.282274
     ],
     [
      -106.753381,
      32.28231
     ],
     [
      -106.753424,
      32.282471
     ],
     [
      -106.75361,
      32.282435
     ]
    ]
   }
  },
  {
   "type": "Feature",
   "properties": {
    "osmId": 1003830254,
    "highway": "footway"
   },
   "geometry": {
    "type": "LineString",
    "coordinates": [
     [
      -106.754056,
      32.279358
     ],
     [
      -106.754067,
      32.27944
     ],
     [
      -106.754071,
      32.27949
     ],
     [
      -106.754071,
      32.279551
     ],
     [
      -106.754007,
      32.279566
     ]
    ]
   }
  },
  {
   "type": "Feature",
   "properties": {
    "osmId": 1003830255,
    "highway": "footway"
   },
   "geometry": {
    "type": "LineString",
    "coordinates": [
     [
      -106.753983,
      32.27921
     ],
     [
      -106.754,
      32.279276
     ],
     [
      -106.754023,
      32.279364
     ]
    ]
   }
  },
  {
   "type": "Feature",
   "properties": {
    "osmId": 1003830256,
    "highway": "footway"
   },
   "geometry": {
    "type": "LineString",
    "coordinates": [
     [
      -106.754623,
      32.279391
     ],
     [
      -106.754353,
      32.279442
     ],
     [
      -106.754329,
      32.279443
     ],
     [
      -106.754067,
      32.27944
     ]
    ]
   }
  },
  {
   "type": "Feature",
   "properties": {
    "osmId": 1003830257,
    "highway": "footway"
   },
   "geometry": {
    "type": "LineString",
    "coordinates": [
     [
      -106.754592,
      32.279257
     ],
     [
      -106.754623,
      32.279391
     ],
     [
      -106.754639,
      32.27946
     ]
    ]
   }
  },
  {
   "type": "Feature",
   "properties": {
    "osmId": 1003830259,
    "highway": "pedestrian"
   },
   "geometry": {
    "type": "LineString",
    "coordinates": [
     [
      -106.75446,
      32.280655
     ],
     [
      -106.754471,
      32.28069
     ],
     [
      -106.754473,
      32.280725
     ],
     [
      -106.754464,
      32.28076
     ],
     [
      -106.754437,
      32.280802
     ],
     [
      -106.754396,
      32.280833
     ],
     [
      -106.754342,
      32.280853
     ],
     [
      -106.7543,
      32.280857
     ],
     [
      -106.754254,
      32.280852
     ],
     [
      -106.754212,
      32.280836
     ],
     [
      -106.754179,
      32.280817
     ],
     [
      -106.754152,
      32.280783
     ],
     [
      -106.754136,
      32.28075
     ],
     [
      -106.754131,
      32.280718
     ],
     [
      -106.754136,
      32.280672
     ],
     [
      -106.754156,
      32.280634
     ],
     [
      -106.754189,
      32.280602
     ],
     [
      -106.754225,
      32.280582
     ],
     [
      -106.754267,
      32.280569
     ],
     [
      -106.754296,
      32.280567
     ],
     [
      -106.754339,
      32.28057
     ],
     [
      -106.754364,
      32.280576
     ],
     [
      -106.754401,
      32.280593
     ],
     [
      -106.754421,
      32.280607
     ],
     [
      -106.754447,
      32.280634
     ],
     [
      -106.75446,
      32.280655
     ]
    ]
   }
  },
  {
   "type": "Feature",
   "properties": {
    "osmId": 1003830262,
    "highway": "footway"
   },
   "geometry": {
    "type": "LineString",
    "coordinates": [
     [
      -106.753895,
      32.281302
     ],
     [
      -106.753805,
      32.281319
     ],
     [
      -106.753793,
      32.281272
     ]
    ]
   }
  },
  {
   "type": "Feature",
   "properties": {
    "osmId": 1003830263,
    "highway": "footway"
   },
   "geometry": {
    "type": "LineString",
    "coordinates": [
     [
      -106.753891,
      32.281289
     ],
     [
      -106.753895,
      32.281302
     ],
     [
      -106.753896,
      32.281308
     ]
    ]
   }
  },
  {
   "type": "Feature",
   "properties": {
    "osmId": 1003830264,
    "highway": "steps"
   },
   "geometry": {
    "type": "LineString",
    "coordinates": [
     [
      -106.753887,
      32.281272
     ],
     [
      -106.753891,
      32.281289
     ]
    ]
   }
  },
  {
   "type": "Feature",
   "properties": {
    "osmId": 1003830265,
    "highway": "footway"
   },
   "geometry": {
    "type": "LineString",
    "coordinates": [
     [
      -106.753882,
      32.281255
     ],
     [
      -106.753887,
      32.281272
     ]
    ]
   }
  },
  {
   "type": "Feature",
   "properties": {
    "osmId": 1003830266,
    "highway": "footway"
   },
   "geometry": {
    "type": "LineString",
    "coordinates": [
     [
      -106.753597,
      32.281309
     ],
     [
      -106.753611,
      32.281361
     ]
    ]
   }
  },
  {
   "type": "Feature",
   "properties": {
    "osmId": 1003830267,
    "highway": "footway"
   },
   "geometry": {
    "type": "LineString",
    "coordinates": [
     [
      -106.753959,
      32.281683
     ],
     [
      -106.753936,
      32.281584
     ]
    ]
   }
  },
  {
   "type": "Feature",
   "properties": {
    "osmId": 1003830268,
    "highway": "footway"
   },
   "geometry": {
    "type": "LineString",
    "coordinates": [
     [
      -106.75577,
      32.281275
     ],
     [
      -106.755682,
      32.281293
     ],
     [
      -106.755595,
      32.281312
     ]
    ]
   }
  },
  {
   "type": "Feature",
   "properties": {
    "osmId": 1003830269,
    "highway": "footway"
   },
   "geometry": {
    "type": "LineString",
    "coordinates": [
     [
      -106.755788,
      32.281298
     ],
     [
      -106.755806,
      32.281378
     ],
     [
      -106.755819,
      32.281434
     ],
     [
      -106.755726,
      32.281464
     ],
     [
      -106.755645,
      32.281493
     ],
     [
      -106.755621,
      32.281413
     ],
     [
      -106.755594,
      32.281341
     ]
    ]
   }
  },
  {
   "type": "Feature",
   "properties": {
    "osmId": 1003830274,
    "highway": "footway"
   },
   "geometry": {
    "type": "LineString",
    "coordinates": [
     [
      -106.755774,
      32.279962
     ],
     [
      -106.755835,
      32.280192
     ],
     [
      -106.755888,
      32.280388
     ]
    ]
   }
  },
  {
   "type": "Feature",
   "properties": {
    "osmId": 1003830275,
    "highway": "footway"
   },
   "geometry": {
    "type": "LineString",
    "coordinates": [
     [
      -106.755635,
      32.280111
     ],
     [
      -106.75563,
      32.280112
     ],
     [
      -106.755475,
      32.28014
     ]
    ]
   }
  },
  {
   "type": "Feature",
   "properties": {
    "osmId": 1003830276,
    "highway": "footway"
   },
   "geometry": {
    "type": "LineString",
    "coordinates": [
     [
      -106.755599,
      32.279995
     ],
     [
      -106.75563,
      32.280112
     ],
     [
      -106.755658,
      32.280224
     ],
     [
      -106.755835,
      32.280192
     ]
    ]
   }
  },
  {
   "type": "Feature",
   "properties": {
    "osmId": 1003830280,
    "highway": "footway"
   },
   "geometry": {
    "type": "LineString",
    "coordinates": [
     [
      -106.755667,
      32.279982
     ],
     [
      -106.755599,
      32.279726
     ],
     [
      -106.755534,
      32.279739
     ],
     [
      -106.755441,
      32.279388
     ]
    ]
   }
  },
  {
   "type": "Feature",
   "properties": {
    "osmId": 1003830281,
    "highway": "footway"
   },
   "geometry": {
    "type": "LineString",
    "coordinates": [
     [
      -106.755445,
      32.280024
     ],
     [
      -106.755599,
      32.279995
     ],
     [
      -106.755667,
      32.279982
     ],
     [
      -106.755774,
      32.279962
     ],
     [
      -106.755848,
      32.279948
     ],
     [
      -106.755801,
      32.27977
     ],
     [
      -106.755776,
      32.279775
     ],
     [
      -106.755755,
      32.279693
     ]
    ]
   }
  },
  {
   "type": "Feature",
   "properties": {
    "osmId": 1003830282,
    "highway": "footway"
   },
   "geometry": {
    "type": "LineString",
    "coordinates": [
     [
      -106.755283,
      32.279401
     ],
     [
      -106.755429,
      32.279373
     ]
    ]
   }
  },
  {
   "type": "Feature",
   "properties": {
    "osmId": 1004402285,
    "highway": "footway"
   },
   "geometry": {
    "type": "LineString",
    "coordinates": [
     [
      -106.758128,
      32.283071
     ],
     [
      -106.758049,
      32.282755
     ],
     [
      -106.758003,
      32.282569
     ],
     [
      -106.757995,
      32.282558
     ],
     [
      -106.757979,
      32.282549
     ],
     [
      -106.757959,
      32.282544
     ]
    ]
   }
  },
  {
   "type": "Feature",
   "properties": {
    "osmId": 1004402286,
    "highway": "footway"
   },
   "geometry": {
    "type": "LineString",
    "coordinates": [
     [
      -106.758158,
      32.283179
     ],
     [
      -106.758138,
      32.283109
     ],
     [
      -106.758128,
      32.283071
     ]
    ]
   }
  },
  {
   "type": "Feature",
   "properties": {
    "osmId": 1004402287,
    "highway": "footway"
   },
   "geometry": {
    "type": "LineString",
    "coordinates": [
     [
      -106.758049,
      32.282755
     ],
     [
      -106.75752,
      32.282851
     ],
     [
      -106.756793,
      32.282984
     ]
    ]
   }
  },
  {
   "type": "Feature",
   "properties": {
    "osmId": 1004402288,
    "highway": "footway"
   },
   "geometry": {
    "type": "LineString",
    "coordinates": [
     [
      -106.756136,
      32.282515
     ],
     [
      -106.756005,
      32.282533
     ],
     [
      -106.755923,
      32.282547
     ]
    ]
   }
  },
  {
   "type": "Feature",
   "properties": {
    "osmId": 1004402289,
    "highway": "footway"
   },
   "geometry": {
    "type": "LineString",
    "coordinates": [
     [
      -106.756074,
      32.282403
     ],
     [
      -106.755972,
      32.282401
     ],
     [
      -106.755888,
      32.282402
     ],
     [
      -106.7559,
      32.282484
     ],
     [
      -106.755908,
      32.282534
     ]
    ]
   }
  },
  {
   "type": "Feature",
   "properties": {
    "osmId": 1004402290,
    "highway": "footway"
   },
   "geometry": {
    "type": "LineString",
    "coordinates": [
     [
      -106.755645,
      32.281493
     ],
     [
      -106.755888,
      32.282402
     ]
    ]
   }
  },
  {
   "type": "Feature",
   "properties": {
    "osmId": 1004402291,
    "highway": "footway"
   },
   "geometry": {
    "type": "LineString",
    "coordinates": [
     [
      -106.755819,
      32.281434
     ],
     [
      -106.756074,
      32.282403
     ]
    ]
   }
  },
  {
   "type": "Feature",
   "properties": {
    "osmId": 1004402292,
    "highway": "footway"
   },
   "geometry": {
    "type": "LineString",
    "coordinates": [
     [
      -106.749679,
      32.284678
     ],
     [
      -106.749727,
      32.284669
     ],
     [
      -106.749887,
      32.284642
     ]
    ]
   }
  },
  {
   "type": "Feature",
   "properties": {
    "osmId": 1004402293,
    "highway": "footway"
   },
   "geometry": {
    "type": "LineString",
    "coordinates": [
     [
      -106.747301,
      32.283707
     ],
     [
      -106.74727,
      32.283593
     ]
    ]
   }
  },
  {
   "type": "Feature",
   "properties": {
    "osmId": 1004402294,
    "highway": "footway"
   },
   "geometry": {
    "type": "LineString",
    "coordinates": [
     [
      -106.747935,
      32.283759
     ],
     [
      -106.747395,
      32.283873
     ]
    ]
   }
  },
  {
   "type": "Feature",
   "properties": {
    "osmId": 1004402298,
    "highway": "footway"
   },
   "geometry": {
    "type": "LineString",
    "coordinates": [
     [
      -106.75168,
      32.284857
     ],
     [
      -106.751672,
      32.28483
     ],
     [
      -106.751662,
      32.284793
     ],
     [
      -106.751538,
      32.284319
     ],
     [
      -106.751521,
      32.284254
     ]
    ]
   }
  },
  {
   "type": "Feature",
   "properties": {
    "osmId": 1004402299,
    "highway": "footway"
   },
   "geometry": {
    "type": "LineString",
    "coordinates": [
     [
      -106.751185,
      32.284057
     ],
     [
      -106.751249,
      32.2843
     ],
     [
      -106.751329,
      32.284285
     ],
     [
      -106.751348,
      32.284354
     ],
     [
      -106.751538,
      32.284319
     ]
    ]
   }
  },
  {
   "type": "Feature",
   "properties": {
    "osmId": 1004402300,
    "highway": "footway"
   },
   "geometry": {
    "type": "LineString",
    "coordinates": [
     [
      -106.75134,
      32.284028
     ],
     [
      -106.751185,
      32.284057
     ],
     [
      -106.75068,
      32.284154
     ],
     [
      -106.750757,
      32.284451
     ],
     [
      -106.750395,
      32.284518
     ],
     [
      -106.749943,
      32.284602
     ],
     [
      -106.749907,
      32.284617
     ],
     [
      -106.749887,
      32.284642
     ],
     [
      -106.749883,
      32.284678
     ],
     [
      -106.749993,
      32.285075
     ],
     [
      -106.750043,
      32.285134
     ]
    ]
   }
  },
  {
   "type": "Feature",
   "properties": {
    "osmId": 1004402305,
    "highway": "footway"
   },
   "geometry": {
    "type": "LineString",
    "coordinates": [
     [
      -106.75147,
      32.28406
     ],
     [
      -106.751422,
      32.283882
     ],
     [
      -106.751356,
      32.283857
     ],
     [
      -106.751305,
      32.283656
     ],
     [
      -106.751278,
      32.283551
     ],
     [
      -106.751256,
      32.283461
     ],
     [
      -106.751285,
      32.283427
     ],
     [
      -106.751198,
      32.283083
     ],
     [
      -106.750957,
      32.283128
     ],
     [
      -106.750864,
      32.283071
     ],
     [
      -106.750763,
      32.283089
     ],
     [
      -106.750728,
      32.28295
     ]
    ]
   }
  },
  {
   "type": "Feature",
   "properties": {
    "osmId": 1004402306,
    "highway": "footway"
   },
   "geometry": {
    "type": "LineString",
    "coordinates": [
     [
      -106.752465,
      32.283873
     ],
     [
      -106.751846,
      32.283989
     ],
     [
      -106.75147,
      32.28406
     ],
     [
      -106.751354,
      32.284082
     ]
    ]
   }
  },
  {
   "type": "Feature",
   "properties": {
    "osmId": 1004402307,
    "highway": "footway"
   },
   "geometry": {
    "type": "LineString",
    "coordinates": [
     [
      -106.750512,
      32.283697
     ],
     [
      -106.750286,
      32.283739
     ],
     [
      -106.75013,
      32.283139
     ],
     [
      -106.750112,
      32.28307
     ]
    ]
   }
  },
  {
   "type": "Feature",
   "properties": {
    "osmId": 1004586337,
    "highway": "footway"
   },
   "geometry": {
    "type": "LineString",
    "coordinates": [
     [
      -106.751424,
      32.278992
     ],
     [
      -106.751491,
      32.279244
     ],
     [
      -106.751458,
      32.27925
     ],
     [
      -106.751472,
      32.2793
     ],
     [
      -106.751488,
      32.279358
     ],
     [
      -106.751522,
      32.279353
     ],
     [
      -106.751542,
      32.279429
     ],
     [
      -106.751575,
      32.279547
     ]
    ]
   }
  },
  {
   "type": "Feature",
   "properties": {
    "osmId": 1004586338,
    "highway": "steps"
   },
   "geometry": {
    "type": "LineString",
    "coordinates": [
     [
      -106.750792,
      32.281371
     ],
     [
      -106.750786,
      32.281346
     ]
    ]
   }
  },
  {
   "type": "Feature",
   "properties": {
    "osmId": 1004586339,
    "highway": "footway"
   },
   "geometry": {
    "type": "LineString",
    "coordinates": [
     [
      -106.750786,
      32.281346
     ],
     [
      -106.750775,
      32.281308
     ]
    ]
   }
  },
  {
   "type": "Feature",
   "properties": {
    "osmId": 1004586340,
    "highway": "footway"
   },
   "geometry": {
    "type": "LineString",
    "coordinates": [
     [
      -106.750817,
      32.281462
     ],
     [
      -106.750792,
      32.281371
     ]
    ]
   }
  },
  {
   "type": "Feature",
   "properties": {
    "osmId": 1004586343,
    "highway": "footway"
   },
   "geometry": {
    "type": "LineString",
    "coordinates": [
     [
      -106.75235,
      32.279684
     ],
     [
      -106.752422,
      32.279962
     ],
     [
      -106.752579,
      32.279933
     ],
     [
      -106.752642,
      32.280176
     ],
     [
      -106.752479,
      32.280206
     ],
     [
      -106.75253,
      32.280403
     ]
    ]
   }
  },
  {
   "type": "Feature",
   "properties": {
    "osmId": 1004586345,
    "highway": "footway"
   },
   "geometry": {
    "type": "LineString",
    "coordinates": [
     [
      -106.752875,
      32.280575
     ],
     [
      -106.752813,
      32.280587
     ]
    ]
   }
  },
  {
   "type": "Feature",
   "properties": {
    "osmId": 1004586346,
    "highway": "footway"
   },
   "geometry": {
    "type": "LineString",
    "coordinates": [
     [
      -106.752933,
      32.280578
     ],
     [
      -106.752924,
      32.28058
     ],
     [
      -106.752816,
      32.2806
     ]
    ]
   }
  },
  {
   "type": "Feature",
   "properties": {
    "osmId": 1004586347,
    "highway": "steps"
   },
   "geometry": {
    "type": "LineString",
    "coordinates": [
     [
      -106.752909,
      32.280521
     ],
     [
      -106.752924,
      32.28058
     ]
    ]
   }
  },
  {
   "type": "Feature",
   "properties": {
    "osmId": 1004586348,
    "highway": "footway"
   },
   "geometry": {
    "type": "LineString",
    "coordinates": [
     [
      -106.752917,
      32.280519
     ],
     [
      -106.752909,
      32.280521
     ],
     [
      -106.752863,
      32.280529
     ]
    ]
   }
  },
  {
   "type": "Feature",
   "properties": {
    "osmId": 1004586349,
    "highway": "steps"
   },
   "geometry": {
    "type": "LineString",
    "coordinates": [
     [
      -106.753105,
      32.280372
     ],
     [
      -106.753109,
      32.280386
     ]
    ]
   }
  },
  {
   "type": "Feature",
   "properties": {
    "osmId": 1004586350,
    "highway": "footway"
   },
   "geometry": {
    "type": "LineString",
    "coordinates": [
     [
      -106.753102,
      32.280358
     ],
     [
      -106.753178,
      32.280344
     ]
    ]
   }
  },
  {
   "type": "Feature",
   "properties": {
    "osmId": 1004586351,
    "highway": "footway"
   },
   "geometry": {
    "type": "LineString",
    "coordinates": [
     [
      -106.753086,
      32.280298
     ],
     [
      -106.753102,
      32.280358
     ],
     [
      -106.753105,
      32.280372
     ]
    ]
   }
  },
  {
   "type": "Feature",
   "properties": {
    "osmId": 1004586353,
    "highway": "footway"
   },
   "geometry": {
    "type": "LineString",
    "coordinates": [
     [
      -106.751477,
      32.281145
     ],
     [
      -106.7515,
      32.281234
     ],
     [
      -106.751525,
      32.281329
     ]
    ]
   }
  },
  {
   "type": "Feature",
   "properties": {
    "osmId": 1004586358,
    "highway": "footway"
   },
   "geometry": {
    "type": "LineString",
    "coordinates": [
     [
      -106.754379,
      32.279935
     ],
     [
      -106.754246,
      32.27993
     ],
     [
      -106.75411,
      32.279958
     ]
    ]
   }
  },
  {
   "type": "Feature",
   "properties": {
    "osmId": 1004586359,
    "highway": "footway"
   },
   "geometry": {
    "type": "LineString",
    "coordinates": [
     [
      -106.754047,
      32.280445
     ],
     [
      -106.754074,
      32.280546
     ],
     [
      -106.753905,
      32.280578
     ],
     [
      -106.753861,
      32.280586
     ]
    ]
   }
  },
  {
   "type": "Feature",
   "properties": {
    "osmId": 1004586360,
    "highway": "pedestrian"
   },
   "geometry": {
    "type": "LineString",
    "coordinates": [
     [
      -106.754388,
      32.279964
     ],
     [
      -106.754379,
      32.279935
     ],
     [
      -106.754373,
      32.279913
     ],
     [
      -106.754305,
      32.279913
     ],
     [
      -106.754306,
      32.279826
     ],
     [
      -106.754187,
      32.279828
     ],
     [
      -106.754146,
      32.279829
     ],
     [
      -106.754107,
      32.27983
     ],
     [
      -106.754056,
      32.279638
     ],
     [
      -106.754056,
      32.279615
     ],
     [
      -106.754057,
      32.279586
     ],
     [
      -106.754084,
      32.27958
     ],
     [
      -106.75409,
      32.279561
     ],
     [
      -106.754098,
      32.279553
     ],
     [
      -106.754114,
      32.279544
     ],
     [
      -106.754124,
      32.279542
     ],
     [
      -106.754212,
      32.279542
     ],
     [
      -106.754212,
      32.279459
     ],
     [
      -106.754212,
      32.279431
     ],
     [
      -106.754123,
      32.279431
     ],
     [
      -106.754106,
      32.279361
     ],
     [
      -106.75396,
      32.279386
     ],
     [
      -106.753921,
      32.279393
     ],
     [
      -106.753955,
      32.279516
     ],
     [
      -106.754087,
      32.280002
     ],
     [
      -106.754127,
      32.280144
     ],
     [
      -106.754136,
      32.280179
     ],
     [
      -106.754143,
      32.280202
     ],
     [
      -106.754141,
      32.28022
     ],
     [
      -106.754156,
      32.280275
     ],
     [
      -106.754176,
      32.280347
     ],
     [
      -106.75417,
      32.280349
     ],
     [
      -106.754187,
      32.280419
     ],
     [
      -106.7542,
      32.280467
     ],
     [
      -106.754241,
      32.280459
     ],
     [
      -106.75428,
      32.280451
     ],
     [
      -106.754153,
      32.279992
     ],
     [
      -106.754189,
      32.279984
     ],
     [
      -106.754345,
      32.279956
     ],
     [
      -106.75435,
      32.279971
     ],
     [
      -106.754388,
      32.279964
     ]
    ]
   }
  },
  {
   "type": "Feature",
   "properties": {
    "osmId": 1004586375,
    "highway": "footway"
   },
   "geometry": {
    "type": "LineString",
    "coordinates": [
     [
      -106.751517,
      32.279292
     ],
     [
      -106.751533,
      32.279289
     ],
     [
      -106.751566,
      32.279283
     ]
    ]
   }
  },
  {
   "type": "Feature",
   "properties": {
    "osmId": 1004586376,
    "highway": "steps"
   },
   "geometry": {
    "type": "LineString",
    "coordinates": [
     [
      -106.751496,
      32.279296
     ],
     [
      -106.751517,
      32.279292
     ]
    ]
   }
  },
  {
   "type": "Feature",
   "properties": {
    "osmId": 1004586377,
    "highway": "footway"
   },
   "geometry": {
    "type": "LineString",
    "coordinates": [
     [
      -106.751376,
      32.279317
     ],
     [
      -106.751472,
      32.2793
     ],
     [
      -106.751496,
      32.279296
     ]
    ]
   }
  },
  {
   "type": "Feature",
   "properties": {
    "osmId": 1004586378,
    "highway": "footway"
   },
   "geometry": {
    "type": "LineString",
    "coordinates": [
     [
      -106.751818,
      32.278916
     ],
     [
      -106.751867,
      32.279108
     ]
    ]
   }
  },
  {
   "type": "Feature",
   "properties": {
    "osmId": 1004586379,
    "highway": "footway"
   },
   "geometry": {
    "type": "LineString",
    "coordinates": [
     [
      -106.754708,
      32.277169
     ],
     [
      -106.754692,
      32.277103
     ],
     [
      -106.754676,
      32.277041
     ]
    ]
   }
  },
  {
   "type": "Feature",
   "properties": {
    "osmId": 1004586380,
    "highway": "footway"
   },
   "geometry": {
    "type": "LineString",
    "coordinates": [
     [
      -106.7547,
      32.277175
     ],
     [
      -106.754613,
      32.277191
     ],
     [
      -106.754534,
      32.277206
     ]
    ]
   }
  },
  {
   "type": "Feature",
   "properties": {
    "osmId": 1004586381,
    "highway": "footway"
   },
   "geometry": {
    "type": "LineString",
    "coordinates": [
     [
      -106.755439,
      32.277161
     ],
     [
      -106.754915,
      32.277259
     ],
     [
      -106.754891,
      32.277158
     ],
     [
      -106.754885,
      32.27715
     ],
     [
      -106.754876,
      32.277142
     ],
     [
      -106.754864,
      32.277139
     ],
     [
      -106.754724,
      32.277164
     ],
     [
      -106.754708,
      32.277169
     ],
     [
      -106.7547,
      32.277175
     ],
     [
      -106.754699,
      32.277187
     ],
     [
      -106.755021,
      32.278402
     ],
     [
      -106.75503,
      32.278408
     ],
     [
      -106.755042,
      32.278408
     ],
     [
      -106.755182,
      32.278379
     ],
     [
      -106.755187,
      32.278372
     ],
     [
      -106.755188,
      32.278361
     ],
     [
      -106.755115,
      32.278063
     ]
    ]
   }
  },
  {
   "type": "Feature",
   "properties": {
    "osmId": 1004586382,
    "highway": "footway"
   },
   "geometry": {
    "type": "LineString",
    "coordinates": [
     [
      -106.753783,
      32.277693
     ],
     [
      -106.754126,
      32.277633
     ],
     [
      -106.754201,
      32.27762
     ]
    ]
   }
  },
  {
   "type": "Feature",
   "properties": {
    "osmId": 1004586383,
    "highway": "footway"
   },
   "geometry": {
    "type": "LineString",
    "coordinates": [
     [
      -106.749745,
      32.279837
     ],
     [
      -106.748748,
      32.28003
     ],
     [
      -106.748727,
      32.279954
     ],
     [
      -106.749562,
      32.279792
     ]
    ]
   }
  },
  {
   "type": "Feature",
   "properties": {
    "osmId": 1004586384,
    "highway": "footway"
   },
   "geometry": {
    "type": "LineString",
    "coordinates": [
     [
      -106.749498,
      32.27892
     ],
     [
      -106.749636,
      32.279431
     ],
     [
      -106.749745,
      32.279837
     ],
     [
      -106.749758,
      32.279884
     ]
    ]
   }
  },
  {
   "type": "Feature",
   "properties": {
    "osmId": 1004586385,
    "highway": "footway"
   },
   "geometry": {
    "type": "LineString",
    "coordinates": [
     [
      -106.75036,
      32.278851
     ],
     [
      -106.750323,
      32.278858
     ],
     [
      -106.750299,
      32.278766
     ],
     [
      -106.749498,
      32.27892
     ],
     [
      -106.749382,
      32.278942
     ]
    ]
   }
  },
  {
   "type": "Feature",
   "properties": {
    "osmId": 1004586386,
    "highway": "pedestrian"
   },
   "geometry": {
    "type": "LineString",
    "coordinates": [
     [
      -106.750766,
      32.27861
     ],
     [
      -106.7506,
      32.278523
     ],
     [
      -106.750638,
      32.278469
     ],
     [
      -106.750668,
      32.27843
     ],
     [
      -106.750834,
      32.278517
     ],
     [
      -106.750802,
      32.278559
     ],
     [
      -106.750766,
      32.27861
     ]
    ]
   }
  },
  {
   "type": "Feature",
   "properties": {
    "osmId": 1004586387,
    "highway": "footway"
   },
   "geometry": {
    "type": "LineString",
    "coordinates": [
     [
      -106.750445,
      32.278479
     ],
     [
      -106.750602,
      32.278449
     ],
     [
      -106.750638,
      32.278469
     ],
     [
      -106.750802,
      32.278559
     ]
    ]
   }
  },
  {
   "type": "Feature",
   "properties": {
    "osmId": 1004586391,
    "highway": "steps"
   },
   "geometry": {
    "type": "LineString",
    "coordinates": [
     [
      -106.751726,
      32.280563
     ],
     [
      -106.751742,
      32.280561
     ]
    ]
   }
  },
  {
   "type": "Feature",
   "properties": {
    "osmId": 1004586394,
    "highway": "footway"
   },
   "geometry": {
    "type": "LineString",
    "coordinates": [
     [
      -106.75296,
      32.278886
     ],
     [
      -106.753195,
      32.278841
     ],
     [
      -106.753286,
      32.279188
     ],
     [
      -106.753301,
      32.279245
     ]
    ]
   }
  },
  {
   "type": "Feature",
   "properties": {
    "osmId": 1004622074,
    "highway": "footway"
   },
   "geometry": {
    "type": "LineString",
    "coordinates": [
     [
      -106.751829,
      32.283921
     ],
     [
      -106.752519,
      32.283789
     ],
     [
      -106.752772,
      32.283739
     ],
     [
      -106.752818,
      32.283906
     ],
     [
      -106.752837,
      32.283939
     ],
     [
      -106.752858,
      32.283963
     ],
     [
      -106.752883,
      32.283981
     ],
     [
      -106.752919,
      32.283997
     ],
     [
      -106.752955,
      32.284006
     ],
     [
      -106.752992,
      32.28402
     ],
     [
      -106.753012,
      32.284037
     ],
     [
      -106.753025,
      32.28406
     ],
     [
      -106.753124,
      32.284441
     ]
    ]
   }
  },
  {
   "type": "Feature",
   "properties": {
    "osmId": 1004622075,
    "highway": "footway"
   },
   "geometry": {
    "type": "LineString",
    "coordinates": [
     [
      -106.752812,
      32.283264
     ],
     [
      -106.75264,
      32.283297
     ],
     [
      -106.752387,
      32.283345
     ],
     [
      -106.751868,
      32.283444
     ],
     [
      -106.751815,
      32.283454
     ],
     [
      -106.751775,
      32.283509
     ],
     [
      -106.751738,
      32.283561
     ],
     [
      -106.751829,
      32.283921
     ],
     [
      -106.751846,
      32.283989
     ]
    ]
   }
  },
  {
   "type": "Feature",
   "properties": {
    "osmId": 1004622076,
    "highway": "footway"
   },
   "geometry": {
    "type": "LineString",
    "coordinates": [
     [
      -106.752743,
      32.283002
     ],
     [
      -106.752762,
      32.283073
     ],
     [
      -106.752812,
      32.283264
     ],
     [
      -106.752969,
      32.283854
     ],
     [
      -106.752982,
      32.283882
     ],
     [
      -106.753005,
      32.283908
     ],
     [
      -106.753023,
      32.283918
     ],
     [
      -106.753064,
      32.28393
     ],
     [
      -106.753652,
      32.283822
     ]
    ]
   }
  },
  {
   "type": "Feature",
   "properties": {
    "osmId": 1004622080,
    "highway": "footway"
   },
   "geometry": {
    "type": "LineString",
    "coordinates": [
     [
      -106.756734,
      32.282938
     ],
     [
      -106.756246,
      32.283026
     ]
    ]
   }
  },
  {
   "type": "Feature",
   "properties": {
    "osmId": 1004622081,
    "highway": "footway"
   },
   "geometry": {
    "type": "LineString",
    "coordinates": [
     [
      -106.75583,
      32.283085
     ],
     [
      -106.755871,
      32.28324
     ],
     [
      -106.75586,
      32.283242
     ]
    ]
   }
  },
  {
   "type": "Feature",
   "properties": {
    "osmId": 1004622088,
    "highway": "footway"
   },
   "geometry": {
    "type": "LineString",
    "coordinates": [
     [
      -106.755363,
      32.283196
     ],
     [
      -106.755614,
      32.283291
     ]
    ]
   }
  },
  {
   "type": "Feature",
   "properties": {
    "osmId": 1004622089,
    "highway": "footway"
   },
   "geometry": {
    "type": "LineString",
    "coordinates": [
     [
      -106.755572,
      32.283131
     ],
     [
      -106.755614,
      32.283291
     ],
     [
      -106.755657,
      32.283458
     ]
    ]
   }
  },
  {
   "type": "Feature",
   "properties": {
    "osmId": 1004622117,
    "highway": "footway"
   },
   "geometry": {
    "type": "LineString",
    "coordinates": [
     [
      -106.745873,
      32.282683
     ],
     [
      -106.745883,
      32.28261
     ]
    ]
   }
  },
  {
   "type": "Feature",
   "properties": {
    "osmId": 1004622118,
    "highway": "footway"
   },
   "geometry": {
    "type": "LineString",
    "coordinates": [
     [
      -106.745824,
      32.282684
     ],
     [
      -106.745804,
      32.282609
     ],
     [
      -106.745857,
      32.282607
     ],
     [
      -106.745883,
      32.28261
     ],
     [
      -106.74591,
      32.282614
     ],
     [
      -106.745961,
      32.28263
     ],
     [
      -106.746003,
      32.282651
     ],
     [
      -106.746039,
      32.282681
     ],
     [
      -106.746069,
      32.282717
     ],
     [
      -106.746089,
      32.282756
     ],
     [
      -106.746097,
      32.282789
     ],
     [
      -106.7461,
      32.282818
     ],
     [
      -106.7461,
      32.28285
     ],
     [
      -106.746092,
      32.282879
     ],
     [
      -106.74608,
      32.282904
     ],
     [
      -106.746061,
      32.282934
     ],
     [
      -106.746037,
      32.28296
     ],
     [
      -106.745998,
      32.282989
     ],
     [
      -106.745975,
      32.283002
     ],
     [
      -106.745954,
      32.28301
     ],
     [
      -106.745876,
      32.282882
     ]
    ]
   }
  },
  {
   "type": "Feature",
   "properties": {
    "osmId": 1004622119,
    "highway": "footway"
   },
   "geometry": {
    "type": "LineString",
    "coordinates": [
     [
      -106.746622,
      32.282728
     ],
     [
      -106.746632,
      32.282756
     ],
     [
      -106.746635,
      32.282774
     ],
     [
      -106.746634,
      32.282789
     ],
     [
      -106.746629,
      32.282801
     ],
     [
      -106.746607,
      32.28283
     ],
     [
      -106.746585,
      32.282855
     ],
     [
      -106.746566,
      32.282875
     ],
     [
      -106.746548,
      32.282887
     ],
     [
      -106.746524,
      32.282903
     ],
     [
      -106.746497,
      32.282916
     ],
     [
      -106.746474,
      32.282921
     ],
     [
      -106.746449,
      32.282926
     ],
     [
      -106.746429,
      32.282928
     ],
     [
      -106.746408,
      32.282927
     ],
     [
      -106.746382,
      32.282925
     ],
     [
      -106.746112,
      32.282883
     ],
     [
      -106.746092,
      32.282879
     ]
    ]
   }
  },
  {
   "type": "Feature",
   "properties": {
    "osmId": 1004622121,
    "highway": "footway"
   },
   "geometry": {
    "type": "LineString",
    "coordinates": [
     [
      -106.746804,
      32.283165
     ],
     [
      -106.746887,
      32.283055
     ],
     [
      -106.746771,
      32.282993
     ]
    ]
   }
  },
  {
   "type": "Feature",
   "properties": {
    "osmId": 1004622125,
    "highway": "footway"
   },
   "geometry": {
    "type": "LineString",
    "coordinates": [
     [
      -106.746511,
      32.281624
     ],
     [
      -106.746447,
      32.281634
     ],
     [
      -106.74633,
      32.281655
     ]
    ]
   }
  },
  {
   "type": "Feature",
   "properties": {
    "osmId": 1004622126,
    "highway": "footway"
   },
   "geometry": {
    "type": "LineString",
    "coordinates": [
     [
      -106.74751,
      32.280595
     ],
     [
      -106.746338,
      32.280814
     ],
     [
      -106.746324,
      32.280818
     ],
     [
      -106.74631,
      32.280828
     ],
     [
      -106.746306,
      32.280838
     ],
     [
      -106.746458,
      32.281413
     ],
     [
      -106.746471,
      32.28146
     ],
     [
      -106.746479,
      32.281501
     ],
     [
      -106.746491,
      32.281544
     ],
     [
      -106.746511,
      32.281624
     ],
     [
      -106.746536,
      32.281734
     ]
    ]
   }
  },
  {
   "type": "Feature",
   "properties": {
    "osmId": 1004622128,
    "highway": "footway"
   },
   "geometry": {
    "type": "LineString",
    "coordinates": [
     [
      -106.748694,
      32.28111
     ],
     [
      -106.748659,
      32.281105
     ],
     [
      -106.748638,
      32.281107
     ],
     [
      -106.748592,
      32.281115
     ],
     [
      -106.748537,
      32.28091
     ],
     [
      -106.748431,
      32.280932
     ],
     [
      -106.748409,
      32.28093
     ],
     [
      -106.748374,
      32.28092
     ]
    ]
   }
  },
  {
   "type": "Feature",
   "properties": {
    "osmId": 1004622131,
    "highway": "footway"
   },
   "geometry": {
    "type": "LineString",
    "coordinates": [
     [
      -106.748604,
      32.281549
     ],
     [
      -106.748704,
      32.281583
     ],
     [
      -106.748785,
      32.281612
     ],
     [
      -106.748871,
      32.281634
     ]
    ]
   }
  },
  {
   "type": "Feature",
   "properties": {
    "osmId": 1004622132,
    "highway": "footway"
   },
   "geometry": {
    "type": "LineString",
    "coordinates": [
     [
      -106.749951,
      32.281881
     ],
     [
      -106.75059,
      32.282143
     ]
    ]
   }
  },
  {
   "type": "Feature",
   "properties": {
    "osmId": 1004622135,
    "highway": "footway"
   },
   "geometry": {
    "type": "LineString",
    "coordinates": [
     [
      -106.750613,
      32.282596
     ],
     [
      -106.750193,
      32.282668
     ]
    ]
   }
  },
  {
   "type": "Feature",
   "properties": {
    "osmId": 1004622136,
    "highway": "pedestrian"
   },
   "geometry": {
    "type": "LineString",
    "coordinates": [
     [
      -106.750968,
      32.282059
     ],
     [
      -106.750915,
      32.282022
     ],
     [
      -106.750884,
      32.281998
     ],
     [
      -106.750854,
      32.281971
     ],
     [
      -106.75083,
      32.281975
     ],
     [
      -106.750659,
      32.282004
     ],
     [
      -106.750663,
      32.282015
     ],
     [
      -106.750665,
      32.282019
     ],
     [
      -106.750669,
      32.282022
     ],
     [
      -106.750674,
      32.282024
     ],
     [
      -106.750683,
      32.282025
     ],
     [
      -106.750708,
      32.282025
     ],
     [
      -106.750725,
      32.282027
     ],
     [
      -106.750743,
      32.28203
     ],
     [
      -106.750764,
      32.282037
     ],
     [
      -106.750785,
      32.282047
     ],
     [
      -106.750795,
      32.282054
     ],
     [
      -106.750809,
      32.282069
     ],
     [
      -106.750822,
      32.282083
     ],
     [
      -106.750837,
      32.282086
     ],
     [
      -106.750867,
      32.282092
     ],
     [
      -106.750887,
      32.282093
     ],
     [
      -106.750906,
      32.282092
     ],
     [
      -106.750922,
      32.282089
     ],
     [
      -106.750944,
      32.282083
     ],
     [
      -106.750961,
      32.282074
     ],
     [
      -106.750971,
      32.282068
     ],
     [
      -106.750974,
      32.282062
     ],
     [
      -106.750968,
      32.282059
     ]
    ]
   }
  },
  {
   "type": "Feature",
   "properties": {
    "osmId": 1004622139,
    "highway": "footway"
   },
   "geometry": {
    "type": "LineString",
    "coordinates": [
     [
      -106.751767,
      32.282796
     ],
     [
      -106.751795,
      32.28291
     ],
     [
      -106.751807,
      32.282956
     ]
    ]
   }
  },
  {
   "type": "Feature",
   "properties": {
    "osmId": 1004622140,
    "highway": "steps"
   },
   "geometry": {
    "type": "LineString",
    "coordinates": [
     [
      -106.751764,
      32.282787
     ],
     [
      -106.751767,
      32.282796
     ]
    ]
   }
  },
  {
   "type": "Feature",
   "properties": {
    "osmId": 1004622141,
    "highway": "footway"
   },
   "geometry": {
    "type": "LineString",
    "coordinates": [
     [
      -106.751819,
      32.283007
     ],
     [
      -106.751838,
      32.283083
     ],
     [
      -106.751856,
      32.283156
     ],
     [
      -106.752007,
      32.283237
     ]
    ]
   }
  },
  {
   "type": "Feature",
   "properties": {
    "osmId": 1004622142,
    "highway": "footway"
   },
   "geometry": {
    "type": "LineString",
    "coordinates": [
     [
      -106.751807,
      32.282956
     ],
     [
      -106.751819,
      32.283007
     ]
    ]
   }
  },
  {
   "type": "Feature",
   "properties": {
    "osmId": 1004622143,
    "highway": "footway"
   },
   "geometry": {
    "type": "LineString",
    "coordinates": [
     [
      -106.751749,
      32.282726
     ],
     [
      -106.751764,
      32.282787
     ]
    ]
   }
  },
  {
   "type": "Feature",
   "properties": {
    "osmId": 1004622144,
    "highway": "footway"
   },
   "geometry": {
    "type": "LineString",
    "coordinates": [
     [
      -106.751365,
      32.281649
     ],
     [
      -106.751253,
      32.28167
     ]
    ]
   }
  },
  {
   "type": "Feature",
   "properties": {
    "osmId": 1004622145,
    "highway": "footway"
   },
   "geometry": {
    "type": "LineString",
    "coordinates": [
     [
      -106.751347,
      32.282101
     ],
     [
      -106.751455,
      32.282519
     ]
    ]
   }
  },
  {
   "type": "Feature",
   "properties": {
    "osmId": 1004622146,
    "highway": "footway"
   },
   "geometry": {
    "type": "LineString",
    "coordinates": [
     [
      -106.751694,
      32.282474
     ],
     [
      -106.75152,
      32.282507
     ],
     [
      -106.751455,
      32.282519
     ],
     [
      -106.751435,
      32.282522
     ]
    ]
   }
  },
  {
   "type": "Feature",
   "properties": {
    "osmId": 1004622147,
    "highway": "footway"
   },
   "geometry": {
    "type": "LineString",
    "coordinates": [
     [
      -106.751543,
      32.282598
     ],
     [
      -106.751732,
      32.282563
     ]
    ]
   }
  },
  {
   "type": "Feature",
   "properties": {
    "osmId": 1004622148,
    "highway": "footway"
   },
   "geometry": {
    "type": "LineString",
    "coordinates": [
     [
      -106.751591,
      32.282782
     ],
     [
      -106.751543,
      32.282598
     ],
     [
      -106.75152,
      32.282507
     ]
    ]
   }
  },
  {
   "type": "Feature",
   "properties": {
    "osmId": 1004622155,
    "highway": "steps"
   },
   "geometry": {
    "type": "LineString",
    "coordinates": [
     [
      -106.749673,
      32.282267
     ],
     [
      -106.749615,
      32.282243
     ]
    ]
   }
  },
  {
   "type": "Feature",
   "properties": {
    "osmId": 1004622156,
    "highway": "footway"
   },
   "geometry": {
    "type": "LineString",
    "coordinates": [
     [
      -106.749495,
      32.282131
     ],
     [
      -106.749536,
      32.282159
     ],
     [
      -106.749579,
      32.282186
     ],
     [
      -106.749631,
      32.282217
     ]
    ]
   }
  },
  {
   "type": "Feature",
   "properties": {
    "osmId": 1005468379,
    "highway": "footway"
   },
   "geometry": {
    "type": "LineString",
    "coordinates": [
     [
      -106.746389,
      32.283725
     ],
     [
      -106.746358,
      32.283709
     ],
     [
      -106.746243,
      32.283652
     ],
     [
      -106.746148,
      32.283605
     ],
     [
      -106.746082,
      32.28369
     ],
     [
      -106.746006,
      32.283796
     ]
    ]
   }
  },
  {
   "type": "Feature",
   "properties": {
    "osmId": 1005468380,
    "highway": "pedestrian"
   },
   "geometry": {
    "type": "LineString",
    "coordinates": [
     [
      -106.74625,
      32.283643
     ],
     [
      -106.746243,
      32.283652
     ],
     [
      -106.746225,
      32.283674
     ],
     [
      -106.746189,
      32.283696
     ],
     [
      -106.746146,
      32.283704
     ],
     [
      -106.746102,
      32.283699
     ],
     [
      -106.746082,
      32.28369
     ],
     [
      -106.746064,
      32.28368
     ],
     [
      -106.746035,
      32.283649
     ],
     [
      -106.746027,
      32.283577
     ],
     [
      -106.746058,
      32.283533
     ],
     [
      -106.746099,
      32.283511
     ],
     [
      -106.746184,
      32.283512
     ],
     [
      -106.746237,
      32.283547
     ],
     [
      -106.746259,
      32.283604
     ],
     [
      -106.74625,
      32.283643
     ]
    ]
   }
  },
  {
   "type": "Feature",
   "properties": {
    "osmId": 1005468381,
    "highway": "footway"
   },
   "geometry": {
    "type": "LineString",
    "coordinates": [
     [
      -106.749573,
      32.28428
     ],
     [
      -106.749086,
      32.284379
     ]
    ]
   }
  },
  {
   "type": "Feature",
   "properties": {
    "osmId": 1005468382,
    "highway": "steps"
   },
   "geometry": {
    "type": "LineString",
    "coordinates": [
     [
      -106.751931,
      32.283252
     ],
     [
      -106.752007,
      32.283237
     ]
    ]
   }
  },
  {
   "type": "Feature",
   "properties": {
    "osmId": 1005468383,
    "highway": "footway"
   },
   "geometry": {
    "type": "LineString",
    "coordinates": [
     [
      -106.751653,
      32.283302
     ],
     [
      -106.751931,
      32.283252
     ]
    ]
   }
  },
  {
   "type": "Feature",
   "properties": {
    "osmId": 1005468384,
    "highway": "footway"
   },
   "geometry": {
    "type": "LineString",
    "coordinates": [
     [
      -106.751694,
      32.283476
     ],
     [
      -106.751775,
      32.283509
     ]
    ]
   }
  },
  {
   "type": "Feature",
   "properties": {
    "osmId": 1005468385,
    "highway": "footway"
   },
   "geometry": {
    "type": "LineString",
    "coordinates": [
     [
      -106.751585,
      32.283495
     ],
     [
      -106.751382,
      32.28353
     ]
    ]
   }
  },
  {
   "type": "Feature",
   "properties": {
    "osmId": 1005468386,
    "highway": "footway"
   },
   "geometry": {
    "type": "LineString",
    "coordinates": [
     [
      -106.751454,
      32.282809
     ],
     [
      -106.751532,
      32.283132
     ],
     [
      -106.751608,
      32.283119
     ],
     [
      -106.751653,
      32.283302
     ],
     [
      -106.751694,
      32.283476
     ],
     [
      -106.751585,
      32.283495
     ]
    ]
   }
  },
  {
   "type": "Feature",
   "properties": {
    "osmId": 1005468387,
    "highway": "footway"
   },
   "geometry": {
    "type": "LineString",
    "coordinates": [
     [
      -106.751382,
      32.28353
     ],
     [
      -106.751323,
      32.283543
     ],
     [
      -106.751314,
      32.283545
     ]
    ]
   }
  },
  {
   "type": "Feature",
   "properties": {
    "osmId": 1005468388,
    "highway": "footway"
   },
   "geometry": {
    "type": "LineString",
    "coordinates": [
     [
      -106.751305,
      32.283656
     ],
     [
      -106.751325,
      32.283653
     ],
     [
      -106.751307,
      32.283581
     ],
     [
      -106.751331,
      32.283577
     ],
     [
      -106.751323,
      32.283543
     ]
    ]
   }
  },
  {
   "type": "Feature",
   "properties": {
    "osmId": 1005468389,
    "highway": "steps"
   },
   "geometry": {
    "type": "LineString",
    "coordinates": [
     [
      -106.751314,
      32.283545
     ],
     [
      -106.751278,
      32.283551
     ]
    ]
   }
  },
  {
   "type": "Feature",
   "properties": {
    "osmId": 1005468390,
    "highway": "footway"
   },
   "geometry": {
    "type": "LineString",
    "coordinates": [
     [
      -106.751278,
      32.283551
     ],
     [
      -106.750557,
      32.283689
     ],
     [
      -106.750478,
      32.283372
     ]
    ]
   }
  },
  {
   "type": "Feature",
   "properties": {
    "osmId": 1005468392,
    "highway": "footway"
   },
   "geometry": {
    "type": "LineString",
    "coordinates": [
     [
      -106.742206,
      32.268072
     ],
     [
      -106.742136,
      32.268037
     ],
     [
      -106.741963,
      32.26795
     ],
     [
      -106.741895,
      32.267915
     ]
    ]
   }
  },
  {
   "type": "Feature",
   "properties": {
    "osmId": 1005468393,
    "highway": "footway"
   },
   "geometry": {
    "type": "LineString",
    "coordinates": [
     [
      -106.740895,
      32.268783
     ],
     [
      -106.740788,
      32.268867
     ]
    ]
   }
  },
  {
   "type": "Feature",
   "properties": {
    "osmId": 1005468394,
    "highway": "footway"
   },
   "geometry": {
    "type": "LineString",
    "coordinates": [
     [
      -106.74115,
      32.268975
     ],
     [
      -106.741106,
      32.269015
     ],
     [
      -106.741037,
      32.269077
     ]
    ]
   }
  },
  {
   "type": "Feature",
   "properties": {
    "osmId": 1005468395,
    "highway": "footway"
   },
   "geometry": {
    "type": "LineString",
    "coordinates": [
     [
      -106.738364,
      32.273556
     ],
     [
      -106.738376,
      32.2736
     ],
     [
      -106.73839,
      32.273651
     ]
    ]
   }
  },
  {
   "type": "Feature",
   "properties": {
    "osmId": 1005468396,
    "highway": "footway"
   },
   "geometry": {
    "type": "LineString",
    "coordinates": [
     [
      -106.738471,
      32.274064
     ],
     [
      -106.738554,
      32.274375
     ]
    ]
   }
  },
  {
   "type": "Feature",
   "properties": {
    "osmId": 1005468397,
    "highway": "footway"
   },
   "geometry": {
    "type": "LineString",
    "coordinates": [
     [
      -106.738583,
      32.274485
     ],
     [
      -106.738648,
      32.274733
     ]
    ]
   }
  },
  {
   "type": "Feature",
   "properties": {
    "osmId": 1005468398,
    "highway": "footway"
   },
   "geometry": {
    "type": "LineString",
    "coordinates": [
     [
      -106.738701,
      32.274843
     ],
     [
      -106.738777,
      32.275127
     ]
    ]
   }
  },
  {
   "type": "Feature",
   "properties": {
    "osmId": 1005468399,
    "highway": "footway"
   },
   "geometry": {
    "type": "LineString",
    "coordinates": [
     [
      -106.738882,
      32.275521
     ],
     [
      -106.738799,
      32.275211
     ]
    ]
   }
  },
  {
   "type": "Feature",
   "properties": {
    "osmId": 1005468400,
    "highway": "footway"
   },
   "geometry": {
    "type": "LineString",
    "coordinates": [
     [
      -106.738993,
      32.275951
     ],
     [
      -106.738904,
      32.275607
     ]
    ]
   }
  },
  {
   "type": "Feature",
   "properties": {
    "osmId": 1005468401,
    "highway": "footway"
   },
   "geometry": {
    "type": "LineString",
    "coordinates": [
     [
      -106.739484,
      32.27782
     ],
     [
      -106.739019,
      32.276037
     ]
    ]
   }
  },
  {
   "type": "Feature",
   "properties": {
    "osmId": 1005468402,
    "highway": "footway"
   },
   "geometry": {
    "type": "LineString",
    "coordinates": [
     [
      -106.738683,
      32.270684
     ],
     [
      -106.738838,
      32.27055
     ]
    ]
   }
  },
  {
   "type": "Feature",
   "properties": {
    "osmId": 1005468405,
    "highway": "footway"
   },
   "geometry": {
    "type": "LineString",
    "coordinates": [
     [
      -106.738398,
      32.275044
     ],
     [
      -106.738365,
      32.274928
     ]
    ]
   }
  },
  {
   "type": "Feature",
   "properties": {
    "osmId": 1005468408,
    "highway": "footway"
   },
   "geometry": {
    "type": "LineString",
    "coordinates": [
     [
      -106.73916,
      32.277958
     ],
     [
      -106.739274,
      32.27791
     ],
     [
      -106.739374,
      32.277867
     ],
     [
      -106.739484,
      32.27782
     ]
    ]
   }
  },
  {
   "type": "Feature",
   "properties": {
    "osmId": 1005468409,
    "highway": "footway"
   },
   "geometry": {
    "type": "LineString",
    "coordinates": [
     [
      -106.73951,
      32.277971
     ],
     [
      -106.739498,
      32.277904
     ],
     [
      -106.739484,
      32.27782
     ]
    ]
   }
  },
  {
   "type": "Feature",
   "properties": {
    "osmId": 1005468410,
    "highway": "footway"
   },
   "geometry": {
    "type": "LineString",
    "coordinates": [
     [
      -106.737398,
      32.278473
     ],
     [
      -106.737476,
      32.278515
     ],
     [
      -106.737535,
      32.278547
     ]
    ]
   }
  },
  {
   "type": "Feature",
   "properties": {
    "osmId": 1005468411,
    "highway": "footway"
   },
   "geometry": {
    "type": "LineString",
    "coordinates": [
     [
      -106.737391,
      32.278462
     ],
     [
      -106.737398,
      32.278473
     ],
     [
      -106.737393,
      32.27849
     ],
     [
      -106.737387,
      32.278505
     ],
     [
      -106.737364,
      32.278547
     ],
     [
      -106.737354,
      32.27858
     ],
     [
      -106.737348,
      32.278619
     ],
     [
      -106.737338,
      32.278645
     ],
     [
      -106.737327,
      32.278673
     ],
     [
      -106.737324,
      32.278698
     ],
     [
      -106.737327,
      32.278716
     ],
     [
      -106.737335,
      32.278737
     ],
     [
      -106.737349,
      32.278766
     ],
     [
      -106.737387,
      32.278818
     ],
     [
      -106.73744,
      32.278881
     ],
     [
      -106.737448,
      32.278899
     ],
     [
      -106.73745,
      32.278913
     ],
     [
      -106.737442,
      32.278927
     ],
     [
      -106.737419,
      32.278943
     ]
    ]
   }
  },
  {
   "type": "Feature",
   "properties": {
    "osmId": 1005468412,
    "highway": "footway"
   },
   "geometry": {
    "type": "LineString",
    "coordinates": [
     [
      -106.737696,
      32.278473
     ],
     [
      -106.737718,
      32.278414
     ],
     [
      -106.737738,
      32.278363
     ]
    ]
   }
  },
  {
   "type": "Feature",
   "properties": {
    "osmId": 1005468413,
    "highway": "footway"
   },
   "geometry": {
    "type": "LineString",
    "coordinates": [
     [
      -106.737391,
      32.278462
     ],
     [
      -106.737393,
      32.278362
     ],
     [
      -106.737394,
      32.278307
     ]
    ]
   }
  },
  {
   "type": "Feature",
   "properties": {
    "osmId": 1005468414,
    "highway": "footway"
   },
   "geometry": {
    "type": "LineString",
    "coordinates": [
     [
      -106.737738,
      32.278363
     ],
     [
      -106.737718,
      32.278321
     ],
     [
      -106.737694,
      32.278292
     ],
     [
      -106.737674,
      32.278278
     ],
     [
      -106.737637,
      32.278257
     ],
     [
      -106.73759,
      32.278242
     ],
     [
      -106.73755,
      32.278235
     ],
     [
      -106.737494,
      32.278239
     ],
     [
      -106.737457,
      32.278248
     ],
     [
      -106.737421,
      32.278268
     ],
     [
      -106.737407,
      32.278283
     ],
     [
      -106.737394,
      32.278307
     ]
    ]
   }
  },
  {
   "type": "Feature",
   "properties": {
    "osmId": 1005468415,
    "highway": "footway"
   },
   "geometry": {
    "type": "LineString",
    "coordinates": [
     [
      -106.738301,
      32.277709
     ],
     [
      -106.738308,
      32.277698
     ],
     [
      -106.738332,
      32.277662
     ],
     [
      -106.738361,
      32.277617
     ]
    ]
   }
  },
  {
   "type": "Feature",
   "properties": {
    "osmId": 1005468416,
    "highway": "footway"
   },
   "geometry": {
    "type": "LineString",
    "coordinates": [
     [
      -106.738451,
      32.277184
     ],
     [
      -106.73839,
      32.277196
     ],
     [
      -106.738315,
      32.277211
     ]
    ]
   }
  },
  {
   "type": "Feature",
   "properties": {
    "osmId": 1005468417,
    "highway": "footway"
   },
   "geometry": {
    "type": "LineString",
    "coordinates": [
     [
      -106.744404,
      32.281945
     ],
     [
      -106.744458,
      32.282152
     ],
     [
      -106.744746,
      32.282507
     ]
    ]
   }
  },
  {
   "type": "Feature",
   "properties": {
    "osmId": 1005468419,
    "highway": "footway"
   },
   "geometry": {
    "type": "LineString",
    "coordinates": [
     [
      -106.73916,
      32.277958
     ],
     [
      -106.73918,
      32.278048
     ],
     [
      -106.739194,
      32.278112
     ]
    ]
   }
  },
  {
   "type": "Feature",
   "properties": {
    "osmId": 1005468420,
    "highway": "footway"
   },
   "geometry": {
    "type": "LineString",
    "coordinates": [
     [
      -106.739478,
      32.278032
     ],
     [
      -106.73937,
      32.278072
     ],
     [
      -106.739255,
      32.278114
     ]
    ]
   }
  },
  {
   "type": "Feature",
   "properties": {
    "osmId": 1005468421,
    "highway": "footway"
   },
   "geometry": {
    "type": "LineString",
    "coordinates": [
     [
      -106.739539,
      32.277957
     ],
     [
      -106.739524,
      32.277964
     ],
     [
      -106.73951,
      32.277971
     ],
     [
      -106.739499,
      32.277981
     ],
     [
      -106.739489,
      32.277991
     ],
     [
      -106.739483,
      32.278001
     ],
     [
      -106.739479,
      32.278014
     ],
     [
      -106.739477,
      32.278024
     ],
     [
      -106.739478,
      32.278032
     ],
     [
      -106.739478,
      32.278041
     ]
    ]
   }
  },
  {
   "type": "Feature",
   "properties": {
    "osmId": 1005468422,
    "highway": "footway"
   },
   "geometry": {
    "type": "LineString",
    "coordinates": [
     [
      -106.739194,
      32.278112
     ],
     [
      -106.739216,
      32.278107
     ],
     [
      -106.739232,
      32.278107
     ],
     [
      -106.739247,
      32.27811
     ],
     [
      -106.739255,
      32.278114
     ],
     [
      -106.73926,
      32.278117
     ],
     [
      -106.739278,
      32.278127
     ],
     [
      -106.739289,
      32.278137
     ],
     [
      -106.739298,
      32.278152
     ]
    ]
   }
  },
  {
   "type": "Feature",
   "properties": {
    "osmId": 1005468423,
    "highway": "footway"
   },
   "geometry": {
    "type": "LineString",
    "coordinates": [
     [
      -106.737133,
      32.277776
     ],
     [
      -106.737071,
      32.277749
     ]
    ]
   }
  },
  {
   "type": "Feature",
   "properties": {
    "osmId": 1005468424,
    "highway": "footway"
   },
   "geometry": {
    "type": "LineString",
    "coordinates": [
     [
      -106.737885,
      32.277507
     ],
     [
      -106.737829,
      32.277589
     ]
    ]
   }
  },
  {
   "type": "Feature",
   "properties": {
    "osmId": 1005468425,
    "highway": "footway"
   },
   "geometry": {
    "type": "LineString",
    "coordinates": [
     [
      -106.737757,
      32.277838
     ],
     [
      -106.737736,
      32.277828
     ],
     [
      -106.737514,
      32.277722
     ],
     [
      -106.737406,
      32.27767
     ],
     [
      -106.737478,
      32.277563
     ],
     [
      -106.73755,
      32.277455
     ],
     [
      -106.737658,
      32.277507
     ],
     [
      -106.737829,
      32.277589
     ],
     [
      -106.73788,
      32.277613
     ],
     [
      -106.737901,
      32.277623
     ]
    ]
   }
  },
  {
   "type": "Feature",
   "properties": {
    "osmId": 1005468426,
    "highway": "footway"
   },
   "geometry": {
    "type": "LineString",
    "coordinates": [
     [
      -106.737934,
      32.277532
     ],
     [
      -106.73788,
      32.277613
     ],
     [
      -106.737807,
      32.277721
     ],
     [
      -106.737736,
      32.277828
     ]
    ]
   }
  },
  {
   "type": "Feature",
   "properties": {
    "osmId": 1005468427,
    "highway": "footway"
   },
   "geometry": {
    "type": "LineString",
    "coordinates": [
     [
      -106.737621,
      32.277632
     ],
     [
      -106.737807,
      32.277721
     ]
    ]
   }
  },
  {
   "type": "Feature",
   "properties": {
    "osmId": 1005468428,
    "highway": "footway"
   },
   "geometry": {
    "type": "LineString",
    "coordinates": [
     [
      -106.737565,
      32.277646
     ],
     [
      -106.737514,
      32.277722
     ],
     [
      -106.737471,
      32.277786
     ]
    ]
   }
  },
  {
   "type": "Feature",
   "properties": {
    "osmId": 1005468429,
    "highway": "footway"
   },
   "geometry": {
    "type": "LineString",
    "coordinates": [
     [
      -106.737551,
      32.277597
     ],
     [
      -106.737478,
      32.277563
     ],
     [
      -106.737266,
      32.277461
     ]
    ]
   }
  },
  {
   "type": "Feature",
   "properties": {
    "osmId": 1005468430,
    "highway": "footway"
   },
   "geometry": {
    "type": "LineString",
    "coordinates": [
     [
      -106.737713,
      32.277425
     ],
     [
      -106.737658,
      32.277507
     ],
     [
      -106.737604,
      32.277587
     ]
    ]
   }
  },
  {
   "type": "Feature",
   "properties": {
    "osmId": 1005468431,
    "highway": "footway"
   },
   "geometry": {
    "type": "LineString",
    "coordinates": [
     [
      -106.737575,
      32.277583
     ],
     [
      -106.737556,
      32.277592
     ],
     [
      -106.737551,
      32.277597
     ],
     [
      -106.737545,
      32.277608
     ],
     [
      -106.737545,
      32.277626
     ],
     [
      -106.737556,
      32.277642
     ],
     [
      -106.737565,
      32.277646
     ],
     [
      -106.737574,
      32.277651
     ],
     [
      -106.737596,
      32.277651
     ],
     [
      -106.737615,
      32.277642
     ],
     [
      -106.737621,
      32.277632
     ],
     [
      -106.737625,
      32.277627
     ],
     [
      -106.737626,
      32.277608
     ],
     [
      -106.737615,
      32.277593
     ],
     [
      -106.737604,
      32.277587
     ],
     [
      -106.737596,
      32.277583
     ],
     [
      -106.737575,
      32.277583
     ]
    ]
   }
  },
  {
   "type": "Feature",
   "properties": {
    "osmId": 1005468432,
    "highway": "footway"
   },
   "geometry": {
    "type": "LineString",
    "coordinates": [
     [
      -106.738934,
      32.277085
     ],
     [
      -106.738922,
      32.277037
     ],
     [
      -106.738911,
      32.276996
     ]
    ]
   }
  },
  {
   "type": "Feature",
   "properties": {
    "osmId": 1005468433,
    "highway": "footway"
   },
   "geometry": {
    "type": "LineString",
    "coordinates": [
     [
      -106.738799,
      32.275211
     ],
     [
      -106.738789,
      32.275175
     ],
     [
      -106.738777,
      32.275127
     ]
    ]
   }
  },
  {
   "type": "Feature",
   "properties": {
    "osmId": 1005468434,
    "highway": "footway"
   },
   "geometry": {
    "type": "LineString",
    "coordinates": [
     [
      -106.738904,
      32.275607
     ],
     [
      -106.738893,
      32.275564
     ],
     [
      -106.738882,
      32.275521
     ]
    ]
   }
  },
  {
   "type": "Feature",
   "properties": {
    "osmId": 1005468435,
    "highway": "footway"
   },
   "geometry": {
    "type": "LineString",
    "coordinates": [
     [
      -106.739019,
      32.276037
     ],
     [
      -106.739005,
      32.27599
     ],
     [
      -106.738993,
      32.275951
     ]
    ]
   }
  },
  {
   "type": "Feature",
   "properties": {
    "osmId": 1005468436,
    "highway": "footway"
   },
   "geometry": {
    "type": "LineString",
    "coordinates": [
     [
      -106.738648,
      32.274733
     ],
     [
      -106.738681,
      32.274802
     ],
     [
      -106.738701,
      32.274843
     ]
    ]
   }
  },
  {
   "type": "Feature",
   "properties": {
    "osmId": 1005468437,
    "highway": "footway"
   },
   "geometry": {
    "type": "LineString",
    "coordinates": [
     [
      -106.738554,
      32.274375
     ],
     [
      -106.738572,
      32.274439
     ],
     [
      -106.738583,
      32.274485
     ]
    ]
   }
  },
  {
   "type": "Feature",
   "properties": {
    "osmId": 1005468438,
    "highway": "footway"
   },
   "geometry": {
    "type": "LineString",
    "coordinates": [
     [
      -106.73844,
      32.273943
     ],
     [
      -106.738454,
      32.273999
     ],
     [
      -106.738471,
      32.274064
     ]
    ]
   }
  },
  {
   "type": "Feature",
   "properties": {
    "osmId": 1005468439,
    "highway": "footway"
   },
   "geometry": {
    "type": "LineString",
    "coordinates": [
     [
      -106.73839,
      32.273651
     ],
     [
      -106.738379,
      32.273662
     ],
     [
      -106.738373,
      32.273676
     ],
     [
      -106.73837,
      32.273688
     ],
     [
      -106.738374,
      32.273706
     ],
     [
      -106.73844,
      32.273943
     ]
    ]
   }
  },
  {
   "type": "Feature",
   "properties": {
    "osmId": 1005468440,
    "highway": "footway"
   },
   "geometry": {
    "type": "LineString",
    "coordinates": [
     [
      -106.741037,
      32.269077
     ],
     [
      -106.738754,
      32.271046
     ],
     [
      -106.738672,
      32.271116
     ],
     [
      -106.738553,
      32.271217
     ],
     [
      -106.738481,
      32.271284
     ],
     [
      -106.73841,
      32.27136
     ],
     [
      -106.738364,
      32.271423
     ],
     [
      -106.738309,
      32.271499
     ],
     [
      -106.738252,
      32.27159
     ],
     [
      -106.738198,
      32.271694
     ],
     [
      -106.73815,
      32.271808
     ],
     [
      -106.738115,
      32.271909
     ],
     [
      -106.738095,
      32.272003
     ],
     [
      -106.738077,
      32.272123
     ],
     [
      -106.738069,
      32.272235
     ],
     [
      -106.738069,
      32.272337
     ],
     [
      -106.738081,
      32.272454
     ],
     [
      -106.738099,
      32.272542
     ],
     [
      -106.738128,
      32.272655
     ],
     [
      -106.738364,
      32.273556
     ]
    ]
   }
  },
  {
   "type": "Feature",
   "properties": {
    "osmId": 1005468441,
    "highway": "footway"
   },
   "geometry": {
    "type": "LineString",
    "coordinates": [
     [
      -106.742282,
      32.268073
     ],
     [
      -106.74224,
      32.26807
     ],
     [
      -106.742206,
      32.268072
     ],
     [
      -106.742172,
      32.268081
     ],
     [
      -106.742141,
      32.268103
     ],
     [
      -106.741162,
      32.268946
     ],
     [
      -106.741153,
      32.268959
     ],
     [
      -106.74115,
      32.268975
     ],
     [
      -106.741157,
      32.268995
     ]
    ]
   }
  },
  {
   "type": "Feature",
   "properties": {
    "osmId": 1005468442,
    "highway": "footway"
   },
   "geometry": {
    "type": "LineString",
    "coordinates": [
     [
      -106.74086,
      32.268771
     ],
     [
      -106.74088,
      32.268779
     ],
     [
      -106.740895,
      32.268783
     ],
     [
      -106.74091,
      32.268783
     ],
     [
      -106.740931,
      32.268776
     ],
     [
      -106.740947,
      32.268762
     ],
     [
      -106.741846,
      32.267987
     ],
     [
      -106.741884,
      32.267953
     ],
     [
      -106.741893,
      32.267932
     ],
     [
      -106.741895,
      32.267915
     ],
     [
      -106.741891,
      32.267897
     ],
     [
      -106.741883,
      32.267882
     ],
     [
      -106.74187,
      32.267864
     ]
    ]
   }
  },
  {
   "type": "Feature",
   "properties": {
    "osmId": 1005468443,
    "highway": "footway"
   },
   "geometry": {
    "type": "LineString",
    "coordinates": [
     [
      -106.738838,
      32.27055
     ],
     [
      -106.739624,
      32.269871
     ],
     [
      -106.740788,
      32.268867
     ]
    ]
   }
  },
  {
   "type": "Feature",
   "properties": {
    "osmId": 1005468444,
    "highway": "footway"
   },
   "geometry": {
    "type": "LineString",
    "coordinates": [
     [
      -106.738365,
      32.274928
     ],
     [
      -106.737783,
      32.272705
     ],
     [
      -106.737753,
      32.272584
     ],
     [
      -106.737737,
      32.272499
     ],
     [
      -106.737726,
      32.272402
     ],
     [
      -106.73772,
      32.272289
     ],
     [
      -106.73772,
      32.272186
     ],
     [
      -106.737727,
      32.272092
     ],
     [
      -106.737743,
      32.271987
     ],
     [
      -106.73776,
      32.271901
     ],
     [
      -106.737791,
      32.271786
     ],
     [
      -106.737833,
      32.271672
     ],
     [
      -106.737896,
      32.271531
     ],
     [
      -106.737969,
      32.271406
     ],
     [
      -106.738036,
      32.271305
     ],
     [
      -106.738119,
      32.271198
     ],
     [
      -106.738189,
      32.271121
     ],
     [
      -106.738354,
      32.270967
     ],
     [
      -106.738683,
      32.270684
     ]
    ]
   }
  },
  {
   "type": "Feature",
   "properties": {
    "osmId": 1005468445,
    "highway": "footway"
   },
   "geometry": {
    "type": "LineString",
    "coordinates": [
     [
      -106.738911,
      32.276996
     ],
     [
      -106.738398,
      32.275044
     ]
    ]
   }
  },
  {
   "type": "Feature",
   "properties": {
    "osmId": 1005468446,
    "highway": "footway"
   },
   "geometry": {
    "type": "LineString",
    "coordinates": [
     [
      -106.73758,
      32.27736
     ],
     [
      -106.737713,
      32.277425
     ],
     [
      -106.737885,
      32.277507
     ],
     [
      -106.737934,
      32.277532
     ],
     [
      -106.738301,
      32.277709
     ],
     [
      -106.737967,
      32.278207
     ],
     [
      -106.737889,
      32.278262
     ],
     [
      -106.737811,
      32.278225
     ],
     [
      -106.737788,
      32.278258
     ],
     [
      -106.737674,
      32.278278
     ]
    ]
   }
  },
  {
   "type": "Feature",
   "properties": {
    "osmId": 1005468447,
    "highway": "footway"
   },
   "geometry": {
    "type": "LineString",
    "coordinates": [
     [
      -106.7372,
      32.278162
     ],
     [
      -106.737257,
      32.278075
     ]
    ]
   }
  },
  {
   "type": "Feature",
   "properties": {
    "osmId": 1005468450,
    "highway": "footway"
   },
   "geometry": {
    "type": "LineString",
    "coordinates": [
     [
      -106.739089,
      32.277685
     ],
     [
      -106.739047,
      32.277656
     ],
     [
      -106.739011,
      32.277634
     ],
     [
      -106.738978,
      32.277617
     ],
     [
      -106.738926,
      32.277599
     ],
     [
      -106.738879,
      32.277588
     ],
     [
      -106.738831,
      32.277581
     ],
     [
      -106.738777,
      32.277579
     ],
     [
      -106.738722,
      32.277584
     ],
     [
      -106.738675,
      32.277592
     ],
     [
      -106.738649,
      32.2776
     ],
     [
      -106.73864,
      32.277608
     ],
     [
      -106.738624,
      32.277626
     ],
     [
      -106.738258,
      32.278175
     ],
     [
      -106.738202,
      32.278148
     ],
     [
      -106.738158,
      32.278216
     ],
     [
      -106.73813,
      32.27825
     ],
     [
      -106.738096,
      32.278284
     ],
     [
      -106.738058,
      32.278317
     ],
     [
      -106.73801,
      32.278354
     ],
     [
      -106.737952,
      32.278389
     ],
     [
      -106.737898,
      32.278414
     ],
     [
      -106.737847,
      32.278436
     ],
     [
      -106.737784,
      32.278452
     ],
     [
      -106.737719,
      32.278465
     ],
     [
      -106.737696,
      32.278473
     ],
     [
      -106.73768,
      32.278483
     ],
     [
      -106.737669,
      32.278495
     ],
     [
      -106.737652,
      32.278508
     ],
     [
      -106.737631,
      32.27852
     ],
     [
      -106.737603,
      32.278532
     ],
     [
      -106.737578,
      32.27854
     ],
     [
      -106.737559,
      32.278542
     ],
     [
      -106.737543,
      32.278545
     ],
     [
      -106.737535,
      32.278547
     ],
     [
      -106.737524,
      32.278559
     ],
     [
      -106.737512,
      32.278577
     ],
     [
      -106.737501,
      32.278604
     ],
     [
      -106.737497,
      32.278627
     ],
     [
      -106.737498,
      32.27865
     ],
     [
      -106.737503,
      32.27867
     ],
     [
      -106.737514,
      32.278694
     ],
     [
      -106.737535,
      32.278728
     ],
     [
      -106.737592,
      32.278796
     ],
     [
      -106.737607,
      32.278809
     ],
     [
      -106.737619,
      32.278813
     ],
     [
      -106.73763,
      32.278814
     ],
     [
      -106.737644,
      32.278813
     ],
     [
      -106.737663,
      32.278803
     ]
    ]
   }
  },
  {
   "type": "Feature",
   "properties": {
    "osmId": 1005468451,
    "highway": "footway"
   },
   "geometry": {
    "type": "LineString",
    "coordinates": [
     [
      -106.738266,
      32.277221
     ],
     [
      -106.738375,
      32.277597
     ],
     [
      -106.738361,
      32.277617
     ]
    ]
   }
  },
  {
   "type": "Feature",
   "properties": {
    "osmId": 1005468452,
    "highway": "footway"
   },
   "geometry": {
    "type": "LineString",
    "coordinates": [
     [
      -106.7385,
      32.277174
     ],
     [
      -106.738624,
      32.277626
     ]
    ]
   }
  },
  {
   "type": "Feature",
   "properties": {
    "osmId": 1005468453,
    "highway": "footway"
   },
   "geometry": {
    "type": "LineString",
    "coordinates": [
     [
      -106.738315,
      32.277211
     ],
     [
      -106.738266,
      32.277221
     ],
     [
      -106.73758,
      32.27736
     ],
     [
      -106.737472,
      32.277382
     ],
     [
      -106.737385,
      32.2774
     ],
     [
      -106.737338,
      32.27741
     ],
     [
      -106.737306,
      32.277423
     ],
     [
      -106.737284,
      32.277439
     ],
     [
      -106.737266,
      32.277461
     ],
     [
      -106.737071,
      32.277749
     ],
     [
      -106.736892,
      32.278014
     ],
     [
      -106.7372,
      32.278162
     ],
     [
      -106.737421,
      32.278268
     ]
    ]
   }
  },
  {
   "type": "Feature",
   "properties": {
    "osmId": 1005468454,
    "highway": "footway"
   },
   "geometry": {
    "type": "LineString",
    "coordinates": [
     [
      -106.73916,
      32.277958
     ],
     [
      -106.739089,
      32.277685
     ],
     [
      -106.738934,
      32.277085
     ],
     [
      -106.7385,
      32.277174
     ],
     [
      -106.738451,
      32.277184
     ]
    ]
   }
  },
  {
   "type": "Feature",
   "properties": {
    "osmId": 1006061091,
    "highway": "footway"
   },
   "geometry": {
    "type": "LineString",
    "coordinates": [
     [
      -106.762413,
      32.285446
     ],
     [
      -106.762427,
      32.285487
     ],
     [
      -106.762454,
      32.285566
     ],
     [
      -106.762469,
      32.285609
     ]
    ]
   }
  },
  {
   "type": "Feature",
   "properties": {
    "osmId": 1006061170,
    "highway": "footway"
   },
   "geometry": {
    "type": "LineString",
    "coordinates": [
     [
      -106.761979,
      32.284194
     ],
     [
      -106.761337,
      32.284336
     ]
    ]
   }
  },
  {
   "type": "Feature",
   "properties": {
    "osmId": 1006061171,
    "highway": "footway"
   },
   "geometry": {
    "type": "LineString",
    "coordinates": [
     [
      -106.761871,
      32.283899
     ],
     [
      -106.761811,
      32.283912
     ],
     [
      -106.761754,
      32.283922
     ],
     [
      -106.761712,
      32.283925
     ],
     [
      -106.761531,
      32.283937
     ]
    ]
   }
  },
  {
   "type": "Feature",
   "properties": {
    "osmId": 1006061172,
    "highway": "footway"
   },
   "geometry": {
    "type": "LineString",
    "coordinates": [
     [
      -106.762455,
      32.285606
     ],
     [
      -106.762469,
      32.285609
     ],
     [
      -106.762483,
      32.285616
     ],
     [
      -106.762493,
      32.285629
     ],
     [
      -106.762572,
      32.28584
     ],
     [
      -106.76265,
      32.286048
     ],
     [
      -106.762786,
      32.286413
     ],
     [
      -106.762941,
      32.286817
     ],
     [
      -106.763022,
      32.287031
     ],
     [
      -106.763112,
      32.287285
     ],
     [
      -106.763159,
      32.287427
     ],
     [
      -106.763234,
      32.287661
     ],
     [
      -106.763336,
      32.287943
     ],
     [
      -106.763593,
      32.288642
     ],
     [
      -106.763635,
      32.288764
     ],
     [
      -106.763676,
      32.288887
     ],
     [
      -106.763742,
      32.289091
     ],
     [
      -106.763748,
      32.289114
     ],
     [
      -106.763748,
      32.289132
     ],
     [
      -106.763745,
      32.289142
     ],
     [
      -106.763738,
      32.289154
     ],
     [
      -106.763715,
      32.289163
     ],
     [
      -106.763611,
      32.289186
     ],
     [
      -106.763191,
      32.28929
     ],
     [
      -106.762699,
      32.289403
     ],
     [
      -106.76267,
      32.289405
     ],
     [
      -106.76265,
      32.289402
     ],
     [
      -106.762624,
      32.289392
     ],
     [
      -106.762604,
      32.289374
     ],
     [
      -106.762595,
      32.28936
     ],
     [
      -106.762538,
      32.289164
     ],
     [
      -106.76254,
      32.289142
     ],
     [
      -106.762548,
      32.289119
     ],
     [
      -106.762565,
      32.289101
     ],
     [
      -106.762593,
      32.289085
     ],
     [
      -106.762644,
      32.289074
     ],
     [
      -106.762723,
      32.289055
     ],
     [
      -106.763018,
      32.288977
     ],
     [
      -106.763066,
      32.288965
     ],
     [
      -106.763101,
      32.288962
     ],
     [
      -106.763143,
      32.288968
     ],
     [
      -106.763185,
      32.28896
     ],
     [
      -106.763224,
      32.288945
     ],
     [
      -106.763257,
      32.288917
     ],
     [
      -106.763275,
      32.288893
     ],
     [
      -106.763289,
      32.28885
     ],
     [
      -106.763285,
      32.288817
     ],
     [
      -106.763272,
      32.288786
     ],
     [
      -106.763248,
      32.288759
     ],
     [
      -106.763226,
      32.288739
     ],
     [
      -106.763209,
      32.288702
     ],
     [
      -106.763163,
      32.288568
     ],
     [
      -106.763076,
      32.288338
     ],
     [
      -106.763055,
      32.288299
     ],
     [
      -106.763029,
      32.288252
     ],
     [
      -106.76299,
      32.288199
     ],
     [
      -106.762934,
      32.288139
     ],
     [
      -106.762876,
      32.288086
     ],
     [
      -106.76283,
      32.288054
     ],
     [
      -106.762772,
      32.288015
     ],
     [
      -106.762699,
      32.287979
     ],
     [
      -106.762588,
      32.287934
     ],
     [
      -106.762396,
      32.287858
     ],
     [
      -106.762341,
      32.287836
     ],
     [
      -106.762238,
      32.287794
     ],
     [
      -106.762207,
      32.287778
     ],
     [
      -106.762157,
      32.287753
     ],
     [
      -106.76209,
      32.287706
     ],
     [
      -106.762032,
      32.287655
     ],
     [
      -106.762,
      32.287616
     ],
     [
      -106.761962,
      32.287563
     ],
     [
      -106.761925,
      32.287499
     ],
     [
      -106.761902,
      32.287439
     ],
     [
      -106.761827,
      32.28718
     ],
     [
      -106.761826,
      32.287149
     ],
     [
      -106.761833,
      32.287127
     ],
     [
      -106.761853,
      32.287107
     ],
     [
      -106.761878,
      32.28708
     ],
     [
      -106.761898,
      32.287043
     ],
     [
      -106.761901,
      32.287005
     ],
     [
      -106.761889,
      32.286972
     ],
     [
      -106.761867,
      32.286939
     ],
     [
      -106.761835,
      32.286914
     ],
     [
      -106.761791,
      32.286895
     ],
     [
      -106.761737,
      32.286891
     ],
     [
      -106.7612,
      32.286993
     ],
     [
      -106.760996,
      32.287033
     ],
     [
      -106.760959,
      32.287033
     ],
     [
      -106.760914,
      32.287025
     ],
     [
      -106.760868,
      32.287029
     ],
     [
      -106.760839,
      32.287041
     ],
     [
      -106.760808,
      32.287063
     ],
     [
      -106.760785,
      32.287084
     ],
     [
      -106.760766,
      32.287115
     ],
     [
      -106.760759,
      32.287151
     ],
     [
      -106.760767,
      32.287183
     ],
     [
      -106.760779,
      32.28721
     ],
     [
      -106.760808,
      32.287242
     ],
     [
      -106.760826,
      32.287269
     ],
     [
      -106.760926,
      32.287639
     ],
     [
      -106.760977,
      32.287833
     ],
     [
      -106.76102,
      32.287995
     ],
     [
      -106.761036,
      32.288038
     ],
     [
      -106.761065,
      32.288094
     ],
     [
      -106.761099,
      32.288147
     ],
     [
      -106.761144,
      32.288202
     ],
     [
      -106.761186,
      32.288249
     ],
     [
      -106.76125,
      32.288308
     ],
     [
      -106.761294,
      32.288338
     ],
     [
      -106.761347,
      32.28837
     ],
     [
      -106.761416,
      32.288408
     ],
     [
      -106.761492,
      32.288437
     ],
     [
      -106.761608,
      32.288484
     ],
     [
      -106.761745,
      32.288537
     ],
     [
      -106.761782,
      32.288552
     ],
     [
      -106.761939,
      32.288614
     ],
     [
      -106.761955,
      32.28862
     ],
     [
      -106.762005,
      32.288643
     ],
     [
      -106.762051,
      32.288673
     ],
     [
      -106.762105,
      32.28871
     ],
     [
      -106.762152,
      32.288751
     ],
     [
      -106.76219,
      32.288787
     ],
     [
      -106.762224,
      32.288831
     ],
     [
      -106.76226,
      32.288884
     ],
     [
      -106.762286,
      32.288943
     ],
     [
      -106.762296,
      32.288967
     ],
     [
      -106.762298,
      32.288988
     ],
     [
      -106.762293,
      32.289009
     ],
     [
      -106.76228,
      32.289024
     ],
     [
      -106.762264,
      32.289038
     ],
     [
      -106.762235,
      32.289048
     ],
     [
      -106.761539,
      32.289198
     ],
     [
      -106.761505,
      32.289204
     ],
     [
      -106.761473,
      32.289202
     ],
     [
      -106.761444,
      32.289189
     ],
     [
      -106.761425,
      32.289167
     ],
     [
      -106.761412,
      32.289143
     ],
     [
      -106.761394,
      32.289124
     ],
     [
      -106.761374,
      32.28911
     ],
     [
      -106.761339,
      32.289095
     ],
     [
      -106.761312,
      32.289091
     ],
     [
      -106.761277,
      32.289092
     ],
     [
      -106.761235,
      32.289102
     ],
     [
      -106.761203,
      32.289118
     ],
     [
      -106.761171,
      32.289149
     ],
     [
      -106.76115,
      32.289178
     ],
     [
      -106.761145,
      32.289209
     ],
     [
      -106.761148,
      32.289237
     ],
     [
      -106.761158,
      32.289266
     ],
     [
      -106.761185,
      32.289302
     ],
     [
      -106.761208,
      32.289321
     ],
     [
      -106.761239,
      32.289334
     ],
     [
      -106.761282,
      32.289338
     ],
     [
      -106.761347,
      32.289336
     ],
     [
      -106.761414,
      32.289332
     ],
     [
      -106.76147,
      32.289323
     ],
     [
      -106.761533,
      32.289314
     ],
     [
      -106.76224,
      32.289159
     ],
     [
      -106.762266,
      32.289154
     ],
     [
      -106.762298,
      32.289155
     ],
     [
      -106.762324,
      32.289162
     ],
     [
      -106.762345,
      32.289171
     ],
     [
      -106.762361,
      32.28919
     ],
     [
      -106.762411,
      32.289356
     ],
     [
      -106.76242,
      32.289387
     ],
     [
      -106.76242,
      32.289411
     ],
     [
      -106.762416,
      32.28943
     ],
     [
      -106.762407,
      32.289448
     ],
     [
      -106.762392,
      32.28946
     ],
     [
      -106.762367,
      32.289473
     ],
     [
      -106.761588,
      32.289636
     ],
     [
      -106.76149,
      32.289651
     ],
     [
      -106.76141,
      32.289658
     ],
     [
      -106.760757,
      32.289674
     ],
     [
      -106.760662,
      32.289675
     ],
     [
      -106.760523,
      32.289682
     ],
     [
      -106.760407,
      32.289698
     ],
     [
      -106.760319,
      32.289714
     ],
     [
      -106.760238,
      32.289737
     ],
     [
      -106.760156,
      32.289765
     ],
     [
      -106.759996,
      32.289825
     ],
     [
      -106.759968,
      32.289833
     ],
     [
      -106.759937,
      32.289833
     ],
     [
      -106.759906,
      32.289824
     ],
     [
      -106.759881,
      32.289807
     ],
     [
      -106.75985,
      32.289769
     ],
     [
      -106.759653,
      32.28943
     ],
     [
      -106.759184,
      32.288621
     ],
     [
      -106.758752,
      32.287891
     ],
     [
      -106.758509,
      32.287469
     ],
     [
      -106.75845,
      32.28736
     ],
     [
      -106.758414,
      32.287295
     ],
     [
      -106.758347,
      32.287184
     ],
     [
      -106.758275,
      32.287067
     ],
     [
      -106.758175,
      32.286893
     ],
     [
      -106.758107,
      32.286775
     ],
     [
      -106.758038,
      32.286659
     ],
     [
      -106.757987,
      32.286562
     ],
     [
      -106.757919,
      32.286449
     ],
     [
      -106.757763,
      32.286183
     ],
     [
      -106.757425,
      32.28561
     ],
     [
      -106.757161,
      32.285162
     ],
     [
      -106.757052,
      32.284976
     ],
     [
      -106.756973,
      32.28485
     ],
     [
      -106.756896,
      32.284719
     ],
     [
      -106.756869,
      32.284671
     ],
     [
      -106.756854,
      32.284645
     ],
     [
      -106.7568,
      32.284551
     ],
     [
      -106.756778,
      32.284502
     ],
     [
      -106.75675,
      32.284437
     ],
     [
      -106.756733,
      32.284393
     ],
     [
      -106.756722,
      32.284365
     ],
     [
      -106.756692,
      32.284296
     ],
     [
      -106.756668,
      32.28425
     ],
     [
      -106.756634,
      32.284188
     ],
     [
      -106.756628,
      32.284174
     ],
     [
      -106.756625,
      32.284149
     ],
     [
      -106.75663,
      32.284128
     ],
     [
      -106.756642,
      32.284102
     ],
     [
      -106.756657,
      32.284087
     ],
     [
      -106.756676,
      32.284073
     ],
     [
      -106.756704,
      32.284064
     ],
     [
      -106.758014,
      32.283811
     ],
     [
      -106.758251,
      32.283767
     ],
     [
      -106.75903,
      32.283621
     ],
     [
      -106.759652,
      32.283502
     ],
     [
      -106.759948,
      32.283446
     ],
     [
      -106.760261,
      32.283386
     ],
     [
      -106.760613,
      32.283319
     ],
     [
      -106.761022,
      32.283238
     ],
     [
      -106.761511,
      32.283144
     ],
     [
      -106.76154,
      32.283146
     ],
     [
      -106.761567,
      32.283151
     ],
     [
      -106.761587,
      32.283161
     ],
     [
      -106.761602,
      32.283172
     ],
     [
      -106.761612,
      32.283183
     ],
     [
      -106.761621,
      32.283198
     ],
     [
      -106.761661,
      32.283319
     ],
     [
      -106.761691,
      32.28341
     ],
     [
      -106.761707,
      32.283461
     ],
     [
      -106.761719,
      32.283501
     ],
     [
      -106.761729,
      32.283535
     ],
     [
      -106.761748,
      32.283592
     ],
     [
      -106.761765,
      32.283631
     ],
     [
      -106.761783,
      32.283674
     ],
     [
      -106.761796,
      32.283689
     ],
     [
      -106.761871,
      32.283899
     ],
     [
      -106.761916,
      32.28402
     ],
     [
      -106.761913,
      32.284034
     ],
     [
      -106.761916,
      32.284049
     ],
     [
      -106.761927,
      32.28406
     ],
     [
      -106.761935,
      32.28407
     ],
     [
      -106.761979,
      32.284194
     ],
     [
      -106.762076,
      32.284467
     ],
     [
      -106.76209,
      32.284506
     ],
     [
      -106.762109,
      32.28456
     ],
     [
      -106.762128,
      32.284612
     ],
     [
      -106.762143,
      32.284655
     ],
     [
      -106.762159,
      32.284701
     ],
     [
      -106.762216,
      32.284859
     ],
     [
      -106.762309,
      32.285116
     ],
     [
      -106.762418,
      32.285408
     ],
     [
      -106.76242,
      32.285427
     ],
     [
      -106.762413,
      32.285446
     ],
     [
      -106.762395,
      32.285465
     ],
     [
      -106.76237,
      32.285476
     ],
     [
      -106.762298,
      32.28549
     ],
     [
      -106.762215,
      32.285505
     ],
     [
      -106.762186,
      32.285511
     ],
     [
      -106.761852,
      32.285579
     ],
     [
      -106.76174,
      32.285601
     ]
    ]
   }
  },
  {
   "type": "Feature",
   "properties": {
    "osmId": 1006249258,
    "highway": "footway"
   },
   "geometry": {
    "type": "LineString",
    "coordinates": [
     [
      -106.752507,
      32.278985
     ],
     [
      -106.751971,
      32.279083
     ]
    ]
   }
  },
  {
   "type": "Feature",
   "properties": {
    "osmId": 1006249259,
    "highway": "footway"
   },
   "geometry": {
    "type": "LineString",
    "coordinates": [
     [
      -106.752464,
      32.278793
     ],
     [
      -106.752507,
      32.278985
     ],
     [
      -106.752531,
      32.279066
     ]
    ]
   }
  },
  {
   "type": "Feature",
   "properties": {
    "osmId": 1006328963,
    "highway": "footway"
   },
   "geometry": {
    "type": "LineString",
    "coordinates": [
     [
      -106.754971,
      32.285408
     ],
     [
      -106.755045,
      32.285397
     ],
     [
      -106.755115,
      32.285386
     ]
    ]
   }
  },
  {
   "type": "Feature",
   "properties": {
    "osmId": 1006328979,
    "highway": "footway"
   },
   "geometry": {
    "type": "LineString",
    "coordinates": [
     [
      -106.754902,
      32.284438
     ],
     [
      -106.754804,
      32.284456
     ],
     [
      -106.754694,
      32.284477
     ]
    ]
   }
  },
  {
   "type": "Feature",
   "properties": {
    "osmId": 1006329004,
    "highway": "footway"
   },
   "geometry": {
    "type": "LineString",
    "coordinates": [
     [
      -106.756336,
      32.284149
     ],
     [
      -106.756294,
      32.284051
     ],
     [
      -106.756247,
      32.283942
     ]
    ]
   }
  },
  {
   "type": "Feature",
   "properties": {
    "osmId": 1006329005,
    "highway": "footway"
   },
   "geometry": {
    "type": "LineString",
    "coordinates": [
     [
      -106.756363,
      32.284161
     ],
     [
      -106.756481,
      32.284136
     ],
     [
      -106.756642,
      32.284102
     ]
    ]
   }
  },
  {
   "type": "Feature",
   "properties": {
    "osmId": 1006329006,
    "highway": "footway"
   },
   "geometry": {
    "type": "LineString",
    "coordinates": [
     [
      -106.755421,
      32.284328
     ],
     [
      -106.756275,
      32.284152
     ],
     [
      -106.756314,
      32.284147
     ],
     [
      -106.756336,
      32.284149
     ],
     [
      -106.756355,
      32.284157
     ],
     [
      -106.756363,
      32.284161
     ],
     [
      -106.756375,
      32.28417
     ],
     [
      -106.756391,
      32.284187
     ],
     [
      -106.756404,
      32.284206
     ],
     [
      -106.756698,
      32.284705
     ],
     [
      -106.75689,
      32.285028
     ],
     [
      -106.75689,
      32.28504
     ],
     [
      -106.756884,
      32.285049
     ],
     [
      -106.756874,
      32.285055
     ],
     [
      -106.756866,
      32.285057
     ],
     [
      -106.756163,
      32.285189
     ],
     [
      -106.755459,
      32.285325
     ],
     [
      -106.755151,
      32.285384
     ],
     [
      -106.755133,
      32.285387
     ],
     [
      -106.755115,
      32.285386
     ],
     [
      -106.755101,
      32.285378
     ],
     [
      -106.755088,
      32.285366
     ],
     [
      -106.755083,
      32.28535
     ],
     [
      -106.754957,
      32.284846
     ],
     [
      -106.754872,
      32.284511
     ],
     [
      -106.754874,
      32.28448
     ],
     [
      -106.754882,
      32.284458
     ],
     [
      -106.754902,
      32.284438
     ],
     [
      -106.754927,
      32.284426
     ],
     [
      -106.754956,
      32.284417
     ],
     [
      -106.755421,
      32.284328
     ]
    ]
   }
  },
  {
   "type": "Feature",
   "properties": {
    "osmId": 1006329015,
    "highway": "footway"
   },
   "geometry": {
    "type": "LineString",
    "coordinates": [
     [
      -106.756642,
      32.284102
     ],
     [
      -106.756587,
      32.283992
     ],
     [
      -106.756521,
      32.283861
     ]
    ]
   }
  },
  {
   "type": "Feature",
   "properties": {
    "osmId": 1007786375,
    "highway": "footway"
   },
   "geometry": {
    "type": "LineString",
    "coordinates": [
     [
      -106.756381,
      32.283492
     ],
     [
      -106.756513,
      32.283467
     ]
    ]
   }
  },
  {
   "type": "Feature",
   "properties": {
    "osmId": 1007786385,
    "highway": "footway"
   },
   "geometry": {
    "type": "LineString",
    "coordinates": [
     [
      -106.753033,
      32.283059
     ],
     [
      -106.753057,
      32.283154
     ]
    ]
   }
  },
  {
   "type": "Feature",
   "properties": {
    "osmId": 1007786387,
    "highway": "footway"
   },
   "geometry": {
    "type": "LineString",
    "coordinates": [
     [
      -106.752521,
      32.28285
     ],
     [
      -106.752511,
      32.282868
     ],
     [
      -106.752487,
      32.282878
     ],
     [
      -106.752459,
      32.282885
     ],
     [
      -106.752211,
      32.282925
     ]
    ]
   }
  },
  {
   "type": "Feature",
   "properties": {
    "osmId": 1007786388,
    "highway": "footway"
   },
   "geometry": {
    "type": "LineString",
    "coordinates": [
     [
      -106.752549,
      32.283111
     ],
     [
      -106.752529,
      32.283114
     ]
    ]
   }
  },
  {
   "type": "Feature",
   "properties": {
    "osmId": 1007786389,
    "highway": "steps"
   },
   "geometry": {
    "type": "LineString",
    "coordinates": [
     [
      -106.752567,
      32.283107
     ],
     [
      -106.752549,
      32.283111
     ]
    ]
   }
  },
  {
   "type": "Feature",
   "properties": {
    "osmId": 1007786390,
    "highway": "footway"
   },
   "geometry": {
    "type": "LineString",
    "coordinates": [
     [
      -106.752634,
      32.283272
     ],
     [
      -106.752762,
      32.283073
     ],
     [
      -106.752592,
      32.283103
     ],
     [
      -106.752567,
      32.283107
     ]
    ]
   }
  },
  {
   "type": "Feature",
   "properties": {
    "osmId": 1007786391,
    "highway": "footway"
   },
   "geometry": {
    "type": "LineString",
    "coordinates": [
     [
      -106.75264,
      32.283297
     ],
     [
      -106.752634,
      32.283272
     ],
     [
      -106.752592,
      32.283103
     ],
     [
      -106.752556,
      32.283074
     ],
     [
      -106.752544,
      32.28304
     ],
     [
      -106.752516,
      32.282911
     ],
     [
      -106.752487,
      32.282878
     ]
    ]
   }
  },
  {
   "type": "Feature",
   "properties": {
    "osmId": 1038000092,
    "highway": "footway"
   },
   "geometry": {
    "type": "LineString",
    "coordinates": [
     [
      -106.751531,
      32.279176
     ],
     [
      -106.751505,
      32.279182
     ],
     [
      -106.751533,
      32.279289
     ],
     [
      -106.751564,
      32.279398
     ],
     [
      -106.751588,
      32.279394
     ],
     [
      -106.751595,
      32.279419
     ],
     [
      -106.751609,
      32.279469
     ],
     [
      -106.751709,
      32.279494
     ]
    ]
   }
  },
  {
   "type": "Feature",
   "properties": {
    "osmId": 1038000093,
    "highway": "footway"
   },
   "geometry": {
    "type": "LineString",
    "coordinates": [
     [
      -106.751485,
      32.27898
     ],
     [
      -106.751521,
      32.279137
     ]
    ]
   }
  },
  {
   "type": "Feature",
   "properties": {
    "osmId": 1038000094,
    "highway": "footway"
   },
   "geometry": {
    "type": "LineString",
    "coordinates": [
     [
      -106.751542,
      32.279429
     ],
     [
      -106.751595,
      32.279419
     ]
    ]
   }
  },
  {
   "type": "Feature",
   "properties": {
    "osmId": 1038000095,
    "highway": "steps"
   },
   "geometry": {
    "type": "LineString",
    "coordinates": [
     [
      -106.751744,
      32.279486
     ],
     [
      -106.751758,
      32.279535
     ]
    ]
   }
  },
  {
   "type": "Feature",
   "properties": {
    "osmId": 1151088143,
    "highway": "footway"
   },
   "geometry": {
    "type": "LineString",
    "coordinates": [
     [
      -106.747034,
      32.284144
     ],
     [
      -106.74696,
      32.284154
     ],
     [
      -106.746976,
      32.284271
     ],
     [
      -106.747085,
      32.284754
     ],
     [
      -106.747121,
      32.284922
     ],
     [
      -106.747159,
      32.285114
     ],
     [
      -106.747213,
      32.285252
     ],
     [
      -106.7473,
      32.285672
     ],
     [
      -106.747292,
      32.285705
     ],
     [
      -106.74728,
      32.285726
     ]
    ]
   }
  },
  {
   "type": "Feature",
   "properties": {
    "osmId": 1151092097,
    "highway": "footway"
   },
   "geometry": {
    "type": "LineString",
    "coordinates": [
     [
      -106.74041,
      32.281772
     ],
     [
      -106.740327,
      32.281789
     ],
     [
      -106.740218,
      32.281812
     ]
    ]
   }
  },
  {
   "type": "Feature",
   "properties": {
    "osmId": 1151092098,
    "highway": "footway"
   },
   "geometry": {
    "type": "LineString",
    "coordinates": [
     [
      -106.737926,
      32.282108
     ],
     [
      -106.737973,
      32.282137
     ],
     [
      -106.738232,
      32.282173
     ],
     [
      -106.739214,
      32.281976
     ],
     [
      -106.740013,
      32.281831
     ],
     [
      -106.740144,
      32.281791
     ],
     [
      -106.740135,
      32.281717
     ],
     [
      -106.739926,
      32.28098
     ],
     [
      -106.739841,
      32.280806
     ],
     [
      -106.739419,
      32.280235
     ],
     [
      -106.739309,
      32.279844
     ],
     [
      -106.739315,
      32.279393
     ],
     [
      -106.739356,
      32.278948
     ],
     [
      -106.739334,
      32.278739
     ],
     [
      -106.739213,
      32.278424
     ],
     [
      -106.739084,
      32.278292
     ],
     [
      -106.73899,
      32.278289
     ],
     [
      -106.738918,
      32.278364
     ],
     [
      -106.73877,
      32.278755
     ],
     [
      -106.738081,
      32.279767
     ],
     [
      -106.737679,
      32.280368
     ],
     [
      -106.73758,
      32.280601
     ],
     [
      -106.737657,
      32.280915
     ],
     [
      -106.737844,
      32.28163
     ],
     [
      -106.737822,
      32.281744
     ],
     [
      -106.737861,
      32.28196
     ],
     [
      -106.737833,
      32.28203
     ],
     [
      -106.737844,
      32.282077
     ],
     [
      -106.737926,
      32.282108
     ]
    ]
   }
  },
  {
   "type": "Feature",
   "properties": {
    "osmId": 1151092099,
    "highway": "footway"
   },
   "geometry": {
    "type": "LineString",
    "coordinates": [
     [
      -106.740218,
      32.281812
     ],
     [
      -106.740144,
      32.281791
     ]
    ]
   }
  },
  {
   "type": "Feature",
   "properties": {
    "osmId": 1151107677,
    "highway": "footway"
   },
   "geometry": {
    "type": "LineString",
    "coordinates": [
     [
      -106.747522,
      32.285692
     ],
     [
      -106.747396,
      32.28571
     ],
     [
      -106.74728,
      32.285726
     ]
    ]
   }
  },
  {
   "type": "Feature",
   "properties": {
    "osmId": 1206023970,
    "highway": "footway"
   },
   "geometry": {
    "type": "LineString",
    "coordinates": [
     [
      -106.745683,
      32.2821
     ],
     [
      -106.745624,
      32.281888
     ]
    ]
   }
  },
  {
   "type": "Feature",
   "properties": {
    "osmId": 1206023971,
    "highway": "footway"
   },
   "geometry": {
    "type": "LineString",
    "coordinates": [
     [
      -106.745624,
      32.281888
     ],
     [
      -106.745525,
      32.281559
     ]
    ]
   }
  },
  {
   "type": "Feature",
   "properties": {
    "osmId": 1213163310,
    "highway": "steps"
   },
   "geometry": {
    "type": "LineString",
    "coordinates": [
     [
      -106.752884,
      32.282171
     ],
     [
      -106.752877,
      32.282142
     ]
    ]
   }
  },
  {
   "type": "Feature",
   "properties": {
    "osmId": 1228793881,
    "highway": "footway"
   },
   "geometry": {
    "type": "LineString",
    "coordinates": [
     [
      -106.754007,
      32.283776
     ],
     [
      -106.753979,
      32.283667
     ]
    ]
   }
  },
  {
   "type": "Feature",
   "properties": {
    "osmId": 1228793882,
    "highway": "footway"
   },
   "geometry": {
    "type": "LineString",
    "coordinates": [
     [
      -106.753979,
      32.283667
     ],
     [
      -106.753942,
      32.283524
     ]
    ]
   }
  },
  {
   "type": "Feature",
   "properties": {
    "osmId": 1228794590,
    "highway": "footway"
   },
   "geometry": {
    "type": "LineString",
    "coordinates": [
     [
      -106.757539,
      32.282049
     ],
     [
      -106.757559,
      32.28206
     ]
    ]
   }
  },
  {
   "type": "Feature",
   "properties": {
    "osmId": 1228794591,
    "highway": "footway"
   },
   "geometry": {
    "type": "LineString",
    "coordinates": [
     [
      -106.757559,
      32.28206
     ],
     [
      -106.757651,
      32.282108
     ],
     [
      -106.757871,
      32.282068
     ],
     [
      -106.757762,
      32.281653
     ]
    ]
   }
  },
  {
   "type": "Feature",
   "properties": {
    "osmId": 1275970039,
    "highway": "footway"
   },
   "geometry": {
    "type": "LineString",
    "coordinates": [
     [
      -106.735207,
      32.260669
     ],
     [
      -106.735199,
      32.26068
     ],
     [
      -106.735196,
      32.260689
     ],
     [
      -106.735193,
      32.2607
     ],
     [
      -106.735192,
      32.260714
     ],
     [
      -106.735194,
      32.260727
     ],
     [
      -106.7352,
      32.260747
     ],
     [
      -106.73524,
      32.260884
     ],
     [
      -106.735243,
      32.260899
     ],
     [
      -106.735247,
      32.260917
     ],
     [
      -106.735249,
      32.260936
     ],
     [
      -106.73525,
      32.260956
     ],
     [
      -106.735253,
      32.261386
     ],
     [
      -106.735253,
      32.261397
     ],
     [
      -106.735257,
      32.26141
     ],
     [
      -106.735266,
      32.261425
     ],
     [
      -106.735276,
      32.261435
     ],
     [
      -106.735288,
      32.261446
     ],
     [
      -106.735304,
      32.261453
     ],
     [
      -106.735325,
      32.261459
     ],
     [
      -106.735348,
      32.261461
     ],
     [
      -106.73537,
      32.261462
     ],
     [
      -106.737217,
      32.261464
     ],
     [
      -106.737233,
      32.261463
     ],
     [
      -106.737247,
      32.261459
     ],
     [
      -106.737264,
      32.261451
     ],
     [
      -106.737307,
      32.261421
     ],
     [
      -106.73732,
      32.261414
     ],
     [
      -106.737333,
      32.261407
     ],
     [
      -106.737346,
      32.261403
     ],
     [
      -106.737359,
      32.2614
     ],
     [
      -106.737375,
      32.261397
     ],
     [
      -106.737394,
      32.261395
     ],
     [
      -106.737408,
      32.261396
     ],
     [
      -106.737428,
      32.261399
     ],
     [
      -106.737442,
      32.261401
     ],
     [
      -106.737456,
      32.261408
     ],
     [
      -106.737499,
      32.261433
     ],
     [
      -106.737521,
      32.261459
     ],
     [
      -106.737527,
      32.26147
     ],
     [
      -106.737532,
      32.26148
     ],
     [
      -106.737536,
      32.261491
     ],
     [
      -106.737539,
      32.261502
     ],
     [
      -106.737541,
      32.261513
     ],
     [
      -106.737542,
      32.261524
     ],
     [
      -106.737541,
      32.261533
     ],
     [
      -106.737539,
      32.261542
     ],
     [
      -106.737535,
      32.261552
     ],
     [
      -106.737529,
      32.261561
     ],
     [
      -106.737524,
      32.26157
     ],
     [
      -106.737515,
      32.26158
     ],
     [
      -106.737505,
      32.26159
     ],
     [
      -106.737494,
      32.2616
     ],
     [
      -106.737482,
      32.261611
     ],
     [
      -106.737472,
      32.26162
     ],
     [
      -106.737458,
      32.26163
     ],
     [
      -106.737446,
      32.26164
     ],
     [
      -106.737437,
      32.261648
     ],
     [
      -106.737431,
      32.261655
     ],
     [
      -106.737426,
      32.261662
     ],
     [
      -106.737422,
      32.26167
     ],
     [
      -106.737419,
      32.261679
     ],
     [
      -106.737415,
      32.26169
     ],
     [
      -106.737411,
      32.261703
     ],
     [
      -106.737266,
      32.262209
     ],
     [
      -106.737252,
      32.262257
     ],
     [
      -106.73724,
      32.262288
     ],
     [
      -106.737226,
      32.262314
     ],
     [
      -106.737213,
      32.262339
     ],
     [
      -106.737198,
      32.262365
     ],
     [
      -106.73718,
      32.262396
     ],
     [
      -106.737165,
      32.262416
     ],
     [
      -106.737152,
      32.262428
     ],
     [
      -106.737142,
      32.262443
     ],
     [
      -106.737135,
      32.262453
     ],
     [
      -106.737133,
      32.262467
     ],
     [
      -106.737133,
      32.262479
     ],
     [
      -106.737135,
      32.262494
     ],
     [
      -106.73714,
      32.262509
     ],
     [
      -106.737145,
      32.26252
     ],
     [
      -106.737154,
      32.262531
     ],
     [
      -106.737171,
      32.262544
     ],
     [
      -106.738445,
      32.263454
     ],
     [
      -106.738459,
      32.263461
     ],
     [
      -106.738472,
      32.263467
     ],
     [
      -106.738485,
      32.263472
     ],
     [
      -106.738501,
      32.263475
     ],
     [
      -106.738517,
      32.263475
     ],
     [
      -106.738537,
      32.263475
     ],
     [
      -106.738555,
      32.263476
     ],
     [
      -106.738572,
      32.263479
     ],
     [
      -106.738587,
      32.263482
     ],
     [
      -106.7386,
      32.263485
     ],
     [
      -106.738614,
      32.263489
     ],
     [
      -106.738629,
      32.263495
     ],
     [
      -106.738641,
      32.263503
     ],
     [
      -106.738652,
      32.263513
     ],
     [
      -106.738664,
      32.263522
     ],
     [
      -106.738673,
      32.263533
     ],
     [
      -106.738678,
      32.263545
     ],
     [
      -106.738682,
      32.263554
     ],
     [
      -106.738685,
      32.263564
     ],
     [
      -106.738687,
      32.263579
     ],
     [
      -106.738688,
      32.263593
     ],
     [
      -106.738688,
      32.263609
     ],
     [
      -106.738687,
      32.263626
     ],
     [
      -106.738684,
      32.26364
     ],
     [
      -106.738679,
      32.26365
     ],
     [
      -106.738671,
      32.263661
     ],
     [
      -106.738661,
      32.263672
     ],
     [
      -106.738647,
      32.263683
     ],
     [
      -106.738632,
      32.263693
     ],
     [
      -106.738616,
      32.263702
     ],
     [
      -106.738599,
      32.263709
     ],
     [
      -106.738581,
      32.263716
     ],
     [
      -106.738566,
      32.26372
     ],
     [
      -106.738548,
      32.26372
     ],
     [
      -106.738531,
      32.263718
     ],
     [
      -106.738512,
      32.263714
     ],
     [
      -106.738496,
      32.26371
     ],
     [
      -106.738481,
      32.263706
     ],
     [
      -106.738469,
      32.263702
     ],
     [
      -106.738458,
      32.263698
     ],
     [
      -106.738444,
      32.263695
     ],
     [
      -106.738432,
      32.263692
     ],
     [
      -106.738417,
      32.26369
     ],
     [
      -106.738402,
      32.263689
     ],
     [
      -106.73839,
      32.26369
     ],
     [
      -106.738379,
      32.263693
     ],
     [
      -106.738052,
      32.263772
     ],
     [
      -106.738034,
      32.263776
     ],
     [
      -106.738021,
      32.263778
     ],
     [
      -106.738005,
      32.263781
     ],
     [
      -106.737988,
      32.263784
     ],
     [
      -106.737964,
      32.263786
     ],
     [
      -106.737936,
      32.26379
     ],
     [
      -106.737916,
      32.263792
     ],
     [
      -106.737895,
      32.263793
     ],
     [
      -106.737872,
      32.263795
     ],
     [
      -106.737841,
      32.263794
     ],
     [
      -106.73782,
      32.263793
     ],
     [
      -106.737798,
      32.263794
     ],
     [
      -106.737777,
      32.263793
     ],
     [
      -106.737756,
      32.26379
     ],
     [
      -106.737734,
      32.263787
     ],
     [
      -106.737709,
      32.263783
     ],
     [
      -106.737688,
      32.26378
     ],
     [
      -106.73767,
      32.263776
     ],
     [
      -106.737652,
      32.263773
     ],
     [
      -106.737629,
      32.263767
     ],
     [
      -106.737604,
      32.263762
     ],
     [
      -106.737582,
      32.263757
     ],
     [
      -106.737565,
      32.263753
     ],
     [
      -106.737545,
      32.263749
     ],
     [
      -106.737517,
      32.263742
     ]
    ]
   }
  },
  {
   "type": "Feature",
   "properties": {
    "osmId": 1315262273,
    "highway": "footway"
   },
   "geometry": {
    "type": "LineString",
    "coordinates": [
     [
      -106.740218,
      32.281812
     ],
     [
      -106.740243,
      32.281895
     ],
     [
      -106.740265,
      32.281968
     ]
    ]
   }
  },
  {
   "type": "Feature",
   "properties": {
    "osmId": 1315269577,
    "highway": "footway"
   },
   "geometry": {
    "type": "LineString",
    "coordinates": [
     [
      -106.747279,
      32.273406
     ],
     [
      -106.747188,
      32.273421
     ],
     [
      -106.747093,
      32.273438
     ]
    ]
   }
  },
  {
   "type": "Feature",
   "properties": {
    "osmId": 1315269578,
    "highway": "footway"
   },
   "geometry": {
    "type": "LineString",
    "coordinates": [
     [
      -106.747279,
      32.273406
     ],
     [
      -106.747259,
      32.273329
     ],
     [
      -106.74724,
      32.27326
     ]
    ]
   }
  },
  {
   "type": "Feature",
   "properties": {
    "osmId": 1315269580,
    "highway": "footway"
   },
   "geometry": {
    "type": "LineString",
    "coordinates": [
     [
      -106.745288,
      32.277023
     ],
     [
      -106.745206,
      32.277057
     ],
     [
      -106.745116,
      32.277093
     ]
    ]
   }
  },
  {
   "type": "Feature",
   "properties": {
    "osmId": 1315269581,
    "highway": "footway"
   },
   "geometry": {
    "type": "LineString",
    "coordinates": [
     [
      -106.745161,
      32.277258
     ],
     [
      -106.745137,
      32.277169
     ],
     [
      -106.745116,
      32.277093
     ]
    ]
   }
  },
  {
   "type": "Feature",
   "properties": {
    "osmId": 1315419757,
    "highway": "footway"
   },
   "geometry": {
    "type": "LineString",
    "coordinates": [
     [
      -106.746074,
      32.280001
     ],
     [
      -106.745994,
      32.280015
     ],
     [
      -106.745899,
      32.280031
     ]
    ]
   }
  },
  {
   "type": "Feature",
   "properties": {
    "osmId": 1338137915,
    "highway": "footway"
   },
   "geometry": {
    "type": "LineString",
    "coordinates": [
     [
      -106.752195,
      32.282631
     ],
     [
      -106.752236,
      32.282812
     ],
     [
      -106.752108,
      32.282852
     ],
     [
      -106.751795,
      32.28291
     ]
    ]
   }
  },
  {
   "type": "Feature",
   "properties": {
    "osmId": 1338137916,
    "highway": "footway"
   },
   "geometry": {
    "type": "LineString",
    "coordinates": [
     [
      -106.752236,
      32.282812
     ],
     [
      -106.752254,
      32.282886
     ],
     [
      -106.752425,
      32.282855
     ]
    ]
   }
  },
  {
   "type": "Feature",
   "properties": {
    "osmId": 1338137917,
    "highway": "footway"
   },
   "geometry": {
    "type": "LineString",
    "coordinates": [
     [
      -106.752443,
      32.282878
     ],
     [
      -106.752377,
      32.282916
     ],
     [
      -106.752335,
      32.282946
     ],
     [
      -106.752292,
      32.282979
     ],
     [
      -106.752264,
      32.283004
     ],
     [
      -106.751838,
      32.283083
     ]
    ]
   }
  },
  {
   "type": "Feature",
   "properties": {
    "osmId": 1370769090,
    "highway": "footway"
   },
   "geometry": {
    "type": "LineString",
    "coordinates": [
     [
      -106.753158,
      32.285878
     ],
     [
      -106.753161,
      32.285907
     ],
     [
      -106.753279,
      32.286352
     ],
     [
      -106.753405,
      32.286819
     ]
    ]
   }
  },
  {
   "type": "Feature",
   "properties": {
    "osmId": 1370769091,
    "highway": "footway"
   },
   "geometry": {
    "type": "LineString",
    "coordinates": [
     [
      -106.753126,
      32.28575
     ],
     [
      -106.753146,
      32.285826
     ],
     [
      -106.753158,
      32.285878
     ]
    ]
   }
  },
  {
   "type": "Feature",
   "properties": {
    "osmId": 1370769092,
    "highway": "footway"
   },
   "geometry": {
    "type": "LineString",
    "coordinates": [
     [
      -106.753126,
      32.28575
     ],
     [
      -106.752998,
      32.285264
     ],
     [
      -106.7529,
      32.284889
     ],
     [
      -106.7529,
      32.284871
     ],
     [
      -106.752901,
      32.284862
     ],
     [
      -106.752902,
      32.284854
     ],
     [
      -106.752908,
      32.284835
     ],
     [
      -106.752916,
      32.284821
     ]
    ]
   }
  },
  {
   "type": "Feature",
   "properties": {
    "osmId": 1370769095,
    "highway": "footway"
   },
   "geometry": {
    "type": "LineString",
    "coordinates": [
     [
      -106.753826,
      32.284012
     ],
     [
      -106.753833,
      32.284046
     ],
     [
      -106.753881,
      32.284211
     ],
     [
      -106.753934,
      32.284398
     ]
    ]
   }
  },
  {
   "type": "Feature",
   "properties": {
    "osmId": 1370769096,
    "highway": "footway"
   },
   "geometry": {
    "type": "LineString",
    "coordinates": [
     [
      -106.75351,
      32.282845
     ],
     [
      -106.753529,
      32.282904
     ],
     [
      -106.753548,
      32.282967
     ]
    ]
   }
  },
  {
   "type": "Feature",
   "properties": {
    "osmId": 1370769097,
    "highway": "footway"
   },
   "geometry": {
    "type": "LineString",
    "coordinates": [
     [
      -106.753826,
      32.284012
     ],
     [
      -106.754053,
      32.283967
     ],
     [
      -106.754007,
      32.283776
     ]
    ]
   }
  },
  {
   "type": "Feature",
   "properties": {
    "osmId": 1370769098,
    "highway": "footway"
   },
   "geometry": {
    "type": "LineString",
    "coordinates": [
     [
      -106.75347,
      32.281762
     ],
     [
      -106.753571,
      32.281749
     ],
     [
      -106.753648,
      32.281739
     ]
    ]
   }
  },
  {
   "type": "Feature",
   "properties": {
    "osmId": 1370769099,
    "highway": "footway"
   },
   "geometry": {
    "type": "LineString",
    "coordinates": [
     [
      -106.752569,
      32.28199
     ],
     [
      -106.752606,
      32.281966
     ],
     [
      -106.752658,
      32.281938
     ],
     [
      -106.752724,
      32.281908
     ],
     [
      -106.752812,
      32.281883
     ],
     [
      -106.753007,
      32.281847
     ],
     [
      -106.75311,
      32.281828
     ],
     [
      -106.753216,
      32.281809
     ],
     [
      -106.753263,
      32.281801
     ],
     [
      -106.753285,
      32.281789
     ]
    ]
   }
  },
  {
   "type": "Feature",
   "properties": {
    "osmId": 1370769100,
    "highway": "footway"
   },
   "geometry": {
    "type": "LineString",
    "coordinates": [
     [
      -106.753284,
      32.281036
     ],
     [
      -106.753271,
      32.281029
     ],
     [
      -106.753251,
      32.281027
     ],
     [
      -106.752564,
      32.281163
     ],
     [
      -106.75203,
      32.281265
     ],
     [
      -106.7513,
      32.281404
     ],
     [
      -106.750702,
      32.281518
     ],
     [
      -106.750644,
      32.281531
     ],
     [
      -106.750605,
      32.281549
     ],
     [
      -106.750514,
      32.281599
     ]
    ]
   }
  },
  {
   "type": "Feature",
   "properties": {
    "osmId": 1370769101,
    "highway": "footway"
   },
   "geometry": {
    "type": "LineString",
    "coordinates": [
     [
      -106.753315,
      32.280883
     ],
     [
      -106.753178,
      32.280344
     ],
     [
      -106.753163,
      32.280284
     ]
    ]
   }
  },
  {
   "type": "Feature",
   "properties": {
    "osmId": 1370769102,
    "highway": "footway"
   },
   "geometry": {
    "type": "LineString",
    "coordinates": [
     [
      -106.751053,
      32.280797
     ],
     [
      -106.751105,
      32.280987
     ],
     [
      -106.751186,
      32.281294
     ],
     [
      -106.7515,
      32.281234
     ],
     [
      -106.751826,
      32.281172
     ],
     [
      -106.75239,
      32.281063
     ],
     [
      -106.752831,
      32.280977
     ],
     [
      -106.753009,
      32.280942
     ],
     [
      -106.753168,
      32.280911
     ],
     [
      -106.753315,
      32.280883
     ]
    ]
   }
  },
  {
   "type": "Feature",
   "properties": {
    "osmId": 1370769103,
    "highway": "footway"
   },
   "geometry": {
    "type": "LineString",
    "coordinates": [
     [
      -106.752965,
      32.279574
     ],
     [
      -106.75298,
      32.279588
     ],
     [
      -106.752991,
      32.279616
     ],
     [
      -106.753138,
      32.2802
     ],
     [
      -106.75315,
      32.280238
     ],
     [
      -106.753163,
      32.280284
     ]
    ]
   }
  },
  {
   "type": "Feature",
   "properties": {
    "osmId": 1370769104,
    "highway": "footway"
   },
   "geometry": {
    "type": "LineString",
    "coordinates": [
     [
      -106.752965,
      32.279574
     ],
     [
      -106.752946,
      32.279494
     ],
     [
      -106.752924,
      32.279403
     ]
    ]
   }
  },
  {
   "type": "Feature",
   "properties": {
    "osmId": 1370769105,
    "highway": "footway"
   },
   "geometry": {
    "type": "LineString",
    "coordinates": [
     [
      -106.752676,
      32.277565
     ],
     [
      -106.752631,
      32.277573
     ],
     [
      -106.752629,
      32.277578
     ],
     [
      -106.75296,
      32.278886
     ],
     [
      -106.752969,
      32.27892
     ],
     [
      -106.753053,
      32.279254
     ],
     [
      -106.753077,
      32.279346
     ],
     [
      -106.75309,
      32.279359
     ],
     [
      -106.7531,
      32.279373
     ]
    ]
   }
  },
  {
   "type": "Feature",
   "properties": {
    "osmId": 1370769106,
    "highway": "footway"
   },
   "geometry": {
    "type": "LineString",
    "coordinates": [
     [
      -106.752924,
      32.279403
     ],
     [
      -106.753003,
      32.279389
     ],
     [
      -106.7531,
      32.279373
     ]
    ]
   }
  },
  {
   "type": "Feature",
   "properties": {
    "osmId": 1370769107,
    "highway": "footway"
   },
   "geometry": {
    "type": "LineString",
    "coordinates": [
     [
      -106.752924,
      32.279403
     ],
     [
      -106.752908,
      32.279417
     ]
    ]
   }
  },
  {
   "type": "Feature",
   "properties": {
    "osmId": 1370769108,
    "highway": "footway"
   },
   "geometry": {
    "type": "LineString",
    "coordinates": [
     [
      -106.750922,
      32.279793
     ],
     [
      -106.750849,
      32.279808
     ],
     [
      -106.75083,
      32.279805
     ],
     [
      -106.750813,
      32.2798
     ]
    ]
   }
  },
  {
   "type": "Feature",
   "properties": {
    "osmId": 1370769109,
    "highway": "footway"
   },
   "geometry": {
    "type": "LineString",
    "coordinates": [
     [
      -106.750621,
      32.279847
     ],
     [
      -106.750711,
      32.279826
     ],
     [
      -106.750813,
      32.2798
     ]
    ]
   }
  },
  {
   "type": "Feature",
   "properties": {
    "osmId": 1370769110,
    "highway": "footway"
   },
   "geometry": {
    "type": "LineString",
    "coordinates": [
     [
      -106.750621,
      32.279847
     ],
     [
      -106.750619,
      32.279827
     ],
     [
      -106.750505,
      32.279401
     ],
     [
      -106.750464,
      32.279247
     ]
    ]
   }
  },
  {
   "type": "Feature",
   "properties": {
    "osmId": 1370769111,
    "highway": "footway"
   },
   "geometry": {
    "type": "LineString",
    "coordinates": [
     [
      -106.750464,
      32.279247
     ],
     [
      -106.750423,
      32.279257
     ],
     [
      -106.750395,
      32.279252
     ],
     [
      -106.750363,
      32.279226
     ],
     [
      -106.750282,
      32.279151
     ],
     [
      -106.750252,
      32.279139
     ],
     [
      -106.75022,
      32.279142
     ],
     [
      -106.750179,
      32.279149
     ]
    ]
   }
  },
  {
   "type": "Feature",
   "properties": {
    "osmId": 1370769112,
    "highway": "footway"
   },
   "geometry": {
    "type": "LineString",
    "coordinates": [
     [
      -106.749568,
      32.275843
     ],
     [
      -106.749549,
      32.27585
     ],
     [
      -106.74952,
      32.275856
     ]
    ]
   }
  },
  {
   "type": "Feature",
   "properties": {
    "osmId": 1370769113,
    "highway": "footway"
   },
   "geometry": {
    "type": "LineString",
    "coordinates": [
     [
      -106.749667,
      32.275487
     ],
     [
      -106.749574,
      32.275506
     ]
    ]
   }
  },
  {
   "type": "Feature",
   "properties": {
    "osmId": 1370769114,
    "highway": "footway"
   },
   "geometry": {
    "type": "LineString",
    "coordinates": [
     [
      -106.749757,
      32.275804
     ],
     [
      -106.749742,
      32.275752
     ],
     [
      -106.749691,
      32.275573
     ],
     [
      -106.749667,
      32.275487
     ]
    ]
   }
  },
  {
   "type": "Feature",
   "properties": {
    "osmId": 1370769115,
    "highway": "footway"
   },
   "geometry": {
    "type": "LineString",
    "coordinates": [
     [
      -106.749568,
      32.275843
     ],
     [
      -106.74966,
      32.275824
     ],
     [
      -106.749757,
      32.275804
     ]
    ]
   }
  },
  {
   "type": "Feature",
   "properties": {
    "osmId": 1370769116,
    "highway": "footway"
   },
   "geometry": {
    "type": "LineString",
    "coordinates": [
     [
      -106.749574,
      32.275506
     ],
     [
      -106.749477,
      32.275526
     ],
     [
      -106.749501,
      32.275612
     ],
     [
      -106.749515,
      32.275658
     ],
     [
      -106.749539,
      32.275743
     ],
     [
      -106.749552,
      32.275787
     ],
     [
      -106.749568,
      32.275843
     ]
    ]
   }
  },
  {
   "type": "Feature",
   "properties": {
    "osmId": 1370769119,
    "highway": "service",
    "name": "Arroyo Trail"
   },
   "geometry": {
    "type": "LineString",
    "coordinates": [
     [
      -106.749773,
      32.264272
     ],
     [
      -106.749217,
      32.264016
     ],
     [
      -106.749112,
      32.263875
     ]
    ]
   }
  },
  {
   "type": "Feature",
   "properties": {
    "osmId": 1447850362,
    "highway": "footway"
   },
   "geometry": {
    "type": "LineString",
    "coordinates": [
     [
      -106.760435,
      32.265957
     ],
     [
      -106.758781,
      32.266375
     ],
     [
      -106.758664,
      32.266405
     ],
     [
      -106.758554,
      32.266422
     ],
     [
      -106.758491,
      32.266431
     ],
     [
      -106.75843,
      32.266434
     ],
     [
      -106.758381,
      32.26643
     ],
     [
      -106.758328,
      32.266423
     ],
     [
      -106.758272,
      32.266414
     ],
     [
      -106.758199,
      32.266401
     ],
     [
      -106.758141,
      32.266385
     ],
     [
      -106.758073,
      32.266361
     ],
     [
      -106.758006,
      32.266331
     ],
     [
      -106.757943,
      32.266299
     ],
     [
      -106.757887,
      32.266262
     ],
     [
      -106.757397,
      32.265918
     ],
     [
      -106.757384,
      32.265903
     ],
     [
      -106.757375,
      32.26589
     ],
     [
      -106.757369,
      32.265874
     ],
     [
      -106.757366,
      32.265862
     ],
     [
      -106.757364,
      32.265848
     ],
     [
      -106.757366,
      32.265835
     ],
     [
      -106.757372,
      32.26582
     ],
     [
      -106.757382,
      32.265809
     ],
     [
      -106.757426,
      32.265764
     ],
     [
      -106.757468,
      32.265725
     ],
     [
      -106.757512,
      32.26569
     ],
     [
      -106.757554,
      32.265661
     ],
     [
      -106.757615,
      32.265623
     ],
     [
      -106.757728,
      32.265564
     ],
     [
      -106.757801,
      32.265532
     ],
     [
      -106.75787,
      32.265509
     ],
     [
      -106.757953,
      32.265488
     ],
     [
      -106.758076,
      32.265463
     ],
     [
      -106.758196,
      32.265448
     ],
     [
      -106.758297,
      32.265438
     ],
     [
      -106.758481,
      32.265408
     ],
     [
      -106.758662,
      32.265368
     ],
     [
      -106.758854,
      32.265309
     ],
     [
      -106.759079,
      32.265217
     ],
     [
      -106.759104,
      32.265203
     ],
     [
      -106.759121,
      32.265189
     ],
     [
      -106.759138,
      32.265172
     ],
     [
      -106.759149,
      32.265156
     ],
     [
      -106.759154,
      32.26514
     ],
     [
      -106.759158,
      32.265118
     ],
     [
      -106.759159,
      32.265095
     ],
     [
      -106.759154,
      32.265077
     ],
     [
      -106.759148,
      32.265061
     ],
     [
      -106.759137,
      32.265043
     ],
     [
      -106.759125,
      32.265031
     ],
     [
      -106.759108,
      32.265018
     ],
     [
      -106.759092,
      32.265006
     ],
     [
      -106.759073,
      32.264997
     ],
     [
      -106.759054,
      32.264991
     ],
     [
      -106.759023,
      32.264986
     ],
     [
      -106.758995,
      32.264987
     ],
     [
      -106.758967,
      32.264992
     ],
     [
      -106.758936,
      32.265004
     ],
     [
      -106.758911,
      32.265022
     ],
     [
      -106.758891,
      32.265044
     ],
     [
      -106.758874,
      32.265064
     ],
     [
      -106.758861,
      32.265087
     ],
     [
      -106.75885,
      32.265108
     ],
     [
      -106.758837,
      32.265143
     ],
     [
      -106.758824,
      32.265171
     ],
     [
      -106.758815,
      32.265185
     ],
     [
      -106.758805,
      32.265196
     ],
     [
      -106.758791,
      32.265206
     ],
     [
      -106.758761,
      32.265221
     ],
     [
      -106.758707,
      32.26524
     ],
     [
      -106.758651,
      32.265256
     ],
     [
      -106.758579,
      32.265274
     ],
     [
      -106.758472,
      32.265296
     ],
     [
      -106.758346,
      32.265319
     ],
     [
      -106.758203,
      32.265347
     ],
     [
      -106.758093,
      32.26536
     ],
     [
      -106.758032,
      32.265364
     ],
     [
      -106.757997,
      32.265367
     ],
     [
      -106.757884,
      32.265395
     ],
     [
      -106.757784,
      32.265427
     ],
     [
      -106.757678,
      32.265465
     ],
     [
      -106.757607,
      32.2655
     ],
     [
      -106.757536,
      32.265537
     ],
     [
      -106.75745,
      32.265592
     ],
     [
      -106.757376,
      32.265648
     ],
     [
      -106.75732,
      32.265699
     ],
     [
      -106.757284,
      32.265734
     ],
     [
      -106.757258,
      32.265752
     ],
     [
      -106.757239,
      32.265759
     ],
     [
      -106.757217,
      32.265763
     ],
     [
      -106.757202,
      32.265763
     ],
     [
      -106.757186,
      32.265761
     ],
     [
      -106.757173,
      32.265756
     ],
     [
      -106.757156,
      32.265747
     ],
     [
      -106.757141,
      32.265739
     ],
     [
      -106.757109,
      32.265712
     ],
     [
      -106.756688,
      32.265407
     ],
     [
      -106.756281,
      32.265132
     ],
     [
      -106.756263,
      32.265116
     ],
     [
      -106.756252,
      32.2651
     ],
     [
      -106.756242,
      32.265083
     ],
     [
      -106.756231,
      32.265056
     ],
     [
      -106.756227,
      32.265026
     ],
     [
      -106.75623,
      32.264994
     ],
     [
      -106.756238,
      32.26496
     ],
     [
      -106.756257,
      32.264933
     ],
     [
      -106.756281,
      32.264913
     ],
     [
      -106.756312,
      32.264895
     ],
     [
      -106.759106,
      32.263863
     ]
    ]
   }
  },
  {
   "type": "Feature",
   "properties": {
    "osmId": 1447850390,
    "highway": "footway"
   },
   "geometry": {
    "type": "LineString",
    "coordinates": [
     [
      -106.759043,
      32.263764
     ],
     [
      -106.756123,
      32.264845
     ],
     [
      -106.756094,
      32.264851
     ],
     [
      -106.756068,
      32.264853
     ],
     [
      -106.756041,
      32.264854
     ],
     [
      -106.756016,
      32.264852
     ],
     [
      -106.755994,
      32.264847
     ],
     [
      -106.755976,
      32.264841
     ],
     [
      -106.755962,
      32.264834
     ],
     [
      -106.755948,
      32.264823
     ],
     [
      -106.755935,
      32.264809
     ],
     [
      -106.755925,
      32.264798
     ],
     [
      -106.755919,
      32.264788
     ],
     [
      -106.755516,
      32.264004
     ]
    ]
   }
  },
  {
   "type": "Feature",
   "properties": {
    "osmId": 1447850391,
    "highway": "footway"
   },
   "geometry": {
    "type": "LineString",
    "coordinates": [
     [
      -106.760491,
      32.266058
     ],
     [
      -106.758689,
      32.266513
     ],
     [
      -106.75859,
      32.26653
     ],
     [
      -106.758513,
      32.266536
     ],
     [
      -106.758405,
      32.266537
     ],
     [
      -106.758298,
      32.26653
     ],
     [
      -106.758206,
      32.266514
     ],
     [
      -106.758126,
      32.266496
     ],
     [
      -106.758048,
      32.266469
     ],
     [
      -106.757961,
      32.26643
     ],
     [
      -106.757894,
      32.266395
     ],
     [
      -106.757784,
      32.266324
     ],
     [
      -106.756099,
      32.265144
     ],
     [
      -106.756036,
      32.265094
     ],
     [
      -106.755969,
      32.265039
     ],
     [
      -106.755916,
      32.264985
     ],
     [
      -106.755873,
      32.264932
     ],
     [
      -106.755831,
      32.264869
     ],
     [
      -106.7554,
      32.264054
     ]
    ]
   }
  },
  {
   "type": "Feature",
   "properties": {
    "osmId": 1495362051,
    "highway": "footway"
   },
   "geometry": {
    "type": "LineString",
    "coordinates": [
     [
      -106.743176,
      32.28628
     ],
     [
      -106.743129,
      32.286271
     ],
     [
      -106.742879,
      32.286293
     ],
     [
      -106.742583,
      32.286332
     ],
     [
      -106.742402,
      32.286365
     ],
     [
      -106.742282,
      32.286377
     ],
     [
      -106.742175,
      32.286378
     ],
     [
      -106.742086,
      32.28639
     ],
     [
      -106.741938,
      32.286422
     ],
     [
      -106.741694,
      32.286485
     ],
     [
      -106.741419,
      32.286568
     ],
     [
      -106.7411,
      32.286684
     ],
     [
      -106.740782,
      32.286821
     ],
     [
      -106.740658,
      32.286875
     ],
     [
      -106.740522,
      32.286922
     ],
     [
      -106.740378,
      32.286962
     ],
     [
      -106.740327,
      32.286975
     ]
    ]
   }
  },
  {
   "type": "Feature",
   "properties": {
    "osmId": 1495362065,
    "highway": "footway"
   },
   "geometry": {
    "type": "LineString",
    "coordinates": [
     [
      -106.740264,
      32.286703
     ],
     [
      -106.740439,
      32.28665
     ],
     [
      -106.740549,
      32.286611
     ],
     [
      -106.740665,
      32.286557
     ],
     [
      -106.740783,
      32.286512
     ],
     [
      -106.740878,
      32.286484
     ],
     [
      -106.740977,
      32.286456
     ],
     [
      -106.741157,
      32.286389
     ],
     [
      -106.741393,
      32.286301
     ],
     [
      -106.741548,
      32.286252
     ],
     [
      -106.741679,
      32.286212
     ],
     [
      -106.74183,
      32.286174
     ],
     [
      -106.742044,
      32.286127
     ],
     [
      -106.742309,
      32.286072
     ],
     [
      -106.742518,
      32.286039
     ],
     [
      -106.742765,
      32.286006
     ],
     [
      -106.743041,
      32.285982
     ],
     [
      -106.743096,
      32.285963
     ]
    ]
   }
  },
  {
   "type": "Feature",
   "properties": {
    "osmId": 1495362076,
    "highway": "footway"
   },
   "geometry": {
    "type": "LineString",
    "coordinates": [
     [
      -106.743134,
      32.285925
     ],
     [
      -106.743142,
      32.285878
     ],
     [
      -106.743126,
      32.285821
     ],
     [
      -106.743103,
      32.285788
     ],
     [
      -106.743049,
      32.28574
     ],
     [
      -106.742991,
      32.285714
     ],
     [
      -106.742939,
      32.2857
     ],
     [
      -106.74286,
      32.285701
     ],
     [
      -106.742793,
      32.285714
     ],
     [
      -106.742648,
      32.285764
     ],
     [
      -106.74224,
      32.285899
     ],
     [
      -106.741743,
      32.286063
     ],
     [
      -106.741571,
      32.286114
     ],
     [
      -106.741394,
      32.28616
     ],
     [
      -106.741244,
      32.286177
     ],
     [
      -106.741032,
      32.286187
     ]
    ]
   }
  },
  {
   "type": "Feature",
   "properties": {
    "osmId": 1495362077,
    "highway": "footway"
   },
   "geometry": {
    "type": "LineString",
    "coordinates": [
     [
      -106.740223,
      32.286239
     ],
     [
      -106.740221,
      32.28623
     ],
     [
      -106.74021,
      32.286186
     ]
    ]
   }
  },
  {
   "type": "Feature",
   "properties": {
    "osmId": 1495362078,
    "highway": "footway"
   },
   "geometry": {
    "type": "LineString",
    "coordinates": [
     [
      -106.740226,
      32.286072
     ],
     [
      -106.740229,
      32.28606
     ],
     [
      -106.740236,
      32.286023
     ]
    ]
   }
  },
  {
   "type": "Feature",
   "properties": {
    "osmId": 1495362079,
    "highway": "footway"
   },
   "geometry": {
    "type": "LineString",
    "coordinates": [
     [
      -106.740236,
      32.286023
     ],
     [
      -106.740241,
      32.286005
     ]
    ]
   }
  },
  {
   "type": "Feature",
   "properties": {
    "osmId": 1495362080,
    "highway": "footway"
   },
   "geometry": {
    "type": "LineString",
    "coordinates": [
     [
      -106.740219,
      32.286104
     ],
     [
      -106.740226,
      32.286072
     ]
    ]
   }
  },
  {
   "type": "Feature",
   "properties": {
    "osmId": 1495362081,
    "highway": "footway"
   },
   "geometry": {
    "type": "LineString",
    "coordinates": [
     [
      -106.740208,
      32.286163
     ],
     [
      -106.740214,
      32.286132
     ],
     [
      -106.740219,
      32.286104
     ]
    ]
   }
  },
  {
   "type": "Feature",
   "properties": {
    "osmId": 1495362082,
    "highway": "footway"
   },
   "geometry": {
    "type": "LineString",
    "coordinates": [
     [
      -106.74021,
      32.286186
     ],
     [
      -106.740208,
      32.286163
     ]
    ]
   }
  },
  {
   "type": "Feature",
   "properties": {
    "osmId": 1495362083,
    "highway": "footway"
   },
   "geometry": {
    "type": "LineString",
    "coordinates": [
     [
      -106.740225,
      32.286249
     ],
     [
      -106.740223,
      32.286239
     ]
    ]
   }
  },
  {
   "type": "Feature",
   "properties": {
    "osmId": 1495362084,
    "highway": "footway"
   },
   "geometry": {
    "type": "LineString",
    "coordinates": [
     [
      -106.74026,
      32.286332
     ],
     [
      -106.740291,
      32.286284
     ],
     [
      -106.740338,
      32.286238
     ]
    ]
   }
  },
  {
   "type": "Feature",
   "properties": {
    "osmId": 1495369674,
    "highway": "footway"
   },
   "geometry": {
    "type": "LineString",
    "coordinates": [
     [
      -106.742661,
      32.286815
     ],
     [
      -106.742887,
      32.286867
     ],
     [
      -106.742975,
      32.286883
     ],
     [
      -106.743043,
      32.286886
     ],
     [
      -106.743113,
      32.286878
     ],
     [
      -106.743182,
      32.286865
     ],
     [
      -106.743252,
      32.286833
     ],
     [
      -106.743322,
      32.286785
     ],
     [
      -106.743375,
      32.286733
     ],
     [
      -106.743428,
      32.286665
     ],
     [
      -106.743459,
      32.286612
     ],
     [
      -106.743474,
      32.286567
     ],
     [
      -106.743489,
      32.286494
     ],
     [
      -106.743491,
      32.286401
     ],
     [
      -106.743493,
      32.286353
     ],
     [
      -106.743497,
      32.286321
     ],
     [
      -106.743504,
      32.286293
     ],
     [
      -106.743518,
      32.286271
     ],
     [
      -106.743536,
      32.286255
     ],
     [
      -106.743556,
      32.286241
     ],
     [
      -106.743582,
      32.286226
     ]
    ]
   }
  },
  {
   "type": "Feature",
   "properties": {
    "osmId": 1495372504,
    "highway": "footway"
   },
   "geometry": {
    "type": "LineString",
    "coordinates": [
     [
      -106.743524,
      32.285918
     ],
     [
      -106.743492,
      32.285912
     ],
     [
      -106.743467,
      32.285902
     ],
     [
      -106.743449,
      32.285885
     ],
     [
      -106.743412,
      32.285811
     ],
     [
      -106.743388,
      32.285741
     ],
     [
      -106.743341,
      32.285667
     ],
     [
      -106.743268,
      32.285596
     ],
     [
      -106.743201,
      32.28555
     ],
     [
      -106.743123,
      32.285508
     ],
     [
      -106.743035,
      32.285481
     ],
     [
      -106.742956,
      32.285468
     ],
     [
      -106.742864,
      32.285468
     ],
     [
      -106.742795,
      32.285475
     ],
     [
      -106.742727,
      32.285488
     ],
     [
      -106.742473,
      32.285575
     ],
     [
      -106.741961,
      32.285743
     ],
     [
      -106.741526,
      32.285882
     ]
    ]
   }
  },
  {
   "type": "Feature",
   "properties": {
    "osmId": 1524397728,
    "highway": "footway"
   },
   "geometry": {
    "type": "LineString",
    "coordinates": [
     [
      -106.752679,
      32.284902
     ],
     [
      -106.752656,
      32.284761
     ],
     [
      -106.752643,
      32.284676
     ]
    ]
   }
  },
  {
   "type": "Feature",
   "properties": {
    "osmId": 1524397729,
    "highway": "footway"
   },
   "geometry": {
    "type": "LineString",
    "coordinates": [
     [
      -106.752679,
      32.284902
     ],
     [
      -106.752645,
      32.284896
     ],
     [
      -106.752612,
      32.284897
     ],
     [
      -106.75241,
      32.284938
     ],
     [
      -106.752376,
      32.284944
     ],
     [
      -106.752341,
      32.284947
     ],
     [
      -106.752163,
      32.284962
     ],
     [
      -106.752071,
      32.284971
     ],
     [
      -106.752033,
      32.284977
     ],
     [
      -106.751914,
      32.285
     ],
     [
      -106.751461,
      32.285084
     ],
     [
      -106.751434,
      32.285091
     ],
     [
      -106.751408,
      32.285102
     ],
     [
      -106.751387,
      32.285116
     ]
    ]
   }
  },
  {
   "type": "Feature",
   "properties": {
    "osmId": 1524397730,
    "highway": "footway"
   },
   "geometry": {
    "type": "LineString",
    "coordinates": [
     [
      -106.751233,
      32.285143
     ],
     [
      -106.751203,
      32.28514
     ],
     [
      -106.75117,
      32.285142
     ],
     [
      -106.751136,
      32.285146
     ],
     [
      -106.750085,
      32.285345
     ],
     [
      -106.750058,
      32.285351
     ],
     [
      -106.750033,
      32.285359
     ],
     [
      -106.750005,
      32.28537
     ]
    ]
   }
  },
  {
   "type": "Feature",
   "properties": {
    "osmId": 1524397731,
    "highway": "footway"
   },
   "geometry": {
    "type": "LineString",
    "coordinates": [
     [
      -106.750005,
      32.28537
     ],
     [
      -106.750011,
      32.285267
     ],
     [
      -106.750018,
      32.285153
     ]
    ]
   }
  },
  {
   "type": "Feature",
   "properties": {
    "osmId": 1524397732,
    "highway": "footway"
   },
   "geometry": {
    "type": "LineString",
    "coordinates": [
     [
      -106.749828,
      32.285409
     ],
     [
      -106.749805,
      32.285309
     ],
     [
      -106.749779,
      32.2852
     ]
    ]
   }
  },
  {
   "type": "Feature",
   "properties": {
    "osmId": 1524397733,
    "highway": "footway"
   },
   "geometry": {
    "type": "LineString",
    "coordinates": [
     [
      -106.750005,
      32.28537
     ],
     [
      -106.749922,
      32.285388
     ],
     [
      -106.749828,
      32.285409
     ]
    ]
   }
  },
  {
   "type": "Feature",
   "properties": {
    "osmId": 1524397734,
    "highway": "footway"
   },
   "geometry": {
    "type": "LineString",
    "coordinates": [
     [
      -106.750018,
      32.285153
     ],
     [
      -106.750043,
      32.285134
     ]
    ]
   }
  },
  {
   "type": "Feature",
   "properties": {
    "osmId": 1524397735,
    "highway": "footway"
   },
   "geometry": {
    "type": "LineString",
    "coordinates": [
     [
      -106.751387,
      32.285116
     ],
     [
      -106.751317,
      32.285128
     ],
     [
      -106.751233,
      32.285143
     ]
    ]
   }
  },
  {
   "type": "Feature",
   "properties": {
    "osmId": 1524397738,
    "highway": "footway"
   },
   "geometry": {
    "type": "LineString",
    "coordinates": [
     [
      -106.752901,
      32.284862
     ],
     [
      -106.75281,
      32.284878
     ],
     [
      -106.752679,
      32.284902
     ]
    ]
   }
  },
  {
   "type": "Feature",
   "properties": {
    "osmId": 1524397739,
    "highway": "footway"
   },
   "geometry": {
    "type": "LineString",
    "coordinates": [
     [
      -106.752865,
      32.284635
     ],
     [
      -106.752643,
      32.284676
     ],
     [
      -106.751844,
      32.284826
     ],
     [
      -106.751783,
      32.284837
     ],
     [
      -106.75168,
      32.284857
     ],
     [
      -106.751106,
      32.284965
     ],
     [
      -106.751095,
      32.284943
     ]
    ]
   }
  },
  {
   "type": "Feature",
   "properties": {
    "osmId": 1524397741,
    "highway": "footway"
   },
   "geometry": {
    "type": "LineString",
    "coordinates": [
     [
      -106.753787,
      32.284427
     ],
     [
      -106.753768,
      32.284448
     ],
     [
      -106.753747,
      32.28446
     ],
     [
      -106.753725,
      32.284466
     ],
     [
      -106.752952,
      32.284618
     ],
     [
      -106.752865,
      32.284635
     ]
    ]
   }
  },
  {
   "type": "Feature",
   "properties": {
    "osmId": 1524397742,
    "highway": "footway"
   },
   "geometry": {
    "type": "LineString",
    "coordinates": [
     [
      -106.751797,
      32.284767
     ],
     [
      -106.751766,
      32.284773
     ],
     [
      -106.751721,
      32.284782
     ]
    ]
   }
  },
  {
   "type": "Feature",
   "properties": {
    "osmId": 1524397743,
    "highway": "footway"
   },
   "geometry": {
    "type": "LineString",
    "coordinates": [
     [
      -106.751721,
      32.284782
     ],
     [
      -106.751662,
      32.284793
     ]
    ]
   }
  },
  {
   "type": "Feature",
   "properties": {
    "osmId": 1524397744,
    "highway": "footway"
   },
   "geometry": {
    "type": "LineString",
    "coordinates": [
     [
      -106.751844,
      32.284826
     ],
     [
      -106.751837,
      32.284798
     ],
     [
      -106.751827,
      32.284761
     ],
     [
      -106.751742,
      32.284435
     ],
     [
      -106.751713,
      32.28444
     ],
     [
      -106.751633,
      32.284131
     ],
     [
      -106.751495,
      32.284155
     ]
    ]
   }
  },
  {
   "type": "Feature",
   "properties": {
    "osmId": 1524397745,
    "highway": "footway"
   },
   "geometry": {
    "type": "LineString",
    "coordinates": [
     [
      -106.751504,
      32.284189
     ],
     [
      -106.751495,
      32.284155
     ],
     [
      -106.75147,
      32.28406
     ]
    ]
   }
  },
  {
   "type": "Feature",
   "properties": {
    "osmId": 1524397746,
    "highway": "footway"
   },
   "geometry": {
    "type": "LineString",
    "coordinates": [
     [
      -106.751521,
      32.284254
     ],
     [
      -106.751509,
      32.28421
     ],
     [
      -106.751504,
      32.284189
     ]
    ]
   }
  },
  {
   "type": "Feature",
   "properties": {
    "osmId": 1524397747,
    "highway": "footway"
   },
   "geometry": {
    "type": "LineString",
    "coordinates": [
     [
      -106.751797,
      32.284767
     ],
     [
      -106.751827,
      32.284761
     ]
    ]
   }
  },
  {
   "type": "Feature",
   "properties": {
    "osmId": 1524400163,
    "highway": "footway"
   },
   "geometry": {
    "type": "LineString",
    "coordinates": [
     [
      -106.749828,
      32.285409
     ],
     [
      -106.7498,
      32.285407
     ],
     [
      -106.749768,
      32.28541
     ],
     [
      -106.749742,
      32.285416
     ],
     [
      -106.749135,
      32.285565
     ],
     [
      -106.748755,
      32.285657
     ],
     [
      -106.748535,
      32.285712
     ],
     [
      -106.74835,
      32.28575
     ],
     [
      -106.747931,
      32.285834
     ],
     [
      -106.747787,
      32.285861
     ],
     [
      -106.74768,
      32.285882
     ],
     [
      -106.747642,
      32.285893
     ],
     [
      -106.747613,
      32.285907
     ]
    ]
   }
  },
  {
   "type": "Feature",
   "properties": {
    "osmId": 1524400164,
    "highway": "footway"
   },
   "geometry": {
    "type": "LineString",
    "coordinates": [
     [
      -106.747613,
      32.285907
     ],
     [
      -106.747589,
      32.285848
     ],
     [
      -106.747544,
      32.285742
     ],
     [
      -106.747522,
      32.285692
     ]
    ]
   }
  },
  {
   "type": "Feature",
   "properties": {
    "osmId": 1524400165,
    "highway": "footway"
   },
   "geometry": {
    "type": "LineString",
    "coordinates": [
     [
      -106.747394,
      32.285962
     ],
     [
      -106.74736,
      32.285892
     ],
     [
      -106.747309,
      32.285786
     ],
     [
      -106.74728,
      32.285726
     ]
    ]
   }
  },
  {
   "type": "Feature",
   "properties": {
    "osmId": 1524400166,
    "highway": "footway"
   },
   "geometry": {
    "type": "LineString",
    "coordinates": [
     [
      -106.747394,
      32.285962
     ],
     [
      -106.74737,
      32.285961
     ],
     [
      -106.747344,
      32.285962
     ],
     [
      -106.747315,
      32.285968
     ],
     [
      -106.747106,
      32.286011
     ],
     [
      -106.746922,
      32.286045
     ],
     [
      -106.74663,
      32.286104
     ],
     [
      -106.746453,
      32.286133
     ],
     [
      -106.746197,
      32.286173
     ],
     [
      -106.746081,
      32.286188
     ],
     [
      -106.745693,
      32.286228
     ],
     [
      -106.745665,
      32.286234
     ],
     [
      -106.745638,
      32.286243
     ]
    ]
   }
  },
  {
   "type": "Feature",
   "properties": {
    "osmId": 1524400167,
    "highway": "footway"
   },
   "geometry": {
    "type": "LineString",
    "coordinates": [
     [
      -106.74663,
      32.285852
     ],
     [
      -106.746215,
      32.285921
     ],
     [
      -106.746039,
      32.285948
     ],
     [
      -106.74589,
      32.285965
     ],
     [
      -106.745751,
      32.285979
     ],
     [
      -106.74567,
      32.285986
     ],
     [
      -106.745646,
      32.285987
     ],
     [
      -106.74562,
      32.285985
     ],
     [
      -106.745591,
      32.285978
     ]
    ]
   }
  },
  {
   "type": "Feature",
   "properties": {
    "osmId": 1524400168,
    "highway": "footway"
   },
   "geometry": {
    "type": "LineString",
    "coordinates": [
     [
      -106.745353,
      32.285993
     ],
     [
      -106.745323,
      32.286003
     ],
     [
      -106.745288,
      32.286009
     ],
     [
      -106.745248,
      32.286011
     ],
     [
      -106.745057,
      32.286015
     ],
     [
      -106.744672,
      32.28601
     ],
     [
      -106.744569,
      32.286003
     ],
     [
      -106.744446,
      32.285989
     ],
     [
      -106.744088,
      32.285935
     ],
     [
      -106.744007,
      32.285925
     ],
     [
      -106.743944,
      32.285921
     ],
     [
      -106.743868,
      32.285921
     ],
     [
      -106.743795,
      32.285921
     ],
     [
      -106.743541,
      32.28592
     ]
    ]
   }
  },
  {
   "type": "Feature",
   "properties": {
    "osmId": 1524400169,
    "highway": "footway"
   },
   "geometry": {
    "type": "LineString",
    "coordinates": [
     [
      -106.745487,
      32.286252
     ],
     [
      -106.745465,
      32.286248
     ],
     [
      -106.745439,
      32.286245
     ],
     [
      -106.745414,
      32.286247
     ],
     [
      -106.745217,
      32.286253
     ],
     [
      -106.74499,
      32.286256
     ],
     [
      -106.744786,
      32.286257
     ],
     [
      -106.744507,
      32.286243
     ],
     [
      -106.744479,
      32.286243
     ],
     [
      -106.744454,
      32.286246
     ],
     [
      -106.744428,
      32.286253
     ]
    ]
   }
  },
  {
   "type": "Feature",
   "properties": {
    "osmId": 1524400170,
    "highway": "footway"
   },
   "geometry": {
    "type": "LineString",
    "coordinates": [
     [
      -106.744285,
      32.286249
     ],
     [
      -106.74426,
      32.286238
     ],
     [
      -106.744231,
      32.286232
     ],
     [
      -106.744204,
      32.28623
     ],
     [
      -106.743782,
      32.286217
     ],
     [
      -106.743653,
      32.286218
     ],
     [
      -106.743612,
      32.28622
     ],
     [
      -106.743582,
      32.286226
     ]
    ]
   }
  },
  {
   "type": "Feature",
   "properties": {
    "osmId": 1524400171,
    "highway": "footway"
   },
   "geometry": {
    "type": "LineString",
    "coordinates": [
     [
      -106.744428,
      32.286253
     ],
     [
      -106.744353,
      32.286251
     ],
     [
      -106.744285,
      32.286249
     ]
    ]
   }
  },
  {
   "type": "Feature",
   "properties": {
    "osmId": 1524400172,
    "highway": "footway"
   },
   "geometry": {
    "type": "LineString",
    "coordinates": [
     [
      -106.745591,
      32.285978
     ],
     [
      -106.745506,
      32.285984
     ],
     [
      -106.745464,
      32.285986
     ],
     [
      -106.745353,
      32.285993
     ]
    ]
   }
  },
  {
   "type": "Feature",
   "properties": {
    "osmId": 1524400173,
    "highway": "footway"
   },
   "geometry": {
    "type": "LineString",
    "coordinates": [
     [
      -106.745638,
      32.286243
     ],
     [
      -106.74553,
      32.28625
     ],
     [
      -106.745487,
      32.286252
     ]
    ]
   }
  },
  {
   "type": "Feature",
   "properties": {
    "osmId": 1524400174,
    "highway": "footway"
   },
   "geometry": {
    "type": "LineString",
    "coordinates": [
     [
      -106.74728,
      32.285726
     ],
     [
      -106.747243,
      32.285738
     ],
     [
      -106.74695,
      32.285793
     ],
     [
      -106.7467,
      32.28584
     ]
    ]
   }
  },
  {
   "type": "Feature",
   "properties": {
    "osmId": 1524400175,
    "highway": "footway"
   },
   "geometry": {
    "type": "LineString",
    "coordinates": [
     [
      -106.7467,
      32.28584
     ],
     [
      -106.746671,
      32.285845
     ],
     [
      -106.74663,
      32.285852
     ]
    ]
   }
  },
  {
   "type": "Feature",
   "properties": {
    "osmId": 1524400176,
    "highway": "footway"
   },
   "geometry": {
    "type": "LineString",
    "coordinates": [
     [
      -106.74499,
      32.286256
     ],
     [
      -106.74499,
      32.286203
     ],
     [
      -106.74499,
      32.286156
     ]
    ]
   }
  },
  {
   "type": "Feature",
   "properties": {
    "osmId": 1524400177,
    "highway": "footway"
   },
   "geometry": {
    "type": "LineString",
    "coordinates": [
     [
      -106.745058,
      32.28612
     ],
     [
      -106.745058,
      32.286074
     ],
     [
      -106.745057,
      32.286015
     ]
    ]
   }
  },
  {
   "type": "Feature",
   "properties": {
    "osmId": 1524400178,
    "highway": "footway"
   },
   "geometry": {
    "type": "LineString",
    "coordinates": [
     [
      -106.74499,
      32.286156
     ],
     [
      -106.74499,
      32.286141
     ],
     [
      -106.745059,
      32.28614
     ],
     [
      -106.745058,
      32.28612
     ]
    ]
   }
  },
  {
   "type": "Feature",
   "properties": {
    "osmId": 1524400179,
    "highway": "footway",
    "name": "Triviz Path"
   },
   "geometry": {
    "type": "LineString",
    "coordinates": [
     [
      -106.743096,
      32.285963
     ],
     [
      -106.743117,
      32.285948
     ],
     [
      -106.743134,
      32.285925
     ]
    ]
   }
  },
  {
   "type": "Feature",
   "properties": {
    "osmId": 1524400180,
    "highway": "footway",
    "name": "Triviz Path"
   },
   "geometry": {
    "type": "LineString",
    "coordinates": [
     [
      -106.743239,
      32.286323
     ],
     [
      -106.743213,
      32.286301
     ],
     [
      -106.743176,
      32.28628
     ]
    ]
   }
  },
  {
   "type": "Feature",
   "properties": {
    "osmId": 1524400181,
    "highway": "footway"
   },
   "geometry": {
    "type": "LineString",
    "coordinates": [
     [
      -106.747613,
      32.285907
     ],
     [
      -106.747487,
      32.285939
     ],
     [
      -106.747394,
      32.285962
     ]
    ]
   }
  },
  {
   "type": "Feature",
   "properties": {
    "osmId": 1524414021,
    "highway": "footway"
   },
   "geometry": {
    "type": "LineString",
    "coordinates": [
     [
      -106.741032,
      32.286187
     ],
     [
      -106.740907,
      32.286203
     ],
     [
      -106.74086,
      32.286207
     ],
     [
      -106.740662,
      32.286211
     ],
     [
      -106.740426,
      32.286227
     ],
     [
      -106.740338,
      32.286238
     ],
     [
      -106.740225,
      32.286249
     ]
    ]
   }
  },
  {
   "type": "Feature",
   "properties": {
    "osmId": 1524414023,
    "highway": "footway"
   },
   "geometry": {
    "type": "LineString",
    "coordinates": [
     [
      -106.741526,
      32.285882
     ],
     [
      -106.741397,
      32.285924
     ],
     [
      -106.741293,
      32.285957
     ]
    ]
   }
  },
  {
   "type": "Feature",
   "properties": {
    "osmId": 1524414029,
    "highway": "footway"
   },
   "geometry": {
    "type": "LineString",
    "coordinates": [
     [
      -106.740225,
      32.286249
     ],
     [
      -106.74026,
      32.286332
     ],
     [
      -106.740258,
      32.286387
     ],
     [
      -106.740244,
      32.286419
     ],
     [
      -106.740223,
      32.286443
     ],
     [
      -106.740198,
      32.286464
     ],
     [
      -106.74015,
      32.286491
     ],
     [
      -106.740101,
      32.286502
     ]
    ]
   }
  }
 ]
}