{"//":["Made by tools/build_places.py from NMSU Facilities GIS (Parking layer). Do not edit by hand.","Format: GeoJSON. One Feature per parking lot: properties {\"id\", \"category\", \"name\"} and its outline.","Drawn on the map while the Parking filter is on, and used by directions to tell when you have arrived."],"type":"FeatureCollection","features":[{"type":"Feature","properties":{"id":"parking-1","category":"parking","name":"Lot 79H"},"geometry":{"type":"Polygon","coordinates":[[[-106.747356301603,32.2713287604427],[-106.747533191759,32.2710766701019],[-106.747534630294,32.2710718440072],[-106.74753511592,32.2710668818782],[-106.747534632391,32.2710619190576],[-106.747533196378,32.2710570925621],[-106.747530843619,32.2710525321183],[-106.747527641665,32.2710483619164],[-106.747523675005,32.2710446970612],[-106.747519052449,32.2710416363285],[-106.74751389971,32.2710392630956],[-106.747508358318,32.2710376417388],[-106.747502579256,32.2710368176581],[-106.747496718682,32.2710368127848],[-106.74749093688,32.2710376264875],[-106.747485391896,32.2710392374009],[-106.747448369299,32.271053908536],[-106.747455675552,32.2710686828484],[-106.747296251196,32.2712974219637],[-106.747149935814,32.2712240745167],[-106.74739197156,32.2708779852551],[-106.747493077154,32.2709289370177],[-106.747499310361,32.2709318696566],[-106.747506037364,32.2709338660258],[-106.747513063608,32.2709348709764],[-106.747520188311,32.270934855538],[-106.747527208716,32.2709338178036],[-106.747533922252,32.2709317901363],[-106.747540137102,32.2709288301088],[-106.747545675391,32.2709250213926],[-106.747550378493,32.2709204737376],[-106.747618030078,32.2708222763203],[-106.747620471198,32.2708175490862],[-106.747621936324,32.2708125398085],[-106.747622383773,32.270807391145],[-106.747621800564,32.2708022528551],[-106.747620203426,32.2707972727775],[-106.74761763772,32.270792593227],[-106.747614177429,32.2707883500926],[-106.747609922994,32.2707846638273],[-106.747604996016,32.2707816430767],[-106.747745437269,32.2708523707104],[-106.747739808034,32.2708507957045],[-106.74773395797,32.270849991755],[-106.747728032609,32.270849978129],[-106.747722177387,32.2708507569591],[-106.747716539736,32.2708523069216],[-106.747711257441,32.2708545895955],[-106.747706463948,32.2708575494417],[-106.747702276676,32.2708611120453],[-106.747698801295,32.2708651895097],[-106.747628570369,32.2709738974581],[-106.747627422945,32.2709785754042],[-106.747627232467,32.2709833514899],[-106.747628002416,32.2709880850117],[-106.747629711864,32.2709926371661],[-106.747632309137,32.2709968755835],[-106.747635719248,32.2710006752011],[-106.747639842869,32.2710039245799],[-106.747644557412,32.2710065295078],[-106.747746987625,32.2710566271975],[-106.747502511753,32.2714026040835],[-106.747356301603,32.2713287604427]]]}},{"type":"Feature","properties":{"id":"parking-2","category":"parking","name":"Lot H19"},"geometry":{"type":"Polygon","coordinates":[[[-106.750084407815,32.2726126800045],[-106.750062719908,32.2726016477812],[-106.750071531333,32.272587476284],[-106.750074801769,32.272579910282],[-106.750076488533,32.2725719780834],[-106.75007654198,32.272563917975],[-106.750074959184,32.2725559707642],[-106.750071788158,32.2725483743513],[-106.750067123561,32.2725413556291],[-106.750061105606,32.2725351250772],[-106.750058363327,32.2725331211858],[-106.750086924139,32.2724931847992],[-106.750087240036,32.2724932989861],[-106.750096189308,32.2724951637641],[-106.750105374819,32.2724957803378],[-106.750114557646,32.2724951334196],[-106.750123497973,32.2724932392907],[-106.750131962535,32.2724901466735],[-106.75013973205,32.2724859385051],[-106.750146603297,32.2724807220097],[-106.750152395506,32.2724746340837],[-106.750159760663,32.2724652165851],[-106.750168360993,32.2724696512289],[-106.750255097793,32.2725143744109],[-106.75030147086,32.2725382847409],[-106.750204406739,32.2726737213877],[-106.750084407815,32.2726126800045]]]}},{"type":"Feature","properties":{"id":"parking-3","category":"parking","name":"Lot H15"},"geometry":{"type":"Polygon","coordinates":[[[-106.7506977055,32.2729228248058],[-106.750679195482,32.2729135026384],[-106.75069012683,32.2728972285834],[-106.750693248715,32.2728908409801],[-106.750695117181,32.2728841102289],[-106.750695683292,32.2728772105823],[-106.750694930005,32.2728703242829],[-106.750692879539,32.272863631614],[-106.750689583809,32.27285730733],[-106.750685130774,32.2728515179258],[-106.750682400416,32.2728489828072],[-106.75071145708,32.2728079413455],[-106.750719551607,32.2728089851703],[-106.750728432728,32.2728088705973],[-106.750737169023,32.272807512937],[-106.750745521848,32.272804948308],[-106.75075326231,32.2728012488646],[-106.750760177588,32.2727965137533],[-106.750776322381,32.272776630531],[-106.750788779521,32.272783042042],[-106.750916661697,32.2728488583825],[-106.750822851815,32.2729858545246],[-106.7506977055,32.2729228248058]]]}},{"type":"Feature","properties":{"id":"parking-4","category":"parking","name":"Lot H12"},"geometry":{"type":"Polygon","coordinates":[[[-106.750078058054,32.2731690778905],[-106.750088623826,32.2731542519134],[-106.750164055737,32.2730484016748],[-106.750182812948,32.2730569284027],[-106.750190176645,32.2730596192409],[-106.75019793204,32.2730613417367],[-106.750205903757,32.2730620550992],[-106.750213912317,32.2730617447075],[-106.750221774111,32.2730604167],[-106.750229313097,32.2730581024372],[-106.750236357584,32.2730548522011],[-106.750253302068,32.2730402291158],[-106.750254539748,32.2730386712158],[-106.750254982525,32.2730381130162],[-106.750256011105,32.2730361717533],[-106.75030111785,32.2730592736206],[-106.750300204294,32.2730601231812],[-106.750298537089,32.273062333022],[-106.750267664172,32.2731057471537],[-106.750195153569,32.2732077124076],[-106.750183979118,32.2732234264274],[-106.750078058054,32.2731690778905]]]}},{"type":"Feature","properties":{"id":"parking-5","category":"parking","name":"Lot H11"},"geometry":{"type":"Polygon","coordinates":[[[-106.751308157715,32.2732429172479],[-106.75129085117,32.2732341432328],[-106.751297587569,32.2732254478466],[-106.751301629057,32.273218545226],[-106.751304284793,32.2732111728269],[-106.751305483695,32.2732035311438],[-106.751305193988,32.2731958259263],[-106.751303423182,32.2731882645716],[-106.751300218054,32.2731810525173],[-106.751297223774,32.2731766642421],[-106.75133031582,32.2731303451909],[-106.75133542774,32.2731306612923],[-106.75134344092,32.2731300324552],[-106.751351225099,32.2731282979481],[-106.751358570352,32.2731255045991],[-106.751365277523,32.2731217271512],[-106.751371166713,32.2731170673266],[-106.751376077262,32.2731116511212],[-106.751387359537,32.2730957020861],[-106.751399800965,32.2731021361447],[-106.751529319821,32.2731691069504],[-106.751433602067,32.2733065169474],[-106.751308157715,32.2732429172479]]]}},{"type":"Feature","properties":{"id":"parking-6","category":"parking","name":"Lot 79"},"geometry":{"type":"Polygon","coordinates":[[[-106.749016168606,32.2733944890376],[-106.748993120232,32.2733790825898],[-106.748968699639,32.2733652877663],[-106.748943062279,32.2733531905306],[-106.748916370992,32.2733428687001],[-106.748888795977,32.2733343874374],[-106.748860512688,32.2733278019643],[-106.748831701804,32.2733231530519],[-106.748802546077,32.2733204715433],[-106.748773231356,32.2733197729376],[-106.748743944494,32.273321061908],[-106.748714872278,32.2733243314041],[-106.748686199297,32.2733295599543],[-106.748658107954,32.2733367152739],[-106.748645870663,32.273292274078],[-106.748645445869,32.2732912701845],[-106.748644826177,32.2732903437183],[-106.748644029771,32.2732895198597],[-106.748643078025,32.2732888246781],[-106.748642000769,32.2732882778965],[-106.748640829936,32.2732878956224],[-106.748639598493,32.2732876885478],[-106.748638344694,32.2732876637366],[-106.748637103573,32.2732878219523],[-106.748635912252,32.2732881576373],[-106.74863480677,32.2732886607287],[-106.74863381784,32.2732893184794],[-106.748632977188,32.2732901091196],[-106.74863230699,32.273291010917],[-106.748631828321,32.273291995831],[-106.748631555894,32.2732930367478],[-106.748631495901,32.273294101176],[-106.748631651365,32.2732951593424],[-106.748641273048,32.2733475580309],[-106.748642131133,32.2733507309836],[-106.748642467449,32.2733514727861],[-106.748643509688,32.2733537684067],[-106.748645380782,32.2733566099859],[-106.748647706937,32.2733591963465],[-106.748650442232,32.2733614771659],[-106.748701117712,32.2734063482886],[-106.748702794427,32.2734076150901],[-106.748704686371,32.273408640246],[-106.748706744583,32.2734093995992],[-106.748708919054,32.2734098717028],[-106.748711153468,32.2734100468588],[-106.748713392594,32.2734099189721],[-106.748715579134,32.2734094927784],[-106.748760184124,32.2733700254333],[-106.748789084592,32.2733958956063],[-106.748799725454,32.2734054204818],[-106.748758548585,32.273441088307],[-106.748745700066,32.2734302644533],[-106.748722653408,32.2734487335036],[-106.748735010615,32.2734599777614],[-106.748715390986,32.2734742549738],[-106.748689679906,32.2734492632259],[-106.748658782145,32.2734727748839],[-106.748601962493,32.2734261522442],[-106.74854223171,32.2731923218533],[-106.748628627662,32.2731764932014],[-106.748628845448,32.2731794360031],[-106.74863119532,32.2731902408941],[-106.74863504659,32.2732007305206],[-106.748640345353,32.2732107535831],[-106.748641688303,32.2732119396342],[-106.748643234005,32.2732129318874],[-106.748644943046,32.2732137052463],[-106.748646774991,32.2732142418334],[-106.748648681993,32.2732145274078],[-106.748650618367,32.2732145549352],[-106.748652536347,32.273214324604],[-106.748654388189,32.273213841112],[-106.74865367898,32.2731719030484],[-106.748737889276,32.2731564743573],[-106.748770065879,32.2731558260193],[-106.74880905996,32.273156989635],[-106.74884790546,32.2731600991311],[-106.748886468574,32.2731651442142],[-106.748924615457,32.2731721073759],[-106.748962215407,32.2731809638811],[-106.748999136633,32.2731916835877],[-106.749035251554,32.2732042300244],[-106.749070435728,32.2732185585906],[-106.74910456788,32.273234621066],[-106.749137528806,32.2732523602037],[-106.749169204596,32.2732717160305],[-106.749119381996,32.2733116866322],[-106.749154770813,32.2733542677427],[-106.749164685113,32.2733615669701],[-106.749175894706,32.2733673567797],[-106.749188084498,32.2733714760824],[-106.749200913092,32.2733738071821],[-106.74921401922,32.2733742865729],[-106.749227035518,32.2733729003753],[-106.749239597024,32.2733696861061],[-106.749251350754,32.2733647362483],[-106.749162426478,32.2734994599146],[-106.749163722848,32.2734936883173],[-106.749163940146,32.2734878145657],[-106.749163071739,32.2734819847867],[-106.749161139644,32.2734763422886],[-106.749158192389,32.2734710257655],[-106.749154300759,32.2734661675106],[-106.749149562009,32.2734618870864],[-106.749133233907,32.2734390715035],[-106.749085161395,32.273462124454],[-106.749043904194,32.2734181415785],[-106.749016168606,32.2733944890376]]]}},{"type":"Feature","properties":{"id":"parking-7","category":"parking","name":"Lot H7"},"geometry":{"type":"Polygon","coordinates":[[[-106.751920088854,32.2735491609247],[-106.751906100602,32.2735421342324],[-106.751916069924,32.2735187022516],[-106.751918174226,32.2735124034376],[-106.751919080006,32.2735059019594],[-106.75191876375,32.2734993611467],[-106.751917232725,32.2734929442066],[-106.751914526043,32.2734868142197],[-106.751910712497,32.2734811260321],[-106.751906549345,32.2734767216741],[-106.751937793817,32.2734342021173],[-106.751944863145,32.2734348909984],[-106.751953437473,32.2734345710329],[-106.751961846289,32.2734331099739],[-106.751969880669,32.2734305438241],[-106.751977338208,32.2734269356162],[-106.751984035757,32.2734223753621],[-106.751989806219,32.2734169764582],[-106.75200027046,32.273402655767],[-106.752092026796,32.2734504456765],[-106.752140880515,32.2734758912427],[-106.75204623872,32.2736125335433],[-106.751920088854,32.2735491609247]]]}},{"type":"Feature","properties":{"id":"parking-8","category":"parking","name":"Lot H8"},"geometry":{"type":"Polygon","coordinates":[[[-106.750605567123,32.2736225413305],[-106.750610664392,32.273614772372],[-106.750615118145,32.273608701455],[-106.750618342878,32.2736020933934],[-106.750620250403,32.2735951262026],[-106.750620788669,32.2735879867735],[-106.750619943885,32.2735808699617],[-106.750617739387,32.2735739659666],[-106.750614233523,32.2735674612412],[-106.750609521743,32.2735615330728],[-106.750606499255,32.2735581901453],[-106.750602981998,32.2735552162345],[-106.750590403887,32.2735470898541],[-106.750619928718,32.2735071666672],[-106.750620765622,32.2735076296099],[-106.750628864838,32.2735110624404],[-106.750637496121,32.2735133793681],[-106.750646446853,32.2735145235167],[-106.750655498206,32.2735144668943],[-106.750664428329,32.2735132112821],[-106.750673018709,32.2735107864058],[-106.750681057367,32.2735072517264],[-106.750688349466,32.2735026954968],[-106.750694714088,32.2734972275588],[-106.750704962623,32.2734851480414],[-106.750821162834,32.2735434838801],[-106.750753897019,32.2736391706635],[-106.750724389848,32.2736811464371],[-106.750605567123,32.2736225413305]]]}},{"type":"Feature","properties":{"id":"parking-9","category":"parking","name":"Lot H6"},"geometry":{"type":"Polygon","coordinates":[[[-106.75118235361,32.273704881368],[-106.751252208095,32.27360745703],[-106.75128283404,32.2735647434841],[-106.751284200926,32.2735627467589],[-106.751285160348,32.2735605866111],[-106.751285688213,32.2735583217571],[-106.751285730397,32.2735571131014],[-106.751336343361,32.2735830272755],[-106.751333959081,32.2735839773765],[-106.751331153873,32.2735855974242],[-106.751328685009,32.2735875741739],[-106.75132767103,32.2735886928939],[-106.751326614839,32.2735898568742],[-106.751318303977,32.2735990969196],[-106.751311844683,32.2736093496153],[-106.751307404286,32.2736203500532],[-106.751304782553,32.2736273444389],[-106.751303601776,32.2736346153864],[-106.751303897948,32.2736419517183],[-106.751305660326,32.2736491370315],[-106.751308839997,32.2736559631913],[-106.75131334137,32.2736622276591],[-106.751319033945,32.2736677496795],[-106.751325751225,32.2736723657754],[-106.751333297152,32.2736759423482],[-106.751344452926,32.2736819513288],[-106.751285732644,32.2737559707267],[-106.75118235361,32.273704881368]]]}},{"type":"Feature","properties":{"id":"parking-10","category":"parking","name":"Lot H3"},"geometry":{"type":"Polygon","coordinates":[[[-106.752727197077,32.2738098738155],[-106.752649264875,32.2737698737071],[-106.752666655732,32.2737438427421],[-106.752668724102,32.2737395064994],[-106.752669889927,32.2737349339549],[-106.752670119981,32.2737302596175],[-106.752669406529,32.2737256206003],[-106.752667770488,32.2737211530003],[-106.752665259298,32.2737169892016],[-106.752663971068,32.2737155342227],[-106.752661948996,32.2737132506524],[-106.752657934664,32.2737100470005],[-106.752591813718,32.2736755363457],[-106.752619442245,32.2736370388639],[-106.752681502225,32.2736691324582],[-106.752683149234,32.2736698140196],[-106.752686360255,32.2736711413984],[-106.75269153087,32.2736724699963],[-106.752696884377,32.2736730844972],[-106.752702284813,32.2736729692091],[-106.752707595253,32.2736721264804],[-106.752712682072,32.2736705793897],[-106.752717413847,32.2736683654361],[-106.752721673063,32.2736655419044],[-106.752725350772,32.2736621795731],[-106.752728352974,32.273658364493],[-106.7527454208,32.2736359395243],[-106.753162008414,32.2738479547758],[-106.75315432743,32.273858774288],[-106.753150851995,32.273865702669],[-106.753148682185,32.2738730046285],[-106.753147870104,32.2738805040967],[-106.75314843386,32.2738880197284],[-106.753150361839,32.2738953702966],[-106.753153607418,32.2739023792231],[-106.75315809004,32.2739088754759],[-106.753163703759,32.2739147043577],[-106.753167738577,32.2739177681238],[-106.753136221282,32.2739561720902],[-106.753130120512,32.2739548021233],[-106.753120996912,32.2739540854181],[-106.75311185921,32.2739546602272],[-106.753102958898,32.2739565102173],[-106.753094541968,32.2739595839045],[-106.753086838316,32.2739637983043],[-106.753064553488,32.2739830289789],[-106.752727197077,32.2738098738155]]]}},{"type":"Feature","properties":{"id":"parking-11","category":"parking","name":"Lot H4"},"geometry":{"type":"Polygon","coordinates":[[[-106.751778908034,32.2740379502101],[-106.751787753981,32.2740254459932],[-106.751862925507,32.2739191926664],[-106.751863895627,32.2739178206948],[-106.751876739408,32.2739240411696],[-106.75188338373,32.2739271586393],[-106.751890506155,32.2739293867816],[-106.751897941874,32.2739306766494],[-106.751905522991,32.2739309964429],[-106.751913073259,32.2739303405494],[-106.751920420787,32.2739287231801],[-106.751927395933,32.2739261810833],[-106.751934992157,32.2739219184806],[-106.751941698798,32.273916689015],[-106.751949901242,32.2739083936042],[-106.751949993985,32.273908271485],[-106.75195140309,32.273906425195],[-106.751952528189,32.2739042815192],[-106.751953249239,32.2739020167966],[-106.751953548482,32.2738996834057],[-106.751953501344,32.2738988340439],[-106.752004277553,32.2739248302686],[-106.752002511445,32.2739254604715],[-106.751999606139,32.273927023213],[-106.751997046913,32.2739289750828],[-106.751995859283,32.2739309440474],[-106.751988473655,32.2739431845436],[-106.751986535602,32.2739499877374],[-106.751985982778,32.2739569703062],[-106.751986831069,32.2739639328763],[-106.751989056001,32.2739706717254],[-106.751992592811,32.2739769923098],[-106.751997340712,32.2739827128548],[-106.752003160791,32.2739876670691],[-106.752024840972,32.2740008562254],[-106.751952742166,32.2741056598748],[-106.751944420505,32.274117755282],[-106.751778908034,32.2740379502101]]]}},{"type":"Feature","properties":{"id":"parking-12","category":"parking","name":"Lot 79T"},"geometry":{"type":"Polygon","coordinates":[[[-106.747544311849,32.2737683482516],[-106.747683446201,32.2738506518681],[-106.74771973476,32.2738010780814],[-106.747783894619,32.2738358262943],[-106.747754518217,32.2738701305718],[-106.747753394069,32.2738716889019],[-106.747752572114,32.2738733786139],[-106.747752074412,32.2738751572338],[-106.74775191346,32.2738769805212],[-106.747752091126,32.2738788015722],[-106.747752606111,32.2738805771028],[-106.747753443303,32.2738822611779],[-106.747754582307,32.2738838123924],[-106.747803544055,32.27390802818],[-106.747691212303,32.2740553788859],[-106.747641488005,32.2740307160336],[-106.747640087898,32.2740301434599],[-106.747638599687,32.2740297660345],[-106.747637059518,32.2740295935354],[-106.747635507754,32.2740296303128],[-106.747633981546,32.2740298762203],[-106.747632520127,32.2740303229866],[-106.747631159538,32.2740309614511],[-106.74762993684,32.2740317743326],[-106.747628879523,32.2740327416819],[-106.747628016111,32.2740338381345],[-106.747627368752,32.2740350374495],[-106.747619285484,32.2740489046868],[-106.747617999831,32.2740516026974],[-106.747617205339,32.2740544349532],[-106.747616920758,32.2740573355448],[-106.747617149979,32.2740602395231],[-106.747617890524,32.2740630819642],[-106.747619125051,32.2740657971009],[-106.747625887561,32.2740771717326],[-106.747626505827,32.2740780323737],[-106.747627279614,32.2740787968052],[-106.747628188644,32.2740794452662],[-106.747629207353,32.2740799616238],[-106.747630311243,32.2740803306432],[-106.747631471612,32.2740805452224],[-106.747686513805,32.2740777138527],[-106.747833427046,32.2741612573592],[-106.747835273542,32.2741621230784],[-106.747837267117,32.2741627077402],[-106.74783934824,32.2741629953459],[-106.747841457415,32.2741629771116],[-106.747843530947,32.2741626523863],[-106.747903825889,32.2741530588351],[-106.747920427637,32.274223090219],[-106.747857985507,32.2742344968583],[-106.747873733645,32.2742926514506],[-106.747874108505,32.2742940370289],[-106.74796087405,32.2746311229344],[-106.747864151407,32.2746476141246],[-106.747841997756,32.2746440588528],[-106.74777236721,32.2746573344761],[-106.747770275957,32.2746579153975],[-106.74776832532,32.2746587807515],[-106.747766569308,32.2746599068768],[-106.747765054454,32.2746612620252],[-106.747763821968,32.2746628108618],[-106.747763468677,32.274671985041],[-106.747691270996,32.274687152011],[-106.747690176357,32.2746805069334],[-106.747689565641,32.274679280109],[-106.747688728311,32.2746781551856],[-106.747687686811,32.2746771600323],[-106.747686468894,32.2746763224973],[-106.747685106529,32.274675665001],[-106.747683635895,32.2746752036343],[-106.747682096349,32.2746749526718],[-106.74768053038,32.2746749173572],[-106.747678977274,32.2746750993394],[-106.747677480524,32.2746754930359],[-106.74759651242,32.2746893110633],[-106.747577529648,32.2746077795232],[-106.747653931268,32.2745901348858],[-106.747656166677,32.2745893207192],[-106.747658211468,32.2745882015742],[-106.747660008493,32.2745868101428],[-106.74766150806,32.2745851826951],[-106.747662667964,32.274583366294],[-106.747663455572,32.274581411572],[-106.74766384995,32.2745793727232],[-106.747663839732,32.2745773066092],[-106.747663424171,32.2745752709518],[-106.747662616311,32.2745733216149],[-106.747661437687,32.2745715144286],[-106.747659921477,32.2745698988642],[-106.747658110388,32.2745685198465],[-106.747656054524,32.2745674159578],[-106.747653810316,32.2745666185406],[-106.747651441576,32.2745661489883],[-106.747649014194,32.2745660214707],[-106.747646596124,32.2745662384257],[-106.747604296872,32.2745718811656],[-106.747334211515,32.2735621643777],[-106.747404206823,32.2735520684117],[-106.747406520443,32.273551390122],[-106.747408682762,32.2735504139134],[-106.747410638708,32.2735491634511],[-106.747412341744,32.2735476695815],[-106.747413750662,32.2735459676394],[-106.747414830669,32.273544101051],[-106.74744195553,32.2735002532481],[-106.747499396807,32.2735332802716],[-106.747499673995,32.2735329148295],[-106.747500154251,32.2735331907097],[-106.747493901753,32.2735450404889],[-106.747489808832,32.2735575518411],[-106.747487968432,32.2735704439228],[-106.747488420354,32.2735834234738],[-106.747488910096,32.2735856319964],[-106.747489813308,32.2735877441954],[-106.747491107396,32.2735897042446],[-106.747492757042,32.2735914599754],[-106.747494720603,32.273592966459],[-106.74749694372,32.2735941833259],[-106.747499369957,32.2735950783314],[-106.747501934427,32.2735956273811],[-106.747504570182,32.2735958172109],[-106.747507207129,32.2735956417838],[-106.74754652749,32.273588676065],[-106.747579878997,32.2737217624931],[-106.747532273074,32.2737319895108],[-106.74753055187,32.2737324887051],[-106.74752894763,32.2737332183141],[-106.747527503774,32.2737341592277],[-106.747526258377,32.2737352860439],[-106.747525244189,32.2737365697742],[-106.747524488617,32.2737379751384],[-106.747524009515,32.2737394668936],[-106.747528826421,32.2737553557753],[-106.747529598062,32.2737572836115],[-106.747530704485,32.273759090182],[-106.747532118926,32.2737607341066],[-106.747533810391,32.2737621767276],[-106.747535738369,32.2737633866397],[-106.747543583807,32.2737679903769],[-106.747544311849,32.2737683482516]],[[-106.747734491249,32.2745649685608],[-106.747735537215,32.2745673651818],[-106.74773704182,32.2745695769184],[-106.747738962272,32.2745715435147],[-106.747741244124,32.2745732083683],[-106.747743822363,32.274574523937],[-106.747746624598,32.2745754526281],[-106.74774957001,32.2745759686062],[-106.747752575718,32.2745760568665],[-106.747755556785,32.274575715038],[-106.747857815923,32.274556419878],[-106.747860511973,32.2745553991704],[-106.747862970351,32.2745540105403],[-106.747865120147,32.2745522930468],[-106.747866903234,32.2745502938158],[-106.747868266851,32.2745480707742],[-106.747869175236,32.2745456844873],[-106.747869602226,32.2745432035993],[-106.747869534396,32.2745406967044],[-106.747868975314,32.2745382341333],[-106.747867940226,32.2745358861708],[-106.747866458147,32.2745337176361],[-106.747864569755,32.2745317905971],[-106.747862329478,32.2745301580487],[-106.747859800196,32.2745288657376],[-106.747857052178,32.274527951265],[-106.747854161986,32.2745274386791],[-106.747851212505,32.2745273438867],[-106.74784828655,32.2745276692667],[-106.747746025108,32.2745465369479],[-106.747743263194,32.274547548894],[-106.747740741138,32.2745489404784],[-106.747738528789,32.2745506726459],[-106.74773669169,32.2745526955363],[-106.747735279417,32.2745549512351],[-106.747734334091,32.2745573773484],[-106.747733881867,32.2745599034282],[-106.747733934032,32.2745624581833],[-106.747734491249,32.2745649685608]],[[-106.747655143107,32.2741838516609],[-106.747657426928,32.2741839346513],[-106.747659697358,32.2741837038482],[-106.747708624295,32.2741752707808],[-106.747709509294,32.2741748226777],[-106.747710292789,32.2741742541258],[-106.747710950445,32.2741735796507],[-106.747711463266,32.2741728200698],[-106.747711817577,32.2741719979837],[-106.747712000763,32.2741711359884],[-106.747712009787,32.2741702611515],[-106.747711842653,32.2741693969293],[-106.747711505874,32.2741685694499],[-106.747711008074,32.2741678030295],[-106.747710363173,32.2741671192577],[-106.747680295338,32.2741508257509],[-106.747678105444,32.2741498639822],[-106.747675774828,32.2741491814416],[-106.747673352399,32.2741487923664],[-106.747670889153,32.2741487046722],[-106.747659171467,32.2741490132851],[-106.747656145113,32.2741500019212],[-106.747653322466,32.2741513595158],[-106.74765076812,32.2741530569552],[-106.747648537067,32.2741550561446],[-106.747640493851,32.2741634273087],[-106.747640160492,32.2741665319122],[-106.747640419497,32.2741696413965],[-106.747641266183,32.2741726755147],[-106.747642677814,32.2741755531894],[-106.74764461683,32.2741781997143],[-106.747647032963,32.2741805467465],[-106.747648796555,32.2741817825564],[-106.747650771051,32.2741827614079],[-106.747652905356,32.2741834573483],[-106.747655143107,32.2741838516609]],[[-106.747593169159,32.2739574258058],[-106.747595747485,32.2739575942153],[-106.747598323877,32.2739574082025],[-106.747600831483,32.2739568725402],[-106.74760320456,32.2739560001133],[-106.747605381666,32.2739548146123],[-106.747607305648,32.2739533469253],[-106.747608926822,32.2739516351264],[-106.747641646006,32.2739107061975],[-106.747642454046,32.2739080226945],[-106.747642728779,32.2739052628313],[-106.747642462126,32.2739025023957],[-106.74764166087,32.2738998171169],[-106.74764034665,32.273897281764],[-106.747638558064,32.2738949665295],[-106.747636342164,32.273892934358],[-106.747633760832,32.2738912427246],[-106.747582533616,32.2738630991901],[-106.747580424495,32.2738623481359],[-106.747578193985,32.273861917719],[-106.747575909047,32.2738618230075],[-106.74757363975,32.2738620655288],[-106.747571455052,32.2738626377964],[-106.747569418556,32.2738635233264],[-106.747567593804,32.2738646948127],[-106.747566035808,32.273866117768],[-106.747564792095,32.2738677478142],[-106.74756389849,32.2738695361097],[-106.747563383364,32.2738714293333],[-106.747563261263,32.2738733697089],[-106.747563537175,32.273875298596],[-106.747582513136,32.2739517247627],[-106.747584149748,32.2739534246284],[-106.747586087561,32.2739548798059],[-106.747588275408,32.2739560508153],[-106.747590656854,32.2739569063138],[-106.747593169159,32.2739574258058]]]}},{"type":"Feature","properties":{"id":"parking-13","category":"parking","name":"Lot 78"},"geometry":{"type":"Polygon","coordinates":[[[-106.747734468187,32.275200563123],[-106.747633478185,32.2747854990673],[-106.747679104364,32.2747775137109],[-106.74766474505,32.2747231062526],[-106.747678412187,32.2747215066144],[-106.747691270996,32.274687152011],[-106.747763468677,32.274671985041],[-106.747769180514,32.2746707585502],[-106.747816969142,32.274657358891],[-106.747986728999,32.2746649362223],[-106.748018904035,32.2746421402768],[-106.748102169724,32.27460180103],[-106.748178968116,32.2745878223628],[-106.748203141133,32.2745881328453],[-106.748227143289,32.274590588613],[-106.748250712244,32.2745951636451],[-106.748273588707,32.274601807559],[-106.748295521752,32.274610446491],[-106.748316270964,32.274620987597],[-106.748335608538,32.2746333145351],[-106.748353323543,32.2746472910559],[-106.748369219828,32.2746627655203],[-106.748383125549,32.2746795672544],[-106.748394885782,32.2746975128913],[-106.748404373113,32.2747164036239],[-106.748411483455,32.2747360351423],[-106.748469288339,32.2750587899064],[-106.747734468187,32.275200563123]]]}},{"type":"Feature","properties":{"id":"parking-14","category":"parking","name":"Lot 99"},"geometry":{"type":"Polygon","coordinates":[[[-106.748720776611,32.2750398050279],[-106.748743499941,32.2750849830961],[-106.748804507484,32.2750728295351],[-106.748788258177,32.2750175034689],[-106.749076279538,32.2749489067497],[-106.749078808201,32.2749483358024],[-106.74908141311,32.2749481189835],[-106.749084024231,32.2749482610789],[-106.749086574667,32.2749487587457],[-106.749088997474,32.2749495996224],[-106.749091228832,32.2749507605129],[-106.74909321126,32.2749522127849],[-106.74909489146,32.2749539160657],[-106.749096226739,32.2749558281365],[-106.74909718179,32.274957898633],[-106.74924485603,32.275420238044],[-106.749177309371,32.2754349509796],[-106.749226842099,32.2755887869098],[-106.748435129255,32.2757643733305],[-106.748264994502,32.2751442371247],[-106.74826459759,32.2751419263296],[-106.748264666565,32.2751395911502],[-106.748265199678,32.2751373001343],[-106.748266181362,32.2751351182771],[-106.748267584366,32.2751331097178],[-106.748269367601,32.2751313314357],[-106.748271478273,32.2751298350448],[-106.748273857172,32.2751286640677],[-106.74827643442,32.275127852149],[-106.748720776611,32.2750398050279]]]}},{"type":"Feature","properties":{"id":"parking-15","category":"parking","name":"Arrowhead Park Parking"},"geometry":{"type":"Polygon","coordinates":[[[-106.740118348618,32.2750596245638],[-106.740137410644,32.2751312536556],[-106.74014083311,32.2751403410155],[-106.740146059934,32.2751487846615],[-106.7401529337,32.2751563299786],[-106.740161245102,32.2751627460015],[-106.740170742572,32.2751678389052],[-106.740181135469,32.2751714528942],[-106.740192110051,32.2751734791597],[-106.740203331591,32.2751738549686],[-106.740214460341,32.2751725708173],[-106.740327573669,32.2751508433775],[-106.740346755039,32.275222916588],[-106.740202220341,32.2752506794861],[-106.740197392881,32.2752519518049],[-106.740192858594,32.2752538506783],[-106.740188729749,32.275256328774],[-106.740185107924,32.2752593243715],[-106.74018208296,32.2752627649735],[-106.740179728708,32.2752665655189],[-106.740178103048,32.2752706319899],[-106.74017724578,32.275274864126],[-106.740177178639,32.2752791581291],[-106.74017790318,32.275283408476],[-106.740178613912,32.2752860779207],[-106.740179063194,32.275287308114],[-106.740179733938,32.2752884634954],[-106.740180609009,32.2752895161739],[-106.740181667031,32.2752904391768],[-106.740182881345,32.275291210061],[-106.740184224248,32.2752918099951],[-106.740185659572,32.2752922246897],[-106.740187154346,32.2752924425487],[-106.740188670336,32.275292460113],[-106.740190171439,32.2752922757191],[-106.740240444459,32.2752826191996],[-106.740310774388,32.2755468879703],[-106.740368317758,32.2757631084877],[-106.740314902343,32.275773368877],[-106.740313832793,32.275773658918],[-106.740312838379,32.275774102885],[-106.740311949814,32.2757746871307],[-106.740311194601,32.2757753935113],[-106.740310595976,32.2757762002919],[-106.740310169732,32.2757770830612],[-106.740309931652,32.275778015604],[-106.740309886887,32.2757789690409],[-106.740310038468,32.2757799145006],[-106.740311340783,32.275784808333],[-106.740285680804,32.2757897373953],[-106.740284611253,32.2757900274361],[-106.740283616844,32.2757904723046],[-106.740282729335,32.2757910556442],[-106.740281974121,32.2757917620246],[-106.740281374435,32.2757925688092],[-106.740280949252,32.2757934515743],[-106.74028071011,32.2757943841212],[-106.740280666406,32.2757953375539],[-106.740280816925,32.2757962830178],[-106.740292894188,32.27584166268],[-106.740151500642,32.2758688217103],[-106.740139423446,32.2758234420342],[-106.740139082047,32.2758225333853],[-106.740138558402,32.2758216885735],[-106.740137871767,32.2758209345801],[-106.740137040302,32.275820292979],[-106.740136090654,32.2758197835078],[-106.74013505157,32.2758194222882],[-106.740133953889,32.275819219121],[-106.740132831623,32.275819181991],[-106.740131718737,32.2758193098644],[-106.740113389712,32.2758228305995],[-106.740112424001,32.2758230850635],[-106.740111517349,32.2758234646564],[-106.740110691999,32.2758239602733],[-106.740109968058,32.2758245601122],[-106.740109362422,32.275825247874],[-106.740108891994,32.2758260081615],[-106.74010856622,32.2758268210972],[-106.740108395615,32.2758276677013],[-106.740108382185,32.2758285263215],[-106.740108526881,32.2758293762114],[-106.740120958371,32.275876091068],[-106.740122735207,32.2758827642287],[-106.740123076606,32.2758836728777],[-106.740123599189,32.2758845176936],[-106.740124286887,32.275885271683],[-106.740125118352,32.2758859132841],[-106.740126068001,32.2758864227555],[-106.740127107086,32.2758867839751],[-106.740128204767,32.2758869871423],[-106.740129327034,32.2758870242724],[-106.740130439921,32.275886896399],[-106.740183855423,32.2758766360871],[-106.740209429241,32.2759727343245],[-106.740156014742,32.2759829937416],[-106.74015504903,32.2759832482059],[-106.740154142376,32.2759836277991],[-106.740153315964,32.2759841234205],[-106.740152592021,32.2759847232596],[-106.740151986385,32.2759854110216],[-106.740151515956,32.2759861713092],[-106.740151191244,32.2759869842409],[-106.740151019577,32.2759878308492],[-106.740151006148,32.2759886894694],[-106.740151150844,32.2759895393591],[-106.740153281994,32.2759975476966],[-106.740121337634,32.2760036834503],[-106.740120371926,32.2760039388162],[-106.740119465272,32.2760043184092],[-106.740118639921,32.2760048140262],[-106.740117914912,32.2760054129674],[-106.740117310336,32.2760061007251],[-106.740116838845,32.2760068610168],[-106.740116514133,32.2760076739483],[-106.740116342466,32.2760085205566],[-106.740116329041,32.2760093800785],[-106.740116473737,32.2760102299683],[-106.740128550948,32.2760556096452],[-106.739591253134,32.276158811714],[-106.739579177237,32.2761134319798],[-106.739578876655,32.2761126115532],[-106.739578429847,32.2761118412955],[-106.739577846469,32.2761111401083],[-106.739577141469,32.2761105241672],[-106.739576331925,32.2761100105412],[-106.739575437006,32.2761096108802],[-106.739574480114,32.276109334112],[-106.739573483587,32.2761091882667],[-106.73957247292,32.2761091768529],[-106.739571471472,32.276109300682],[-106.739549477389,32.2761135245619],[-106.739547346294,32.2761055171157],[-106.739547046773,32.2761046966848],[-106.739546598904,32.2761039264311],[-106.739546016583,32.2761032243379],[-106.739545310527,32.2761026093025],[-106.739544500982,32.2761020956763],[-106.739543606059,32.2761016951132],[-106.739542649173,32.2761014192466],[-106.739541652645,32.2761012734011],[-106.739540641978,32.2761012619871],[-106.739539640525,32.2761013849141],[-106.739486225877,32.276111644951],[-106.739460651717,32.2760155465663],[-106.739514067379,32.2760052874383],[-106.73951513693,32.2760049965021],[-106.739516130289,32.2760045525456],[-106.739517018861,32.2760039683054],[-106.739517774083,32.2760032619295],[-106.739518373777,32.2760024551484],[-106.739518798968,32.2760015723858],[-106.739519037057,32.2760006398445],[-106.73951908183,32.2759996864078],[-106.739518930258,32.2759987409472],[-106.739516799163,32.2759907325985],[-106.739504723332,32.2759453537573],[-106.739504422751,32.2759445333303],[-106.739503975944,32.2759437630723],[-106.739503392563,32.275943060983],[-106.73950268757,32.2759424459433],[-106.739501878022,32.2759419314149],[-106.739500983105,32.2759415317534],[-106.739500025159,32.2759412558905],[-106.739499029696,32.2759411100405],[-106.739498017969,32.2759410986302],[-106.739497017579,32.2759412215527],[-106.739481307855,32.2759442396302],[-106.7394802383,32.2759445296643],[-106.73947924388,32.2759449736247],[-106.739478355308,32.2759455578646],[-106.739477600086,32.2759462642403],[-106.739477001453,32.275947071017],[-106.739476575201,32.2759479537836],[-106.739476337111,32.2759488863248],[-106.739476292338,32.2759498397615],[-106.73947644391,32.2759507852223],[-106.739488520795,32.275996164964],[-106.739177453163,32.2760559124725],[-106.739165377486,32.2760105326959],[-106.739165076908,32.2760097122682],[-106.739164630104,32.276008942009],[-106.739164046725,32.276008239918],[-106.739163341734,32.2760076248764],[-106.739162532192,32.2760071112477],[-106.739161637271,32.2760067106819],[-106.739160680387,32.2760064348123],[-106.739159683861,32.2760062889638],[-106.739158672134,32.2760062775508],[-106.739157671743,32.2760064004706],[-106.739054551074,32.2760258434501],[-106.739046580806,32.2760280054022],[-106.739041161739,32.276030416308],[-106.73902089744,32.2759543987654],[-106.739022153203,32.2759545850967],[-106.739029785268,32.2759546818045],[-106.739037339658,32.2759537552045],[-106.739160486254,32.2759301023668],[-106.739161555806,32.2759298114336],[-106.739162550227,32.2759293674757],[-106.739163438806,32.2759287841398],[-106.739164194029,32.275928077766],[-106.739164792665,32.2759272709907],[-106.739165218921,32.2759263882252],[-106.739165457013,32.2759254556845],[-106.739165500728,32.275924502252],[-106.739165350221,32.2759235567867],[-106.739163013325,32.2759147772391],[-106.739162713809,32.2759139568072],[-106.739162267005,32.2759131865479],[-106.739161683631,32.2759124853588],[-106.739160978636,32.2759118694153],[-106.739160168034,32.2759113557907],[-106.739159274175,32.2759109552208],[-106.739158316231,32.2759106793553],[-106.739157319706,32.2759105335067],[-106.739156309041,32.2759105220896],[-106.739155308651,32.2759106450094],[-106.739101893007,32.2759209048875],[-106.739025173141,32.2756326103542],[-106.739078588626,32.2756223505096],[-106.739079554337,32.2756220960535],[-106.739080460992,32.2756217164679],[-106.739081286346,32.2756212208577],[-106.739082010297,32.2756206219264],[-106.73908261594,32.2756199341695],[-106.739083086376,32.2756191738858],[-106.739083412153,32.2756183600507],[-106.739083582772,32.2756175143497],[-106.739083596206,32.2756166548277],[-106.739083451521,32.2756158049365],[-106.73907847873,32.2755971196733],[-106.739101973261,32.2755926068818],[-106.739102938972,32.2755923524256],[-106.739103846687,32.2755919728358],[-106.739104672041,32.2755914772253],[-106.739105395987,32.2755908773921],[-106.739106001629,32.2755901896351],[-106.739106472065,32.2755894293512],[-106.739106796785,32.2755886164221],[-106.73910696846,32.2755877698151],[-106.739106981899,32.2755869111949],[-106.739106837214,32.2755860613038],[-106.739094760576,32.2755406815203],[-106.739199762116,32.2755205133458],[-106.739202223977,32.2755302276354],[-106.73921070664,32.2755295941406],[-106.739219952392,32.2755643348458],[-106.739220293782,32.2755652434974],[-106.739220817416,32.275566088313],[-106.739221504042,32.2755668423115],[-106.739222335498,32.2755674839187],[-106.739223285139,32.275567993397],[-106.739224324216,32.2755683546241],[-106.739225421888,32.2755685568974],[-106.739226544155,32.2755685949374],[-106.739227657034,32.2755684661702],[-106.739367549852,32.2755415962703],[-106.739372522704,32.2755602824235],[-106.739372865156,32.2755611910706],[-106.73937338773,32.2755620358897],[-106.739374075419,32.2755627898833],[-106.739374906876,32.2755634314895],[-106.739375856518,32.2755639409665],[-106.739376895596,32.2755643021925],[-106.739377993272,32.2755645053663],[-106.739379115535,32.2755645425031],[-106.739380227357,32.2755644146404],[-106.73943364276,32.2755541546463],[-106.739497577316,32.2757943997298],[-106.73944416178,32.2758046597518],[-106.73944319713,32.2758049142066],[-106.739442289413,32.2758052937989],[-106.73944146406,32.2758057894115],[-106.739440740109,32.2758063883447],[-106.739440134473,32.2758070770052],[-106.739439664034,32.2758078363884],[-106.73943933826,32.2758086502243],[-106.739439167649,32.2758094968276],[-106.739439154213,32.2758103554478],[-106.739439298902,32.2758112053384],[-106.739454422325,32.27586803408],[-106.739454721843,32.2758688545111],[-106.739455168649,32.2758696247693],[-106.739455752025,32.2758703259571],[-106.739456457017,32.2758709409971],[-106.739457267625,32.2758714555216],[-106.73945816148,32.2758718551876],[-106.73945911943,32.2758721319527],[-106.73946011595,32.275872276897],[-106.739461126614,32.2758722883117],[-106.739462127003,32.2758721653895],[-106.739477837782,32.2758691482122],[-106.739478907331,32.2758688572763],[-106.739479900689,32.27586841332],[-106.73948078926,32.2758678290801],[-106.739481544486,32.2758671236063],[-106.739482144175,32.2758663159235],[-106.739482569365,32.2758654331611],[-106.739482807455,32.2758645006197],[-106.739482852233,32.275863548085],[-106.739482700661,32.2758626026242],[-106.739470624859,32.2758172228766],[-106.739894805637,32.2757357475953],[-106.739906881638,32.2757811273009],[-106.739907182221,32.2757819477268],[-106.73990762903,32.2757827179834],[-106.739908212409,32.2757834191691],[-106.739908917408,32.2757840351084],[-106.739909726952,32.2757845487322],[-106.739910621869,32.2757849483909],[-106.739911578758,32.2757852251567],[-106.739912575282,32.2757853709993],[-106.739913587007,32.2757853824063],[-106.73991458739,32.2757852585786],[-106.739996805003,32.275769466453],[-106.73999787455,32.2757691755127],[-106.739998867904,32.2757687315524],[-106.739999756475,32.2757681482107],[-106.740000511691,32.275767441832],[-106.74000111138,32.2757666350486],[-106.740001536565,32.2757657522844],[-106.740001774649,32.2757648197422],[-106.740001819417,32.2757638663054],[-106.740001667839,32.2757629208453],[-106.739998116308,32.2757495736098],[-106.739997816785,32.2757487531799],[-106.739997369976,32.2757479829237],[-106.739996786597,32.2757472817384],[-106.73999608054,32.2757466667056],[-106.739995270992,32.2757461521804],[-106.739994376074,32.2757457525223],[-106.739993419186,32.2757454757572],[-106.739992422667,32.275745330817],[-106.739991412004,32.2757453194066],[-106.739990411617,32.275745442333],[-106.739936996163,32.2757557016609],[-106.739898634926,32.2756115551153],[-106.739953620835,32.2756009930003],[-106.739954423262,32.2756007752453],[-106.739955168807,32.2756004422733],[-106.739955834169,32.275600004095],[-106.739956401377,32.275599474308],[-106.739956850346,32.2755988692238],[-106.739957169499,32.2755982069242],[-106.739957348331,32.2755975081929],[-106.739957381641,32.2755967928909],[-106.739957268493,32.2755960844701],[-106.739957012178,32.2755954027585],[-106.739956619183,32.2755947693756],[-106.739956104471,32.2755942032024],[-106.739955480876,32.2755937222261],[-106.739954768641,32.2755933398961],[-106.739953989064,32.2755930687559],[-106.739953165543,32.2755929168312],[-106.739952324639,32.2755928885284],[-106.739951489717,32.2755929855606],[-106.739896503808,32.2756035467728],[-106.739885847166,32.2755635059653],[-106.74007888255,32.2755264284374],[-106.740081936485,32.2755240302724],[-106.740083288507,32.2755229689511],[-106.740061426025,32.2755028693186],[-106.740085084796,32.2754842957525],[-106.740113475095,32.2754620071075],[-106.740135338644,32.2754821076289],[-106.740136689602,32.2754810463111],[-106.74013847714,32.2754796423969],[-106.740138970475,32.275479194063],[-106.74013937751,32.2754786874433],[-106.740139693007,32.2754781351841],[-106.740139907473,32.2754775490464],[-106.740140015676,32.2754769425784],[-106.740140017686,32.2754763293077],[-106.740139911449,32.2754757218682],[-106.740134981779,32.2754571979125],[-106.740134682256,32.275456377483],[-106.740134234385,32.2754556072313],[-106.740133651002,32.2754549051448],[-106.740132946008,32.2754542901086],[-106.740132136461,32.2754537755842],[-106.740131241546,32.275453375927],[-106.740130284665,32.2754531000648],[-106.740129288145,32.2754529542238],[-106.740128277485,32.2754529428145],[-106.74012727604,32.275453065746],[-106.740073861839,32.2754633260282],[-106.740016319365,32.2752471053577],[-106.740066484215,32.2752374700699],[-106.740068087995,32.2752370336608],[-106.740069579078,32.2752363677154],[-106.740070910858,32.2752354913534],[-106.74007204421,32.2752344326844],[-106.740072943207,32.2752332225109],[-106.740073581508,32.2752318979113],[-106.740073939163,32.2752304995465],[-106.740074005781,32.2752290689423],[-106.740073778418,32.275227651203],[-106.740033404178,32.2750759405035],[-106.740118348618,32.2750596245638]],[[-106.740016986637,32.2758414167813],[-106.740015985188,32.275841539712],[-106.739990325176,32.2758464687146],[-106.739989255628,32.2758467596547],[-106.739988261212,32.2758472036191],[-106.739987373706,32.2758477878585],[-106.739986618489,32.2758484942371],[-106.7399860188,32.2758493010204],[-106.739985593614,32.2758501837845],[-106.739985354469,32.2758511163308],[-106.739985310762,32.2758520697635],[-106.739985462334,32.2758530143218],[-106.739997538397,32.2758983940173],[-106.740009615533,32.2759437737071],[-106.740009915056,32.2759445941368],[-106.740010361867,32.275945364393],[-106.740010945252,32.27594606648],[-106.740011650249,32.2759466815169],[-106.740012460856,32.2759471951359],[-106.740013355781,32.2759475956957],[-106.740014312666,32.2759478715588],[-106.740015309193,32.2759480174006],[-106.740016319858,32.2759480288108],[-106.740017320247,32.2759479058842],[-106.740042980286,32.275942976876],[-106.740044050896,32.2759426859313],[-106.740045044251,32.2759422419706],[-106.740045932819,32.2759416577267],[-106.740046688041,32.2759409522495],[-106.740047287731,32.275940145466],[-106.740047712911,32.2759392617998],[-106.740047951,32.2759383301594],[-106.740047995767,32.2759373767226],[-106.740047844189,32.2759364312626],[-106.740035767035,32.2758910515766],[-106.740023690955,32.2758456718848],[-106.740023391431,32.2758448514551],[-106.74002294356,32.275844081203],[-106.74002236018,32.2758433800179],[-106.740021655179,32.2758427640793],[-106.740020845634,32.2758422504561],[-106.740019950711,32.2758418498964],[-106.740018993826,32.2758415740334],[-106.740017997301,32.2758414281915],[-106.740016986637,32.2758414167813]],[[-106.739611133489,32.2759193718197],[-106.739610133099,32.2759194947431],[-106.739594422321,32.2759225128387],[-106.739593352772,32.2759228037755],[-106.739592359414,32.2759232477327],[-106.739591470838,32.2759238310715],[-106.739590715618,32.2759245374479],[-106.739590115924,32.2759253442293],[-106.739589690735,32.2759262269921],[-106.739589452647,32.2759271595336],[-106.739589407874,32.2759281129702],[-106.739589559447,32.2759290584309],[-106.739601635324,32.2759744381655],[-106.739613712274,32.2760198178945],[-106.739614011794,32.2760206383252],[-106.739614458602,32.2760214085828],[-106.73961504198,32.2760221097698],[-106.739615748041,32.2760227257066],[-106.739616557585,32.2760232393323],[-106.739617452503,32.2760236389931],[-106.739618409394,32.276023915761],[-106.73961940592,32.2760240616059],[-106.739620416586,32.2760240730193],[-106.739621416972,32.2760239491939],[-106.739637127771,32.2760209319967],[-106.739638197322,32.2760206410595],[-106.739639191742,32.2760201970978],[-106.739640079252,32.2760196128609],[-106.739640834477,32.2760189073862],[-106.739641434171,32.2760181006045],[-106.739641859356,32.2760172169397],[-106.739642098505,32.276016284394],[-106.73964214222,32.2760153318633],[-106.739641991708,32.2760143863986],[-106.739629914745,32.2759690066725],[-106.739617837794,32.2759236269448],[-106.739617538274,32.275922806514],[-106.739617091466,32.2759220362564],[-106.739616508084,32.2759213341676],[-106.73961580309,32.2759207191285],[-106.739614992486,32.2759202055068],[-106.739614098625,32.2759198049401],[-106.739613140679,32.2759195290781],[-106.739612144154,32.2759193832331],[-106.739611133489,32.2759193718197]],[[-106.739296723277,32.2756310436331],[-106.739295610396,32.275631172401],[-106.739188779451,32.275651691349],[-106.739187813739,32.2756519458059],[-106.739186907085,32.2756523253923],[-106.739186081732,32.2756528210032],[-106.739185356724,32.275653420841],[-106.739184752143,32.2756541085943],[-106.739184281708,32.2756548688784],[-106.739183955927,32.2756556818119],[-106.739183784252,32.2756565284189],[-106.739183770814,32.2756573870392],[-106.739183916562,32.275658236926],[-106.73918746797,32.2756715841859],[-106.739187810421,32.2756724928334],[-106.739188332994,32.2756733376533],[-106.739189020682,32.2756740916478],[-106.739189851077,32.2756747332594],[-106.739190800719,32.2756752427378],[-106.739191840859,32.2756756039611],[-106.739192937475,32.2756758071406],[-106.739194059739,32.275675844279],[-106.739195172619,32.2756757155121],[-106.739302003592,32.2756551965585],[-106.739302969303,32.2756549421007],[-106.739303875957,32.2756545625135],[-106.739304701309,32.2756540669018],[-106.739305426317,32.2756534670634],[-106.739306030896,32.2756527793095],[-106.739306502392,32.2756520190208],[-106.73930682711,32.2756512060912],[-106.739306998784,32.2756503594839],[-106.739307012221,32.2756495008637],[-106.739306867534,32.2756486509729],[-106.739303315047,32.2756353037206],[-106.739302972595,32.2756343950734],[-106.739302450021,32.275633550254],[-106.739301763394,32.2756327962559],[-106.739300931937,32.2756321546493],[-106.739299982295,32.2756316451717],[-106.739298943217,32.2756312839451],[-106.73929784554,32.2756310807706],[-106.739296723277,32.2756310436331]],[[-106.739360657529,32.275871288786],[-106.739359544646,32.2758714175545],[-106.739249571279,32.2758925403492],[-106.739248501728,32.2758928312831],[-106.739247507308,32.2758932752417],[-106.739246619792,32.275893858574],[-106.739245864569,32.2758945649483],[-106.739245264872,32.2758953717281],[-106.739244839679,32.2758962544898],[-106.739244600526,32.2758971870348],[-106.739244556812,32.2758981404673],[-106.739244708382,32.2758990859284],[-106.739247044224,32.2759078654786],[-106.73924734374,32.2759086859102],[-106.739247790545,32.2759094561691],[-106.739248373919,32.2759101573579],[-106.739249079977,32.2759107732968],[-106.739249889518,32.2759112869249],[-106.739250784438,32.2759116874902],[-106.739251741322,32.275911963359],[-106.739252737846,32.2759121092069],[-106.739253748511,32.2759121206232],[-106.739254748901,32.2759119977026],[-106.739364722291,32.2758908749033],[-106.739365791841,32.2758905839683],[-106.73936678626,32.2758901400088],[-106.739367673771,32.2758895557738],[-106.739368428993,32.2758888493988],[-106.739369028688,32.2758880426184],[-106.73936945388,32.2758871598563],[-106.739369693032,32.2758862273111],[-106.739369736745,32.2758852738786],[-106.739369586235,32.2758843284136],[-106.739367249321,32.2758755488698],[-106.739366906867,32.2758746402228],[-106.739366384296,32.2758737963056],[-106.7393656966,32.2758730414102],[-106.739364866202,32.2758723997999],[-106.739363916557,32.2758718903228],[-106.739362876414,32.2758715291009],[-106.7393617798,32.2758713268248],[-106.739360657529,32.275871288786]]]}},{"type":"Feature","properties":{"id":"parking-16","category":"parking","name":"Lot 71"},"geometry":{"type":"Polygon","coordinates":[[[-106.75555096092,32.2767656412548],[-106.755577974252,32.2768629913003],[-106.755572110864,32.2768640771594],[-106.755574732611,32.2768743532352],[-106.754888829186,32.2770062781766],[-106.754857355009,32.2768944051868],[-106.75555096092,32.2767656412548]]]}},{"type":"Feature","properties":{"id":"parking-17","category":"parking","name":"Lot 104"},"geometry":{"type":"Polygon","coordinates":[[[-106.758847208389,32.2771799812725],[-106.75902919758,32.2769096200148],[-106.758590136669,32.2766943771235],[-106.758685821441,32.276515851748],[-106.759397943133,32.2768870406106],[-106.759401917978,32.2768886199611],[-106.759406132854,32.2768896500149],[-106.75941048678,32.2768901077311],[-106.759414871406,32.2768899800187],[-106.759419178477,32.2768892718238],[-106.759423300864,32.2768879989101],[-106.759427138957,32.2768861932444],[-106.759429990684,32.2768843572867],[-106.759432543531,32.2768822276277],[-106.75943475416,32.2768798378109],[-106.759457994357,32.2768521698181],[-106.759461339017,32.2768466008933],[-106.759463499874,32.2768406245957],[-106.759464413178,32.276834420652],[-106.759464050249,32.276828175862],[-106.759462422757,32.2768220786665],[-106.759459578438,32.2768163128514],[-106.759455605301,32.2768110503162],[-106.759450621014,32.2768064511165],[-106.759573171486,32.2768685346769],[-106.75956561338,32.2768680114333],[-106.759558056922,32.2768685424521],[-106.759550702663,32.2768701124946],[-106.759543748884,32.2768726801771],[-106.759537379915,32.2768761771169],[-106.759531768264,32.2768805088251],[-106.759507354065,32.2769087605592],[-106.759507788355,32.2769148571567],[-106.759509426687,32.2769208036979],[-106.759512224585,32.2769264299113],[-106.759516099403,32.2769315737962],[-106.759520942036,32.2769360878885],[-106.759526611635,32.2769398428888],[-106.759559413084,32.2769594070791],[-106.759591119696,32.2769802337674],[-106.759621664342,32.2770022781325],[-106.759650983069,32.2770254935371],[-106.759679011905,32.2770498306378],[-106.759705694297,32.2770752373563],[-106.759576731676,32.2772108413567],[-106.758828837325,32.2772557552719],[-106.758847208389,32.2771799812725]]]}},{"type":"Feature","properties":{"id":"parking-18","category":"parking","name":"Lot 86"},"geometry":{"type":"Polygon","coordinates":[[[-106.741792151209,32.2782403265427],[-106.741691996272,32.277853899318],[-106.741678166924,32.2778005433942],[-106.741787161595,32.2777694766146],[-106.741822979454,32.2777445198344],[-106.741871610501,32.2776859144638],[-106.741910449718,32.2775872245048],[-106.742120068881,32.2776259632907],[-106.742278670277,32.2776606600736],[-106.742356416169,32.2776838729134],[-106.7424168909,32.2776962099175],[-106.742674754688,32.2786594991965],[-106.742288926049,32.2787310302639],[-106.741855663167,32.2784922185064],[-106.741792151209,32.2782403265427]]]}},{"type":"Feature","properties":{"id":"parking-19","category":"parking","name":"Lot 60"},"geometry":{"type":"Polygon","coordinates":[[[-106.753082750113,32.2792347878981],[-106.753142743378,32.2792229275759],[-106.753144788319,32.2792224062725],[-106.753146700052,32.2792216005134],[-106.753148425622,32.2792205330558],[-106.753149915305,32.2792192347611],[-106.753151126837,32.2792177418718],[-106.753152026482,32.2792160969096],[-106.753152586898,32.2792143468799],[-106.753152793501,32.2792125423449],[-106.753152640202,32.2792107338326],[-106.753152131529,32.2792089727308],[-106.753151281558,32.2792073085856],[-106.753150113917,32.2792057909048],[-106.753148662805,32.2792044610376],[-106.753146969833,32.2792033566962],[-106.753145081889,32.2792025101604],[-106.753143053247,32.2792019455643],[-106.75314094238,32.2792016780063],[-106.753138807722,32.2792017162722],[-106.753136711897,32.2792020583089],[-106.753085671502,32.2792118790392],[-106.753025738382,32.2789774692811],[-106.753078301892,32.2789674296698],[-106.753080224574,32.2789666851942],[-106.753081975971,32.2789656816665],[-106.753083509534,32.2789644481313],[-106.753084784035,32.278963016318],[-106.7530857636,32.278961426051],[-106.753086421929,32.2789597207243],[-106.753086742295,32.2789579473011],[-106.753086714342,32.278956152719],[-106.753086339406,32.2789543865748],[-106.753085627303,32.2789526966279],[-106.753084598463,32.2789511296933],[-106.753083279654,32.2789497271497],[-106.753081708245,32.2789485276281],[-106.753079925827,32.2789475652334],[-106.753077980304,32.2789468641248],[-106.753075926987,32.2789464439227],[-106.753073820082,32.2789463161355],[-106.753071716937,32.2789464850438],[-106.753014811581,32.2789576891072],[-106.75300883443,32.2789591585898],[-106.752992726601,32.2788990914974],[-106.752995452298,32.2788988136918],[-106.753208242301,32.2788594350878],[-106.753307917444,32.2792541328666],[-106.753099775151,32.2792929078216],[-106.753099189157,32.2792931013495],[-106.753098452697,32.2792933459808],[-106.753082750113,32.2792347878981]]]}},{"type":"Feature","properties":{"id":"parking-20","category":"parking","name":"Unnamed"},"geometry":{"type":"Polygon","coordinates":[[[-106.754606343771,32.2792716953035],[-106.754640815429,32.2793927778091],[-106.754487340218,32.2794219284271],[-106.754298762281,32.2794365323167],[-106.754298217899,32.2793471650834],[-106.754298010157,32.2793453062862],[-106.754297448138,32.2793435012113],[-106.75429654697,32.2793417975968],[-106.754295331328,32.2793402422405],[-106.754293833288,32.2793388764997],[-106.75429209233,32.2793377362912],[-106.754290156392,32.2793368520863],[-106.754287590331,32.2793320229745],[-106.754374157843,32.2793156395608],[-106.754374125631,32.2793213285963],[-106.75437414291,32.2793213817368],[-106.754376174738,32.2793267405662],[-106.754379257941,32.2793317867617],[-106.754383288467,32.279336325938],[-106.754388153082,32.2793402304838],[-106.7543937153,32.2793433918194],[-106.754399820699,32.2793457212779],[-106.754406297996,32.2793471528059],[-106.75441296438,32.279347647452],[-106.75441963612,32.2793471915202],[-106.754495140523,32.2793330743848],[-106.754501772258,32.2793313370713],[-106.754507950747,32.2793286510121],[-106.754513487464,32.2793250954219],[-106.754518215285,32.2793207800929],[-106.754521991606,32.2793158336585],[-106.7545247026,32.2793104053797],[-106.754526266384,32.2793046615252],[-106.754526634013,32.2792987736433],[-106.754525795864,32.2792929212416],[-106.754522835848,32.2792875002873],[-106.754606343771,32.2792716953035]]]}},{"type":"Feature","properties":{"id":"parking-21","category":"parking","name":"Lot 63"},"geometry":{"type":"Polygon","coordinates":[[[-106.757668308422,32.2801749051947],[-106.757593051634,32.2801889123034],[-106.757587267626,32.280189988919],[-106.757585929827,32.2801903388049],[-106.757560405472,32.2800944307527],[-106.757563879799,32.2800943753034],[-106.757567624055,32.2800937983985],[-106.757641810684,32.2800797938033],[-106.758152129976,32.279984049418],[-106.758197350035,32.2801578615382],[-106.757911821863,32.2802114720798],[-106.757924211895,32.280259096134],[-106.757703318535,32.2803005696891],[-106.757668308422,32.2801749051947]]]}},{"type":"Feature","properties":{"id":"parking-22","category":"parking","name":"Lot 47"},"geometry":{"type":"Polygon","coordinates":[[[-106.749443683455,32.2802974325208],[-106.749477860342,32.2804156875969],[-106.748959911501,32.2805161573694],[-106.748941612322,32.2804637669006],[-106.748938292447,32.2804596549277],[-106.74893422167,32.280456061783],[-106.748929511994,32.2804530853264],[-106.748924291256,32.2804508062197],[-106.748918699929,32.2804492870378],[-106.748912891105,32.2804485677594],[-106.748907023073,32.2804486685017],[-106.748901252939,32.2804495868404],[-106.748898175252,32.2804505423406],[-106.748888386846,32.2804165386502],[-106.748894127629,32.280415688969],[-106.748899907016,32.2804139399846],[-106.748905257358,32.2804113873376],[-106.748910023003,32.2804081046931],[-106.748914068581,32.2804041863791],[-106.748917276863,32.2803997437872],[-106.748919558311,32.2803949044328],[-106.748920844686,32.2803898083732],[-106.749443683455,32.2802974325208]]]}},{"type":"Feature","properties":{"id":"parking-23","category":"parking","name":"Unnamed"},"geometry":{"type":"Polygon","coordinates":[[[-106.763628905192,32.2802549219625],[-106.763652831199,32.2803510859631],[-106.763395803682,32.2803979318575],[-106.763387823525,32.2804016934709],[-106.763380682742,32.2804065221736],[-106.763374576978,32.2804122845977],[-106.763369673085,32.280418824044],[-106.763366104875,32.2804259604997],[-106.763363971038,32.2804334987629],[-106.763363328804,32.2804412329781],[-106.763364197151,32.2804489511321],[-106.763366551533,32.2804564422906],[-106.763370328161,32.2804635010898],[-106.763375421907,32.2804699340582],[-106.763380256508,32.2804742739721],[-106.76326383772,32.2804964232822],[-106.763265854988,32.2804926904214],[-106.763268315473,32.2804847152362],[-106.763269115297,32.2804764978885],[-106.763268230385,32.2804682873882],[-106.763265685483,32.2804603307431],[-106.76326155944,32.280452867526],[-106.763255975616,32.2804461245029],[-106.76324910182,32.2804403030071],[-106.763241147122,32.2804355798543],[-106.763232350119,32.2804320965676],[-106.763222975751,32.280429959391],[-106.763213307821,32.2804292312026],[-106.763064408034,32.2804560937502],[-106.763039098273,32.2803589856042],[-106.763628905192,32.2802549219625]]]}},{"type":"Feature","properties":{"id":"parking-24","category":"parking","name":"Lot 57"},"geometry":{"type":"Polygon","coordinates":[[[-106.75293595364,32.2796333940927],[-106.753062798259,32.280126195914],[-106.753003935012,32.2801345957877],[-106.753030059811,32.280197440363],[-106.753027071838,32.2801992532711],[-106.753024478846,32.2802014623242],[-106.753022353746,32.2802040059057],[-106.753020755604,32.2802068143375],[-106.753019727511,32.2802098089865],[-106.753019299795,32.2802129067613],[-106.753019482604,32.2802160228469],[-106.753020271205,32.2802190688802],[-106.753021644969,32.2802219619728],[-106.75302356417,32.2802246211159],[-106.753025976382,32.280226972566],[-106.753028815428,32.2802289516531],[-106.753032001382,32.2802305027805],[-106.753035445892,32.280231583011],[-106.753039053251,32.2802321629646],[-106.753042724638,32.2802322258996],[-106.753046357069,32.2802317704227],[-106.753121366221,32.2802173828154],[-106.753124350014,32.2802167360214],[-106.753126371018,32.2802162977844],[-106.753131105664,32.2802145446524],[-106.753131529028,32.2802143129925],[-106.753147750608,32.2802745401299],[-106.753144939031,32.2802748453368],[-106.752545136708,32.280387083299],[-106.752502753581,32.2802204474026],[-106.752650532542,32.2801931129469],[-106.752669814349,32.2802683411614],[-106.752670362026,32.2802698604121],[-106.752671196869,32.280271283825],[-106.752672295297,32.2802725700085],[-106.752673628456,32.2802736848069],[-106.752675160088,32.2802745986032],[-106.752676846526,32.2802752854174],[-106.752678644143,32.2802757273862],[-106.752680502976,32.2802759120824],[-106.752682370978,32.280275834302],[-106.752684199325,32.280275496043],[-106.752685937111,32.2802749065268],[-106.752687537721,32.2802740830741],[-106.752688955616,32.2802730457069],[-106.752690153809,32.2802718252357],[-106.752691099566,32.2802704533557],[-106.752691766557,32.2802689680497],[-106.752692135895,32.2802674099763],[-106.752692199323,32.2802658215557],[-106.752691952833,32.2802642460929],[-106.752608390888,32.2799382250127],[-106.752607550227,32.2799359385464],[-106.752606255009,32.2799338099102],[-106.752604544874,32.2799319047819],[-106.752602473216,32.2799302797659],[-106.75260009976,32.2799289851284],[-106.752597499032,32.2799280593525],[-106.752594748687,32.2799275309886],[-106.752591931611,32.2799274150384],[-106.752589133819,32.2799277156687],[-106.752434400363,32.279956337613],[-106.752388376613,32.2797853196012],[-106.75243647728,32.2797759771066],[-106.752439314991,32.2797752154724],[-106.752441971187,32.2797740721734],[-106.752444372789,32.2797725781635],[-106.75244645738,32.2797707733726],[-106.752448170019,32.279768704916],[-106.752449465361,32.2797664279872],[-106.752450309762,32.2797640022426],[-106.752450679171,32.2797614936134],[-106.752450564385,32.2797589661679],[-106.752451400719,32.2797516109109],[-106.752453635298,32.2797444692417],[-106.752457207601,32.2797377316925],[-106.752462023069,32.2797315772071],[-106.752467953099,32.2797261713366],[-106.752474840296,32.2797216562985],[-106.752482499556,32.2797181545796],[-106.752490727553,32.2797157571745],[-106.752568092483,32.2797014452975],[-106.75274022115,32.2796696037599],[-106.75275342673,32.2796671603682],[-106.75293595364,32.2796333940927]]]}},{"type":"Feature","properties":{"id":"parking-25","category":"parking","name":"Lot 64"},"geometry":{"type":"Polygon","coordinates":[[[-106.756830405573,32.2806899484806],[-106.756834269385,32.2806782214775],[-106.756835047508,32.2806734421277],[-106.756972726598,32.2807344411226],[-106.75697747262,32.2807412301767],[-106.756987484447,32.2807516812681],[-106.756999193649,32.2807607700553],[-106.757012345417,32.2807683018582],[-106.757169601445,32.280845606946],[-106.757175015355,32.2808468838749],[-106.757180604286,32.2808473718789],[-106.75718621104,32.2808470562579],[-106.757192856088,32.2808457931257],[-106.757199208872,32.2808437095766],[-106.757205130579,32.2808408521628],[-106.757193784604,32.28079021165],[-106.757464204918,32.2807346658244],[-106.757480286851,32.2807809132817],[-106.757485580392,32.2807832611834],[-106.757491252914,32.2807848436904],[-106.75749715345,32.2807856217275],[-106.757503123698,32.2807855733846],[-106.757509005484,32.2807847001991],[-106.757514640758,32.2807830253527],[-106.757519881138,32.2807805927307],[-106.757524583671,32.2807774678414],[-106.75752862568,32.2807737350504],[-106.757531898362,32.2807694921954],[-106.75753365671,32.2807661176003],[-106.757542181667,32.2807684407884],[-106.75756603124,32.2808560097941],[-106.757513640229,32.2808660550901],[-106.757393659326,32.2808890592544],[-106.757394467448,32.2808921520772],[-106.757378841342,32.2808951684371],[-106.757377504989,32.2808900593839],[-106.756989548165,32.2809671217518],[-106.756941512221,32.2808220851949],[-106.756914271136,32.2808276092866],[-106.756906671352,32.2807971273152],[-106.756897575556,32.2807988656271],[-106.756892347337,32.2807832556531],[-106.75677760944,32.2808071689023],[-106.756779534836,32.2808214204133],[-106.756680692071,32.2808403068753],[-106.756677484446,32.2808411738022],[-106.756674501239,32.2808424979712],[-106.75667183141,32.2808442402457],[-106.756669556405,32.2808463470893],[-106.756667743825,32.2808487569048],[-106.756666448467,32.2808513964219],[-106.756665709168,32.2808541861216],[-106.756665547756,32.2808570420438],[-106.756665969067,32.2808598793946],[-106.756674023822,32.2808916284659],[-106.756451273658,32.2809330937614],[-106.756329955354,32.280463594451],[-106.75637208316,32.2804549832647],[-106.756607304384,32.2804069052808],[-106.756602700742,32.2803898173521],[-106.756618617437,32.2803867593392],[-106.756623239088,32.2804036487868],[-106.756702903031,32.2803873654232],[-106.756776482144,32.2806798539723],[-106.756782702693,32.280704582238],[-106.756824713789,32.2807011254732],[-106.756830405573,32.2806899484806]]]}},{"type":"Feature","properties":{"id":"parking-26","category":"parking","name":"Lot 103"},"geometry":{"type":"Polygon","coordinates":[[[-106.758300289735,32.2799298207121],[-106.758616075064,32.2811671584447],[-106.757883565075,32.2813077901305],[-106.757747449432,32.2807744399775],[-106.757746311793,32.2807712745297],[-106.757744573359,32.280768313513],[-106.757742282348,32.2807656369988],[-106.757739501805,32.2807633186857],[-106.757736309584,32.2807614222924],[-106.757732790908,32.2807600006856],[-106.757729044726,32.2807590931492],[-106.757725174147,32.2807587236187],[-106.757721284335,32.2807589033954],[-106.757718109226,32.2807595068761],[-106.757696505431,32.2806783320439],[-106.757697418106,32.2806782760671],[-106.757701408348,32.280677449257],[-106.757705179988,32.2806760668809],[-106.757708627082,32.2806741681443],[-106.757711650139,32.2806718066569],[-106.757714166719,32.2806690485856],[-106.757716105069,32.2806659717784],[-106.757717409405,32.2806626630378],[-106.757718044152,32.2806592153979],[-106.757710415563,32.2806293252086],[-106.758295636351,32.2805215405278],[-106.758151612983,32.2799572041603],[-106.758300289735,32.2799298207121]]]}},{"type":"Feature","properties":{"id":"parking-27","category":"parking","name":"Lot 42"},"geometry":{"type":"Polygon","coordinates":[[[-106.746524155956,32.2815203255595],[-106.746506355076,32.2814504475948],[-106.746359494444,32.2808600314133],[-106.7469841055,32.2807436171914],[-106.747154500681,32.2814001767995],[-106.746524155956,32.2815203255595]],[[-106.74670747321,32.281374119038],[-106.74670544791,32.2813739745905],[-106.746703424258,32.2813741322582],[-106.746701462728,32.2813745854903],[-106.746699623764,32.2813753214231],[-106.746697964569,32.2813763172851],[-106.746696532753,32.281377543128],[-106.746695373758,32.281378960895],[-106.746694522391,32.2813805289638],[-106.746694003864,32.2813821985351],[-106.746693834889,32.2813839190392],[-106.746694019426,32.2813856381528],[-106.746694552944,32.2813873035862],[-106.746695419249,32.2813888658009],[-106.746696591535,32.2813902762022],[-106.746698034538,32.2813914925414],[-106.746699704527,32.2813924771128],[-106.746701549321,32.2813932003601],[-106.746703514661,32.2813936408524],[-106.746705539956,32.2813937843981],[-106.746707563609,32.2813936267304],[-106.746709525139,32.2813931734982],[-106.746711363041,32.2813924375695],[-106.746713023298,32.2813914417031],[-106.746714455114,32.28139021586],[-106.746715614109,32.2813887980928],[-106.746716465476,32.2813872300239],[-106.746716984007,32.2813855613543],[-106.746717152982,32.2813838408503],[-106.746716968439,32.2813821208348],[-106.746716433859,32.2813804554057],[-106.746715568616,32.2813788931869],[-106.74671439633,32.2813774827858],[-106.746712953331,32.2813762673486],[-106.746711283343,32.2813752827774],[-106.746709438544,32.2813745586284],[-106.74670747321,32.281374119038]],[[-106.746892919239,32.2813223011462],[-106.746890841907,32.2813221542008],[-106.746888766252,32.2813223147816],[-106.746886754893,32.2813227799368],[-106.746884869325,32.2813235349946],[-106.746883166745,32.2813245562818],[-106.746881699005,32.2813258129312],[-106.746880509429,32.2813272677963],[-106.746879635988,32.2813288756349],[-106.746879104957,32.2813305876433],[-106.746878930919,32.2813323523585],[-106.746879121008,32.281334115641],[-106.746879668566,32.2813358243074],[-106.746880557383,32.281337426114],[-106.746881759593,32.28133887247],[-106.746883238859,32.2813401193276],[-106.746884951456,32.2813411298826],[-106.746886844125,32.2813418718779],[-106.746888859418,32.281342322993],[-106.746890936755,32.2813424708403],[-106.746893012406,32.2813423093576],[-106.746895023765,32.2813418442023],[-106.746896909334,32.2813410891444],[-106.746898611914,32.281340067857],[-106.746900079654,32.2813388112074],[-106.746901268168,32.2813373563463],[-106.746902141608,32.2813357485076],[-106.7469026737,32.2813340364949],[-106.746902846677,32.2813322717838],[-106.746902656587,32.2813305085014],[-106.746902110091,32.2813287998309],[-106.746901221273,32.2813271980244],[-106.746900019064,32.2813257516686],[-106.746898539797,32.2813245048112],[-106.746896827205,32.2813234951582],[-106.746894934536,32.2813227531631],[-106.746892919239,32.2813223011462]],[[-106.746652673749,32.2811538659355],[-106.746650121696,32.2811536856807],[-106.746647572764,32.2811538832913],[-106.746645102307,32.2811544548635],[-106.746642786661,32.2811553820599],[-106.746640694672,32.2811566357504],[-106.746638891968,32.2811581805046],[-106.746637431359,32.2811599665127],[-106.746636359269,32.2811619412845],[-106.746635706156,32.2811640442757],[-106.746635492902,32.2811662113727],[-106.746635726585,32.2811683776138],[-106.746636398349,32.2811704762966],[-106.746637489798,32.2811724434616],[-106.74663896664,32.281174220623],[-106.746640783985,32.2811757520423],[-106.746642886383,32.2811769928447],[-106.746645210984,32.2811779035957],[-106.746647686519,32.2811784584218],[-106.746650238577,32.2811786395785],[-106.746652787505,32.2811784410661],[-106.746655257967,32.2811778703956],[-106.746657574676,32.2811769431948],[-106.746659665598,32.2811756886063],[-106.746661468307,32.2811741447537],[-106.746662928911,32.2811723578435],[-106.746664002062,32.2811703830673],[-106.746664654113,32.2811682800801],[-106.746664867366,32.2811661129831],[-106.746664634744,32.2811639467378],[-106.746663961923,32.2811618489612],[-106.746662870469,32.2811598808946],[-106.746661393631,32.2811581046353],[-106.746659576282,32.2811565723145],[-106.746657473889,32.2811553324142],[-106.746655149283,32.2811544207615],[-106.746652673749,32.2811538659355]],[[-106.746589504095,32.2809157583007],[-106.7465877029,32.280915631007],[-106.746585904222,32.2809157706528],[-106.746584161119,32.2809161734221],[-106.746582526609,32.2809168273821],[-106.746581051539,32.2809177124922],[-106.746579779292,32.2809188024279],[-106.74657874896,32.280920062765],[-106.746577991129,32.2809214564072],[-106.746577531039,32.2809229399659],[-106.746577380134,32.2809244701073],[-106.746577545579,32.2809259981028],[-106.746578019697,32.2809274788899],[-106.746578789504,32.2809288674268],[-106.746579831408,32.2809301205172],[-106.746581114421,32.2809312013068],[-106.746582598022,32.2809320765863],[-106.746584238542,32.2809327203735],[-106.746585984908,32.2809331112248],[-106.746587785046,32.2809332394245],[-106.746589584787,32.2809330997745],[-106.746591327884,32.2809326961034],[-106.746592961333,32.2809320421474],[-106.746594437465,32.280931157033],[-106.746595709712,32.2809300670971],[-106.746596740044,32.2809288067599],[-106.746597496814,32.2809274131218],[-106.746597957964,32.2809259295588],[-106.746598107812,32.2809244003235],[-106.746597943423,32.2809228714219],[-106.746597469305,32.2809213906349],[-106.746596699503,32.2809200029999],[-106.746595657594,32.2809187490079],[-106.746594374581,32.2809176682184],[-106.74659289098,32.2809167929391],[-106.746591250465,32.2809161500538],[-106.746589504095,32.2809157583007]],[[-106.746773311136,32.2808627619921],[-106.746771138233,32.2808626082057],[-106.746768968145,32.2808627763709],[-106.746766864556,32.2808632635314],[-106.746764893189,32.2808640522936],[-106.746763112314,32.2808651207837],[-106.746761576952,32.2808664354166],[-106.746760333597,32.2808679563277],[-106.746759420217,32.280869637373],[-106.746758864135,32.2808714279411],[-106.746758683106,32.2808732738508],[-106.746758881061,32.2808751173679],[-106.746759453458,32.2808769043988],[-106.746760383012,32.2808785799982],[-106.746761640775,32.2808800919726],[-106.746763188289,32.280881396282],[-106.746764978623,32.2808824525277],[-106.746766957458,32.2808832284565],[-106.746769065217,32.2808837008544],[-106.746771238121,32.2808838546408],[-106.746773408209,32.2808836864756],[-106.746775511804,32.2808832002167],[-106.746777483166,32.2808824105525],[-106.746779264046,32.280881342964],[-106.746780799408,32.2808800283309],[-106.746782042757,32.2808785065178],[-106.746782956138,32.2808768254723],[-106.746783512218,32.2808750349041],[-106.746783693252,32.2808731898963],[-106.746783495292,32.2808713454774],[-106.746782922895,32.2808695584466],[-106.746781993345,32.2808678837492],[-106.746780735577,32.2808663708732],[-106.746779188063,32.280865066564],[-106.746777397729,32.2808640103185],[-106.746775418895,32.2808632343899],[-106.746773311136,32.2808627619921]]]}},{"type":"Feature","properties":{"id":"parking-28","category":"parking","name":"Lot 35"},"geometry":{"type":"Polygon","coordinates":[[[-106.740443308009,32.2816585049063],[-106.740296162207,32.2811495400471],[-106.740961434855,32.2809990608314],[-106.741154986633,32.2816346896187],[-106.74059670169,32.2817473425629],[-106.740560714883,32.2817530991254],[-106.740502068394,32.2817357181876],[-106.740460535274,32.2817029391996],[-106.740443308009,32.2816585049063]]]}},{"type":"Feature","properties":{"id":"parking-29","category":"parking","name":"Lot 39"},"geometry":{"type":"Polygon","coordinates":[[[-106.745803730481,32.2800617586113],[-106.745821377445,32.2800592002038],[-106.745911863298,32.2800408321305],[-106.745936860459,32.280132437417],[-106.745931280471,32.2801283071839],[-106.745925018915,32.2801249543217],[-106.745918225917,32.2801224594077],[-106.745913831964,32.2801214909336],[-106.745911062094,32.2801208804317],[-106.745905296075,32.2801208011645],[-106.745899599421,32.2801215684676],[-106.745894145051,32.2801231600176],[-106.74588909619,32.2801255273751],[-106.745884604266,32.2801286005027],[-106.745880804657,32.2801322859776],[-106.745877811414,32.2801364733255],[-106.745875714091,32.2801410368369],[-106.745874576704,32.2801458400802],[-106.745874431371,32.2801507377304],[-106.745983256589,32.2805515822767],[-106.7459147943,32.2805652401018],[-106.745935606735,32.2806289475607],[-106.744978438691,32.2808115499766],[-106.744964972168,32.2807581984407],[-106.744903127916,32.2807685776858],[-106.744917356552,32.2808230851269],[-106.744819121495,32.2808384183477],[-106.744810909875,32.2808016538871],[-106.744809304531,32.2807982962535],[-106.744807084883,32.2807952025651],[-106.744804305514,32.2807924537752],[-106.744801042183,32.2807901208335],[-106.744797378032,32.2807882656422],[-106.744793409931,32.2807869365221],[-106.744789241045,32.2807861682412],[-106.744784981893,32.2807859811093],[-106.744780742908,32.2807863801048],[-106.74447030754,32.2808454545984],[-106.744465545129,32.2808478018386],[-106.744461325579,32.2808508053081],[-106.744457772626,32.2808543779444],[-106.744454989734,32.280858413825],[-106.744453060123,32.2808627935793],[-106.74445204043,32.2808673898238],[-106.744451960702,32.2808720662606],[-106.744452822319,32.2808766858021],[-106.744460583542,32.2809061857941],[-106.743946604756,32.2810044261857],[-106.743942817685,32.2810065287957],[-106.743939491955,32.2810091337387],[-106.743936718487,32.2810121712162],[-106.743934574313,32.2810155552507],[-106.743933118388,32.2810191945242],[-106.743932390502,32.2810229869711],[-106.743932410272,32.2810268306051],[-106.743944701464,32.2810747793194],[-106.74387092783,32.2810887508193],[-106.743858779403,32.2810434358615],[-106.743857304472,32.2810396502259],[-106.743855086815,32.2810361353461],[-106.743852193878,32.2810329955737],[-106.743848708975,32.2810303243759],[-106.743844736567,32.2810281998056],[-106.743840394837,32.2810266854324],[-106.743835811417,32.2810258249481],[-106.743831122343,32.2810256457783],[-106.743771647462,32.281037033401],[-106.743664871576,32.2806214543055],[-106.743675349894,32.2806195311696],[-106.743738857191,32.2806078753077],[-106.743859179606,32.2805857900302],[-106.743973550117,32.2805647975216],[-106.744010774608,32.2805579646443],[-106.744027428537,32.2805684214524],[-106.744038458354,32.2805665971367],[-106.744049968549,32.2805507705235],[-106.744128501707,32.2805363555231],[-106.744130684759,32.2805350546211],[-106.744132603055,32.2805334814926],[-106.744134209025,32.2805316732997],[-106.74413546469,32.2805296743821],[-106.744136338471,32.2805275344656],[-106.744136810478,32.2805253050336],[-106.744136867204,32.2805230402504],[-106.744136508945,32.2805207951282],[-106.744135744494,32.2805186246457],[-106.744114652839,32.2804123828222],[-106.745544187767,32.280142367946],[-106.745547019704,32.2801401409725],[-106.745549379348,32.2801375460912],[-106.745551201274,32.2801346557073],[-106.745552433891,32.2801315484848],[-106.745553045821,32.2801283111251],[-106.745553017375,32.2801250320873],[-106.745552351173,32.2801218024486],[-106.745551065745,32.2801187114201],[-106.745548782561,32.2801160391607],[-106.745803730481,32.2800617586113]]]}},{"type":"Feature","properties":{"id":"parking-30","category":"parking","name":"Lot 1"},"geometry":{"type":"Polygon","coordinates":[[[-106.760203822457,32.2811858793468],[-106.760200519524,32.2811894396879],[-106.760195753847,32.28119682259],[-106.760193681144,32.2812018669237],[-106.760192487163,32.281204772114],[-106.760190808494,32.281213071455],[-106.760190764332,32.281221491354],[-106.760192355516,32.2812298027365],[-106.760264380276,32.2814954922848],[-106.760291030973,32.2815889159982],[-106.760290715014,32.2815908842211],[-106.760290778157,32.281592870753],[-106.760301321277,32.2816317621394],[-106.760304953814,32.2816451625562],[-106.760310092058,32.2816641186292],[-106.760555361284,32.2816179046217],[-106.760576352644,32.2816946262476],[-106.760658361045,32.2819943562815],[-106.760945279236,32.2819414373429],[-106.760965551425,32.2820314497404],[-106.760517146414,32.2821186572619],[-106.760529115196,32.2821628069898],[-106.760451318188,32.2821774510602],[-106.760497790188,32.2823465359911],[-106.760297988141,32.2823852575356],[-106.760215855171,32.2821093998894],[-106.760249756935,32.2821034684915],[-106.760054200504,32.2813574286158],[-106.760149512716,32.2813435726025],[-106.760127067385,32.2812456099643],[-106.760124467022,32.2812381314626],[-106.760120472129,32.2812311104235],[-106.760115189917,32.2812247339998],[-106.760108760393,32.2812191693708],[-106.760095966877,32.2812125401048],[-106.760086926457,32.2812078563112],[-106.760203822457,32.2811858793468]]]}},{"type":"Feature","properties":{"id":"parking-31","category":"parking","name":"Las Cruces Convention Center Parking"},"geometry":{"type":"Polygon","coordinates":[[[-106.763555468741,32.2820680457846],[-106.763551687932,32.2820679836006],[-106.763547949477,32.2820684668666],[-106.763544361573,32.2820694798109],[-106.763541028105,32.2820709949555],[-106.763538044368,32.2820729677219],[-106.763535497099,32.2820753418425],[-106.763533459156,32.2820780475781],[-106.763531990615,32.2820810071249],[-106.763531133462,32.2820841355379],[-106.763536902885,32.2821185178413],[-106.763334945692,32.2821572845108],[-106.763295344182,32.2819898041801],[-106.763463819612,32.2819610562441],[-106.763471434556,32.2819932566751],[-106.763472332683,32.2819958927527],[-106.763473737337,32.2819983635349],[-106.763475606733,32.2820006015525],[-106.763477889555,32.2820025429824],[-106.763480521802,32.2820041339737],[-106.763483429963,32.2820053288304],[-106.763486532112,32.2820060954191],[-106.76348974107,32.2820064115478],[-106.763492966551,32.282006268565],[-106.7634961194,32.2820056704408],[-106.763499110533,32.2820046337707],[-106.763533407638,32.2819924166617],[-106.763535889917,32.2819913207339],[-106.76353812828,32.2819898939154],[-106.763540061379,32.2819881761372],[-106.763541637448,32.2819862127027],[-106.763542814317,32.2819840560908],[-106.763543559414,32.2819817659566],[-106.763543853969,32.2819794028007],[-106.763543688784,32.2819770297902],[-106.763543068476,32.2819747127419],[-106.763542011433,32.2819725120052],[-106.763540543479,32.2819704888013],[-106.763538706317,32.2819686961699],[-106.76349985141,32.2819403618692],[-106.763487779737,32.2819326522978],[-106.763474638344,32.2819263323241],[-106.763460646511,32.2819215056712],[-106.7634460372,32.2819182552643],[-106.763431057003,32.28191663331],[-106.763415955563,32.2819166685544],[-106.763400985539,32.2819183599702],[-106.763283885923,32.2819413426814],[-106.763258644983,32.2819462972532],[-106.761800577553,32.2822324628669],[-106.761782258526,32.2822350036839],[-106.761763706126,32.2822354982332],[-106.761745235615,32.282233938924],[-106.761727160322,32.2822303515424],[-106.761709788461,32.2822247970675],[-106.76169341358,32.2822173708087],[-106.76167831559,32.2822081978918],[-106.761664751225,32.2821974351017],[-106.761652948697,32.2821852645909],[-106.76164311088,32.2821718938662],[-106.761635403593,32.2821575486221],[-106.761629958796,32.2821424745305],[-106.76148782813,32.2815939901011],[-106.761485008782,32.28158477915],[-106.761480384538,32.2815761112111],[-106.761474090579,32.2815682382563],[-106.761466309737,32.2815613913214],[-106.761457269257,32.2815557696977],[-106.761447235471,32.2815515382476],[-106.761436498896,32.2815488211521],[-106.761425374207,32.2815476955982],[-106.761416780414,32.2815480812233],[-106.761393016382,32.2814495839512],[-106.761418984617,32.2814438935985],[-106.761424378284,32.281442303429],[-106.761429395261,32.2814399896932],[-106.761433903193,32.2814370142535],[-106.761437782554,32.2814334551534],[-106.761440927721,32.2814294084175],[-106.761443257549,32.2814249807934],[-106.762746951628,32.2811568763932],[-106.762738836612,32.2812172560747],[-106.762806194145,32.281207438236],[-106.762884001857,32.2815946349427],[-106.762884494658,32.2815967468895],[-106.762884544503,32.2815967376685],[-106.762889987161,32.2816178144619],[-106.762896228609,32.2816419885883],[-106.762896423785,32.2816432801538],[-106.762896376967,32.2816445817208],[-106.762896090097,32.2816458608145],[-106.76289601361,32.2816460405943],[-106.762909575523,32.2817040794047],[-106.763624735454,32.2815620507092],[-106.763585824298,32.2816455899692],[-106.76368102511,32.2820026385345],[-106.763660535732,32.2825266274231],[-106.763666062972,32.2825393129769],[-106.763673688743,32.2825511882452],[-106.76368325134,32.2825620049735],[-106.763694552012,32.2825715348988],[-106.763704404904,32.2825777257328],[-106.763707225062,32.2825795017367],[-106.763548117257,32.282609148933],[-106.763547843641,32.2826091996477],[-106.763552935102,32.282601827923],[-106.76355796095,32.2825911024668],[-106.76356101983,32.2825798547191],[-106.763562041012,32.2825683438],[-106.763574560541,32.2820817042934],[-106.763573227182,32.2820786984225],[-106.763571314442,32.2820759284883],[-106.763568875843,32.2820734727344],[-106.763565983986,32.2820714039159],[-106.763562720945,32.2820697803195],[-106.763559181477,32.28206865026],[-106.763555468741,32.2820680457846]]]}},{"type":"Feature","properties":{"id":"parking-32","category":"parking","name":"Lot 5"},"geometry":{"type":"Polygon","coordinates":[[[-106.755839559818,32.2827230707771],[-106.755899552571,32.2829528747927],[-106.755902375316,32.2829580103722],[-106.755906105468,32.2829627103276],[-106.755910652144,32.2829668586837],[-106.755915905431,32.2829703539711],[-106.755921735332,32.2829731101324],[-106.755928000281,32.2829750609973],[-106.755934547135,32.2829761584793],[-106.755941214373,32.2829763752679],[-106.7559478406,32.2829757065986],[-106.756039020557,32.2829544831371],[-106.756039412739,32.2829543706373],[-106.756043762804,32.282953127584],[-106.75604817017,32.2829511150182],[-106.756052118768,32.2829485036552],[-106.75605549541,32.2829453669988],[-106.756073217502,32.2830239639091],[-106.756068128763,32.2830227631905],[-106.756062881423,32.2830222521248],[-106.756057605079,32.2830224446221],[-106.755366590304,32.2831494343911],[-106.755350823206,32.2830874805101],[-106.755353875603,32.28308368411],[-106.75534306666,32.2830413067988],[-106.755356576825,32.2830228801372],[-106.755305641539,32.28282320397],[-106.755839559818,32.2827230707771]],[[-106.755795213167,32.2829088033316],[-106.755372367409,32.2829868455437],[-106.755371286096,32.2829871267407],[-106.755370273557,32.2829875573704],[-106.755369360513,32.2829881255859],[-106.755368571287,32.2829888141544],[-106.75536792701,32.2829896049543],[-106.75536744773,32.282990475359],[-106.755367144992,32.2829914018741],[-106.755367027146,32.2829923583123],[-106.755367098288,32.2829933176016],[-106.755371333162,32.2830109283172],[-106.755371762658,32.2830121837846],[-106.755372428473,32.2830133625504],[-106.755373312387,32.2830144331226],[-106.755374390877,32.2830153658341],[-106.755375634085,32.2830161364542],[-106.755377008979,32.2830167234708],[-106.755378479381,32.2830171116969],[-106.755380003826,32.2830172904762],[-106.755801598169,32.2829386968059],[-106.75580318507,32.2829382692833],[-106.755804665659,32.2829376239374],[-106.755805999696,32.2829367789668],[-106.755807149087,32.2829357570702],[-106.755808083206,32.2829345872297],[-106.755808775688,32.282933301116],[-106.755809206566,32.2829319357849],[-106.755809364369,32.2829305282586],[-106.755805501996,32.2829153943643],[-106.755805052259,32.2829141272553],[-106.755804373624,32.2829129350153],[-106.755803483252,32.2829118491405],[-106.755802401458,32.2829108957032],[-106.755801157037,32.2829100980365],[-106.755799780895,32.2829094776609],[-106.755798307078,32.282909047968],[-106.755796771753,32.2829088214389],[-106.755795213167,32.2829088033316]]]}},{"type":"Feature","properties":{"id":"parking-33","category":"parking","name":"Lot 33"},"geometry":{"type":"Polygon","coordinates":[[[-106.742250333128,32.2815932474642],[-106.742250343364,32.2815933736842],[-106.742456937545,32.2823827394378],[-106.742459998112,32.2823888069147],[-106.742463751438,32.2823945876053],[-106.742590720266,32.2825691092981],[-106.742608076653,32.2826008708011],[-106.742623176212,32.2826334545797],[-106.742635966287,32.2826667435987],[-106.74264640165,32.2827006198924],[-106.742797367592,32.2832579794204],[-106.742797651399,32.2832590253677],[-106.742726241781,32.2832717370076],[-106.742683232651,32.283098579815],[-106.742610350804,32.2831115171859],[-106.742624074652,32.2831794672006],[-106.742592173208,32.2831841550382],[-106.74260500535,32.2832368004287],[-106.742489993336,32.2832566542666],[-106.742453921751,32.283234630026],[-106.74241226117,32.2830897145113],[-106.742359870275,32.2831009268483],[-106.742274973423,32.2828459333588],[-106.742501660259,32.2828045552234],[-106.742503671044,32.2828110452542],[-106.742504022763,32.2828116932188],[-106.742504489911,32.2828122875238],[-106.742505058604,32.2828128128916],[-106.742505717095,32.2828132567422],[-106.742506449403,32.2828136083155],[-106.742507236373,32.2828138595697],[-106.742508058863,32.2828140042662],[-106.742508898802,32.2828140379665],[-106.742509734956,32.2828139607531],[-106.742521548208,32.2828120703834],[-106.742522485623,32.2828118719264],[-106.742523372451,32.282811545603],[-106.742524184322,32.282811100527],[-106.742524899011,32.282810549411],[-106.74252549961,32.2828099067507],[-106.742525968159,32.2828091888495],[-106.742526292027,32.2828084155976],[-106.742526463892,32.282807607766],[-106.742526477504,32.2828067870239],[-106.742526332984,32.2828059759171],[-106.742521446152,32.2827798303284],[-106.742516790122,32.2827682993189],[-106.742509883746,32.2827576140084],[-106.742500930431,32.2827480883509],[-106.742490192851,32.2827400017989],[-106.74247798654,32.2827335930151],[-106.742464671343,32.2827290490836],[-106.742450637607,32.2827265046622],[-106.742436298715,32.2827260347963],[-106.742422076204,32.2827276522719],[-106.741205158978,32.2829576501335],[-106.741294017249,32.283302066913],[-106.740883627921,32.2833747742421],[-106.740805283301,32.283060085676],[-106.74080362454,32.2830552662908],[-106.740801053318,32.2830507462607],[-106.740797638239,32.2830466479717],[-106.740793473343,32.2830430855938],[-106.740788673814,32.2830401569815],[-106.740783369598,32.2830379409932],[-106.740777708598,32.2830365001838],[-106.740771844954,32.2830358718323],[-106.740765939077,32.283036075156],[-106.740765719531,32.283036114789],[-106.740751702078,32.2829823816621],[-106.740752809062,32.2829821275459],[-106.740758155802,32.2829800180682],[-106.740763001703,32.2829771674072],[-106.740767207067,32.2829736572729],[-106.740770648239,32.2829695909577],[-106.740773226064,32.28296508699],[-106.740774863752,32.2829602773393],[-106.740775515335,32.2829553001684],[-106.74077516143,32.2829503016533],[-106.74051943668,32.2819495376787],[-106.740868581616,32.2818842429958],[-106.742124447275,32.281649370013],[-106.742130316311,32.2816480628977],[-106.742135831511,32.28164591122],[-106.742140824441,32.2816429823735],[-106.742145144816,32.2816393626205],[-106.742148663715,32.2816351624898],[-106.742151272469,32.2816305077631],[-106.742152894346,32.2816255403309],[-106.742153479193,32.281620409195],[-106.742153008745,32.2816152704477],[-106.742151920235,32.2816116681667],[-106.742250333128,32.2815932474642]],[[-106.741981355962,32.2819317260776],[-106.741979608193,32.2819318618522],[-106.741977913825,32.2819322535459],[-106.741976325876,32.2819328892279],[-106.741974892011,32.281933748872],[-106.741973655623,32.2819348079587],[-106.741972654751,32.2819360329713],[-106.74197191892,32.2819373868186],[-106.741971471266,32.281938828827],[-106.741971325351,32.2819403147527],[-106.741971485179,32.2819417994872],[-106.74197194626,32.2819432379553],[-106.741972693498,32.2819445869267],[-106.741973706502,32.2819458058973],[-106.74197495215,32.2819468553143],[-106.74197639419,32.2819477064598],[-106.741977987884,32.2819483315503],[-106.741979685357,32.2819487118334],[-106.741981434529,32.281948835788],[-106.741983182298,32.2819487000134],[-106.741984876666,32.2819483083196],[-106.741986464615,32.2819476726374],[-106.741987898481,32.2819468129933],[-106.741989134868,32.2819457539064],[-106.741990135745,32.2819445297955],[-106.741990871571,32.2819431750463],[-106.74199131923,32.2819417339396],[-106.741991465139,32.2819402471121],[-106.741991305311,32.2819387623776],[-106.741990844229,32.2819373239096],[-106.741990096992,32.2819359749383],[-106.741989083992,32.2819347568697],[-106.74198783834,32.2819337065509],[-106.7419863963,32.2819328554056],[-106.741984802611,32.281932231217],[-106.741983105138,32.2819318509339],[-106.741981355962,32.2819317260776]],[[-106.741362508413,32.2820486893187],[-106.741360760641,32.2820488250847],[-106.741359066269,32.2820492167702],[-106.741357478308,32.2820498515427],[-106.74135604444,32.2820507120816],[-106.741354808039,32.2820517702604],[-106.741353807157,32.2820529952682],[-106.741353071315,32.282054349112],[-106.741352623651,32.2820557911183],[-106.741352477726,32.2820572770433],[-106.741352637545,32.2820587617787],[-106.741353098621,32.282060201151],[-106.741353845851,32.2820615501261],[-106.741354858843,32.2820627681998],[-106.74135610449,32.2820638185249],[-106.741357546521,32.2820646687755],[-106.741359140213,32.2820652938739],[-106.741360837687,32.2820656741653],[-106.74136258686,32.2820657981284],[-106.741364334632,32.2820656623624],[-106.74136602901,32.2820652715787],[-106.741367616966,32.2820646359042],[-106.741369050834,32.2820637753653],[-106.741370287236,32.2820627171862],[-106.741371288117,32.2820614921783],[-106.741372023958,32.2820601383344],[-106.741372471622,32.2820586963281],[-106.741372617547,32.282057210403],[-106.741372457728,32.2820557256677],[-106.741371997713,32.2820542862913],[-106.741371249422,32.2820529373205],[-106.741370236429,32.2820517192469],[-106.741368990782,32.282050668922],[-106.741367548751,32.2820498186714],[-106.741365955059,32.2820491935732],[-106.741364257586,32.2820488132817],[-106.741362508413,32.2820486893187]],[[-106.740757419663,32.2821628084272],[-106.740755670826,32.282162944189],[-106.740753977506,32.2821633349604],[-106.740752389544,32.2821639706272],[-106.740750955668,32.2821648311592],[-106.740749719258,32.2821658893323],[-106.740748717305,32.2821671143394],[-106.740747982515,32.2821684681756],[-106.740747534841,32.2821699101798],[-106.740747387845,32.2821713961084],[-106.740747547653,32.2821728808446],[-106.740748008721,32.2821743202191],[-106.740748757004,32.2821756691938],[-106.740749768928,32.2821768872765],[-106.740751015631,32.2821779376034],[-106.740752457659,32.2821787878611],[-106.740754051349,32.282179412967],[-106.740755748822,32.2821797932666],[-106.740757497996,32.2821799172381],[-106.740759245772,32.2821797814804],[-106.740760939088,32.2821793898071],[-106.74076252705,32.2821787541402],[-106.740763961993,32.2821778945057],[-106.740765198403,32.2821768363325],[-106.740766199294,32.2821756113294],[-106.740766935145,32.2821742574889],[-106.740767382819,32.2821728154846],[-106.740767528753,32.2821713295602],[-106.74076736894,32.2821698439222],[-106.740766907876,32.2821684054495],[-106.740766159593,32.282167056475],[-106.740765147669,32.2821658383924],[-106.740763900966,32.2821647880656],[-106.74076246,32.282163937804],[-106.74076086631,32.2821633126981],[-106.740759168837,32.2821629323986],[-106.740757419663,32.2821628084272]],[[-106.742120547473,32.2824631823771],[-106.742118799694,32.2824633181536],[-106.742117106379,32.2824637098451],[-106.742115518421,32.282464345529],[-106.742114084549,32.2824652051746],[-106.742112848156,32.2824662642626],[-106.742111846218,32.2824674892804],[-106.742111110385,32.2824688431284],[-106.742110662731,32.2824702851372],[-106.742110516818,32.2824717710629],[-106.742110676649,32.2824732557971],[-106.742111137735,32.2824746942646],[-106.742111886041,32.2824760432308],[-106.742112897991,32.2824772622042],[-106.742114144714,32.2824783125174],[-106.742115586759,32.2824791627592],[-106.742117180463,32.2824797878479],[-106.742118876886,32.2824801681331],[-106.742120627129,32.2824802920815],[-106.742122374908,32.2824801563049],[-106.742124068224,32.2824797646134],[-106.742125656181,32.2824791289293],[-106.742127090054,32.2824782692836],[-106.742128326447,32.2824772101954],[-106.74212932839,32.2824759860794],[-106.742130064218,32.2824746313294],[-106.742130511877,32.2824731902224],[-106.742130657789,32.2824717042967],[-106.742130497952,32.2824702186606],[-106.742130036866,32.2824687801933],[-106.74212928856,32.2824674312272],[-106.742128276615,32.2824662131557],[-106.742127029892,32.2824651628426],[-106.742125587842,32.2824643116991],[-106.742123994143,32.2824636875124],[-106.742122296659,32.2824633072314],[-106.742120547473,32.2824631823771]],[[-106.741501696513,32.2825801463241],[-106.74149994873,32.2825802820921],[-106.74149825541,32.2825806737753],[-106.741496667442,32.2825813085497],[-106.741495233566,32.2825821690901],[-106.741493997159,32.2825832272704],[-106.741492995212,32.2825844522832],[-106.74149226043,32.2825858061236],[-106.741491812766,32.2825872481303],[-106.741491665781,32.2825887340595],[-106.741491825607,32.2825902196964],[-106.741492286684,32.2825916581662],[-106.741493034982,32.2825930071361],[-106.741494046921,32.2825942252127],[-106.741495293638,32.282595275532],[-106.741496735679,32.2825961257809],[-106.741498329381,32.2825967508774],[-106.741500026865,32.2825971311669],[-106.741501776048,32.2825972551279],[-106.741503523831,32.2825971193598],[-106.741505217156,32.2825967285784],[-106.74150680512,32.2825960929021],[-106.741508240057,32.2825952323574],[-106.741509475403,32.2825941741812],[-106.74151047735,32.2825929491681],[-106.741511213193,32.2825915953235],[-106.741511660857,32.2825901533168],[-106.74151180678,32.2825886673917],[-106.741511646958,32.2825871826567],[-106.741511185876,32.2825857432852],[-106.741510437578,32.2825843943153],[-106.741509425639,32.2825831762389],[-106.741508178922,32.2825821259196],[-106.741506737943,32.2825812756667],[-106.741505143179,32.2825806505745],[-106.741503446757,32.282580270281],[-106.741501696513,32.2825801463241]],[[-106.740882195076,32.2826710569522],[-106.740880447291,32.2826711927116],[-106.740878753966,32.2826715843866],[-106.740877165997,32.282672220055],[-106.740875731047,32.2826730796908],[-106.740874494632,32.282674137865],[-106.740873493737,32.282675362869],[-106.740872757884,32.2826767167099],[-106.740872310209,32.2826781587145],[-106.740872164275,32.2826796446389],[-106.740872324092,32.2826811302767],[-106.740872785159,32.2826825687488],[-106.740873533449,32.2826839177225],[-106.74087454538,32.282685135804],[-106.740875792092,32.2826861861296],[-106.740877233067,32.2826870363897],[-106.740878826767,32.282687661494],[-106.74088052425,32.2826880417918],[-106.740882273439,32.2826881666633],[-106.740884022286,32.2826880308996],[-106.740885715611,32.2826876392246],[-106.740887303581,32.282687003556],[-106.740888737464,32.2826861430224],[-106.740889973879,32.2826850848481],[-106.740890975835,32.2826838598399],[-106.740891710627,32.2826825060029],[-106.740892158302,32.2826810639983],[-106.740892305296,32.2826795780698],[-106.740892145484,32.2826780933338],[-106.740891684411,32.28267665396],[-106.740890936122,32.2826753049864],[-106.74088992419,32.282674086905],[-106.740888677479,32.2826730365795],[-106.740887235442,32.2826721863237],[-106.740885641743,32.2826715612195],[-106.74088394426,32.2826711809218],[-106.740882195076,32.2826710569522]],[[-106.741010117612,32.2831921210694],[-106.741008369817,32.2831922568308],[-106.741006676479,32.2831926476057],[-106.741005088501,32.2831932832757],[-106.741003654611,32.2831941438107],[-106.74100241819,32.2831952019861],[-106.74100141623,32.2831964269951],[-106.741000680374,32.2831977808368],[-106.741000232699,32.2831992228417],[-106.741000086767,32.2832007087661],[-106.741000246582,32.2832021935017],[-106.741000707659,32.283203632875],[-106.741001455954,32.2832049818478],[-106.741002467894,32.2832061999282],[-106.741003714614,32.2832072502523],[-106.74100515666,32.2832081005067],[-106.74100675037,32.2832087256092],[-106.741008446802,32.2832091059092],[-106.741010197058,32.2832092298729],[-106.741011944853,32.2832090941115],[-106.741013638187,32.2832087024347],[-106.741015226169,32.2832080676663],[-106.741016660059,32.2832072071313],[-106.74101789648,32.2832061489557],[-106.741018898441,32.2832049239466],[-106.741019634296,32.2832035701048],[-106.741020081971,32.2832021280999],[-106.741020227903,32.2832006421754],[-106.741020068083,32.283199156538],[-106.74101960701,32.2831977180666],[-106.741018858715,32.2831963690939],[-106.741017846775,32.2831951510137],[-106.741016600055,32.2831941006898],[-106.741015158009,32.2831932504355],[-106.741013564299,32.2831926253331],[-106.741011867868,32.2831922450331],[-106.741010117612,32.2831921210694]]]}},{"type":"Feature","properties":{"id":"parking-34","category":"parking","name":"Lot 3"},"geometry":{"type":"Polygon","coordinates":[[[-106.7583337639,32.2829734495223],[-106.758333927309,32.2829721023949],[-106.758333266702,32.2829731962988],[-106.758330244617,32.2829704136151],[-106.758326165716,32.2829677343895],[-106.758321617823,32.282965671215],[-106.758316727591,32.2829642813004],[-106.758311634314,32.2829636037666],[-106.758306478229,32.2829636569881],[-106.758301404778,32.2829644403794],[-106.758296557159,32.2829659317196],[-106.75829206997,32.2829680898835],[-106.7582880692,32.2829708530378],[-106.758284666955,32.2829741440737],[-106.758281959333,32.282977871517],[-106.758280021124,32.2829819304516],[-106.7582789069,32.2829862070241],[-106.758278647844,32.2829905820642],[-106.758279251762,32.2829949319862],[-106.758242375679,32.2828618700934],[-106.758243989245,32.2828660355811],[-106.758246397437,32.2828699137862],[-106.758249533837,32.2828733976552],[-106.758253310829,32.2828763865329],[-106.7582576218,32.2828787996815],[-106.758262346394,32.2828805672406],[-106.758267351632,32.2828816401432],[-106.758272497216,32.282881989193],[-106.758277639768,32.2828816041448],[-106.7582826339,32.282880495504],[-106.758287340714,32.2828786944929],[-106.758291627782,32.2828762512466],[-106.758295375526,32.2828732347875],[-106.758298478251,32.2828697294136],[-106.758300848393,32.2828658337795],[-106.758302420739,32.2828616572723],[-106.758303150284,32.2828573155107],[-106.758303016485,32.2828529321314],[-106.758267473861,32.2827181603692],[-106.758272411936,32.2827169004428],[-106.758132400877,32.2821843033443],[-106.758130357061,32.2821802730605],[-106.758127548681,32.28217658946],[-106.758124055936,32.2821733559333],[-106.758119975946,32.2821706640788],[-106.758115423786,32.2821685891894],[-106.758110528237,32.2821671893674],[-106.75810542541,32.2821665046485],[-106.758100259791,32.2821665533904],[-106.758095176818,32.2821673350078],[-106.758090318626,32.2821688272845],[-106.758085822993,32.2821709881806],[-106.758083454061,32.2821726237569],[-106.758059580818,32.282084771785],[-106.758062995924,32.2820855056831],[-106.758068143605,32.2820858583405],[-106.758073287185,32.2820854751004],[-106.758078284476,32.2820843691606],[-106.758082994447,32.2820825699482],[-106.758087284684,32.2820801294015],[-106.758091035592,32.2820771138374],[-106.758094141489,32.2820736093572],[-106.758096515865,32.2820697137095],[-106.758098092449,32.2820655362855],[-106.758098825178,32.2820611936098],[-106.758098695627,32.282056808409],[-106.758034094066,32.2818082193926],[-106.75803388317,32.2818069522325],[-106.758033905766,32.2818056733108],[-106.758034159892,32.2818044114947],[-106.758034641482,32.2818031992675],[-106.758051989972,32.2817686244889],[-106.758063079638,32.2817465222958],[-106.758063561228,32.2817453100684],[-106.758063815358,32.2817440491541],[-106.758063837948,32.2817427693305],[-106.758063627052,32.2817415021705],[-106.758056518373,32.2817142640769],[-106.758088026185,32.2817079541907],[-106.758109137439,32.2817037270274],[-106.758161440483,32.2816932534558],[-106.75818255173,32.2816890262804],[-106.758239266191,32.2816776700449],[-106.758259746468,32.2816735689502],[-106.758316145956,32.2816622752741],[-106.758336311277,32.2816582376628],[-106.758389560184,32.2816475753091],[-106.758410355394,32.2816434106941],[-106.758463132389,32.2816328431005],[-106.758484399487,32.2816285836822],[-106.759196577406,32.2814859733608],[-106.75920546195,32.2814842330297],[-106.759214561612,32.2814837526241],[-106.759223632295,32.2814845457544],[-106.759232426521,32.2814865908721],[-106.759240707236,32.2814898321164],[-106.759248251017,32.2814941829083],[-106.759254854432,32.2814995250235],[-106.759260337256,32.2815057130883],[-106.759264552061,32.2815125817561],[-106.7593454889,32.2818092461831],[-106.75934752408,32.2818151424204],[-106.759348441422,32.2818212379672],[-106.75934821884,32.281827380499],[-106.759346859719,32.2818334157849],[-106.759344399316,32.2818391939747],[-106.759340899464,32.281844571424],[-106.759201707965,32.281955606416],[-106.759195753235,32.2819662353424],[-106.759191686373,32.2819774870531],[-106.759189594161,32.2819891231084],[-106.759189520854,32.2820008935162],[-106.759191468237,32.2820125475536],[-106.759361758457,32.2826776652728],[-106.759363361269,32.2826804680864],[-106.759365457426,32.2826830245071],[-106.759367994566,32.2826852734202],[-106.759370912932,32.2826871600535],[-106.759374141139,32.2826886387002],[-106.759377600431,32.2826896745058],[-106.759381205727,32.2826902407577],[-106.759384872022,32.2826903242708],[-106.759388509071,32.2826899236058],[-106.759566008496,32.2826582648335],[-106.75957748568,32.2826574771952],[-106.759588956113,32.2826583300574],[-106.759600097976,32.2826607976633],[-106.759610597706,32.2826648118355],[-106.759620160601,32.2826702601297],[-106.759628518267,32.2826769885103],[-106.759635435026,32.2826848076371],[-106.759640717498,32.28269349914],[-106.759644217805,32.2827028174097],[-106.759694858585,32.2828908617372],[-106.759608824738,32.2829068543436],[-106.759681571884,32.2831681266611],[-106.758485638956,32.2833945157338],[-106.758478115206,32.2833935864558],[-106.758470866074,32.2833916432883],[-106.758464077623,32.2833887359861],[-106.758457927579,32.2833849413932],[-106.75845257466,32.2833803553691],[-106.758448158619,32.2833750991017],[-106.758444793809,32.2833693083106],[-106.75844256706,32.2833631332562],[-106.758344947326,32.282986221668],[-106.75834289505,32.2829822022447],[-106.75834008245,32.2829785294888],[-106.758336587604,32.2829753067993],[-106.7583337639,32.2829734495223]],[[-106.758981739692,32.2828457187775],[-106.758976036037,32.2828456227217],[-106.758970395315,32.2828463398853],[-106.758947860084,32.282850549484],[-106.758946783061,32.2828508361054],[-106.758945781217,32.2828512775429],[-106.758944885258,32.282851859243],[-106.758944121635,32.2828525648658],[-106.758943513581,32.282853372673],[-106.758943080066,32.2828542573363],[-106.758942833681,32.2828551926512],[-106.758942782759,32.2828561497247],[-106.758942927144,32.2828571005999],[-106.758943264547,32.2828580155248],[-106.758943783133,32.2828588665897],[-106.758988025599,32.2829181277366],[-106.758990578016,32.282921021422],[-106.758993629456,32.2829235442372],[-106.758997103128,32.2829256333619],[-106.759000917018,32.2829272404264],[-106.759004978532,32.2829283243185],[-106.7590091888,32.2829288601849],[-106.759027683775,32.2829258491934],[-106.759030306807,32.2829254192574],[-106.759032815342,32.2829246380594],[-106.759035144738,32.2829235266026],[-106.759037235707,32.2829221139855],[-106.759039034307,32.2829204364996],[-106.75904049406,32.2829185358178],[-106.759041579146,32.2829164616863],[-106.759042259072,32.2829142665357],[-106.759042519298,32.2829120081435],[-106.759042350586,32.2829097433636],[-106.759041758567,32.2829075298921],[-106.759040758426,32.2829054253866],[-106.759005731711,32.282857514836],[-106.759002014554,32.2828538385262],[-106.7589976265,32.2828507430096],[-106.758992689064,32.2828483152762],[-106.75898734277,32.2828466251044],[-106.758981739692,32.2828457187775]],[[-106.758679230143,32.2827355802481],[-106.758673526495,32.2827354841784],[-106.758667885777,32.2827362013285],[-106.758645350558,32.2827404108732],[-106.758644273535,32.282740697492],[-106.758643272752,32.2827411389228],[-106.758642375736,32.2827417215269],[-106.758641612107,32.282742426246],[-106.758641004051,32.2827432340518],[-106.758640570533,32.2827441187142],[-106.758640324146,32.2827450540285],[-106.758640273226,32.2827460120037],[-106.758640417603,32.2827469619775],[-106.758640755002,32.2827478769033],[-106.758641273584,32.2827487279695],[-106.758685515801,32.2828079892259],[-106.758688068205,32.2828108829176],[-106.758691119633,32.2828134057403],[-106.758694593294,32.2828154948735],[-106.758698407174,32.2828171019472],[-106.75870246868,32.2828181858492],[-106.75870667894,32.2828187217258],[-106.75872774498,32.2828152927823],[-106.758730260977,32.2828145169714],[-106.758732598887,32.2828134090933],[-106.7587346973,32.2828119982549],[-106.758736503335,32.2828103207433],[-106.758737970518,32.2828084191331],[-106.758739060903,32.2828063422772],[-106.758739746129,32.2828041444013],[-106.758740008465,32.2828018823937],[-106.758739841859,32.2827996130956],[-106.758739250889,32.2827973960109],[-106.758738248608,32.2827952870023],[-106.758703222094,32.2827473763649],[-106.758699506015,32.2827437000417],[-106.758695116915,32.2827406045186],[-106.758690179493,32.2827381767732],[-106.758684834273,32.2827364865841],[-106.758679230143,32.2827355802481]],[[-106.758904844672,32.2825258547875],[-106.758899141038,32.282525758728],[-106.758893500334,32.2825264758879],[-106.758870965178,32.2825306854724],[-106.75886988922,32.2825309720888],[-106.758868887379,32.2825314135257],[-106.758867990362,32.2825319952295],[-106.75886722674,32.2825327008519],[-106.758866618688,32.2825335086588],[-106.758866185173,32.2825343933219],[-106.758865938789,32.2825353286366],[-106.758865887867,32.2825362857101],[-106.75886603225,32.2825372365855],[-106.758866369651,32.2825381515107],[-106.758866888234,32.282539002576],[-106.758911130493,32.2825982637549],[-106.758913682898,32.2826011574421],[-106.758916734325,32.2826036802595],[-106.758920207983,32.2826057693865],[-106.75892402292,32.2826073764492],[-106.758928083357,32.2826084603483],[-106.758932293609,32.2826089962175],[-106.758953360654,32.2826055672326],[-106.75895587558,32.2826047914215],[-106.758958213483,32.2826036835393],[-106.758960311887,32.2826022726972],[-106.758962117914,32.2826005951824],[-106.758963585089,32.2825986935695],[-106.758964675467,32.2825966167117],[-106.758965360685,32.2825944188346],[-106.758965623015,32.2825921568265],[-106.758965456404,32.2825898875286],[-106.758964865425,32.2825876695432],[-106.758963863146,32.2825855614381],[-106.758928836597,32.2825376508622],[-106.758925120517,32.2825339745454],[-106.75892073142,32.2825308790301],[-106.758915794003,32.2825284512933],[-106.758910448792,32.2825267611137],[-106.758904844672,32.2825258547875]],[[-106.758575878649,32.2824201596352],[-106.758570176083,32.2824200635565],[-106.758564534321,32.282420780706],[-106.758542000237,32.2824249902275],[-106.758540923217,32.2824252768454],[-106.758539921376,32.2824257182797],[-106.758539025419,32.2824262999769],[-106.758538261796,32.2824270055972],[-106.758537653742,32.2824278134026],[-106.758537220224,32.2824286980646],[-106.758536973836,32.2824296333788],[-106.758536921849,32.2824305904565],[-106.758537067291,32.282431541328],[-106.758537404688,32.2824324562542],[-106.758537923267,32.2824333073208],[-106.758582165261,32.2824925686187],[-106.758584717654,32.2824954623127],[-106.758587768006,32.2824979851425],[-106.758591242714,32.2825000742745],[-106.758595056579,32.2825016813515],[-106.75859911807,32.282502765257],[-106.758603328315,32.2825033011372],[-106.758621822158,32.28250029021],[-106.758624445178,32.2824998602825],[-106.758626953705,32.2824990790925],[-106.758629284158,32.282497967639],[-106.758631375123,32.2824965550285],[-106.758633173723,32.2824948775483],[-106.758634633477,32.282492976871],[-106.758635717507,32.2824909027471],[-106.758636398501,32.2824887075943],[-106.758636657674,32.2824864492069],[-106.758636490035,32.2824841844219],[-106.758635898029,32.2824819709483],[-106.758634897901,32.2824798664392],[-106.758599870503,32.2824319557733],[-106.758596154441,32.2824282794467],[-106.758591765361,32.2824251839196],[-106.75858682902,32.2824227561656],[-106.758581482759,32.2824210659762],[-106.758575878649,32.2824201596352]],[[-106.758807643918,32.2822079953036],[-106.758801940303,32.2822078992395],[-106.758796298557,32.2822086163992],[-106.758773764536,32.2822128259616],[-106.75877268752,32.2822131125814],[-106.758771685682,32.2822135540175],[-106.758770789734,32.2822141366182],[-106.758770026109,32.2822148413381],[-106.758769418058,32.2822156491446],[-106.758768984544,32.2822165338074],[-106.758768738159,32.282217469122],[-106.758768686175,32.2822184261998],[-106.758768831618,32.2822193770711],[-106.758769169017,32.2822202919966],[-106.758769687597,32.2822211430623],[-106.758813929636,32.2822804042805],[-106.758816482029,32.2822832979699],[-106.758819532381,32.2822858207942],[-106.758823007086,32.2822879099199],[-106.758826820946,32.2822895169901],[-106.75883088243,32.2822906008882],[-106.758835092667,32.2822911367608],[-106.758853586463,32.2822881267018],[-106.758856209472,32.2822876958677],[-106.758858717991,32.2822869146733],[-106.75886104844,32.2822858041173],[-106.758863139397,32.282284391503],[-106.758864937983,32.2822827131178],[-106.758866397729,32.2822808124377],[-106.758867481751,32.2822787383119],[-106.758868162738,32.2822765431578],[-106.758868421905,32.2822742847699],[-106.758868254261,32.2822720199852],[-106.75886766225,32.2822698065127],[-106.75886666212,32.2822677020054],[-106.758831634684,32.2822197914026],[-106.758827918622,32.2822161150826],[-106.758823529544,32.2822130195635],[-106.758818593208,32.2822105918185],[-106.758813246955,32.2822089016387],[-106.758807643918,32.2822079953036]],[[-106.758296034715,32.2822100953151],[-106.758294744236,32.2822088460289],[-106.758276427384,32.2821870497658],[-106.75824388477,32.2821483243119],[-106.758242610041,32.2821470433967],[-106.758241104958,32.2821459564057],[-106.758239411089,32.2821450929327],[-106.758237574215,32.2821444762416],[-106.758235644327,32.2821441232667],[-106.758233671371,32.2821440428253],[-106.758231709503,32.2821442374051],[-106.758220059074,32.2821484066734],[-106.758218864515,32.2821489372625],[-106.758217791889,32.2821496305967],[-106.758216868677,32.2821504649209],[-106.758216122361,32.2821514184798],[-106.75821557296,32.2821524641374],[-106.758215236238,32.2821535729708],[-106.758215121577,32.2821547142791],[-106.758215231981,32.2821558555835],[-106.758225343936,32.2821960096737],[-106.758232581051,32.2822247506309],[-106.75823318722,32.2822264599125],[-106.758234113401,32.2822280614873],[-106.758235334945,32.282229513969],[-106.758236819783,32.2822307778052],[-106.758238526322,32.2822318188928],[-106.758240410879,32.2822326094499],[-106.758242421315,32.282233128042],[-106.758244504474,32.282233361355],[-106.758246605112,32.2822333023966],[-106.758248665913,32.2822329532011],[-106.758288990244,32.2822257943063],[-106.758290865626,32.2822253204986],[-106.758292622788,32.2822245883342],[-106.758294211944,32.2822236178544],[-106.75829558973,32.2822224380932],[-106.758296718094,32.2822210789648],[-106.758297564352,32.2822195811844],[-106.758298106428,32.2822179836206],[-106.758298329714,32.2822163323268],[-106.758298225971,32.2822146724289],[-106.7582977997,32.2822130499034],[-106.758297062831,32.2822115097951],[-106.758296034715,32.2822100953151]],[[-106.758524481483,32.2821771507019],[-106.758528691713,32.2821776865847],[-106.758549757612,32.2821742576721],[-106.758552273592,32.2821734818648],[-106.758554610432,32.2821723748962],[-106.758556709894,32.2821709640564],[-106.758558515915,32.2821692856455],[-106.758559983092,32.2821673840371],[-106.758561073479,32.2821653080845],[-106.758561758704,32.2821631102093],[-106.758562021038,32.2821608473],[-106.758561854438,32.2821585780013],[-106.758561262415,32.2821563609198],[-106.758560261212,32.282154252807],[-106.758525233975,32.2821063412144],[-106.75852151793,32.2821026648852],[-106.758517128868,32.2820995693552],[-106.758512192551,32.2820971424998],[-106.758506846306,32.2820954514051],[-106.758501242222,32.2820945459624],[-106.758495539676,32.2820944498801],[-106.758489897929,32.2820951661243],[-106.758467363926,32.2820993765337],[-106.75846628691,32.282099663151],[-106.758465285067,32.2821001036828],[-106.758464389118,32.2821006862813],[-106.758463625497,32.2821013919013],[-106.758463017439,32.2821021988044],[-106.758462583922,32.2821030834662],[-106.75846233754,32.2821040196821],[-106.758462285552,32.2821049767599],[-106.758462430992,32.2821059276315],[-106.758462768382,32.2821068416561],[-106.758463286959,32.2821076927231],[-106.758507527682,32.2821669540566],[-106.758510081129,32.28216984865],[-106.758513131463,32.2821723705799],[-106.758516606163,32.282174460616],[-106.758520420008,32.2821760667938],[-106.758524481483,32.2821771507019]],[[-106.758734951968,32.281881279977],[-106.758729248374,32.2818811839094],[-106.758723606642,32.2818819001639],[-106.758701072704,32.2818861106145],[-106.758699995691,32.2818863972337],[-106.758698993851,32.2818868377674],[-106.758698097905,32.2818874203676],[-106.758697334288,32.2818881259889],[-106.758696726234,32.2818889328932],[-106.75869629272,32.2818898175558],[-106.758696046335,32.2818907528704],[-106.758695994355,32.28189171085],[-106.758696139792,32.2818926608196],[-106.758696477189,32.2818935757454],[-106.758696995767,32.2818944268115],[-106.758741237597,32.2819536880602],[-106.758743789979,32.2819565817514],[-106.758746840317,32.2819591045777],[-106.758750315014,32.2819611946074],[-106.758754128853,32.2819628007782],[-106.758758190322,32.2819638846789],[-106.758762400543,32.2819644205541],[-106.758783466384,32.281960991603],[-106.758785982356,32.281960215791],[-106.758788319188,32.2819591088181],[-106.758790418641,32.2819576979745],[-106.758792224654,32.2819560195603],[-106.758793691822,32.2819541179493],[-106.758794782201,32.2819520419946],[-106.75879546742,32.2819498441182],[-106.758795729747,32.2819475812083],[-106.758795563141,32.28194531191],[-106.758794971115,32.2819430948295],[-106.758793969903,32.2819409858167],[-106.758758943695,32.2818930751853],[-106.758755226587,32.2818893988671],[-106.758750838589,32.2818863033409],[-106.758745901217,32.2818838764987],[-106.75874055498,32.2818821854137],[-106.758734951968,32.281881279977]],[[-106.758395049227,32.2817764896582],[-106.75838934564,32.2817763935752],[-106.758383703917,32.2817771107163],[-106.758361169982,32.2817813202044],[-106.75836009297,32.2817816068207],[-106.758359091135,32.2817820482536],[-106.758358195183,32.2817826299495],[-106.758357431564,32.2817833355688],[-106.758356823512,32.2817841433733],[-106.758356389995,32.2817850280348],[-106.758356143608,32.2817859633487],[-106.758356091619,32.2817869204265],[-106.758356237057,32.2817878712983],[-106.758356574445,32.2817887853233],[-106.758357093019,32.2817896363908],[-106.758401334578,32.2818488977624],[-106.758403886951,32.2818517923625],[-106.758406937272,32.2818543142953],[-106.758410411957,32.2818564043345],[-106.758414225786,32.2818580105157],[-106.758418287251,32.2818590953293],[-106.758422497461,32.2818596303141],[-106.758443563296,32.2818562023215],[-106.758446079268,32.2818554265163],[-106.758448417158,32.2818543186436],[-106.758450515553,32.2818529078098],[-106.758452321574,32.2818512303022],[-106.758453788748,32.2818493286951],[-106.758454879129,32.2818472518414],[-106.758455564355,32.2818450539667],[-106.75845582669,32.2818427910574],[-106.758455660093,32.2818405217585],[-106.758455068076,32.2818383046764],[-106.758454066878,32.2818361965625],[-106.758419040883,32.281788284932],[-106.758415323799,32.2817846095054],[-106.758410935817,32.2817815139671],[-106.758405998454,32.2817790862097],[-106.758400652234,32.281777396012],[-106.758395049227,32.2817764896582]]]}},{"type":"Feature","properties":{"id":"parking-35","category":"parking","name":"Lot 4"},"geometry":{"type":"Polygon","coordinates":[[[-106.757997531214,32.2827729421379],[-106.757997546398,32.2827729997955],[-106.758073394922,32.2830635501463],[-106.758076332413,32.2830684886103],[-106.758080215187,32.2830729317598],[-106.758084928933,32.2830767510895],[-106.758090338202,32.283079835314],[-106.758096284309,32.2830820948866],[-106.758102595964,32.2830834637588],[-106.758109090345,32.2830839029847],[-106.758115577344,32.2830833988996],[-106.758121869133,32.2830819666888],[-106.758122702825,32.28308164047],[-106.758127784408,32.2830796485673],[-106.758133150493,32.2830765110654],[-106.75813781077,32.2830726449989],[-106.758141632099,32.2830681627337],[-106.758144501613,32.2830631945911],[-106.758146336247,32.2830578852024],[-106.758147083776,32.2830523880929],[-106.758146722797,32.2830468629774],[-106.75814248159,32.2830306881372],[-106.758150597383,32.2830292756409],[-106.75819261221,32.283187548979],[-106.758183604921,32.2831890146677],[-106.758183139398,32.2831873977112],[-106.758179789456,32.2831825556045],[-106.758175507338,32.2831782745955],[-106.758170422223,32.2831746840313],[-106.758164685458,32.2831718906236],[-106.75815846949,32.283169976649],[-106.758151957242,32.2831689999919],[-106.758149250031,32.2831689955543],[-106.75814534528,32.2831689896226],[-106.758138828952,32.2831699465586],[-106.758132604495,32.2831718411509],[-106.758126856324,32.2831746176445],[-106.758121755959,32.2831781923784],[-106.758117455689,32.2831824601249],[-106.758114084317,32.2831872923024],[-106.75811174296,32.2831925451089],[-106.758110499753,32.2831980622496],[-106.758110391993,32.2832036785349],[-106.75811142406,32.283209227104],[-106.758170897986,32.2834370497962],[-106.758171404417,32.2834401005376],[-106.758171344098,32.2834431815172],[-106.758170719792,32.2834462169681],[-106.758169547005,32.2834491319739],[-106.758167852953,32.2834518569823],[-106.758165679718,32.2834543232828],[-106.758163081121,32.2834564729402],[-106.758160118433,32.2834582515966],[-106.756842684993,32.283702778658],[-106.756532610737,32.283528630042],[-106.756403266808,32.2830171358543],[-106.756700066238,32.2829628990605],[-106.756719819694,32.2830151283015],[-106.757997531214,32.2827729421379]],[[-106.757773810093,32.2828935054808],[-106.757703103313,32.2829061650323],[-106.757726401866,32.2830057903852],[-106.757797095568,32.2829932472122],[-106.757773810093,32.2828935054808]],[[-106.757655210266,32.2829565936144],[-106.757653097459,32.2829567581291],[-106.757651051133,32.2829572317127],[-106.757649131721,32.2829579996928],[-106.757647399609,32.2829590392801],[-106.757645905579,32.2829603187056],[-106.757644696125,32.2829617990027],[-106.757643807091,32.2829634349345],[-106.757643265809,32.2829651776909],[-106.757643090024,32.2829669730893],[-106.757643283685,32.2829687679044],[-106.757643841175,32.2829705062438],[-106.75764474522,32.282972136771],[-106.757645968994,32.2829736081883],[-106.757647475099,32.2829748773569],[-106.757649217665,32.2829759047796],[-106.757651143439,32.2829766600073],[-106.75765319496,32.282977118921],[-106.757655308459,32.282977269151],[-106.757657421267,32.2829771046363],[-106.757659467592,32.2829766310526],[-106.757661387005,32.2829758630724],[-106.757663119117,32.2829748234848],[-106.757664613147,32.2829735440591],[-106.757665822601,32.2829720637618],[-106.757666711634,32.28297042783],[-106.757667251855,32.2829686850777],[-106.757667428701,32.282966889675],[-106.757667235039,32.2829650948599],[-106.757666677549,32.2829633565207],[-106.757665773503,32.2829617259936],[-106.757664549729,32.2829602545765],[-106.757663043624,32.2829589854081],[-106.757661301059,32.2829579579856],[-106.757659375285,32.282957202758],[-106.757657323765,32.2829567438444],[-106.757655210266,32.2829565936144]],[[-106.75756509212,32.2829705360017],[-106.757562079434,32.282970770869],[-106.757559159436,32.2829714454691],[-106.757556423326,32.2829725413982],[-106.757553951594,32.2829740240624],[-106.757551821493,32.2829758489601],[-106.757550096409,32.2829779599219],[-106.757548829069,32.2829802936057],[-106.757548057297,32.282982778613],[-106.757547806153,32.2829853399892],[-106.75754808157,32.2829878992491],[-106.757548876747,32.2829903788603],[-106.75755016685,32.2829927040688],[-106.757551912198,32.2829948028855],[-106.757554059362,32.2829966132973],[-106.757556545391,32.2829980787402],[-106.757559292541,32.2829991553358],[-106.757562217825,32.2829998109508],[-106.757565233008,32.2830000242955],[-106.757568245695,32.282999789428],[-106.757571164632,32.282999114832],[-106.757573901804,32.2829980188983],[-106.757576372474,32.2829965362381],[-106.757578503637,32.2829947113356],[-106.757580228721,32.2829926003735],[-106.75758149606,32.2829902666894],[-106.75758226677,32.2829877816861],[-106.757582518975,32.2829852203056],[-106.757582242495,32.2829826610501],[-106.757581447317,32.2829801814391],[-106.757580158275,32.2829778562266],[-106.757578412927,32.2829757574103],[-106.757576264702,32.2829739470032],[-106.757573779735,32.2829724815564],[-106.757571032585,32.2829714049611],[-106.75756810624,32.2829707493505],[-106.75756509212,32.2829705360017]],[[-106.757367711787,32.2830072753398],[-106.757364699095,32.2830075093006],[-106.757361780161,32.2830081847937],[-106.757359042986,32.2830092807228],[-106.757356572311,32.2830107633789],[-106.757354441139,32.2830125873758],[-106.757352716054,32.2830146992367],[-106.757351448709,32.2830170329186],[-106.757350676931,32.2830195179247],[-106.757350425781,32.2830220793006],[-106.757350702255,32.2830246385566],[-106.757351496365,32.2830271181734],[-106.757352786459,32.2830294424821],[-106.757354531807,32.2830315422034],[-106.757356680025,32.2830333517125],[-106.757359164995,32.2830348180654],[-106.757361912144,32.2830358946653],[-106.757364837423,32.2830365493831],[-106.757367852607,32.2830367627324],[-106.757370865301,32.2830365287715],[-106.757373784235,32.2830358532782],[-106.757376521416,32.2830347582506],[-106.757378992091,32.2830332755941],[-106.757381123258,32.2830314506949],[-106.757382848348,32.2830293397355],[-106.757384115692,32.2830270060533],[-106.757384887465,32.2830245201451],[-106.757385138618,32.283021959671],[-106.757384862144,32.2830194004151],[-106.757384068027,32.2830169198967],[-106.757382777933,32.2830145955883],[-106.757381032584,32.2830124958674],[-106.757378884367,32.2830106863587],[-106.757376399402,32.2830092209081],[-106.757373652249,32.2830081434066],[-106.757370726971,32.283007488689],[-106.757367711787,32.2830072753398]],[[-106.757166751644,32.2830450045548],[-106.757163738954,32.2830452394127],[-106.757160820013,32.2830459139993],[-106.757158082834,32.2830470099241],[-106.757155612155,32.2830484925763],[-106.757153480983,32.2830503174717],[-106.757151755887,32.283052428428],[-106.757150488537,32.2830547621079],[-106.757149717814,32.2830572471086],[-106.757149465597,32.2830598084884],[-106.757149742065,32.283062367745],[-106.757150536171,32.283064847363],[-106.757151826265,32.2830671725756],[-106.757153571604,32.2830692713979],[-106.757155719824,32.2830710818122],[-106.757158204787,32.2830725472673],[-106.757160951935,32.2830736238715],[-106.757163877219,32.2830742794958],[-106.757166892404,32.2830744928499],[-106.757169905094,32.283074257992],[-106.757172824036,32.2830735834051],[-106.757175561216,32.28307248748],[-106.757178032956,32.2830710048233],[-106.757180163067,32.2830691799316],[-106.757181888162,32.2830670689749],[-106.757183155512,32.2830647352947],[-106.757183927295,32.2830622502895],[-106.75718417845,32.283059688914],[-106.757183903042,32.2830571296533],[-106.757183107874,32.2830546500397],[-106.75718181778,32.2830523248274],[-106.75718007244,32.2830502260054],[-106.75717792422,32.2830484155916],[-106.757175439258,32.2830469501369],[-106.757172692111,32.2830458735329],[-106.757169766828,32.2830452179088],[-106.757166751644,32.2830450045548]],[[-106.757083427862,32.2830652485307],[-106.757081316113,32.2830654130316],[-106.757079268721,32.2830658866103],[-106.757077350363,32.2830666545774],[-106.757075617181,32.2830676941613],[-106.75707412314,32.2830689735801],[-106.757072913676,32.2830704538718],[-106.757072025692,32.2830720897954],[-106.757071484398,32.2830738325494],[-106.757071308602,32.2830756279471],[-106.757071501191,32.2830774227674],[-106.75707205867,32.2830791611094],[-106.757072962706,32.2830807916408],[-106.757074186473,32.2830822630637],[-106.757075692571,32.2830835322391],[-106.757077435133,32.2830845596697],[-106.757079361967,32.2830853149019],[-106.757081412425,32.2830857738292],[-106.757083526988,32.2830859240645],[-106.757085638738,32.2830857595636],[-106.75708768613,32.2830852859848],[-106.757089604488,32.2830845180175],[-106.757091337671,32.2830834784335],[-106.75709283065,32.2830821990187],[-106.757094041176,32.2830807187226],[-106.757094929159,32.2830790827988],[-106.757095470452,32.2830773400446],[-106.757095646249,32.2830755446469],[-106.757095452597,32.2830737498309],[-106.757094896179,32.2830720114848],[-106.757093991081,32.2830703809578],[-106.757092767315,32.2830689095351],[-106.757091261216,32.2830676403599],[-106.757089518655,32.2830666129295],[-106.757087592883,32.2830658576932],[-106.757085542425,32.283065398766],[-106.757083427862,32.2830652485307]],[[-106.756994782117,32.2830776830105],[-106.756991769426,32.2830779178642],[-106.756988850488,32.2830785933488],[-106.7569861133,32.283079688368],[-106.756983642618,32.2830811710168],[-106.756981511441,32.2830829959094],[-106.756979786341,32.2830851068634],[-106.756978518986,32.2830874405416],[-106.756977747197,32.2830899255456],[-106.756977496037,32.2830924869209],[-106.7569777725,32.2830950461778],[-106.756978566606,32.2830975266988],[-106.756979856691,32.2830998510113],[-106.756981602032,32.2831019507379],[-106.756983750244,32.2831037602533],[-106.756986235206,32.2831052257117],[-106.756988982352,32.2831063023198],[-106.756991907636,32.283106957948],[-106.756994922822,32.2831071713062],[-106.756997935519,32.2831069373542],[-106.757000854458,32.2831062618695],[-106.757003591641,32.283105165948],[-106.757006062324,32.2831036832988],[-106.757008193505,32.2831018593077],[-106.7570099186,32.2830997474515],[-106.757011185955,32.283097413773],[-106.757011957743,32.2830949287688],[-106.757012208902,32.2830923673935],[-106.757011932438,32.2830898081367],[-106.757011138336,32.2830873285177],[-106.757009848245,32.2830850033036],[-106.757008102909,32.2830829044793],[-106.757005954692,32.2830810940625],[-106.757003469731,32.2830796286044],[-106.757000722585,32.2830785519967],[-106.756997797307,32.2830778972705],[-106.756994782117,32.2830776830105]],[[-106.75794773969,32.2830729767989],[-106.75794562688,32.2830731413185],[-106.757943580554,32.2830736149069],[-106.757941661142,32.2830743828914],[-106.757939929031,32.2830754224827],[-106.757938435003,32.2830767019116],[-106.757937225552,32.2830781822114],[-106.757936336523,32.2830798181452],[-106.757935796307,32.2830815608985],[-106.757935619466,32.2830833563016],[-106.757935813134,32.2830851511161],[-106.75793637063,32.2830868894541],[-106.757937274681,32.2830885199791],[-106.757938498461,32.2830899913935],[-106.757940004572,32.2830912605585],[-106.757941747143,32.2830922879771],[-106.757943672923,32.2830930432003],[-106.757945724452,32.283093503011],[-106.75794783795,32.2830936523343],[-106.757949950759,32.2830934878147],[-106.757951997086,32.2830930142262],[-106.757953916498,32.2830922462415],[-106.757955648609,32.28309120665],[-106.757957142638,32.2830899272208],[-106.757958352088,32.2830884469208],[-106.757959241117,32.2830868109869],[-106.757959781333,32.2830850682335],[-106.757959958173,32.2830832728305],[-106.757959764505,32.283081478016],[-106.757959207009,32.2830797396781],[-106.757958302962,32.2830781100551],[-106.757957079177,32.283076637739],[-106.757955573066,32.2830753685742],[-106.757953830495,32.2830743411558],[-106.757951904716,32.2830735859328],[-106.757949853192,32.283073127024],[-106.75794773969,32.2830729767989]],[[-106.757886716666,32.2830779425547],[-106.757883703978,32.2830781774298],[-106.757880785041,32.283078852033],[-106.757878048931,32.283079947969],[-106.757875577202,32.2830814306394],[-106.757873447105,32.2830832555426],[-106.757871720965,32.2830853665129],[-106.757870453632,32.2830877001998],[-106.757869682929,32.2830901852047],[-106.757869431794,32.2830927465814],[-106.757869707221,32.2830953058404],[-106.757870502408,32.2830977854495],[-106.757871791459,32.2831001106588],[-106.757873536815,32.283102209471],[-106.75787568505,32.2831040198729],[-106.757878170025,32.2831054853136],[-106.757880917182,32.2831065619022],[-106.757883843534,32.2831072175054],[-106.757886857659,32.2831074308465],[-106.757889870349,32.2831071959714],[-106.757892790348,32.2831065213637],[-106.757895526458,32.2831054254273],[-106.757897998188,32.2831039427566],[-106.757900128285,32.283102117853],[-106.757901853364,32.2831000068866],[-106.757903121757,32.2830976731951],[-106.757903892459,32.28309518819],[-106.757904143594,32.2830926268132],[-106.757903868166,32.2830900675543],[-106.757903072978,32.2830875879455],[-106.757901782865,32.2830852627407],[-106.757900037508,32.2830831639289],[-106.757897890335,32.2830813535232],[-106.757895404298,32.2830798880871],[-106.757892657142,32.2830788114989],[-106.757889731853,32.2830781558916],[-106.757886716666,32.2830779425547]],[[-106.756810025776,32.283112791646],[-106.756807013083,32.2831130264954],[-106.756804094137,32.2831137010739],[-106.756801356951,32.283114796991],[-106.756798886265,32.2831162796362],[-106.756796755084,32.2831181045257],[-106.756795029979,32.2831202154772],[-106.756793762618,32.2831225491536],[-106.756792990823,32.2831250341565],[-106.756792739658,32.2831275955314],[-106.756793016116,32.2831301547888],[-106.756793810213,32.2831326344091],[-106.756795100299,32.2831349596254],[-106.756796845631,32.2831370584528],[-106.756798993846,32.2831388688732],[-106.756801478805,32.2831403343352],[-106.756804225951,32.2831414109473],[-106.756807151234,32.2831420665798],[-106.756810166421,32.2831422799424],[-106.756813179114,32.283142045093],[-106.756816098061,32.2831413705143],[-106.756818835248,32.2831402745969],[-106.756821305934,32.2831387919513],[-106.756823437115,32.2831369670614],[-106.75682516222,32.2831348561095],[-106.75682642958,32.2831325224328],[-106.756827201374,32.2831300374297],[-106.756827452538,32.2831274760547],[-106.756827176079,32.2831249167974],[-106.756826381982,32.2831224371773],[-106.756825091895,32.2831201119613],[-106.756823346562,32.2831180131344],[-106.756821198348,32.2831162027144],[-106.756818713389,32.2831147372527],[-106.756815966244,32.2831136606409],[-106.756813040961,32.2831130050086],[-106.756810025776,32.283112791646]],[[-106.757695190864,32.2831136713266],[-106.757692178169,32.2831139052952],[-106.757689259235,32.2831145807959],[-106.757686522055,32.2831156758302],[-106.757684050322,32.2831171584969],[-106.75768192022,32.2831189833969],[-106.757680195136,32.2831210943603],[-106.757678927798,32.2831234280453],[-106.757678156033,32.2831259139553],[-106.757677904887,32.2831284744298],[-106.757678180313,32.2831310345911],[-106.757678975496,32.2831335142014],[-106.757680265599,32.2831358385066],[-106.757682010957,32.2831379382233],[-106.757684159183,32.2831397477266],[-106.757686644157,32.2831412131711],[-106.757689391318,32.2831422906657],[-106.757692316602,32.2831429453758],[-106.757695331791,32.2831431587173],[-106.757698344487,32.2831429247485],[-106.757701263422,32.2831422492476],[-106.757704000602,32.283141154213],[-106.757706471274,32.2831396715502],[-106.757708602438,32.2831378466455],[-106.757710327517,32.2831357347799],[-106.757711594854,32.2831334010945],[-106.757712365562,32.2831309160905],[-106.757712617768,32.2831283556117],[-106.757712341279,32.2831257954547],[-106.757711547157,32.2831233158404],[-106.757710257053,32.2831209915355],[-106.757708511695,32.2831188918192],[-106.757706363469,32.2831170823163],[-106.75770387849,32.2831156159703],[-106.757701131335,32.2831145393779],[-106.757698206052,32.283113884668],[-106.757695190864,32.2831136713266]],[[-106.756620135817,32.2831474399189],[-106.756617123122,32.2831476747637],[-106.756614204174,32.2831483493378],[-106.756611466985,32.2831494452508],[-106.756608996294,32.2831509278924],[-106.756606865108,32.2831527527787],[-106.756605139998,32.2831548637277],[-106.756603872632,32.2831571974022],[-106.756603100832,32.283159682404],[-106.756602849661,32.2831622437785],[-106.756603126115,32.2831648030364],[-106.756603920206,32.283167282658],[-106.756605210288,32.2831696078763],[-106.756606955617,32.2831717067062],[-106.756609103828,32.2831735171298],[-106.756611588785,32.2831749825957],[-106.75661433593,32.2831760592119],[-106.756617261213,32.2831767148488],[-106.7566202764,32.283176928216],[-106.756623289096,32.283176693371],[-106.756626208046,32.2831760187967],[-106.756628945235,32.2831749228834],[-106.756631415926,32.2831734402414],[-106.756633547112,32.2831716153547],[-106.756635272221,32.2831695044053],[-106.756636539587,32.2831671707305],[-106.756637311386,32.2831646857286],[-106.756637562556,32.2831621243539],[-106.756637286102,32.2831595650962],[-106.756636492009,32.2831570854748],[-106.756635201927,32.2831547602568],[-106.756633456598,32.2831526614273],[-106.756631308386,32.283150851004],[-106.756628823429,32.2831493855386],[-106.756626076286,32.2831483089227],[-106.756623151003,32.2831476532859],[-106.756620135817,32.2831474399189]],[[-106.7565614907,32.2831644298506],[-106.756559377886,32.283164594347],[-106.756557331545,32.2831650670112],[-106.756555412124,32.2831658358766],[-106.756553679995,32.283166875449],[-106.756552185941,32.2831681539599],[-106.756550976466,32.2831696342467],[-106.756550087416,32.2831712710728],[-106.756549546107,32.2831730129229],[-106.756549370304,32.2831748092217],[-106.75654956394,32.2831766031368],[-106.756550121415,32.283178342383],[-106.756551025438,32.2831799720164],[-106.756552249202,32.2831814443462],[-106.756553755296,32.2831827135279],[-106.756555497853,32.2831837409657],[-106.756557423618,32.2831844953083],[-106.756559475143,32.2831849551416],[-106.756561588641,32.2831851044881],[-106.756563701461,32.2831849408934],[-106.756565747797,32.2831844673273],[-106.756567666156,32.283183698466],[-106.756569399352,32.283182659791],[-106.756570893401,32.283181380378],[-106.756572102876,32.2831799000911],[-106.756572991926,32.2831782632649],[-106.756573532173,32.283176521419],[-106.756573709037,32.2831747251158],[-106.7565735154,32.2831729312007],[-106.756572957925,32.2831711919547],[-106.756572053902,32.2831695623214],[-106.756570830137,32.2831680899918],[-106.756569324044,32.2831668208103],[-106.756567581487,32.2831657933727],[-106.756565655722,32.2831650390302],[-106.756563604197,32.2831645791971],[-106.7565614907,32.2831644298506]],[[-106.757496113526,32.2831478879851],[-106.757493100834,32.2831481228509],[-106.757490181892,32.2831487974451],[-106.757487444714,32.283149893377],[-106.757484974038,32.2831513760356],[-106.75748284287,32.2831532009365],[-106.757481117781,32.2831553118972],[-106.757479850437,32.2831576455803],[-106.757479078661,32.2831601305872],[-106.757478827515,32.2831626919633],[-106.757479102931,32.2831652512232],[-106.757479898108,32.2831677308348],[-106.757481188212,32.2831700560439],[-106.757482933561,32.2831721548615],[-106.757485081789,32.2831739652701],[-106.75748756676,32.2831754307186],[-106.757490313915,32.2831765073156],[-106.757493239204,32.2831771629321],[-106.757496254393,32.2831773762784],[-106.757499267086,32.2831771414125],[-106.757502186029,32.2831764668181],[-106.757504923208,32.2831753708858],[-106.757507393884,32.2831738882269],[-106.757509525052,32.2831720633256],[-106.757511250141,32.2831699523645],[-106.757512517484,32.283167618681],[-106.757513288198,32.2831651336782],[-106.757513540405,32.2831625722978],[-106.757513263926,32.2831600130423],[-106.75751246981,32.2831575334266],[-106.757511179705,32.2831552082178],[-106.757509434356,32.2831531094006],[-106.757507286128,32.2831512989924],[-106.757504801157,32.2831498335444],[-106.757502054003,32.2831487569476],[-106.757499128714,32.2831481013313],[-106.757496113526,32.2831478879851]],[[-106.757411286663,32.2831727475995],[-106.75740917385,32.2831729121101],[-106.757407127514,32.283173384788],[-106.7574052081,32.2831741536662],[-106.757403475981,32.2831751932503],[-106.757401981939,32.2831764717711],[-106.757400772478,32.2831779520659],[-106.757399883443,32.2831795888978],[-106.757399343211,32.283181330747],[-106.757399166364,32.2831831270512],[-106.757399360017,32.2831849209648],[-106.757399917508,32.2831866602071],[-106.757400821546,32.2831882898342],[-106.757402045324,32.2831897621557],[-106.757403551429,32.2831910313271],[-106.757405293996,32.2831920587531],[-106.757407219768,32.2831928130827],[-106.757409271298,32.2831932729021],[-106.757411384797,32.2831934222343],[-106.757413497615,32.2831932586255],[-106.757415543947,32.2831927850457],[-106.757417463366,32.2831920170691],[-106.757419195485,32.2831909774849],[-106.757420689522,32.283189698062],[-106.757421898983,32.2831882177671],[-106.757422788017,32.283186580935],[-106.757423328249,32.2831848390857],[-106.757423505095,32.2831830427814],[-106.757423311442,32.2831812488679],[-106.75742275395,32.2831795096257],[-106.757421849912,32.2831778799988],[-106.757420626134,32.2831764076775],[-106.757419120034,32.2831751394081],[-106.757417377462,32.2831741110805],[-106.75741545169,32.283173356751],[-106.757413400161,32.2831728969317],[-106.757411286663,32.2831727475995]],[[-106.757315427439,32.2831825904984],[-106.75731241474,32.283182824458],[-106.757309494739,32.2831834999542],[-106.757306758614,32.2831845949761],[-106.757304286873,32.2831860776354],[-106.757302156762,32.283187902529],[-106.757300431668,32.2831900134874],[-106.757299163257,32.2831923471729],[-106.757298392543,32.2831948330763],[-106.757298141386,32.2831973935502],[-106.757298416797,32.2831999528106],[-106.757299211975,32.2832024333252],[-106.757300501008,32.2832047576386],[-106.757302246359,32.2832068573606],[-106.757304394579,32.2832086668704],[-106.75730688061,32.2832101323182],[-106.757309627769,32.283211209821],[-106.757312553053,32.2832118645399],[-106.757315568243,32.2832120778904],[-106.757318580943,32.2832118439307],[-106.757321499883,32.2832111684385],[-106.757324236003,32.2832100725145],[-106.757326707745,32.2832085898548],[-106.757328837861,32.2832067658626],[-106.757330564012,32.2832046539978],[-106.75733183136,32.2832023203162],[-106.757332602078,32.2831998353144],[-106.757332853229,32.2831972739386],[-106.757332577817,32.2831947146784],[-106.757331782644,32.2831922350658],[-106.75733049361,32.2831899107527],[-106.757328748259,32.2831878110311],[-106.757326600038,32.2831860015217],[-106.757324115064,32.2831845351682],[-106.757321367911,32.2831834585675],[-106.757318441566,32.2831828038531],[-106.757315427439,32.2831825904984]],[[-106.757126371025,32.2832193555428],[-106.757123358329,32.2832195903997],[-106.757120438321,32.2832202649897],[-106.757117702197,32.2832213609094],[-106.757115230452,32.283222843565],[-106.757113100336,32.2832246684555],[-106.757111375237,32.2832267794113],[-106.757110107883,32.2832291130907],[-106.757109336096,32.2832315980955],[-106.757109084939,32.2832341594709],[-106.757109360345,32.2832367187317],[-106.757110155513,32.2832391983457],[-106.757111445608,32.2832415235586],[-106.757113190955,32.2832436232832],[-106.757115338112,32.2832454328006],[-106.75711782414,32.2832468982521],[-106.757120571293,32.2832479748571],[-106.757123496582,32.2832486304823],[-106.757126511773,32.2832488438373],[-106.757129524474,32.2832486098821],[-106.757132443417,32.2832479343943],[-106.757135180603,32.28324683847],[-106.757137651287,32.2832453558182],[-106.757139782469,32.2832435318249],[-106.757141507563,32.283241419967],[-106.757142774917,32.2832390862872],[-106.757143545641,32.2832366012865],[-106.757143797858,32.2832340399068],[-106.75714352139,32.2832314806504],[-106.757142726221,32.2832290010366],[-106.757141437187,32.2832266758197],[-106.757139691844,32.2832245769973],[-106.757137543622,32.2832227665828],[-106.757135058654,32.2832213011274],[-106.757132311503,32.2832202245227],[-106.75712938622,32.2832195697996],[-106.757126371025,32.2832193555428]],[[-106.756940240257,32.2832566776305],[-106.756937227555,32.2832569115813],[-106.75693430861,32.2832575870645],[-106.756931571422,32.2832586829845],[-106.756929100734,32.2832601656323],[-106.756926969547,32.283261989622],[-106.756925244447,32.2832641014771],[-106.756923977088,32.2832664351548],[-106.756923206358,32.2832689201542],[-106.756922954134,32.2832714815335],[-106.756923230596,32.2832740407904],[-106.756924024698,32.2832765204099],[-106.756925314789,32.2832788456247],[-106.756927060127,32.2832809444502],[-106.756929208348,32.2832827548683],[-106.756931693313,32.2832842203277],[-106.756934440464,32.2832852969368],[-106.756937365748,32.2832859516644],[-106.756940380945,32.2832861659257],[-106.756943393643,32.2832859310731],[-106.756946312589,32.2832852555896],[-106.756949049783,32.2832841605711],[-106.756951521532,32.2832826779187],[-106.756953651653,32.283280853031],[-106.756955376757,32.2832787420773],[-106.756956644116,32.2832764083994],[-106.756957415907,32.2832739233955],[-106.756957667068,32.2832713620205],[-106.756957391666,32.2832688027593],[-106.756956596503,32.2832663231443],[-106.756955306411,32.2832639979298],[-106.756953561067,32.2832618982029],[-106.756951412852,32.2832600886871],[-106.756948927887,32.283258623228],[-106.756946180736,32.2832575466192],[-106.756943255448,32.2832568909899],[-106.756940240257,32.2832566776305]],[[-106.756838906534,32.2832746335899],[-106.756836793718,32.283274798091],[-106.756834747381,32.2832752716615],[-106.756832827955,32.2832760396293],[-106.756831095828,32.2832770792055],[-106.75682960178,32.2832783586215],[-106.756828392309,32.2832798389109],[-106.756827503258,32.283281474837],[-106.756826963019,32.2832832175857],[-106.756826786156,32.2832850129874],[-106.756826979802,32.2832868078038],[-106.756827537279,32.2832885461468],[-106.756828441312,32.2832901766799],[-106.756829665078,32.2832916481051],[-106.756831171177,32.2832929172834],[-106.756832913739,32.2832939447173],[-106.756834839514,32.2832946999575],[-106.756836891038,32.2832951588844],[-106.756839004543,32.283295309128],[-106.75684111736,32.2832951446269],[-106.756843163697,32.2832946710563],[-106.756845083123,32.2832939030884],[-106.756846815251,32.2832928635119],[-106.756848309298,32.2832915840958],[-106.75684951877,32.2832901038062],[-106.756850407821,32.2832884678799],[-106.756850948058,32.2832867251311],[-106.756851124921,32.2832849297294],[-106.756850931274,32.2832831349131],[-106.756850373798,32.2832813965702],[-106.756849469764,32.2832797660372],[-106.756848245998,32.2832782946122],[-106.756846739899,32.2832770254341],[-106.756844997337,32.2832759980003],[-106.756843071563,32.2832752427603],[-106.756841020039,32.2832747838335],[-106.756838906534,32.2832746335899]],[[-106.756759174711,32.283288704167],[-106.756756162013,32.2832889390152],[-106.756753242004,32.2832896144986],[-106.756750505869,32.2832907095086],[-106.756748034116,32.2832921921571],[-106.756745903991,32.2832940170414],[-106.756744178881,32.2832961279923],[-106.756742911517,32.2832984616681],[-106.756742139725,32.2833009475725],[-106.756741888552,32.2833035080454],[-106.756742163948,32.2833060673071],[-106.756742959112,32.2833085478253],[-106.756744249194,32.2833108721402],[-106.756745994534,32.28331297187],[-106.756748141685,32.2833147813936],[-106.75675062771,32.2833162468523],[-106.75675337486,32.2833173234654],[-106.756756300149,32.2833179790991],[-106.756759315341,32.2833181924628],[-106.756762328046,32.2833179585163],[-106.756765246994,32.283317283037],[-106.756767984186,32.2833161871206],[-106.756770454878,32.283314704476],[-106.756772586069,32.2833128804888],[-106.756774311173,32.2833107686357],[-106.756775578537,32.2833084349596],[-106.756776349272,32.2833059499611],[-106.7567766015,32.2833033885821],[-106.756776325041,32.2833008293247],[-106.756775529882,32.2832983497086],[-106.756774240856,32.2832960244879],[-106.756772495521,32.2832939256603],[-106.756770347303,32.2832921152396],[-106.75676786234,32.2832906497769],[-106.756765115191,32.2832895731642],[-106.756762189908,32.2832889184325],[-106.756759174711,32.283288704167]],[[-106.757844425601,32.283257093003],[-106.757841412907,32.2832573278771],[-106.757838493969,32.2832580033812],[-106.757835756787,32.2832590984188],[-106.757833286114,32.2832605810841],[-106.75783115495,32.2832624059908],[-106.757829429866,32.2832645169562],[-106.75782816253,32.2832668506427],[-106.757827390763,32.2832693356516],[-106.757827139626,32.2832718970282],[-106.757827416114,32.2832744562829],[-106.757828210245,32.2832769367983],[-106.757829500354,32.2832792611019],[-106.757831245718,32.2832813608164],[-106.757833393951,32.2832831703171],[-106.757835878931,32.2832846357586],[-106.757838626093,32.2832857123479],[-106.757841551388,32.2832863679564],[-106.757844566582,32.2832865812942],[-106.757847579282,32.2832863473218],[-106.757850498221,32.2832856718175],[-106.757853235399,32.2832845758778],[-106.757855706072,32.2832830932121],[-106.75785783724,32.2832812692068],[-106.757859562319,32.2832791573391],[-106.757860829654,32.2832768236524],[-106.75786160142,32.2832743386433],[-106.757861852556,32.2832717772666],[-106.757861576067,32.283269218012],[-106.757860781941,32.2832667383987],[-106.757859491826,32.2832644131936],[-106.757857746466,32.2832623143813],[-106.757855598228,32.2832605039792],[-106.757853113249,32.2832590385381],[-106.757850366088,32.283257961949],[-106.757847440799,32.2832573072426],[-106.757844425601,32.283257093003]],[[-106.757736855444,32.2832774313098],[-106.757734743691,32.2832775958216],[-106.757732696293,32.283278068509],[-106.757730777941,32.2832788373879],[-106.757729044763,32.2832798769807],[-106.757727551785,32.283281155501],[-106.757726341266,32.2832826358031],[-106.757725453298,32.2832842726329],[-106.75772491201,32.2832860144878],[-106.757724736231,32.2832878107881],[-106.75772492989,32.2832896047011],[-106.757725486327,32.2832913439461],[-106.757726391433,32.2832929735665],[-106.757727615218,32.2832944458847],[-106.757729121329,32.2832957150522],[-106.757730863902,32.2832967424736],[-106.757732789679,32.2832974967981],[-106.757734841212,32.2832979566122],[-106.757736954714,32.283298105939],[-106.757739067534,32.2832979423247],[-106.757741113866,32.2832974687396],[-106.757743032223,32.2832967007624],[-106.757744765402,32.2832956611695],[-106.757746259436,32.2832943817428],[-106.757747468893,32.2832929014448],[-106.757748357923,32.2832912646105],[-106.757748898149,32.2832895227598],[-106.757749073927,32.2832877264595],[-106.757748881329,32.2832859325423],[-106.75774832383,32.2832841933017],[-106.757747419785,32.2832825636771],[-106.757746196001,32.2832810913591],[-106.757744689894,32.2832798230937],[-106.757742947317,32.2832787947706],[-106.757741020478,32.2832780404505],[-106.757738970007,32.2832775806322],[-106.757736855444,32.2832774313098]],[[-106.757644764155,32.283292462111],[-106.757641751459,32.2832926969804],[-106.757638832513,32.2832933715781],[-106.757636096394,32.2832944675089],[-106.757633624655,32.2832959501747],[-106.757631494548,32.2832977750737],[-106.757629768398,32.2832998860408],[-106.757628501056,32.2833022197253],[-106.757627730345,32.2833047047287],[-106.757627478141,32.2833072661092],[-106.757627754623,32.2833098253644],[-106.757628549805,32.283312304975],[-106.757629838854,32.2833146301867],[-106.757631584214,32.2833167299041],[-106.757633732444,32.2833185394081],[-106.757636217421,32.2833200048536],[-106.757638964582,32.2833210814473],[-106.757641890938,32.2833217370561],[-106.757644905071,32.283321950403],[-106.757647917773,32.2833217164354],[-106.757650837776,32.2833210409313],[-106.757653573896,32.2833199450002],[-106.757656045635,32.2833184623341],[-106.757658175742,32.2833166374345],[-106.75765990083,32.2833145264714],[-106.757661169233,32.2833121927823],[-106.757661939944,32.2833097077787],[-106.757662191085,32.2833071464024],[-106.757661915663,32.283304587143],[-106.75766112048,32.2833021075327],[-106.75765983037,32.2832997823255],[-106.757658085014,32.2832976835104],[-106.757655937841,32.2832958731006],[-106.757653451802,32.2832944076598],[-106.757650704642,32.2832933310664],[-106.757647779353,32.2832926763554],[-106.757644764155,32.283292462111]],[[-106.757450163593,32.2833297712],[-106.757447150889,32.2833300051629],[-106.757444230885,32.2833306806623],[-106.757441494762,32.2833317765889],[-106.757439023019,32.2833332592509],[-106.757436892907,32.2833350841467],[-106.757435167813,32.2833371951069],[-106.757433899404,32.2833395287937],[-106.757433128687,32.283342013796],[-106.757432877539,32.2833445751719],[-106.757433152955,32.2833471344319],[-106.757433948132,32.2833496140436],[-106.757435238238,32.2833519392532],[-106.757436983589,32.2833540380713],[-106.757439130759,32.2833558484849],[-106.757441616797,32.2833573139299],[-106.757444363956,32.2833583905278],[-106.757447289246,32.2833590452436],[-106.757450304446,32.2833592594926],[-106.757453317145,32.2833590246278],[-106.757456236094,32.2833583500344],[-106.757458973279,32.2833572541032],[-106.757461443961,32.2833557714451],[-106.757463574072,32.2833539465488],[-106.757465300228,32.2833518355841],[-106.757466567574,32.2833495019012],[-106.75746733829,32.2833470168986],[-106.757467590499,32.2833444555184],[-106.757467314021,32.2833418962628],[-106.757466518843,32.2833394166512],[-106.757465229798,32.2833370914378],[-106.757463484441,32.2833349917182],[-106.757461336215,32.2833331822111],[-106.757458851239,32.2833317167622],[-106.757456104081,32.2833306401646],[-106.757453177725,32.2833299845515],[-106.757450163593,32.2833297712]],[[-106.757262940927,32.2833633906248],[-106.757259928222,32.2833636245833],[-106.757257009276,32.283364300074],[-106.757254272089,32.2833653960009],[-106.757251800341,32.2833668786592],[-106.75724967022,32.2833687026501],[-106.757247945126,32.2833708145095],[-106.757246677774,32.2833731481903],[-106.75724590599,32.2833756331958],[-106.757245654836,32.2833781945713],[-106.757245930247,32.2833807538318],[-106.757246725419,32.2833832334448],[-106.75724801552,32.2833855586562],[-106.757249760868,32.283387657477],[-106.757251909097,32.2833894678895],[-106.757254394071,32.2833909333425],[-106.757257141229,32.2833920099445],[-106.757260066519,32.2833926646645],[-106.75726308172,32.2833928789181],[-106.75726609442,32.2833926440577],[-106.757269013367,32.2833919685667],[-106.75727175056,32.2833908735414],[-106.757274221246,32.283389390887],[-106.757276352423,32.2833875659895],[-106.757278077522,32.2833854550316],[-106.757279344874,32.2833831213505],[-106.757280115596,32.2833806363491],[-106.75728036781,32.2833780749692],[-106.757280091337,32.2833755157132],[-106.75727929722,32.2833730351942],[-106.757278007123,32.283370710885],[-106.75727626177,32.2833686111627],[-106.757274113546,32.2833668016525],[-106.757271628573,32.2833653361999],[-106.757268881415,32.2833642595982],[-106.757265956121,32.2833636039765],[-106.757262940927,32.2833633906248]],[[-106.757170724302,32.2833854984418],[-106.757168611484,32.2833856629484],[-106.757166565147,32.2833861365243],[-106.757164645721,32.2833869044971],[-106.757162913596,32.2833879440779],[-106.757161419551,32.2833892234977],[-106.757160210084,32.2833907037902],[-106.757159321038,32.2833923397186],[-106.757158780805,32.2833940824687],[-106.757158603948,32.2833958778707],[-106.757158797601,32.2833976726864],[-106.757159355084,32.2833994110279],[-106.757160259125,32.2834010415586],[-106.757161482897,32.2834025129805],[-106.757162989003,32.2834037821547],[-106.757164731571,32.283404809584],[-106.757166657351,32.283405564819],[-106.757168708879,32.2834060237405],[-106.757170822387,32.2834061739785],[-106.757172935206,32.2834060094719],[-106.757174981544,32.2834055358959],[-106.757176900969,32.2834047679229],[-106.757178633095,32.283403728342],[-106.75718012714,32.2834024489219],[-106.757181336607,32.2834009686293],[-106.757182225653,32.2833993327007],[-106.757182765885,32.2833975899505],[-106.757182942742,32.2833957945485],[-106.757182749088,32.2833939997327],[-106.757182191604,32.2833922613914],[-106.757181287563,32.2833906308609],[-106.757180063791,32.2833891594392],[-106.757178557686,32.2833878902651],[-106.757176815117,32.283386862836],[-106.757174889338,32.2833861076012],[-106.75717283781,32.2833856486798],[-106.757170724302,32.2833854984418]],[[-106.757079097363,32.2833966336579],[-106.757076084657,32.283396867612],[-106.757073165708,32.2833975430985],[-106.757070428513,32.2833986381196],[-106.757067957823,32.2834001207701],[-106.757065826641,32.283401945664],[-106.757064101537,32.2834040566191],[-106.757062834179,32.2834063902981],[-106.757062062395,32.2834088762043],[-106.757061811231,32.2834114366777],[-106.757062086637,32.2834139959385],[-106.75706288181,32.2834164764546],[-106.757064171901,32.2834188007661],[-106.757065917251,32.2834209004913],[-106.757068065472,32.2834227100051],[-106.757070550443,32.2834241754617],[-106.757073297606,32.2834252529696],[-106.757076222895,32.2834259076939],[-106.757079238092,32.28342612105],[-106.757082250799,32.2834258870958],[-106.757085169748,32.2834252116091],[-106.757087906939,32.2834241156858],[-106.757090377629,32.283422633035],[-106.757092508816,32.2834208090425],[-106.757094233915,32.2834186971851],[-106.757095501272,32.2834163635059],[-106.757096271999,32.2834138785056],[-106.757096524218,32.283411317126],[-106.75709624775,32.2834087578695],[-106.757095453643,32.2834062782512],[-106.757094163551,32.2834039539401],[-106.757092418201,32.2834018542152],[-106.75709026998,32.2834000447018],[-106.757087785004,32.2833985783438],[-106.757085037847,32.2833975017381],[-106.757082112559,32.2833968470139],[-106.757079097363,32.2833966336579]],[[-106.758031135812,32.2833900447087],[-106.758029024058,32.2833902092255],[-106.758026976663,32.2833906828195],[-106.758025058307,32.2833914508011],[-106.758023325129,32.2833924903978],[-106.758021831097,32.2833937698277],[-106.758020621644,32.2833952501283],[-106.758019733674,32.2833968860583],[-106.758019192397,32.2833986288161],[-106.758019016618,32.2834004242149],[-106.758019209227,32.2834022190335],[-106.758019766726,32.2834039573709],[-106.758020671839,32.2834055869892],[-106.758021894568,32.2834070593087],[-106.758023400686,32.2834083284726],[-106.758025143264,32.2834093558899],[-106.758027070112,32.2834101111074],[-106.758029120583,32.2834105700192],[-106.758031235154,32.2834107202385],[-106.758033346909,32.2834105557217],[-106.758035394305,32.2834100821275],[-106.758037312661,32.2834093141459],[-106.758039045839,32.283408274549],[-106.758040539871,32.2834069951189],[-106.758041749324,32.2834055148181],[-106.758042637293,32.2834038788879],[-106.75804317857,32.28340213613],[-106.758043354349,32.2834003407312],[-106.758043160678,32.2833985459169],[-106.758042604239,32.2833968075753],[-106.758041699121,32.2833951770553],[-106.758040475335,32.2833937056421],[-106.75803897028,32.2833924364742],[-106.758037227702,32.2833914090571],[-106.758035300854,32.2833906538397],[-106.758033250378,32.2833901940262],[-106.758031135812,32.2833900447087]],[[-106.756883276056,32.2834329069384],[-106.756880263348,32.2834331408878],[-106.756877344397,32.2834338163698],[-106.756874607203,32.2834349122886],[-106.75687213651,32.2834363949352],[-106.756870005317,32.2834382189241],[-106.756868280213,32.2834403307784],[-106.75686701285,32.2834426644554],[-106.756866241055,32.2834451494587],[-106.756865989891,32.2834477108335],[-106.756866266352,32.2834502700906],[-106.756867060454,32.2834527497103],[-106.756868350546,32.2834550749257],[-106.756870095887,32.2834571737518],[-106.75687224411,32.2834589841708],[-106.756874729079,32.2834604496313],[-106.756877476236,32.2834615262415],[-106.756880401525,32.2834621809704],[-106.756883416727,32.283462395233],[-106.756886429431,32.2834621603817],[-106.756889348388,32.2834614858013],[-106.756892085583,32.2834603898822],[-106.756894556277,32.2834589072352],[-106.756896687464,32.2834570823441],[-106.756898412573,32.2834549713912],[-106.756899679935,32.2834526377139],[-106.756900451729,32.2834501527105],[-106.756900702893,32.2834475913355],[-106.75690042643,32.2834450320786],[-106.756899632328,32.283442552459],[-106.756898342235,32.283440227244],[-106.756896596889,32.2834381275164],[-106.756894448671,32.2834363179997],[-106.756891963702,32.2834348525396],[-106.756889216546,32.2834337759296],[-106.756886291253,32.2834331202991],[-106.756883276056,32.2834329069384]],[[-106.756697713495,32.2834692208214],[-106.756694700785,32.2834694547664],[-106.756691781832,32.2834701302442],[-106.756689044629,32.2834712252571],[-106.756686573931,32.2834727079001],[-106.75668444274,32.2834745327877],[-106.756682717626,32.2834766437377],[-106.756681450257,32.2834789774129],[-106.756680678462,32.2834814633169],[-106.756680427287,32.2834840237896],[-106.756680702687,32.2834865839532],[-106.756681497845,32.2834890635699],[-106.756682787928,32.2834913878853],[-106.756684533271,32.2834934876159],[-106.756686681486,32.2834952971362],[-106.756689166454,32.2834967626003],[-106.756691913614,32.2834978401165],[-106.756694838903,32.2834984948496],[-106.756697854101,32.2834987082148],[-106.756700866812,32.2834984742697],[-106.756703785766,32.2834977987918],[-106.756706522969,32.2834967037785],[-106.756708993667,32.2834952211351],[-106.756711124859,32.2834933962471],[-106.756712849968,32.2834912843949],[-106.756714117336,32.2834889507194],[-106.756714888074,32.2834864657213],[-106.756715140309,32.2834839052443],[-106.756714863846,32.283481345085],[-106.756714069749,32.2834788654643],[-106.756712779665,32.2834765411491],[-106.756711034323,32.283474441419],[-106.756708886107,32.2834726318991],[-106.756706401135,32.2834711655335],[-106.756703653981,32.2834700889195],[-106.756700728692,32.2834694341865],[-106.756697713495,32.2834692208214]],[[-106.756650600937,32.2834808814519],[-106.756648489177,32.2834810459455],[-106.756646441773,32.2834815195173],[-106.756644523403,32.283482287478],[-106.756642791269,32.2834833270516],[-106.756641297216,32.2834846064654],[-106.756640087739,32.283486086753],[-106.756639198682,32.2834877226778],[-106.756638657377,32.28348946543],[-106.756638481571,32.2834912608271],[-106.756638675215,32.2834930556438],[-106.756639232689,32.2834947939876],[-106.756640136721,32.283496424522],[-106.756641360486,32.283497895949],[-106.756642866586,32.2834991651295],[-106.756644609151,32.283500192566],[-106.756646534928,32.2835009478089],[-106.756648586456,32.2835014067388],[-106.756650699966,32.2835015569856],[-106.756652812788,32.2835013924876],[-106.756654859131,32.28350091892],[-106.756656777501,32.2835001509591],[-106.756658510696,32.283499111381],[-106.75666000475,32.283497831967],[-106.756661214227,32.2834963516792],[-106.756662103283,32.2834947157543],[-106.756662643526,32.2834929730063],[-106.756662820393,32.2834911776049],[-106.756662626749,32.2834893827883],[-106.756662069275,32.2834876444446],[-106.756661165242,32.2834860139103],[-106.756659941477,32.2834845424835],[-106.756658435377,32.2834832733032],[-106.756656692812,32.2834822458669],[-106.756654767035,32.2834814906241],[-106.756652715508,32.2834810316943],[-106.756650600937,32.2834808814519]],[[-106.757495316789,32.2834945534719],[-106.757493203964,32.2834947170821],[-106.757491157626,32.2834951906633],[-106.757489238201,32.283495958641],[-106.757487506077,32.2834969982261],[-106.757486012036,32.2834982776498],[-106.757484802572,32.2834997579453],[-106.757483913536,32.2835013947778],[-106.757483373304,32.2835031366273],[-106.757483196458,32.2835049329315],[-106.757483390113,32.2835067268448],[-106.757483947608,32.2835084660866],[-106.75748485165,32.283510095713],[-106.757486075434,32.2835115680335],[-106.757487581541,32.283512836302],[-106.75748932412,32.2835138646285],[-106.7574912499,32.2835146189566],[-106.757493301437,32.2835150787747],[-106.757495414943,32.2835152281054],[-106.757497527764,32.2835150635933],[-106.757499574102,32.283514590012],[-106.757501493527,32.2835138220341],[-106.757503225651,32.2835127824488],[-106.757504719693,32.283511503025],[-106.757505929156,32.2835100227292],[-106.757506818198,32.2835083867985],[-106.757507358424,32.283506644047],[-106.757507535275,32.2835048486446],[-106.757507341614,32.2835030538295],[-106.757506784124,32.2835013154897],[-106.757505880081,32.2834996858634],[-106.757504656297,32.2834982135431],[-106.757503150185,32.283496944373],[-106.757501407611,32.2834959169485],[-106.757499481827,32.2834951617186],[-106.757497430295,32.2834947028026],[-106.757495316789,32.2834945534719]],[[-106.756927522971,32.2836036543167],[-106.756925410143,32.2836038179174],[-106.756923363799,32.2836042914894],[-106.756921445429,32.2836050594543],[-106.756919712234,32.283606099036],[-106.756918218183,32.283607378453],[-106.756917008709,32.2836088587432],[-106.756916119661,32.2836104955717],[-106.756915579417,32.2836122374189],[-106.75691540256,32.2836140337224],[-106.756915596204,32.2836158276367],[-106.756916153689,32.283617566881],[-106.756917057723,32.2836191965116],[-106.756918281499,32.2836206688376],[-106.7569197876,32.2836219371129],[-106.756921530175,32.2836229654473],[-106.756923455952,32.2836237197841],[-106.756925507489,32.2836241796114],[-106.756927622059,32.2836243289473],[-106.756929733821,32.2836241644489],[-106.756931781232,32.2836236917744],[-106.756933699597,32.2836229229075],[-106.75693543173,32.2836218833299],[-106.756936925782,32.2836206039127],[-106.756938135256,32.2836191236223],[-106.756939024308,32.2836174876955],[-106.756939565608,32.2836157449421],[-106.756939741408,32.2836139495447],[-106.756939547759,32.2836121547286],[-106.756938990278,32.2836104163862],[-106.756938086244,32.2836087867558],[-106.756936862468,32.2836073144299],[-106.756935356362,32.283606045253],[-106.756933613792,32.2836050178206],[-106.75693168801,32.2836042625821],[-106.756929636479,32.2836038036569],[-106.756927522971,32.2836036543167]]]}},{"type":"Feature","properties":{"id":"parking-36","category":"parking","name":"Lot 10"},"geometry":{"type":"Polygon","coordinates":[[[-106.753084323539,32.2839785476318],[-106.753089651207,32.2839786021622],[-106.753094913038,32.2839778849666],[-106.753099953088,32.2839764174089],[-106.753104626152,32.2839742433568],[-106.753108795615,32.2839714237787],[-106.753112338794,32.2839680439381],[-106.753115153241,32.2839641998398],[-106.753117156775,32.283960005445],[-106.753111270338,32.2839366221456],[-106.753658012967,32.2838313353299],[-106.753660471394,32.2838306951276],[-106.75366276332,32.2838297029639],[-106.753664817785,32.283828389785],[-106.753666574491,32.2838267946111],[-106.75366797956,32.2838249654555],[-106.753668991892,32.2838229574953],[-106.753669579967,32.2838208303787],[-106.753669726101,32.2838186500116],[-106.753667020395,32.2837993295357],[-106.753723694627,32.2837893805717],[-106.753778809219,32.2840044831586],[-106.753780428091,32.2840088732445],[-106.753782860762,32.2840129832141],[-106.753786043999,32.2840167050971],[-106.753789892324,32.2840199400303],[-106.75379430654,32.2840226045369],[-106.753799170537,32.2840246278336],[-106.753804354497,32.2840259563268],[-106.753809723397,32.2840265553829],[-106.753815135953,32.2840264093321],[-106.753829311028,32.2840252389849],[-106.753843655815,32.2840225050438],[-106.753850270475,32.2840212638523],[-106.753859195167,32.2840718412596],[-106.753857083819,32.2840707395003],[-106.753854391764,32.284069833055],[-106.753851555454,32.284069333922],[-106.753848659903,32.2840692570936],[-106.753845793247,32.2840696058255],[-106.753843039298,32.2840703698628],[-106.753840481797,32.2840715254234],[-106.753838196991,32.2840730379323],[-106.753836253636,32.2840748620226],[-106.753834709828,32.284076944253],[-106.753833610863,32.2840792204112],[-106.75383299141,32.2840816245232],[-106.753832868048,32.2840840825709],[-106.753833245685,32.2840865223862],[-106.753852784961,32.2841668926161],[-106.753853646577,32.2841691158588],[-106.753854925653,32.2841711886295],[-106.753856588968,32.284173055146],[-106.753858590584,32.2841746632839],[-106.753860876123,32.284175970873],[-106.753863383801,32.2841769402817],[-106.753866045539,32.2841775474318],[-106.753868786918,32.2841777736811],[-106.75387429562,32.2841767740891],[-106.753877652644,32.2841750597948],[-106.75388164478,32.2841726214819],[-106.75390403344,32.2842258931114],[-106.753882530242,32.2842288828914],[-106.753880490019,32.2842297008985],[-106.753878623216,32.2842307779479],[-106.753876975335,32.2842320868023],[-106.753875585485,32.2842335966426],[-106.753874488501,32.2842352712557],[-106.753873709638,32.2842370699573],[-106.753873267765,32.284238949383],[-106.753873173256,32.2842408653006],[-106.753873430086,32.284242768994],[-106.753921639654,32.2844101440168],[-106.753925105978,32.2844151381857],[-106.753929442127,32.2844196157277],[-106.753934543452,32.2844234670341],[-106.753940287347,32.284426598801],[-106.753946533257,32.2844289358335],[-106.753953130112,32.2844304210156],[-106.753959918466,32.2844310189095],[-106.753966734743,32.2844307148365],[-106.753743283862,32.2844724307078],[-106.753756398386,32.2844683750552],[-106.753768514402,32.2844624917168],[-106.753779282492,32.2844549489302],[-106.75378838962,32.2844459661936],[-106.753795573927,32.2844358024825],[-106.753800627886,32.2844247508263],[-106.753803403579,32.2844131319741],[-106.753803823242,32.2844012826282],[-106.753788914731,32.2843243390059],[-106.753787359204,32.2843208460136],[-106.753785136335,32.2843176244366],[-106.753782308202,32.2843147651144],[-106.753778953825,32.2843123507025],[-106.753775171252,32.2843104493507],[-106.753771064818,32.2843091138522],[-106.753766753645,32.2843083834133],[-106.75376235994,32.284308279191],[-106.753758006861,32.2843088024977],[-106.753132408604,32.2844255391772],[-106.753036824489,32.2840668742729],[-106.753084323539,32.2839785476318]]]}},{"type":"Feature","properties":{"id":"parking-37","category":"parking","name":"Lot H1"},"geometry":{"type":"Polygon","coordinates":[[[-106.753467301334,32.274276217623],[-106.753486385579,32.274346929174],[-106.753488381985,32.274350709915],[-106.753491095195,32.2743541541114],[-106.753494448236,32.2743571637677],[-106.753498348283,32.2743596535774],[-106.753502683489,32.2743615536417],[-106.753507331481,32.274362810337],[-106.753512162553,32.274363388106],[-106.753517038614,32.274363270364],[-106.753556884507,32.274357880733],[-106.753636775672,32.2746619838703],[-106.753597746918,32.2746698494725],[-106.753592400748,32.2746723039988],[-106.753587619115,32.2746754903852],[-106.753583540575,32.2746793169918],[-106.75358028236,32.2746836751283],[-106.75357793718,32.2746884372633],[-106.753577605311,32.2746896615041],[-106.753576573292,32.2746934687482],[-106.753576229166,32.2746986233288],[-106.753576915656,32.2747037521555],[-106.753595590877,32.2747764854738],[-106.753595938411,32.2747775203212],[-106.753596480213,32.2747791324841],[-106.753539475426,32.2748024103254],[-106.753541418991,32.2748006583859],[-106.753543011989,32.2747986679502],[-106.753544215415,32.2747964878741],[-106.753544997731,32.2747941741984],[-106.753545339083,32.2747917838194],[-106.753545232378,32.2747893780915],[-106.753544540581,32.2747867474286],[-106.753524228735,32.2747094446073],[-106.753521811874,32.2747048818301],[-106.753520358104,32.2747030586609],[-106.753518509884,32.2747007392394],[-106.753514420037,32.274697138198],[-106.753509665003,32.2746941864395],[-106.753504384332,32.2746919717896],[-106.753498734424,32.2746905585582],[-106.7534928843,32.2746899893607],[-106.75348700496,32.2746902806505],[-106.753454188247,32.2746960165104],[-106.753373316868,32.2743903885155],[-106.753409318576,32.2743826252342],[-106.753414507179,32.2743808585583],[-106.753419259681,32.2743783577055],[-106.753423432124,32.2743751972019],[-106.753426900838,32.2743714731373],[-106.753429560279,32.274367295959],[-106.753431330465,32.2743627913438],[-106.753431494141,32.2743618662883],[-106.753432160128,32.2743580947748],[-106.753432022447,32.2743533470484],[-106.753414357049,32.2742858178968],[-106.753467301334,32.274276217623]]]}},{"type":"Feature","properties":{"id":"parking-38","category":"parking","name":"Lot 79F"},"geometry":{"type":"Polygon","coordinates":[[[-106.74745894617,32.2717632183133],[-106.747558426389,32.2721572357218],[-106.747442017818,32.2721779030713],[-106.747437210367,32.2721792919267],[-106.747432720538,32.2721813063218],[-106.747428659515,32.2721838962166],[-106.747425127792,32.2721869971835],[-106.747422215167,32.2721905304072],[-106.747419992293,32.2721944099332],[-106.747418515954,32.2721985372354],[-106.747417822751,32.2722028111616],[-106.747417929082,32.2722071243263],[-106.747454837382,32.2723531186237],[-106.747456355689,32.2723580439992],[-106.747458812963,32.2723626879043],[-106.747462140571,32.2723669225457],[-106.74746624658,32.272370630142],[-106.747467318239,32.2723800755815],[-106.747350311849,32.2724015433459],[-106.747348485563,32.2723952294198],[-106.747349585212,32.2723905444504],[-106.747349814991,32.272385770015],[-106.747311522575,32.2722304252691],[-106.747309131954,32.27222554391],[-106.747305784031,32.2722210856838],[-106.747301580397,32.2722171872728],[-106.747296645876,32.2722139636231],[-106.747291131741,32.2722115133433],[-106.747285200803,32.2722099097446],[-106.74727903272,32.27220920082],[-106.747272814432,32.2722094074779],[-106.74715882836,32.2722297322437],[-106.747058314816,32.2718359106773],[-106.747224041258,32.2718055953682],[-106.747297866425,32.2720971682955],[-106.747300697546,32.2721036018207],[-106.747304574164,32.2721096290009],[-106.747309418122,32.2721151274911],[-106.747315131158,32.2721199867497],[-106.747321713165,32.2721220468288],[-106.747328609413,32.272123139781],[-106.747340306993,32.2721495479003],[-106.747397561923,32.2721421634905],[-106.747384922999,32.2720720208075],[-106.747361838062,32.2720620587118],[-106.747292426054,32.2717929824126],[-106.74745894617,32.2717632183133]],[[-106.747389358989,32.27230178756],[-106.747387057884,32.2723018354019],[-106.747384798892,32.2723022086483],[-106.747382645643,32.2723028962266],[-106.747380656421,32.2723038798698],[-106.747378888395,32.2723051313954],[-106.747377390201,32.2723066154394],[-106.747376205138,32.2723082912477],[-106.747375364791,32.2723101108976],[-106.747374893304,32.2723120246918],[-106.747374803115,32.2723139775679],[-106.747375098183,32.2723159172028],[-106.747384706545,32.2723539638958],[-106.747385365209,32.2723558110113],[-106.74738637247,32.2723575404142],[-106.747387701539,32.2723591062156],[-106.747389316085,32.2723604643674],[-106.747391171323,32.2723615780699],[-106.747393217196,32.2723624168569],[-106.747395397326,32.272362959306],[-106.747397653237,32.2723631885122],[-106.747399923334,32.2723630993068],[-106.747402143937,32.2723626937444],[-106.747404256722,32.272361982877],[-106.747406202355,32.272360986779],[-106.747407928969,32.2723597327105],[-106.747409388975,32.2723582533259],[-106.747410542266,32.2723565911702],[-106.747411357235,32.2723547896572],[-106.747411812922,32.2723528984716],[-106.747411895808,32.2723509690724],[-106.747411603005,32.2723490555826],[-106.74740209792,32.272311456708],[-106.747401516503,32.2723095650975],[-106.74740057158,32.2723077822395],[-106.747399291026,32.2723061585283],[-106.747397709047,32.2723047380202],[-106.747395870455,32.2723035620241],[-106.747393827443,32.2723026637033],[-106.7473916364,32.2723020662838],[-106.747389358989,32.27230178756]]]}},{"type":"Feature","properties":{"id":"parking-39","category":"parking","name":"Lot H17"},"geometry":{"type":"Polygon","coordinates":[[[-106.75043698864,32.2726061789675],[-106.750484546881,32.2726321001839],[-106.750568331775,32.2726777664634],[-106.750577086857,32.272682538662],[-106.750569060795,32.2726926081409],[-106.750566118687,32.2727006120585],[-106.750564796009,32.2727089206984],[-106.750565128635,32.2727173012394],[-106.750567108891,32.2727255156217],[-106.750570680305,32.2727333322917],[-106.750575740824,32.2727405306988],[-106.750582149209,32.2727469075829],[-106.750589724012,32.2727522823897],[-106.750561800065,32.2727914110052],[-106.750553894329,32.2727884039812],[-106.750545531771,32.2727864900141],[-106.75053691858,32.2727857151833],[-106.750528269296,32.2727861002831],[-106.750519798288,32.2727876345434],[-106.750511716591,32.2727902801521],[-106.75050422447,32.2727939713817],[-106.750497507194,32.2727986173125],[-106.750491732905,32.2728041018406],[-106.750487044164,32.2728102891227],[-106.750482030387,32.2728174048017],[-106.750453967341,32.2728031683586],[-106.750339523478,32.272745112001],[-106.75043698864,32.2726061789675]]]}},{"type":"Feature","properties":{"id":"parking-40","category":"parking","name":"Lot H5"},"geometry":{"type":"Polygon","coordinates":[[[-106.752431623521,32.2736809661713],[-106.752388332481,32.273732456738],[-106.752387397577,32.2737300083082],[-106.752386012403,32.2737277194945],[-106.752384211253,32.2737256496828],[-106.752382043256,32.2737238527893],[-106.752379563863,32.273722374588],[-106.752379022318,32.2737221521797],[-106.752376836979,32.2737212536044],[-106.752367343564,32.2737179544959],[-106.752357329301,32.2737160697661],[-106.752347083228,32.2737156541803],[-106.752336903708,32.2737167209815],[-106.752327083548,32.2737192383421],[-106.7523179079,32.2737231338813],[-106.752309642588,32.2737282947118],[-106.752302526691,32.2737345710766],[-106.752293984953,32.2737433151805],[-106.752270908715,32.273731829818],[-106.752156837921,32.2736750506753],[-106.752253936177,32.2735384418144],[-106.752302735484,32.2735634357032],[-106.752379881268,32.2736029494486],[-106.752392354431,32.2736093381891],[-106.752383160426,32.2736258877588],[-106.75238064949,32.2736329394445],[-106.752379460451,32.2736402365882],[-106.752379619934,32.2736476023202],[-106.75238112589,32.273654857179],[-106.752383941257,32.2736618254499],[-106.752387997161,32.273668336956],[-106.752393195068,32.2736742333621],[-106.752399407874,32.2736793726805],[-106.752406486261,32.2736836274413],[-106.752407274158,32.2736840562965],[-106.752409112929,32.2736850554542],[-106.752411988939,32.2736860766395],[-106.752415030261,32.2736866606685],[-106.752418143393,32.2736867916797],[-106.752421237012,32.2736864637233],[-106.752424217763,32.273685687993],[-106.752426996605,32.2736844873894],[-106.752429489872,32.2736828974179],[-106.752431623521,32.2736809661713]]]}},{"type":"Feature","properties":{"id":"parking-41","category":"parking","name":"Lot H9"},"geometry":{"type":"Polygon","coordinates":[[[-106.751827735249,32.2733693477328],[-106.751784444005,32.2734208371951],[-106.751783509122,32.2734183887606],[-106.75178212291,32.273416100846],[-106.751780322842,32.2734140310212],[-106.751778154859,32.2734122332152],[-106.751775675485,32.2734107550017],[-106.751775133942,32.2734105325909],[-106.751772948622,32.2734096349068],[-106.751763455256,32.2734063348503],[-106.751753441039,32.273404450072],[-106.751743195003,32.2734040344369],[-106.751733014448,32.2734051011934],[-106.751723195366,32.2734076185028],[-106.751714019723,32.2734115139983],[-106.751705754404,32.2734166747895],[-106.751698638489,32.2734229511207],[-106.75169009566,32.2734316951888],[-106.751667020637,32.2734202097096],[-106.751552949548,32.2733634309171],[-106.751650049447,32.2732268216019],[-106.751698848429,32.2732518166304],[-106.75177599369,32.2732913307519],[-106.751788466768,32.2732977195532],[-106.751779271617,32.2733142681829],[-106.751776761704,32.2733213198531],[-106.751775572621,32.273328616992],[-106.751775732054,32.2733359827256],[-106.751777237961,32.2733432384943],[-106.751780053268,32.2733502058778],[-106.751784109115,32.2733567174041],[-106.75178930697,32.2733626147378],[-106.751795519716,32.2733677531849],[-106.751802598056,32.2733720088821],[-106.751803385942,32.2733724368393],[-106.751805224701,32.2733734360059],[-106.751808100694,32.2733744572053],[-106.751811142007,32.2733750421508],[-106.751814255123,32.2733751722752],[-106.751817348733,32.2733748443336],[-106.75182032948,32.2733740686176],[-106.75182310832,32.2733728680273],[-106.751825601594,32.2733712789694],[-106.751827735249,32.2733693477328]]]}},{"type":"Feature","properties":{"id":"parking-42","category":"parking","name":"Lot H13"},"geometry":{"type":"Polygon","coordinates":[[[-106.751216013715,32.2730625291778],[-106.751172722271,32.2731140193368],[-106.751171787406,32.2731115708974],[-106.751170402272,32.2731092820697],[-106.751168601162,32.2731072122401],[-106.751166433203,32.2731054153251],[-106.751163953847,32.2731039370994],[-106.751163413369,32.2731037146817],[-106.751161226996,32.2731028160892],[-106.751151733688,32.2730995168879],[-106.751141719517,32.2730976320605],[-106.751131473518,32.2730972163754],[-106.751121294051,32.2730982830782],[-106.751111473922,32.2731008003442],[-106.751102298284,32.2731046957953],[-106.751094032957,32.2731098565469],[-106.751086917023,32.2731161328441],[-106.751078375225,32.2731248768673],[-106.751055299294,32.2731133912784],[-106.750941230021,32.2730566110169],[-106.751038329466,32.2729200030656],[-106.751087128113,32.2729449974332],[-106.751164272853,32.2729845119356],[-106.751176745847,32.2729909007983],[-106.751167551681,32.2730074502828],[-106.751165040667,32.2730145019458],[-106.751163851538,32.2730217990797],[-106.751164010922,32.2730291648149],[-106.75116551677,32.27303641969],[-106.751168332025,32.2730433879898],[-106.751172387814,32.2730498995367],[-106.751177585608,32.2730557959946],[-106.751183799364,32.2730609353702],[-106.751190876586,32.2730651902047],[-106.751191664472,32.2730656190677],[-106.751193503218,32.2730666182434],[-106.751196379194,32.2730676394569],[-106.751199420488,32.2730682235155],[-106.751202533598,32.2730683545569],[-106.751205627201,32.2730680266304],[-106.751208607943,32.2730672509288],[-106.751211386782,32.2730660503519],[-106.751213880053,32.2730644604041],[-106.751216013715,32.2730625291778]]]}},{"type":"Feature","properties":{"id":"parking-43","category":"parking","name":"Arrowhead Park Parking"},"geometry":{"type":"Polygon","coordinates":[[[-106.739254126385,32.2733610693142],[-106.739266198548,32.2734064482147],[-106.739266540991,32.2734073568625],[-106.739266749805,32.2734076951521],[-106.739299360949,32.2734814471873],[-106.739297912948,32.2734818288716],[-106.73929655194,32.2734823987072],[-106.73929531394,32.2734831421247],[-106.739294227511,32.2734840409764],[-106.739293319071,32.2734850726134],[-106.739292612903,32.2734862125915],[-106.739292125841,32.2734874328881],[-106.739291868331,32.2734887018975],[-106.739291847649,32.2734899907321],[-106.739292064672,32.273491265118],[-106.739294195685,32.2734992734744],[-106.739294708292,32.2735006369009],[-106.739295493193,32.2735019036756],[-106.739296523642,32.2735030351222],[-106.739297769739,32.2735039979879],[-106.739299194166,32.273504761754],[-106.739300753281,32.2735053040432],[-106.739302399222,32.2735056079056],[-106.739304083113,32.2735056645119],[-106.739305751869,32.2735054722642],[-106.739356024019,32.2734958188083],[-106.739400762739,32.2736639897986],[-106.739350490501,32.2736736432729],[-106.739348885679,32.2736740787751],[-106.739347394621,32.2736747456138],[-106.739346062851,32.2736756210663],[-106.739344929515,32.2736766806308],[-106.739344030519,32.2736778898975],[-106.739343392217,32.2736792144938],[-106.739343034557,32.2736806128569],[-106.739342967929,32.2736820434611],[-106.739343195276,32.2736834612022],[-106.739347455199,32.2736994779208],[-106.73933960052,32.2737009855964],[-106.739337995702,32.2737014220003],[-106.7393365057,32.2737020879329],[-106.739335172868,32.2737029633894],[-106.739334040593,32.2737040229497],[-106.73933314054,32.2737052331223],[-106.739332502238,32.2737065577185],[-106.739332144577,32.2737079560816],[-106.739332077944,32.273709385784],[-106.739332305296,32.2737108044269],[-106.739344022201,32.2737548490424],[-106.739347572489,32.2737681954045],[-106.739331863128,32.273771212559],[-106.739328311777,32.2737578652988],[-106.739327957493,32.2737565310203],[-106.739089164243,32.2738023829055],[-106.739077802796,32.2737596725406],[-106.739077353536,32.2737584423428],[-106.739076682813,32.2737572860532],[-106.739075807774,32.2737562342683],[-106.739074749781,32.2737553112557],[-106.739073535498,32.2737545403603],[-106.739072193681,32.273753939508],[-106.739070757329,32.2737535257063],[-106.73906926364,32.2737533069278],[-106.739067746614,32.2737532893539],[-106.7390662466,32.2737534746321],[-106.73905839085,32.2737549822944],[-106.739054129919,32.2737389664717],[-106.739053617315,32.2737376030442],[-106.739052833476,32.2737363362639],[-106.739051801966,32.2737352048195],[-106.739050555868,32.2737342419514],[-106.739049131439,32.2737334781825],[-106.739047572323,32.2737329358903],[-106.739045926378,32.2737326320246],[-106.739044243544,32.2737325754107],[-106.739042573723,32.2737327676591],[-106.738992301408,32.2737424209915],[-106.73894756446,32.2735742498475],[-106.738997835626,32.2735645965377],[-106.738999284692,32.2735642148526],[-106.739000644641,32.2735636450244],[-106.739001882645,32.2735629016098],[-106.739002970143,32.2735620036583],[-106.739003877521,32.2735609711256],[-106.739004583694,32.2735598311491],[-106.739005071826,32.2735586117513],[-106.739005328274,32.2735573418448],[-106.739005348965,32.273556053912],[-106.739005131941,32.2735547786238],[-106.739003000951,32.2735467702623],[-106.739002488349,32.2735454068346],[-106.739001704513,32.2735441400539],[-106.739000673005,32.273543008609],[-106.738999426911,32.2735420457404],[-106.738998002486,32.2735412819708],[-106.738996443373,32.2735407396779],[-106.738994797431,32.2735404358115],[-106.738993114601,32.273540379197],[-106.738991444788,32.2735405723465],[-106.738872048918,32.2735634980239],[-106.738870600913,32.2735638797034],[-106.738869239897,32.2735644486326],[-106.738868001892,32.2735651920459],[-106.738866915458,32.273566090894],[-106.738866008079,32.2735671234257],[-106.738865300843,32.2735682634056],[-106.73886481377,32.2735694827987],[-106.738864556259,32.2735707527091],[-106.738864535566,32.2735720406418],[-106.73886475365,32.2735733159262],[-106.738866883566,32.2735813242942],[-106.738867397223,32.2735826868165],[-106.738868181057,32.273583953598],[-106.738869211508,32.27358508595],[-106.738870458658,32.273586047914],[-106.738871883083,32.2735868116849],[-106.738873441134,32.2735873539835],[-106.738875087076,32.2735876578515],[-106.738876770968,32.2735877144635],[-106.738878439726,32.2735875222214],[-106.738928711969,32.2735778689349],[-106.739037360729,32.2739862855731],[-106.738986741507,32.2739960051807],[-106.738990292818,32.2740093524504],[-106.738974582337,32.2740123686632],[-106.738971032089,32.2739990213888],[-106.738880752238,32.2740163564658],[-106.738879304226,32.2740167381454],[-106.738877943208,32.2740173079765],[-106.738876705197,32.2740180513899],[-106.738875618758,32.274018950238],[-106.73887471137,32.2740199818679],[-106.738874004131,32.2740211218479],[-106.738873517061,32.2740223421428],[-106.738873259543,32.2740236111512],[-106.738873238855,32.2740248999858],[-106.738873456935,32.2740261743682],[-106.738884818322,32.2740688847503],[-106.73871514919,32.2741014635557],[-106.738703787878,32.2740587531578],[-106.738703337561,32.2740575229629],[-106.738702667901,32.2740563666672],[-106.738701792864,32.2740553148798],[-106.738700734871,32.274054391864],[-106.738699520582,32.2740536200633],[-106.738698178768,32.2740530201089],[-106.738696742413,32.274052606303],[-106.738695247658,32.2740523875242],[-106.738693731689,32.2740523699418],[-106.738692230603,32.2740525543178],[-106.73862889869,32.2740647155997],[-106.738627316505,32.274065019334],[-106.738499827683,32.2735592132596],[-106.738551243109,32.2735493410594],[-106.738552692176,32.2735489593794],[-106.738554052128,32.2735483895559],[-106.73855529014,32.2735476470475],[-106.738556376576,32.2735467482021],[-106.738557285021,32.2735457156685],[-106.738557991199,32.2735445756943],[-106.738558479337,32.2735433562983],[-106.738558735791,32.2735420863925],[-106.738558756488,32.2735407984598],[-106.738558539471,32.2735395231707],[-106.738547177244,32.2734968127577],[-106.739254126385,32.2733610693142]],[[-106.738769863413,32.2735832221297],[-106.738768362335,32.2735834065066],[-106.738667818854,32.2736027120266],[-106.738666369786,32.2736030937078],[-106.738665009834,32.2736036635325],[-106.738663771827,32.2736044069439],[-106.738662685391,32.2736053057902],[-106.738661776942,32.2736063374227],[-106.738661070765,32.2736074773974],[-106.738660583694,32.2736086976916],[-106.73866032618,32.2736099676016],[-106.738660305484,32.2736112555343],[-106.738660522503,32.2736125308232],[-106.73866265346,32.2736205382888],[-106.738663102718,32.2736217693899],[-106.73866377343,32.27362292478],[-106.738664647401,32.2736239765719],[-106.738665705393,32.2736249004899],[-106.738666920733,32.2736256713851],[-106.738668262541,32.2736262713399],[-106.738669697832,32.2736266860522],[-106.738671192575,32.2736269039295],[-106.738672708537,32.2736269215123],[-106.738674209616,32.2736267371366],[-106.738774754184,32.2736074316072],[-106.738776357942,32.2736069952146],[-106.738777849007,32.2736063292844],[-106.738779181838,32.2736054529319],[-106.738780314124,32.2736043942784],[-106.738781213122,32.2736031841138],[-106.738781851431,32.2736018595202],[-106.738782210162,32.2736004611545],[-106.738782275742,32.2735990314564],[-106.73878204946,32.2735976128082],[-106.738779919555,32.2735896053406],[-106.738779470296,32.2735883742399],[-106.738778799582,32.2735872188504],[-106.738777924549,32.2735861670634],[-106.738776866556,32.2735852431464],[-106.738775652277,32.2735844722481],[-106.738774310469,32.2735838722944],[-106.738772874117,32.2735834575874],[-106.738771379374,32.2735832397113],[-106.738769863413,32.2735832221297]],[[-106.738859506636,32.2739195566553],[-106.738857837877,32.273919749799],[-106.738757292984,32.2739390553967],[-106.73875568922,32.2739394917891],[-106.738754198149,32.2739401577191],[-106.738752865308,32.2739410331695],[-106.738751733023,32.2739420927246],[-106.738750834021,32.273943302889],[-106.738750195704,32.2739446265805],[-106.738749838034,32.273946024942],[-106.738749771396,32.2739474555459],[-106.738749997674,32.2739488732922],[-106.738752127589,32.2739568816616],[-106.738752577907,32.2739581118564],[-106.738753247566,32.2739592681519],[-106.738754122603,32.273960319939],[-106.738755180595,32.2739612429543],[-106.738756394879,32.2739620138527],[-106.738757736697,32.2739626147083],[-106.738759173051,32.2739630285135],[-106.738760667804,32.2739632472915],[-106.738762183772,32.2739632648732],[-106.738763684851,32.2739630795945],[-106.738864228708,32.2739437739956],[-106.738865833537,32.2739433384996],[-106.738867324608,32.2739426725683],[-106.738868656381,32.273941796219],[-106.738869789732,32.2739407375606],[-106.738870688732,32.2739395273954],[-106.738871327042,32.2739382028015],[-106.738871684711,32.2739368044396],[-106.738871751346,32.2739353738356],[-106.738871525067,32.2739339560896],[-106.73886939408,32.2739259477263],[-106.738868881482,32.2739245852],[-106.738868097645,32.2739233184186],[-106.738867066129,32.2739221860708],[-106.738865820036,32.2739212241028],[-106.738864395601,32.27392045943],[-106.738862836487,32.2739199180374],[-106.738861190534,32.2739196132675],[-106.738859506636,32.2739195566553]]]}},{"type":"Feature","properties":{"id":"parking-44","category":"parking","name":"Lot 98"},"geometry":{"type":"Polygon","coordinates":[[[-106.753871459225,32.2740612157525],[-106.753974040164,32.2740394144191],[-106.754029672589,32.2739561864291],[-106.754523621477,32.274218356288],[-106.754536755593,32.2742282774521],[-106.754548040462,32.2742397238271],[-106.754557230573,32.2742524501873],[-106.754564130146,32.2742661822491],[-106.754568589993,32.2742806248001],[-106.754356565524,32.2745620473739],[-106.754346134205,32.2745751758705],[-106.754334088906,32.2745872664615],[-106.754320572136,32.274598175182],[-106.754305742431,32.2746077760406],[-106.754289776431,32.2746159537956],[-106.754272858316,32.2746226130164],[-106.754255192531,32.2746276753265],[-106.754236983617,32.2746310794847],[-106.754118860063,32.2746567254599],[-106.754107117052,32.2746576444275],[-106.754095358474,32.2746569004326],[-106.754083906087,32.2746545129337],[-106.754073076603,32.2746505492081],[-106.754063167855,32.2746451180935],[-106.754054453487,32.2746383691082],[-106.75404717443,32.2746304870733],[-106.754041530404,32.2746216912449],[-106.754037676672,32.2746122236031],[-106.753993659783,32.2744778152063],[-106.754278091858,32.2744263309974],[-106.754238620191,32.2742853931309],[-106.75395610253,32.2743351569848],[-106.753891078825,32.274241789282],[-106.753872019871,32.2741474743],[-106.753871459225,32.2740612157525]]]}},{"type":"Feature","properties":{"id":"parking-45","category":"parking","name":"Lot H10"},"geometry":{"type":"Polygon","coordinates":[[[-106.750521339916,32.2733914947374],[-106.750434003678,32.2735131153258],[-106.750431772528,32.2735110219377],[-106.750429151633,32.2735092854256],[-106.75042872043,32.2735090517494],[-106.750366714081,32.2734755427178],[-106.750453263413,32.2733538549481],[-106.750521339916,32.2733914947374]]]}},{"type":"Feature","properties":{"id":"parking-46","category":"parking","name":"Lot 79E"},"geometry":{"type":"Polygon","coordinates":[[[-106.747995274297,32.2726163982501],[-106.748020571179,32.2727642373538],[-106.747420731713,32.2728373140009],[-106.74742986155,32.2728886162649],[-106.748029108072,32.2728145895501],[-106.748054473212,32.2729618836509],[-106.74734299435,32.2730505747754],[-106.747325255674,32.2729436374661],[-106.747323185141,32.2729384752718],[-106.747320115622,32.2729336849688],[-106.747316135983,32.272929405995],[-106.747311360473,32.272925760553],[-106.747305927673,32.2729228554181],[-106.747299994081,32.2729207738468],[-106.747293730928,32.2729195755891],[-106.747287319922,32.272919295102],[-106.747280945818,32.2729199415785],[-106.747198455017,32.2729365132997],[-106.747184012895,32.2729394146099],[-106.747183936691,32.2728810638465],[-106.747186635715,32.2728807907812],[-106.747275877873,32.2728638524862],[-106.747281411271,32.2728624319191],[-106.747286613791,32.2728602911689],[-106.74729135622,32.2728574839537],[-106.747295521102,32.2728540783756],[-106.747299005933,32.2728501596126],[-106.74730172314,32.2728458254103],[-106.74730360643,32.2728411824488],[-106.747304608663,32.2728363463516],[-106.74730470501,32.2728314353597],[-106.747303892959,32.2728265730374],[-106.74728436444,32.2727046124129],[-106.747995274297,32.2726163982501]]]}},{"type":"Feature","properties":{"id":"parking-47","category":"parking","name":"Lot 77B"},"geometry":{"type":"Polygon","coordinates":[[[-106.746274588563,32.2734707094561],[-106.745295543931,32.2736500288464],[-106.745206486433,32.2735587150997],[-106.745988886513,32.2730247152934],[-106.746231353903,32.2732753765329],[-106.746274588563,32.2734707094561]],[[-106.745718519384,32.2735209360644],[-106.745660606593,32.2734524165845],[-106.74545869103,32.2735823106042],[-106.745438210835,32.2735649120497],[-106.745432899061,32.2735614192506],[-106.745426961217,32.273558750499],[-106.745420572892,32.2735569862733],[-106.745413923314,32.2735561772371],[-106.745407210061,32.2735563478671],[-106.745400629491,32.2735574937859],[-106.745394376741,32.2735595808593],[-106.745388638298,32.2735625461277],[-106.745383582475,32.2735663032547],[-106.745379358343,32.2735707407271],[-106.745376092572,32.2735757272789],[-106.745373879899,32.2735811155359],[-106.745372787399,32.2735867465082],[-106.745372846009,32.2735924532308],[-106.745374053753,32.2735980670642],[-106.745376376816,32.2736034212974],[-106.745379744288,32.2736083592854],[-106.745380416754,32.2736090402556],[-106.745384058768,32.2736127335055],[-106.745389191111,32.2736164154986],[-106.745394989985,32.2736192958316],[-106.745401284018,32.2736212885983],[-106.745407887132,32.2736223368096],[-106.745414603831,32.2736224087655],[-106.745697624361,32.2735689851541],[-106.745703448446,32.2735669349206],[-106.745708796955,32.2735641019377],[-106.745713525926,32.2735605607227],[-106.745717507439,32.2735564082765],[-106.745720632772,32.273551757758],[-106.745722733807,32.2735469263791],[-106.745722817683,32.2735467339544],[-106.74572400241,32.2735414741824],[-106.745724154817,32.2735361201598],[-106.745723271448,32.2735308170992],[-106.745721375384,32.273525710109],[-106.745718519384,32.2735209360644]],[[-106.746117697164,32.2733366091182],[-106.745853277372,32.2735019920503],[-106.745820363973,32.2734653723873],[-106.745814936132,32.2734627909357],[-106.745809077459,32.2734610174355],[-106.745802951696,32.2734601008461],[-106.745796730948,32.2734600666455],[-106.745790592496,32.2734609159417],[-106.745784707126,32.2734626264196],[-106.745779240162,32.2734651478281],[-106.745774347268,32.2734684101133],[-106.745770164884,32.2734723216521],[-106.745766810238,32.2734767719578],[-106.74576437925,32.2734816361976],[-106.745762939112,32.2734867770255],[-106.745762531499,32.273492049981],[-106.745763166218,32.2734973062189],[-106.74576482655,32.2735023997041],[-106.745790265397,32.2735333020891],[-106.745792388689,32.2735358820842],[-106.745795481246,32.2735388686194],[-106.745799074594,32.2735414184934],[-106.745803083484,32.2735434716165],[-106.745807415309,32.2735449814555],[-106.745811966897,32.2735459105375],[-106.745816633045,32.2735462385326],[-106.745821303308,32.273545956856],[-106.746181896609,32.2734792426647],[-106.746187556224,32.2734777927902],[-106.74619285495,32.273475568736],[-106.74619764981,32.2734726305865],[-106.746201806437,32.2734690609388],[-106.746205211771,32.2734649558338],[-106.746207771956,32.2734604292745],[-106.746209416544,32.2734556050921],[-106.746209432895,32.2734554886882],[-106.746210100618,32.2734506169379],[-106.746209804748,32.2734456010688],[-106.746174172932,32.2733009839557],[-106.746172442006,32.2732957960582],[-106.746169711799,32.2732909277364],[-106.74616605949,32.2732865166711],[-106.746161589795,32.273282688711],[-106.746156427498,32.2732795515887],[-106.746150719568,32.2732771931086],[-106.746144626661,32.2732756802789],[-106.746138322046,32.2732750575118],[-106.746131984144,32.2732753403398],[-106.746125791255,32.2732765217495],[-106.746119918349,32.2732785685867],[-106.746114532829,32.2732814224751],[-106.746109787116,32.2732850025507],[-106.746105813348,32.2732892072866],[-106.746102726591,32.2732939189894],[-106.7461006121,32.2732990038493],[-106.746099530658,32.2733043173307],[-106.746099512234,32.2733097096074],[-106.746100558121,32.2733150282604],[-106.74610263884,32.2733201227955],[-106.746117697164,32.2733366091182]]]}},{"type":"Feature","properties":{"id":"parking-48","category":"parking","name":"Usda Parking"},"geometry":{"type":"Polygon","coordinates":[[[-106.765048580648,32.2799464348696],[-106.765099637407,32.2801754024416],[-106.764132538256,32.2803656125752],[-106.76412602667,32.2801409734396],[-106.764662829732,32.2800285405073],[-106.764714321412,32.280016441491],[-106.764918025895,32.2799769088543],[-106.764916040337,32.2799695172288],[-106.765048580648,32.2799464348696]],[[-106.76480916899,32.2800768859054],[-106.764803870932,32.2800769589089],[-106.764798667519,32.2800778125329],[-106.764793717846,32.280079420877],[-106.764789172383,32.2800817346275],[-106.764785169803,32.2800846837765],[-106.764781829563,32.2800881785534],[-106.7647792551,32.2800921130195],[-106.764777523232,32.2800963669149],[-106.764776687382,32.2801008128605],[-106.764795051378,32.2801734203101],[-106.764796250211,32.2801776045401],[-106.764798256691,32.2801815591121],[-106.764801013928,32.2801851733298],[-106.764804444896,32.280188342892],[-106.764808452493,32.2801909798125],[-106.764812923768,32.280193009698],[-106.764817732061,32.280194374444],[-106.76482274021,32.2801950358299],[-106.76482780904,32.2801949754842],[-106.764832794181,32.2801941948972],[-106.764837555626,32.2801927162842],[-106.764841957723,32.2801905807819],[-106.764845876606,32.2801878493195],[-106.764849202304,32.280184599003],[-106.764851838729,32.2801809213116],[-106.764853714278,32.2801769202507],[-106.764854774392,32.2801727096764],[-106.764854988947,32.2801684069528],[-106.764854352265,32.2801641347553],[-106.764836243487,32.2800955584683],[-106.764834350247,32.2800913536213],[-106.764831626649,32.2800874921589],[-106.764828155096,32.2800840909861],[-106.764824041271,32.2800812533854],[-106.764819409872,32.2800790663284],[-106.764814401407,32.2800775959795],[-106.76480916899,32.2800768859054]]]}},{"type":"Feature","properties":{"id":"parking-50","category":"parking","name":"Lot 15"},"geometry":{"type":"Polygon","coordinates":[[[-106.749762030669,32.2843171329093],[-106.749751403177,32.2842913286939],[-106.750657129626,32.2841303121639],[-106.750714879101,32.2843547786553],[-106.750627041453,32.2843749812676],[-106.750652410482,32.2844605262858],[-106.749874025911,32.2845971964124],[-106.7498244729,32.2844104054696],[-106.749762030669,32.2843171329093]]]}},{"type":"Feature","properties":{"id":"parking-51","category":"parking","name":"Lot 20"},"geometry":{"type":"Polygon","coordinates":[[[-106.747928231918,32.2850163880479],[-106.747962606692,32.2851456182477],[-106.747566122452,32.2852204722422],[-106.747654311166,32.2855681029217],[-106.747598239442,32.2855798396834],[-106.747533985209,32.2855932897191],[-106.74746272793,32.2853025534432],[-106.747506154727,32.2852942584404],[-106.747508605921,32.285293250429],[-106.747510822769,32.2852919051451],[-106.747512740726,32.2852902625246],[-106.7475143059,32.2852883687745],[-106.747515472936,32.2852862781847],[-106.747516209247,32.2852840504064],[-106.74751649289,32.2852817495575],[-106.747516316786,32.2852794405995],[-106.747508624319,32.2852472304773],[-106.747507810358,32.2852453479045],[-106.747506658448,32.2852435974322],[-106.747505195369,32.2852420231458],[-106.747503457435,32.2852406645839],[-106.747501489422,32.2852395558405],[-106.747499341384,32.2852387255779],[-106.747497064384,32.2852381925337],[-106.747494717958,32.285237971805],[-106.747492359458,32.2852380676751],[-106.747406891491,32.2852539000505],[-106.747392250231,32.2851893623262],[-106.747474090379,32.2851741043054],[-106.74747682203,32.2851725459598],[-106.747479209828,32.2851706219136],[-106.747481183996,32.2851683856512],[-106.747482691795,32.2851659005103],[-106.74748368902,32.2851632370098],[-106.747484147412,32.2851604692132],[-106.747484055715,32.2851576747244],[-106.747470792754,32.2851042758064],[-106.747928231918,32.2850163880479]]]}},{"type":"Feature","properties":{"id":"parking-52","category":"parking","name":"Lot 22"},"geometry":{"type":"Polygon","coordinates":[[[-106.745834676381,32.2854524590676],[-106.745907015437,32.2854374585183],[-106.74591566484,32.2854708130444],[-106.74591711772,32.2854738339655],[-106.745919152075,32.2854766009854],[-106.745921709082,32.2854790349715],[-106.745924716161,32.2854810649625],[-106.745928084872,32.2854826317831],[-106.74593171836,32.285483690721],[-106.745935510283,32.2854842097269],[-106.745939350152,32.2854841748051],[-106.74594312862,32.2854835872869],[-106.7459467343,32.2854824629414],[-106.745950062265,32.2854808346474],[-106.745953018292,32.2854787514753],[-106.745955513518,32.2854762714928],[-106.745957478273,32.285473468024],[-106.745958853539,32.2854704215657],[-106.745959600519,32.2854672206522],[-106.745959697427,32.2854639591621],[-106.745949694409,32.285428659242],[-106.746443444304,32.2853418706749],[-106.746554005751,32.2858243209302],[-106.745901674299,32.2859284829825],[-106.745879162492,32.2859310082026],[-106.745856458276,32.2859313426656],[-106.745833856773,32.285929481605],[-106.745811651144,32.2859254500236],[-106.745790129377,32.2859192981967],[-106.745769571139,32.2859111079971],[-106.745750242418,32.2859009838983],[-106.745732394496,32.2858890592907],[-106.745716258592,32.2858754874845],[-106.745702044811,32.2858604444193],[-106.745689936827,32.2858441259791],[-106.745680091861,32.2858267443853],[-106.745616615267,32.2855329516777],[-106.745632972052,32.285527029024],[-106.745631805223,32.2855196023144],[-106.745631025428,32.2855136495214],[-106.745631436683,32.2855076704088],[-106.745633028243,32.2855018363715],[-106.745635754291,32.2854963126288],[-106.74563953713,32.2854912582122],[-106.745644268195,32.2854868178445],[-106.745649812281,32.2854831183163],[-106.74565601071,32.2854802648653],[-106.74566268663,32.2854783393528],[-106.745786000761,32.2854611997808],[-106.745795876034,32.2854929351808],[-106.745797764732,32.2854958596973],[-106.745800212267,32.2854984672721],[-106.745803147106,32.2855006842337],[-106.745806482889,32.2855024432821],[-106.74581012273,32.2855036942937],[-106.745812981112,32.285503566731],[-106.745820354038,32.2855036938021],[-106.745827576954,32.2855006415192],[-106.745834799311,32.2854963158183],[-106.74583810267,32.285492701738],[-106.74583901254,32.2854833405125],[-106.745838110273,32.2854734182337],[-106.745834676381,32.2854524590676]]]}},{"type":"Feature","properties":{"id":"parking-53","category":"parking","name":"Lot 21"},"geometry":{"type":"Polygon","coordinates":[[[-106.7465475237,32.285315738725],[-106.747107070725,32.2852218401276],[-106.747175951172,32.285256779187],[-106.747164578344,32.2853028483538],[-106.747152022009,32.285346825365],[-106.7468022381,32.2854143071115],[-106.746806323598,32.2854361520141],[-106.746593265116,32.2854810312904],[-106.7465475237,32.285315738725]]]}},{"type":"Feature","properties":{"id":"parking-54","category":"parking","name":"Lot 27"},"geometry":{"type":"MultiPolygon","coordinates":[[[[-106.74553903227,32.2852312653258],[-106.745025439074,32.2853214902689],[-106.745016680633,32.2852748418534],[-106.745526430988,32.2851874683626],[-106.74553903227,32.2852312653258]]],[[[-106.74403295925,32.2847585202495],[-106.744066020306,32.2848518943968],[-106.744152906391,32.2849360104954],[-106.744252403969,32.2849940622416],[-106.744485033057,32.2851101654617],[-106.744633578378,32.2852191600392],[-106.744839581279,32.28534355574],[-106.744933473328,32.2854063465137],[-106.745041379999,32.2854774289476],[-106.745219745054,32.285490189758],[-106.74529034739,32.2857959043106],[-106.745231989736,32.2858049623625],[-106.745209539841,32.2858386075479],[-106.745207498915,32.2858938190282],[-106.74382404502,32.2858601451308],[-106.743828222282,32.2858079591551],[-106.743828247288,32.285805912747],[-106.743827877477,32.2858038895275],[-106.743827123769,32.2858019453689],[-106.743826006614,32.285800131597],[-106.743824556001,32.2857984967947],[-106.743822810396,32.2857970859043],[-106.74382081671,32.2857959357185],[-106.743818629259,32.2857950775898],[-106.7438163055,32.2857945347417],[-106.743813909203,32.2857943204527],[-106.743811504114,32.2857944425902],[-106.743809153905,32.2857948963958],[-106.743742957842,32.285807495337],[-106.743618166001,32.2853252740209],[-106.743394763123,32.285369515561],[-106.743282568553,32.284886760347],[-106.743213142755,32.2846244264666],[-106.7434873897,32.2845750434926],[-106.743516603837,32.2847003882789],[-106.743384086518,32.2847233668376],[-106.743426712711,32.2848608983221],[-106.74358960755,32.2848345867673],[-106.74403295925,32.2847585202495]]],[[[-106.745050862589,32.2857159803595],[-106.745002234878,32.2857277174496],[-106.744999118943,32.2857292943836],[-106.744996352426,32.2857312857032],[-106.744994009353,32.2857336379087],[-106.744992156261,32.2857362867077],[-106.744990842649,32.2857391588557],[-106.744990105246,32.2857421748456],[-106.744989963786,32.2857452543349],[-106.74499042204,32.2857483098288],[-106.744991468952,32.2857512602035],[-106.744993073287,32.2857540235129],[-106.744995193226,32.2857565232628],[-106.744997768947,32.2857586920489],[-106.745000731121,32.2857604706201],[-106.745003997726,32.2857618087943],[-106.745007480449,32.2857626708434],[-106.745011082548,32.2857630327964],[-106.745121656618,32.2857663158274],[-106.74512399315,32.2857658864012],[-106.745126210045,32.2857651273648],[-106.745128244793,32.2857640624117],[-106.745130038094,32.285762719732],[-106.745131538142,32.2857611392105],[-106.745132703779,32.2857593661012],[-106.745133499187,32.2857574519505],[-106.745133903428,32.2857554509518],[-106.745133903008,32.2857534199748],[-106.745133499314,32.2857514185367],[-106.745128893799,32.2857363783139],[-106.745126490264,32.2857342458315],[-106.745123714953,32.285732469236],[-106.74512064031,32.285731094238],[-106.745117345092,32.2857301566029],[-106.745113915426,32.285729680343],[-106.745110440558,32.2857296777344],[-106.745107009668,32.2857301484273],[-106.745057574817,32.285740468281],[-106.745050862589,32.2857159803595]]],[[[-106.744828625438,32.2857090476807],[-106.744776061317,32.2857173198489],[-106.74477328342,32.2857193671233],[-106.744770919329,32.2857217599905],[-106.744769026049,32.285724438705],[-106.744767652054,32.2857273363393],[-106.74476683093,32.2857303815153],[-106.744766583503,32.2857334992975],[-106.744766915712,32.2857366102993],[-106.744768302536,32.2857435049621],[-106.744769353818,32.2857462839691],[-106.744770930685,32.2857488778401],[-106.744772992397,32.2857512136843],[-106.744775480215,32.2857532277001],[-106.744778325886,32.2857548633381],[-106.744781450612,32.285756077618],[-106.744784769266,32.285756834799],[-106.744788190438,32.2857571153984],[-106.744885249103,32.2857581933482],[-106.744887846343,32.2857580695354],[-106.744890383229,32.285757584315],[-106.744892791878,32.2857567496772],[-106.744895004472,32.2857555893361],[-106.744896961729,32.2857541350888],[-106.744898610779,32.2857524259226],[-106.744899904101,32.28575050892],[-106.744900808011,32.2857484374226],[-106.744901296273,32.2857462674483],[-106.744901357531,32.285744058564],[-106.744899362402,32.2857350216744],[-106.744898228548,32.2857330690918],[-106.744896742133,32.2857312964584],[-106.744894940567,32.285729749622],[-106.744892869711,32.2857284671829],[-106.744890583899,32.2857274841004],[-106.744888142712,32.2857268235892],[-106.744885607828,32.2857265043466],[-106.744883046175,32.2857265342269],[-106.744880522513,32.2857269129764],[-106.744833653454,32.285731908954],[-106.744828625438,32.2857090476807]]],[[[-106.744674731189,32.2857380708265],[-106.744672943928,32.2857379849369],[-106.744671165484,32.2857381542379],[-106.744613242713,32.2857479254718],[-106.744610783582,32.2857265521093],[-106.744554947318,32.2857336438476],[-106.744553062016,32.2857342726099],[-106.744551326744,32.2857351587153],[-106.744549787012,32.2857362758317],[-106.744548486191,32.2857375949298],[-106.744547461238,32.285739078889],[-106.74454673953,32.2857406861166],[-106.744546342067,32.2857423732412],[-106.744546278142,32.2857440924282],[-106.744546551749,32.2857457967655],[-106.744547153083,32.2857474402968],[-106.744548067021,32.2857489752829],[-106.744549266797,32.2857503603434],[-106.744550721417,32.2857515577217],[-106.744552388235,32.2857525342161],[-106.74455422357,32.2857532620402],[-106.7445561753,32.2857537224592],[-106.744558189197,32.2857539003539],[-106.744674657381,32.2857559603221],[-106.744676405227,32.2857556306106],[-106.744678062568,32.2857550568508],[-106.744679583836,32.2857542545528],[-106.744680924569,32.2857532473389],[-106.744682047756,32.2857520624099],[-106.744682920676,32.2857507350662],[-106.744683518047,32.2857493014813],[-106.744683825229,32.2857478031977],[-106.744683830776,32.2857462826475],[-106.744683537045,32.2857447831106],[-106.744682950631,32.2857433460465],[-106.744682088747,32.2857420128731],[-106.744680976021,32.2857408222736],[-106.744679643416,32.2857398065937],[-106.744678129314,32.2857389954441],[-106.744676476303,32.2857384112044],[-106.744674731189,32.2857380708265]]],[[[-106.744447806973,32.2857321623098],[-106.744445972687,32.2857320188824],[-106.744444135582,32.2857321388078],[-106.744395531256,32.2857388098505],[-106.744391459661,32.2857157058228],[-106.744332696305,32.2857261151255],[-106.74433069986,32.2857270013485],[-106.744328908745,32.2857281618335],[-106.744327373732,32.2857295621114],[-106.744326138133,32.2857311623309],[-106.744325238862,32.2857329172548],[-106.744324702181,32.2857347753745],[-106.744324540546,32.2857366843336],[-106.744324762148,32.285738588185],[-106.744325357142,32.2857404337578],[-106.744326311433,32.2857421669958],[-106.744327596094,32.2857437393121],[-106.744329174773,32.2857451039524],[-106.744331001613,32.2857462232184],[-106.744333025481,32.2857470648434],[-106.744335186785,32.2857476038086],[-106.744337423868,32.285747825024],[-106.744445309575,32.2857506853795],[-106.744447150251,32.2857506366867],[-106.744448956601,32.285750327492],[-106.744450675593,32.2857497670216],[-106.744452260591,32.2857489698879],[-106.744453667134,32.2857479597131],[-106.744454856088,32.2857467637063],[-106.744455792603,32.2857454162744],[-106.744456450344,32.2857439553984],[-106.74445681254,32.2857424208257],[-106.74445686882,32.2857408576897],[-106.744456616223,32.2857393074872],[-106.744456062426,32.2857378152811],[-106.744455223578,32.2857364224934],[-106.744454122185,32.2857351678159],[-106.744452790292,32.2857340871971],[-106.744451264162,32.2857332111583],[-106.744449587449,32.2857325629767],[-106.744447806973,32.2857321623098]]],[[[-106.744156883543,32.2857122500275],[-106.744106877292,32.2857174573226],[-106.744104497913,32.2857180131576],[-106.744102264758,32.285718907518],[-106.744100246691,32.2857201139806],[-106.744098502974,32.2857215971413],[-106.744097084332,32.2857233135123],[-106.744096034009,32.285725210617],[-106.744095383555,32.2857272333186],[-106.744095150687,32.2857293202218],[-106.744095344626,32.2857314099641],[-106.744095957609,32.2857334412499],[-106.744096972317,32.2857353528207],[-106.744098358711,32.2857370870752],[-106.744100075111,32.2857385936727],[-106.744102071378,32.2857398277165],[-106.74410428679,32.2857407515664],[-106.74410665644,32.2857413384205],[-106.744109109106,32.2857415714224],[-106.744226988416,32.2857440573688],[-106.744228999368,32.2857433009579],[-106.744230827237,32.2857422611791],[-106.744232415926,32.2857409698168],[-106.744233719986,32.2857394640251],[-106.744234697204,32.2857377908656],[-106.744235321299,32.2857359982396],[-106.744235571341,32.2857341421441],[-106.744235441254,32.285732276714],[-106.744234933469,32.285730458757],[-106.744234065266,32.2857287423166],[-106.74423286028,32.285727178706],[-106.744231356985,32.2857258146713],[-106.744229599133,32.2857246915265],[-106.744227638932,32.2857238433377],[-106.744225535966,32.2857232942218],[-106.744223354031,32.2857230619663],[-106.744221156861,32.2857231526347],[-106.744219010269,32.2857235641656],[-106.744160782106,32.2857336069441],[-106.744156883543,32.2857122500275]]],[[[-106.743998816949,32.2857372077821],[-106.744001297932,32.2857373766436],[-106.744003775858,32.2857371775598],[-106.744006175379,32.2857366162369],[-106.744008424392,32.2857357091901],[-106.744010452985,32.2857344855525],[-106.744012201894,32.2857329807282],[-106.744013617226,32.2857312409228],[-106.744014654679,32.2857293195191],[-106.744015284836,32.285727273449],[-106.744015486811,32.2857251668261],[-106.744015256689,32.2857230609917],[-106.744014599075,32.2857210217634],[-106.744013535533,32.285719110383],[-106.744012097164,32.2857173844476],[-106.744010328847,32.285715896991],[-106.744008282847,32.2857146929015],[-106.744006023057,32.2857138080033],[-106.744003615453,32.2857132699959],[-106.744001135498,32.2857130948175],[-106.743998656477,32.2857132875925],[-106.743943850719,32.285721688131],[-106.743940265123,32.2856994966685],[-106.743883643928,32.2857077049722],[-106.7438814177,32.285709290123],[-106.743879532788,32.2857111670419],[-106.743878039868,32.285713283223],[-106.743876981094,32.2857155807828],[-106.743876384783,32.2857179955788],[-106.743876268621,32.2857204608045],[-106.743876635422,32.2857229079077],[-106.743877474207,32.2857252701943],[-106.74387876232,32.2857274810155],[-106.7438804644,32.2857294800851],[-106.743882532373,32.2857312125781],[-106.743884910766,32.2857326291094],[-106.743887532478,32.2857336902597],[-106.743890325167,32.2857343683544],[-106.743893211225,32.2857346438563],[-106.743998816949,32.2857372077821]]],[[[-106.744160417661,32.2856270586433],[-106.744162437733,32.2856272013478],[-106.744164457244,32.2856270446384],[-106.744166413575,32.2856265923676],[-106.744168248408,32.2856258582915],[-106.744169904537,32.2856248651802],[-106.744171332222,32.285623642088],[-106.744172489201,32.285622227058],[-106.744173338552,32.2856206635239],[-106.74417385611,32.2856189984767],[-106.744174024098,32.2856172815881],[-106.744173839618,32.2856155660789],[-106.744173307202,32.285613904239],[-106.744172443046,32.2856123465088],[-106.744171273949,32.2856109396801],[-106.74416983411,32.2856097260061],[-106.744168169393,32.2856087440873],[-106.744166327723,32.2856080216934],[-106.744164367622,32.2856075829456],[-106.744162346483,32.2856074393434],[-106.744160326973,32.2856075960528],[-106.744158370643,32.2856080483235],[-106.744156536872,32.2856087823953],[-106.744154880747,32.2856097764083],[-106.744153451996,32.2856109986026],[-106.744152296079,32.2856124136283],[-106.744151445666,32.2856139771664],[-106.744150929174,32.2856156431112],[-106.744150760119,32.285617359102],[-106.744150944598,32.2856190746113],[-106.744151477014,32.2856207364513],[-106.744152341174,32.2856222950835],[-106.744153511334,32.2856237019082],[-106.744154950105,32.2856249146847],[-106.744156615889,32.2856258975014],[-106.744158456493,32.2856266189978],[-106.744160417661,32.2856270586433]]],[[[-106.74389247935,32.2854499759972],[-106.743894500485,32.2854501196037],[-106.743896519992,32.2854499628987],[-106.743898476315,32.2854495097302],[-106.743900310085,32.2854487756621],[-106.743901966215,32.2854477825544],[-106.743903394967,32.2854465603628],[-106.743904550886,32.2854451453394],[-106.743905401296,32.285443580901],[-106.743905917797,32.285441915859],[-106.743906086851,32.2854401989665],[-106.743905902382,32.2854384843586],[-106.743905369971,32.2854368225175],[-106.743904505818,32.2854352638836],[-106.743903335664,32.2854338570564],[-106.743901896899,32.285432644277],[-106.743900231122,32.2854316614568],[-106.743898390524,32.2854309399566],[-106.743896429361,32.2854305003069],[-106.743894409289,32.2854303566963],[-106.743892389787,32.2854305143031],[-106.743890433459,32.2854309665696],[-106.743888598627,32.2854317006418],[-106.743886942498,32.2854326937493],[-106.743885514813,32.2854339168385],[-106.743884357827,32.285435330964],[-106.743883508478,32.2854368953981],[-106.743882990915,32.2854385604441],[-106.743882822922,32.2854402773324],[-106.743883007391,32.2854419919404],[-106.743883539801,32.2854436537816],[-106.743884403954,32.2854452124157],[-106.743885573046,32.2854466192472],[-106.743887012877,32.2854478329245],[-106.74388867865,32.285448814843],[-106.743890519249,32.2854495363433],[-106.74389247935,32.2854499759972]]],[[[-106.744325900748,32.285374094284],[-106.744323880681,32.2853739515821],[-106.744321861177,32.285374108294],[-106.744319904852,32.2853745605671],[-106.744318071087,32.2853752946412],[-106.744316413902,32.2853762877586],[-106.744314986223,32.2853775108525],[-106.744313829249,32.2853789258838],[-106.744312979903,32.2853804894188],[-106.74431246341,32.2853821544624],[-106.744312294364,32.2853838713554],[-106.744312478845,32.2853855868644],[-106.744313011263,32.2853872487038],[-106.744313875419,32.2853888064331],[-106.744315044516,32.2853902132605],[-106.744316484352,32.2853914269329],[-106.744318150129,32.2853924088458],[-106.744319990734,32.2853931312416],[-106.744321951893,32.2853935699829],[-106.744323971965,32.2853937135867],[-106.74432599147,32.2853935568748],[-106.744327947795,32.2853931046015],[-106.744329781561,32.2853923705272],[-106.744331438741,32.2853913765079],[-106.744332866424,32.2853901543156],[-106.744334022336,32.2853887392883],[-106.744334872744,32.285387175749],[-106.744335389232,32.2853855098035],[-106.744335558282,32.2853837938123],[-106.7443353738,32.2853820783033],[-106.744334841382,32.285380416464],[-106.744333977222,32.2853788578331],[-106.744332807063,32.2853774510099],[-106.744331368293,32.2853762382354],[-106.744329702512,32.2853752554209],[-106.744327861911,32.285374533927],[-106.744325900748,32.285374094284]]],[[[-106.744649367528,32.2852725592888],[-106.744648364184,32.285277435945],[-106.744648322049,32.2852823863955],[-106.744649243574,32.2852872753523],[-106.744651101485,32.2852919676439],[-106.74465384731,32.2852963353967],[-106.744656577163,32.2852993251766],[-106.744659873653,32.2853018699256],[-106.744663635518,32.2853038951865],[-106.744667753067,32.2853053382588],[-106.744672101861,32.2853061581447],[-106.744676551181,32.2853063301044],[-106.744680969344,32.2853058474388],[-106.744720437541,32.2852985474138],[-106.744738738712,32.2853615370622],[-106.744738964914,32.2853623316126],[-106.744739335285,32.2853630859164],[-106.744739840167,32.2853637810727],[-106.744740467793,32.285364400894],[-106.74474120109,32.2853649292139],[-106.744742023001,32.2853653534732],[-106.744742913297,32.2853656629289],[-106.744743849645,32.2853658504537],[-106.744744808654,32.2853659098262],[-106.744745766972,32.2853658420397],[-106.744785693756,32.2853602879936],[-106.744788018969,32.2853601219598],[-106.744790284092,32.2853596432174],[-106.744792430809,32.2853588655229],[-106.744794404011,32.2853578071294],[-106.744796153948,32.2853564952873],[-106.744797636212,32.2853549635396],[-106.7447988128,32.2853532517165],[-106.744799653153,32.2853514023253],[-106.744800137356,32.2853494623403],[-106.744800251881,32.2853474823185],[-106.744797330039,32.2853302529943],[-106.744796255759,32.285326952805],[-106.744794613363,32.2853238252924],[-106.74479244039,32.2853209406542],[-106.744789786034,32.2853183645331],[-106.74478670687,32.2853161535244],[-106.744685315341,32.2852537428411],[-106.744662070546,32.285256359097],[-106.744657745278,32.2852596768321],[-106.744654122693,32.2852635554741],[-106.744651305197,32.285267889105],[-106.744649367528,32.2852725592888]]],[[[-106.743618044384,32.2853128189677],[-106.743675036511,32.2853010037149],[-106.743677380237,32.285299551583],[-106.743679402688,32.2852977832538],[-106.743681043633,32.2852957512706],[-106.74368225773,32.2852935126275],[-106.743683009235,32.2852911323979],[-106.74368327728,32.2852886783025],[-106.743683052693,32.285286220722],[-106.743682343292,32.2852838308725],[-106.743681169617,32.2852815772144],[-106.743679563872,32.2852795245558],[-106.743677574147,32.285277731329],[-106.743675255927,32.2852762487229],[-106.743672676334,32.2852751206661],[-106.743669909855,32.2852743784322],[-106.743667035173,32.28527404426],[-106.743664135146,32.2852741268442],[-106.743661293633,32.2852746240531],[-106.743615627755,32.2852837634103],[-106.743612739215,32.2852843987858],[-106.743610022786,32.2852854483422],[-106.743607560047,32.2852868810973],[-106.743605425076,32.2852886525708],[-106.743603683414,32.2852907111005],[-106.743602384623,32.2852929942648],[-106.743601570797,32.2852954333582],[-106.743601263835,32.2852979552447],[-106.743601473942,32.2853004841285],[-106.743602195401,32.2853029442762],[-106.743603405517,32.2853052618242],[-106.743605067811,32.2853073665704],[-106.743607133112,32.285309196479],[-106.743609540604,32.2853106958726],[-106.743612214664,32.2853118199541],[-106.743615078668,32.2853125347523],[-106.743618044384,32.2853128189677]]],[[[-106.743877423488,32.2852379770578],[-106.743875113086,32.2852379373939],[-106.743872826734,32.2852382214021],[-106.743770015979,32.2852552645043],[-106.743767746448,32.2852561057916],[-106.743765678211,32.2852572610393],[-106.743763869478,32.2852586966513],[-106.743762373116,32.2852603727391],[-106.74376123238,32.2852622386297],[-106.743760478835,32.2852642418921],[-106.743760136587,32.2852663247132],[-106.743760214861,32.2852684266327],[-106.743760709086,32.285270487244],[-106.743761608321,32.2852724470676],[-106.743762884652,32.2852742484937],[-106.743764501708,32.2852758411607],[-106.743766412523,32.2852771783557],[-106.743768561682,32.2852782215156],[-106.743770888504,32.2852789402146],[-106.743773324933,32.2852793139761],[-106.74377580084,32.285279332252],[-106.743878984335,32.2852613227015],[-106.743881192642,32.285260742288],[-106.74388325705,32.2852598603156],[-106.743885122487,32.2852587013499],[-106.743886736037,32.2852572962608],[-106.743888054377,32.2852556830958],[-106.743889040599,32.285253907994],[-106.743889668421,32.2852520188564],[-106.743889920074,32.2852500671584],[-106.743889789487,32.2852481079368],[-106.74388927906,32.2852461925881],[-106.743888402894,32.2852443760703],[-106.743887186732,32.2852427069828],[-106.743885661616,32.2852412321009],[-106.743883871289,32.285239990935],[-106.743881863714,32.2852390184699],[-106.743879694245,32.2852383415448],[-106.743877423488,32.2852379770578]]],[[[-106.744084301749,32.2851999490779],[-106.744081991344,32.2851999085159],[-106.744079704998,32.2852001934296],[-106.743976894327,32.2852172366997],[-106.743974624798,32.2852180779906],[-106.743972556565,32.2852192332417],[-106.743970747836,32.2852206688566],[-106.743969251474,32.285222344045],[-106.743968110748,32.2852242108393],[-106.743967357208,32.2852262141029],[-106.743967014964,32.2852282969245],[-106.743967092182,32.285230398848],[-106.743967587473,32.2852324594544],[-106.743968486712,32.2852344192764],[-106.743969763046,32.2852362207004],[-106.743971380105,32.2852378133648],[-106.743973290922,32.2852391505566],[-106.743975440083,32.285240193713],[-106.743977766906,32.2852409124082],[-106.743980203334,32.2852412861657],[-106.743982679235,32.2852413035357],[-106.744085862644,32.2852232938169],[-106.744088070953,32.2852227143016],[-106.744090135359,32.2852218323259],[-106.744092000788,32.2852206724552],[-106.744093614333,32.2852192673636],[-106.744094932674,32.2852176550983],[-106.744095918892,32.2852158799949],[-106.744096546709,32.2852139908563],[-106.744096798358,32.2852120391579],[-106.744096667761,32.2852100790347],[-106.744096157335,32.2852081645887],[-106.744095281165,32.2852063480723],[-106.744094065,32.2852046789869],[-106.744092539881,32.2852032041075],[-106.744090749552,32.2852019629446],[-106.744088741976,32.2852009904827],[-106.744086572502,32.2852003126593],[-106.744084301749,32.2851999490779]]],[[[-106.743530389746,32.2852194840348],[-106.743633574287,32.2852014746808],[-106.743635782594,32.2852008942715],[-106.743637847003,32.2852000123031],[-106.743639711381,32.2851988533451],[-106.743641324933,32.2851974482592],[-106.743642643277,32.2851958350968],[-106.743643630565,32.2851940599926],[-106.743644258392,32.2851921708561],[-106.743644510055,32.2851902200604],[-106.743644379467,32.2851882599367],[-106.743643869046,32.2851863445868],[-106.743642992886,32.2851845280673],[-106.743641775672,32.2851828598834],[-106.743640251618,32.2851813840925],[-106.743638460234,32.2851801429271],[-106.743636452663,32.2851791704581],[-106.743634284259,32.2851784935246],[-106.743632013504,32.2851781290331],[-106.743629703104,32.2851780893647],[-106.74362741569,32.2851783733726],[-106.743524606021,32.2851954171727],[-106.743522336484,32.2851962575537],[-106.743520267183,32.2851974128016],[-106.743518459509,32.2851988484059],[-106.743516962083,32.285200524495],[-106.743515821342,32.2852023903835],[-106.743515068854,32.2852043936403],[-106.7435147266,32.2852064764609],[-106.743514803807,32.2852085783847],[-106.743515299088,32.285210638993],[-106.743516198317,32.2852125988183],[-106.74351747358,32.2852144002512],[-106.743519090631,32.2852159929214],[-106.743521001442,32.2852173301202],[-106.743523151658,32.2852183732802],[-106.743525478477,32.2852190919837],[-106.743527914903,32.2852194657499],[-106.743530389746,32.2852194840348]]],[[[-106.744295238541,32.2851601516657],[-106.744292928136,32.2851601111075],[-106.74429064073,32.2851603960292],[-106.744187831208,32.2851774394661],[-106.744185561682,32.2851782807609],[-106.744183493447,32.2851794351135],[-106.744181684727,32.2851808716332],[-106.744180187308,32.2851825468283],[-106.744179046582,32.2851844127226],[-106.744178294113,32.2851864168851],[-106.744177951874,32.2851884997072],[-106.744178029097,32.2851906016306],[-106.744178524387,32.2851926613342],[-106.744179423631,32.2851946211548],[-106.744180698912,32.2851964234826],[-106.744182315974,32.2851980161442],[-106.744184226789,32.285199352431],[-106.744186377012,32.2852003955797],[-106.744188703835,32.2852011142709],[-106.744191140263,32.2852014880243],[-106.744193615106,32.2852015062962],[-106.744296799488,32.2851834964017],[-106.744299007795,32.2851829168827],[-106.744301072198,32.2851820349035],[-106.744302936561,32.285180875034],[-106.744304550103,32.2851794699396],[-106.744305868439,32.2851778576722],[-106.744306855714,32.285176082563],[-106.744307483527,32.2851741934235],[-106.744307735171,32.2851722417246],[-106.74430760457,32.2851702816017],[-106.74430709414,32.2851683671566],[-106.744306217966,32.2851665506417],[-106.744305000736,32.2851648815625],[-106.744303476676,32.2851634066815],[-106.744301685283,32.2851621655257],[-106.744299677706,32.2851611930672],[-106.744297509293,32.2851605152433],[-106.744295238541,32.2851601516657]]],[[[-106.743800746227,32.2851626554305],[-106.743802402352,32.2851616623241],[-106.743803830034,32.2851604392359],[-106.743804987018,32.2851590251111],[-106.743805836366,32.2851574606775],[-106.743806353929,32.2851557956316],[-106.743806522984,32.2851540787392],[-106.743806337456,32.2851523641352],[-106.743805805044,32.2851507013917],[-106.7438049409,32.2851491436588],[-106.743803771813,32.2851477368265],[-106.743802331987,32.2851465231481],[-106.743800667283,32.2851455412242],[-106.74379882563,32.2851448197266],[-106.743796865536,32.2851443800711],[-106.743794844408,32.285144236463],[-106.743792825969,32.2851443931622],[-106.743790869646,32.2851448454272],[-106.74378903482,32.2851455794978],[-106.743787378699,32.2851465735059],[-106.743785949951,32.2851477956962],[-106.743784794033,32.2851492107186],[-106.743783944685,32.2851507751521],[-106.743783427122,32.2851524401978],[-106.743783258061,32.2851541561884],[-106.743783442532,32.2851558716984],[-106.743783976001,32.2851575335361],[-106.743784840149,32.2851590921709],[-106.743786009236,32.2851604990034],[-106.743787447995,32.2851617117843],[-106.743789113766,32.2851626946061],[-106.74379095542,32.2851634161038],[-106.743792915514,32.2851638557593],[-106.743794936638,32.2851639984657],[-106.743796955077,32.2851638417664],[-106.7437989114,32.2851633895013],[-106.743800746227,32.2851626554305]]],[[[-106.744385375947,32.2851292087543],[-106.744394780029,32.2851649891321],[-106.744471434899,32.2851517726109],[-106.744473407723,32.285150644781],[-106.744475128556,32.2851492518903],[-106.744476549834,32.285147632905],[-106.744477631469,32.2851458348786],[-106.744478341886,32.2851439084386],[-106.744478662264,32.2851419068683],[-106.744478582304,32.2851398888285],[-106.744478104439,32.2851379111267],[-106.744477242768,32.2851360287207],[-106.744476020946,32.2851342965313],[-106.744474474272,32.2851327631202],[-106.744472646507,32.2851314716054],[-106.744426856499,32.2851030314168],[-106.744426137131,32.2851025255869],[-106.744425331265,32.2851021229072],[-106.744424461256,32.2851018341125],[-106.744423547319,32.2851016672403],[-106.74442261389,32.2851016258023],[-106.744421685388,32.2851017097029],[-106.744399319078,32.2851046056534],[-106.744395600723,32.2851064879547],[-106.744392302304,32.2851088682398],[-106.744389515836,32.2851116821167],[-106.744387319457,32.2851148508181],[-106.74438577426,32.285118285723],[-106.74438492219,32.2851218901686],[-106.74438478819,32.2851255657549],[-106.744385375947,32.2851292087543]]],[[[-106.743575828115,32.2850819132313],[-106.743577848179,32.2850820568471],[-106.743579867674,32.2850818992454],[-106.743581823996,32.2850814469837],[-106.743583657762,32.2850807129202],[-106.743585314949,32.2850797198124],[-106.743586742633,32.2850784967266],[-106.74358789962,32.2850770826037],[-106.74358874897,32.2850755181716],[-106.743589265475,32.2850738531307],[-106.743589434535,32.2850721362385],[-106.743589250072,32.28507042163],[-106.743588717669,32.2850687597873],[-106.743587853525,32.285067201151],[-106.743586684443,32.2850657943166],[-106.743585244621,32.2850645806357],[-106.743583578859,32.285063598713],[-106.74358173827,32.2850628772081],[-106.743579777118,32.2850624375534],[-106.743577757053,32.2850622939376],[-106.743575737559,32.2850624515393],[-106.743573781238,32.2850629038009],[-106.743571947472,32.2850636378643],[-106.743570290285,32.2850646309718],[-106.743568862601,32.2850658540574],[-106.743567706676,32.285067268176],[-106.743566856263,32.2850688326122],[-106.743566339758,32.285070497653],[-106.743566170698,32.2850722145452],[-106.74356635516,32.2850739291537],[-106.743566887562,32.2850755909965],[-106.743567751707,32.2850771496329],[-106.74356892185,32.2850785564633],[-106.743570360605,32.2850797692467],[-106.743572026373,32.2850807520714],[-106.743573866961,32.2850814735765],[-106.743575828115,32.2850819132313]]],[[[-106.743743011537,32.2848757682151],[-106.743745031598,32.2848759118283],[-106.743747051092,32.2848757551258],[-106.743749007409,32.2848753028615],[-106.743750842231,32.2848745687915],[-106.743752498346,32.2848735747838],[-106.74375392603,32.2848723525981],[-106.743755083006,32.2848709375717],[-106.743755932357,32.2848693740403],[-106.743756449914,32.2848677080928],[-106.743756617914,32.2848659921063],[-106.743756433444,32.2848642765962],[-106.743755901039,32.2848626147542],[-106.743755036893,32.284861056119],[-106.743753867812,32.2848596492861],[-106.743752427996,32.2848584365089],[-106.743750763292,32.2848574536823],[-106.743748921645,32.2848567321839],[-106.743746961558,32.2848562925276],[-106.743744940441,32.2848561498204],[-106.743742922009,32.2848563065188],[-106.743740964631,32.2848567587871],[-106.743739130871,32.2848574928529],[-106.74373747475,32.2848584859585],[-106.74373604601,32.2848597090501],[-106.743734890095,32.284861124072],[-106.743734040744,32.2848626876034],[-106.743733523182,32.284864352649],[-106.743733354125,32.2848660695414],[-106.743733538595,32.2848677850516],[-106.743734070999,32.2848694468937],[-106.743734935139,32.2848710046272],[-106.743736105283,32.2848724114561],[-106.743737544042,32.2848736251395],[-106.743739209802,32.2848746070602],[-106.743741050393,32.2848753294647],[-106.743743011537,32.2848757682151]]]]}},{"type":"Feature","properties":{"id":"parking-55","category":"parking","name":"Lot 29"},"geometry":{"type":"Polygon","coordinates":[[[-106.742279360702,32.2849385854861],[-106.742294336572,32.2849959744142],[-106.742411720088,32.2849750707575],[-106.742470881692,32.2849645354379],[-106.742478740452,32.2849946502198],[-106.742594385509,32.2849728738643],[-106.742675111594,32.2849582140113],[-106.742801767527,32.2849343635266],[-106.742778349227,32.2848446228672],[-106.743024577035,32.2847982560131],[-106.743027691657,32.2848056580087],[-106.743039813882,32.2848100063233],[-106.74309344887,32.2848019318112],[-106.743230165617,32.2853260407119],[-106.741515694823,32.2856503260576],[-106.741378967318,32.2851215067245],[-106.74142460249,32.2851129454824],[-106.741427892443,32.285111736818],[-106.741430890072,32.2851100666391],[-106.741433505405,32.2851079848981],[-106.741435663396,32.285105553213],[-106.741437298612,32.2851028439872],[-106.741438363703,32.2850999358664],[-106.74143882623,32.2850969164567],[-106.741438671805,32.2850938741962],[-106.741437907287,32.2850908992436],[-106.741436553321,32.2850880799006],[-106.741434651761,32.2850854989748],[-106.741432256102,32.285083232916],[-106.741429439961,32.2850813490766],[-106.741426285387,32.2850799030525],[-106.741422886038,32.2850789377682],[-106.742279360702,32.2849385854861]],[[-106.741560994084,32.2853057048562],[-106.741577006449,32.285365780971],[-106.74169869551,32.2853450433883],[-106.741682666384,32.2852814816818],[-106.741560994084,32.2853057048562]],[[-106.742132307311,32.2851987957477],[-106.742148320032,32.2852588717876],[-106.742270008813,32.2852381336566],[-106.742253979309,32.2851745720253],[-106.742132307311,32.2851987957477]],[[-106.74270720775,32.2850911278363],[-106.742723220829,32.2851512038008],[-106.742844909328,32.2851304651181],[-106.742828879445,32.2850669035625],[-106.74270720775,32.2850911278363]]]}},{"type":"Feature","properties":{"id":"parking-56","category":"parking","name":"Lot 88"},"geometry":{"type":"Polygon","coordinates":[[[-106.741784479511,32.278246692863],[-106.741057823563,32.2783764090009],[-106.741041364591,32.2783300796809],[-106.740551540919,32.2784239203692],[-106.740560540283,32.2784740719401],[-106.740324693271,32.2785172245133],[-106.740360592455,32.2786370898012],[-106.740287906708,32.2786408883489],[-106.740276419916,32.2786015434455],[-106.740018437335,32.2786520232916],[-106.739945009955,32.2786318116799],[-106.739944644228,32.278631711189],[-106.739891824599,32.2786054024065],[-106.739688711898,32.2786364609727],[-106.739674483709,32.2785950226108],[-106.739672675988,32.2785879401235],[-106.739666659674,32.2785643726796],[-106.739666318066,32.2785630311393],[-106.739662323098,32.2785473822775],[-106.739656358173,32.2785195470472],[-106.739539851286,32.2780470306959],[-106.739606663587,32.2780364517431],[-106.739607986575,32.278022270325],[-106.739611708287,32.2780083997665],[-106.739617752796,32.2779951325634],[-106.739625992089,32.2779827478854],[-106.739636252393,32.2779715043371],[-106.739648318429,32.2779616408427],[-106.739661937579,32.2779533622009],[-106.739676822038,32.2779468444875],[-106.739692660436,32.2779422241878],[-106.740026511374,32.2778828613676],[-106.740012840927,32.277823733657],[-106.740572458778,32.2777188657189],[-106.740585951579,32.2777689863112],[-106.74058639312,32.2777697610948],[-106.740586982881,32.2777704613503],[-106.740587705879,32.2777710645896],[-106.740588538672,32.2777715546703],[-106.740589457829,32.2777719172536],[-106.740590436747,32.2777721407188],[-106.740591445669,32.2777722188685],[-106.740592455922,32.2777721500103],[-106.740593437794,32.2777719360634],[-106.740594361589,32.2777715825544],[-106.740595200826,32.2777711004081],[-106.740595931169,32.2777705041492],[-106.740596531472,32.277769810093],[-106.740597830969,32.2777672690232],[-106.740598655192,32.27776458911],[-106.740598984308,32.2777618326587],[-106.740598810181,32.2777590664381],[-106.740588753507,32.2777158118637],[-106.740652753903,32.2777084971819],[-106.740663801669,32.2777504843989],[-106.740664377285,32.2777515147887],[-106.740665149825,32.2777524470128],[-106.740666094744,32.2777532568165],[-106.740667187495,32.2777539199451],[-106.740668395062,32.2777544166858],[-106.740669684469,32.2777547345409],[-106.740671018504,32.2777548628326],[-106.740672358936,32.277754799004],[-106.740673667558,32.2777545450071],[-106.74067490725,32.2777541072992],[-106.740676041987,32.2777534986463],[-106.740677040014,32.277752736307],[-106.740677873852,32.2777518429345],[-106.740678518151,32.2777508420756],[-106.74067895609,32.2777497644588],[-106.740679172963,32.2777486390006],[-106.740679164699,32.2777474981837],[-106.740668453959,32.2777067893936],[-106.741486960457,32.2775560403134],[-106.741512360399,32.2775945472491],[-106.741613819,32.277576714937],[-106.741784479511,32.278246692863]],[[-106.740069418575,32.2783577380691],[-106.740067802729,32.278358112297],[-106.740066288978,32.278358717906],[-106.740064921815,32.278359537588],[-106.740063742511,32.2783605468328],[-106.740062788055,32.2783617148338],[-106.74006208692,32.278363006308],[-106.74006166012,32.2783643805903],[-106.740061520181,32.2783657979505],[-106.740061672171,32.2783672141778],[-106.740062112674,32.2783685859964],[-106.740062825544,32.2783698719836],[-106.740063790407,32.2783710343403],[-106.740064978397,32.2783720353007],[-106.740066353266,32.278372846146],[-106.740067873481,32.2783734426871],[-106.740069491166,32.2783738052691],[-106.740071159553,32.2783739232511],[-106.740072826612,32.2783737941295],[-106.740074441402,32.2783734208074],[-106.740075955149,32.2783728142965],[-106.740077323373,32.2783719946102],[-106.740078501616,32.2783709853694],[-106.740079456072,32.2783698173683],[-106.740080158273,32.2783685267917],[-106.740080585068,32.2783671516075],[-106.740080723945,32.2783657342515],[-106.740080571959,32.278364318926],[-106.740080132512,32.2783629462015],[-106.740079418581,32.2783616602185],[-106.740078453723,32.2783604987638],[-106.740077265728,32.2783594969017],[-106.74007589086,32.2783586860565],[-106.740074371711,32.2783580904131],[-106.740072752965,32.2783577278354],[-106.740071084573,32.2783576089516],[-106.740069418575,32.2783577380691]],[[-106.74067305693,32.2778355521664],[-106.740792947975,32.2782989157879],[-106.740795442806,32.2783018921402],[-106.740798206469,32.2783053093576],[-106.740803046314,32.2783072944742],[-106.740809485665,32.2783078430294],[-106.740816041134,32.27830649543],[-106.740821887589,32.2783031998695],[-106.740826136923,32.2782980382613],[-106.740827437415,32.2782917391481],[-106.740711800854,32.2778311051829],[-106.740709880111,32.2778249286134],[-106.74070522418,32.277821803733],[-106.740699019754,32.2778201242328],[-106.740692709266,32.2778196455158],[-106.74068542728,32.2778201247378],[-106.740680329545,32.2778216975419],[-106.74067579818,32.2778241609836],[-106.740672481192,32.2778279914313],[-106.740672280438,32.2778305336441],[-106.74067305693,32.2778355521664]],[[-106.740493435631,32.2782788641371],[-106.740491820845,32.2782792374646],[-106.740490307103,32.2782798439804],[-106.740488939945,32.278280663667],[-106.740487760646,32.2782816729157],[-106.740486806196,32.2782828409198],[-106.740486104007,32.2782841324004],[-106.740485677214,32.2782855066841],[-106.740485538342,32.2782869240406],[-106.740485690339,32.2782883402674],[-106.740486129787,32.2782897120886],[-106.740486843724,32.2782909980692],[-106.740487808586,32.2782921595209],[-106.740488996585,32.2782931613791],[-106.740490371456,32.2782939722197],[-106.740491891672,32.2782945687558],[-106.740493509358,32.2782949313323],[-106.740495177744,32.2782950493087],[-106.740496844801,32.2782949201815],[-106.740498459588,32.278294546854],[-106.74049997333,32.2782939403381],[-106.740501340488,32.2782931206513],[-106.740502519787,32.2782921114025],[-106.740503474236,32.2782909433982],[-106.740504175364,32.2782896519216],[-106.740504602157,32.2782882776379],[-106.74050474209,32.2782868602773],[-106.740504590092,32.2782854440506],[-106.740504150644,32.2782840722294],[-106.740503436707,32.2782827862489],[-106.740502471845,32.2782816247974],[-106.740501283846,32.2782806229393],[-106.740499908975,32.2782798120988],[-106.740498388764,32.2782792164647],[-106.740496771079,32.2782788538882],[-106.740495102688,32.27827873501],[-106.740493435631,32.2782788641371]],[[-106.73997595508,32.2779951123451],[-106.739974340296,32.2779954856658],[-106.73997282655,32.2779960912737],[-106.739971459397,32.2779969118565],[-106.739970280096,32.2779979211005],[-106.739969325643,32.2779990891008],[-106.739968623443,32.2780003796768],[-106.739968196648,32.2780017548607],[-106.739968057769,32.2780031722167],[-106.739968209753,32.2780045875424],[-106.739968649196,32.2780059602674],[-106.739969363123,32.2780072462511],[-106.739970327976,32.2780084077069],[-106.739971515965,32.2780094095701],[-106.739972890827,32.2780102204165],[-106.739974411031,32.278010816057],[-106.739976028709,32.2780111786403],[-106.739977697095,32.2780112975254],[-106.739979363081,32.2780111675073],[-106.739980978926,32.2780107941824],[-106.739982492672,32.2780101885745],[-106.739983859831,32.2780093688934],[-106.739985039127,32.2780083587474],[-106.739985993585,32.2780071916488],[-106.739986694718,32.278005900175],[-106.739987121512,32.278004524991],[-106.739987261458,32.2780031085327],[-106.739987109469,32.2780016923052],[-106.739986668969,32.2780003204862],[-106.739985956098,32.2779990335967],[-106.739984991245,32.277997872141],[-106.739983803261,32.2779968711798],[-106.739982428399,32.2779960603335],[-106.73998090819,32.2779954637912],[-106.739979290513,32.277995101208],[-106.739977622132,32.2779949832248],[-106.73997595508,32.2779951123451]],[[-106.740399971599,32.2779162387341],[-106.740398356819,32.2779166120602],[-106.740396842016,32.2779172176772],[-106.740395474867,32.2779180382646],[-106.740394296634,32.2779190475083],[-106.740393341125,32.2779202155159],[-106.740392639994,32.2779215060901],[-106.740392213206,32.2779228812754],[-106.740392074328,32.2779242977301],[-106.740392226323,32.277925713957],[-106.740392665768,32.2779270857787],[-106.740393378644,32.2779283726659],[-106.740394344563,32.2779295341142],[-106.740395532555,32.2779305359735],[-106.74039690742,32.2779313468152],[-106.740398426563,32.2779319424548],[-106.740400045303,32.2779323050285],[-106.740401712627,32.2779324239122],[-106.740403379672,32.2779322938844],[-106.740404994453,32.2779319205581],[-106.740406509256,32.2779313149411],[-106.740407876405,32.2779304943535],[-106.7404090557,32.2779294851055],[-106.740410010147,32.2779283171019],[-106.740410711278,32.2779270265277],[-106.740411138066,32.2779256513423],[-106.740411278004,32.2779242348835],[-106.740411124948,32.2779228186607],[-106.740410685503,32.2779214468391],[-106.740409972627,32.277920159952],[-106.740409006708,32.2779189985038],[-106.74040781872,32.2779179975465],[-106.740406443851,32.277917185803],[-106.740404924707,32.2779165901636],[-106.740403305968,32.2779162275899],[-106.74040163865,32.2779161096081],[-106.740399971599,32.2779162387341]],[[-106.741542245138,32.2780837622262],[-106.741540630365,32.2780841364688],[-106.741539116628,32.2780847420953],[-106.741537749482,32.2780855617931],[-106.741536570198,32.2780865710516],[-106.741535615764,32.2780877390635],[-106.741534913591,32.2780890305498],[-106.741534486815,32.2780904048369],[-106.74153434796,32.2780918221944],[-106.741534499972,32.2780932384198],[-106.741534939435,32.2780946102373],[-106.741535653385,32.2780958962119],[-106.741536618263,32.2780970585573],[-106.741537806266,32.2780980595037],[-106.741539181143,32.2780988703329],[-106.741540701363,32.2780994668563],[-106.741542319049,32.2780998294194],[-106.741543987433,32.278099947382],[-106.741545654485,32.278099818241],[-106.741547269263,32.2780994449001],[-106.741548782995,32.2780988383717],[-106.741550150141,32.2780980186738],[-106.741551329425,32.2780970094152],[-106.741552283859,32.2780958414032],[-106.741552984975,32.2780945508227],[-106.741553411747,32.2780931756337],[-106.741553551663,32.2780917582721],[-106.741553399654,32.2780903429485],[-106.741552960187,32.2780889702292],[-106.741552246237,32.2780876842548],[-106.741551281363,32.2780865228113],[-106.741550093356,32.2780855209632],[-106.741548718479,32.2780847101341],[-106.741547198264,32.2780841145126],[-106.741545580578,32.2780837519496],[-106.741543912189,32.2780836330852],[-106.741542245138,32.2780837622262]],[[-106.741119037,32.2781624895231],[-106.741117422218,32.2781628628585],[-106.741115908482,32.2781634693818],[-106.74111454027,32.2781642890792],[-106.741113362042,32.2781652983296],[-106.741112407601,32.2781664663384],[-106.741111705422,32.2781677578224],[-106.741111278639,32.2781691321081],[-106.741111139777,32.2781705494652],[-106.741111291783,32.2781719656911],[-106.74111173124,32.2781733375101],[-106.741112445185,32.2781746234872],[-106.741113410054,32.278175784934],[-106.741114598057,32.2781767867863],[-106.741115972932,32.2781775976201],[-106.741117492089,32.2781781941527],[-106.741119110836,32.2781785567171],[-106.741120779221,32.2781786746853],[-106.741122445214,32.2781785455539],[-106.741124061057,32.2781781722144],[-106.741125574793,32.278177565691],[-106.741126941944,32.2781767459976],[-106.741128121234,32.2781757367429],[-106.741129075674,32.2781745687341],[-106.741129776792,32.278173277254],[-106.741130203575,32.2781719029682],[-106.741130343498,32.278170485607],[-106.741130190434,32.2781690702871],[-106.741129750973,32.2781676975663],[-106.741129038089,32.2781664115853],[-106.74112807322,32.2781652501386],[-106.741126885217,32.2781642482863],[-106.741125510342,32.2781634374527],[-106.741123990128,32.2781628418261],[-106.741122371381,32.2781624792618],[-106.741120704053,32.2781623603877],[-106.741119037,32.2781624895231]],[[-106.741025570611,32.2777998645996],[-106.741023955836,32.2778002379337],[-106.741022441038,32.2778008435581],[-106.741021073897,32.2778016641523],[-106.741019895672,32.2778026734018],[-106.741018940173,32.277803841414],[-106.741018239051,32.2778051319916],[-106.741017812273,32.277806507179],[-106.741017672349,32.2778079245401],[-106.74101782541,32.2778093398603],[-106.741018264864,32.2778107116798],[-106.741018977747,32.2778119985634],[-106.741019943673,32.2778131600069],[-106.74102113167,32.2778141618602],[-106.741022506539,32.2778149726952],[-106.741024025685,32.2778155683272],[-106.741025644425,32.2778159308928],[-106.741027311747,32.2778160497683],[-106.741028978789,32.2778159197323],[-106.741030593565,32.2778155463981],[-106.741032108362,32.2778149407735],[-106.741033475503,32.2778141201793],[-106.741034653728,32.2778131109296],[-106.741035609228,32.2778119429173],[-106.741036310349,32.2778106523395],[-106.741036737127,32.2778092771522],[-106.741036877055,32.2778078606928],[-106.741036723989,32.2778064444708],[-106.741036284535,32.2778050726514],[-106.741035571652,32.2778037857679],[-106.741034605726,32.2778026243245],[-106.741033417733,32.2778016233732],[-106.74103204286,32.2778008116365],[-106.741030523714,32.2778002160046],[-106.741028904974,32.277799853439],[-106.741027237658,32.2777997354654],[-106.741025570611,32.2777998645996]],[[-106.741448777155,32.2777211376271],[-106.741447162382,32.2777215109666],[-106.741445647589,32.277722116596],[-106.741444280453,32.2777229371947],[-106.741443102234,32.2777239464482],[-106.741442146741,32.2777251144636],[-106.741441445626,32.2777264050435],[-106.741441018855,32.2777277802322],[-106.741440879999,32.2777291975897],[-106.741441032005,32.2777306129134],[-106.741441471469,32.2777319856332],[-106.741442184353,32.2777332716125],[-106.741443150283,32.2777344330528],[-106.741444338284,32.2777354349021],[-106.741445713155,32.2777362457324],[-106.741447232302,32.2777368413593],[-106.741448851043,32.2777372039196],[-106.741450518364,32.2777373227894],[-106.741452185404,32.2777371927478],[-106.741453800176,32.2777368194083],[-106.741455314969,32.2777362137787],[-106.74145668211,32.2777353940817],[-106.741457861386,32.2777343839222],[-106.741458815818,32.2777332159108],[-106.741459516933,32.2777319253308],[-106.741459943704,32.277730550142],[-106.741460083626,32.2777291336823],[-106.741459930553,32.2777277174608],[-106.741459491093,32.277726345643],[-106.741458778204,32.2777250587619],[-106.741457812274,32.2777238973217],[-106.741456624278,32.2777228963744],[-106.741455249407,32.2777220855442],[-106.741453730255,32.2777214890155],[-106.741452111515,32.2777211264553],[-106.741450444199,32.2777210084873],[-106.741448777155,32.2777211376271]]]}},{"type":"Feature","properties":{"id":"parking-57","category":"parking","name":"Lot 100"},"geometry":{"type":"Polygon","coordinates":[[[-106.748628039325,32.2799558282922],[-106.748583751506,32.2797909192868],[-106.748481398963,32.2797586590108],[-106.748379058811,32.2796636158846],[-106.748284419411,32.2795104573376],[-106.74806867809,32.279534573582],[-106.748006869914,32.279311784681],[-106.748185545499,32.279279202944],[-106.748197612673,32.2793260076737],[-106.74829644021,32.2793083814871],[-106.748314156753,32.2792896584882],[-106.748340502325,32.2792702277495],[-106.748381738587,32.279257728529],[-106.748824329139,32.2791768928228],[-106.748807368773,32.2791168979926],[-106.749334086253,32.2790275095778],[-106.749319671784,32.2789730322273],[-106.749386071486,32.2789593166873],[-106.749404408123,32.279029790977],[-106.749405037823,32.2790309852501],[-106.74940589094,32.2790320740243],[-106.749406943959,32.2790330276314],[-106.749408169139,32.2790338209291],[-106.74940953132,32.2790344306082],[-106.749410994315,32.2790348396766],[-106.749412516668,32.2790350383777],[-106.749414055877,32.2790350196648],[-106.74942261313,32.2790620956217],[-106.749476839281,32.2790533622308],[-106.74956437518,32.2793897862195],[-106.749515811391,32.2793989048908],[-106.749509065507,32.2794001716256],[-106.749507851704,32.2794004866651],[-106.749506709891,32.2794009592447],[-106.749505669728,32.279401577523],[-106.749504755548,32.279402326072],[-106.749503990606,32.2794031867628],[-106.749503393898,32.2794041387775],[-106.749502979094,32.2794051586138],[-106.749502757734,32.279406220974],[-106.749502734983,32.279407299684],[-106.749502911754,32.2794083676843],[-106.749504214167,32.2794133732456],[-106.749518710982,32.2794690893948],[-106.749519201962,32.279470540343],[-106.74951997376,32.279471899093],[-106.749521003881,32.2794731287576],[-106.74952226347,32.2794741942786],[-106.749523715193,32.2794750633368],[-106.749525319643,32.2794757126398],[-106.749527028946,32.2794761234381],[-106.749528795267,32.2794762841966],[-106.749530568681,32.2794761897018],[-106.749533448044,32.2794758581534],[-106.749593094089,32.2794537972874],[-106.749643091621,32.2796746399117],[-106.749570646095,32.2796884426347],[-106.749599216008,32.279772121063],[-106.748715583436,32.2799360268589],[-106.748628039325,32.2799558282922]],[[-106.748662665859,32.2797298189917],[-106.748661186743,32.2797297635061],[-106.748659718381,32.279729927129],[-106.748658305329,32.2797303042734],[-106.748656991057,32.2797308848472],[-106.748655815802,32.2797316497526],[-106.748654814477,32.2797325772071],[-106.748654017711,32.2797336382305],[-106.748653449742,32.2797348002602],[-106.748653128425,32.2797360280533],[-106.748653063116,32.2797372854987],[-106.748653255721,32.2797385329071],[-106.748674038384,32.2798184103108],[-106.748674453329,32.2798195486184],[-106.748675083381,32.2798206139281],[-106.748675911391,32.2798215765464],[-106.74867691386,32.2798224104123],[-106.748678065184,32.2798230921784],[-106.748679332358,32.27982360484],[-106.748680681325,32.2798239322981],[-106.748682075945,32.2798240665787],[-106.748683476925,32.2798240051314],[-106.748684847105,32.279823747201],[-106.748686149379,32.2798233019527],[-106.748687346651,32.2798226803552],[-106.748688407172,32.279821900571],[-106.748689303451,32.2798209825496],[-106.748690008022,32.2798199516513],[-106.74869050406,32.2798188368021],[-106.748690776861,32.2798176669192],[-106.748690820236,32.279816475396],[-106.74869063118,32.279815294711],[-106.748669848504,32.2797354173101],[-106.748669403494,32.2797342168931],[-106.748668721144,32.279733100384],[-106.748667819689,32.2797321019815],[-106.748666729016,32.2797312513286],[-106.748665480053,32.2797305744571],[-106.748664112193,32.2797300919542],[-106.748662665859,32.2797298189917]],[[-106.74856435261,32.279689188037],[-106.748593971233,32.2796524999328],[-106.748563656487,32.2796248108805],[-106.74892237641,32.2795574531683],[-106.748923721611,32.2795570934243],[-106.748924973394,32.2795565401503],[-106.74892609364,32.279555811534],[-106.748927046369,32.2795549284602],[-106.748927805195,32.2795539189908],[-106.748928345859,32.2795528120809],[-106.748928652626,32.2795516420634],[-106.748928715077,32.2795504450535],[-106.748928531287,32.2795492571332],[-106.748926785363,32.2795425443007],[-106.748912811605,32.2794888407623],[-106.748911065688,32.2794821288313],[-106.748910694848,32.2794810967692],[-106.748910138569,32.2794801267659],[-106.748909410782,32.2794792431165],[-106.74890852965,32.2794784664919],[-106.748907516512,32.2794778166487],[-106.748906395873,32.2794773097234],[-106.748905195398,32.2794769573309],[-106.748903944871,32.2794767701759],[-106.748902675088,32.2794767499403],[-106.748901417915,32.2794769001056],[-106.748846108109,32.2794872852225],[-106.748832834924,32.2794362718498],[-106.748888144696,32.2794258858371],[-106.748889489895,32.2794255260935],[-106.748890741681,32.2794249737216],[-106.748891860859,32.279424244208],[-106.748892814654,32.2794233620321],[-106.748893573474,32.279422351661],[-106.748894114139,32.2794212447513],[-106.748894419844,32.279420074738],[-106.748894482296,32.2794188777281],[-106.748894299568,32.2794176898035],[-106.748879143823,32.2793594401633],[-106.748878772989,32.2793584090029],[-106.74887821671,32.2793574389994],[-106.74887748892,32.2793565544479],[-106.748876607794,32.2793557787249],[-106.748875594658,32.2793551288814],[-106.748874474021,32.2793546219559],[-106.748873273548,32.2793542695631],[-106.748872023018,32.2793540815058],[-106.748870753241,32.2793540621717],[-106.748869496064,32.2793542114349],[-106.748814186334,32.2793645974392],[-106.748788338409,32.2792652545537],[-106.748843648083,32.2792548685612],[-106.74884499328,32.279254508818],[-106.748846245064,32.2792539564467],[-106.748847364245,32.2792532278352],[-106.748848318033,32.2792523447579],[-106.748849076853,32.279251334387],[-106.748849617517,32.2792502274775],[-106.748849923222,32.2792490574643],[-106.748849985674,32.2792478604544],[-106.748849802947,32.2792466725297],[-106.748846446717,32.2792337757155],[-106.748846024316,32.2792326329285],[-106.748845373045,32.279231569507],[-106.748844515375,32.2792306178292],[-106.748843475888,32.2792298084609],[-106.748842286557,32.2792291638224],[-106.748840983587,32.2792287045132],[-106.748839607394,32.2792284439017],[-106.748838198365,32.2792283908468],[-106.748836798974,32.2792285469844],[-106.748828274625,32.2792301480816],[-106.748444894859,32.2793021364869],[-106.748421351577,32.2793065574164],[-106.748407992258,32.279310019158],[-106.748395434372,32.2793152147104],[-106.748383987191,32.2793220138879],[-106.748373933258,32.2793302514379],[-106.748365520935,32.279339723463],[-106.748358955955,32.2793501964728],[-106.74835439934,32.2793614137048],[-106.748351965288,32.2793730978389],[-106.748351712742,32.2793849618523],[-106.748353648597,32.2793967135163],[-106.748383466071,32.2795113200735],[-106.748388864823,32.2795281102689],[-106.748396173679,32.2795443698492],[-106.748405323845,32.2795599430642],[-106.748416227444,32.2795746787487],[-106.748428777546,32.2795884357328],[-106.748442855589,32.2796010819111],[-106.748458323959,32.2796124951738],[-106.748475034487,32.2796225642752],[-106.748512003939,32.2796559944499],[-106.74856435261,32.279689188037]],[[-106.749398798534,32.2793426634645],[-106.749296081037,32.27936195178],[-106.749295442873,32.2793621193427],[-106.74929484659,32.27936237422],[-106.74929430701,32.2793627091382],[-106.749293838945,32.2793631150203],[-106.749293457194,32.2793635800837],[-106.749293170191,32.2793640934727],[-106.749292986338,32.2793646389207],[-106.749292910869,32.2793652028792],[-106.749292945824,32.2793657700086],[-106.749293090052,32.2793663240799],[-106.749293339227,32.2793668506806],[-106.749293687964,32.2793673354023],[-106.749294125571,32.2793677647594],[-106.749294639246,32.2793681270784],[-106.749295217252,32.2793684115834],[-106.749295842575,32.2793686129306],[-106.749296498184,32.2793687230705],[-106.749297166024,32.2793687402709],[-106.749297828041,32.2793686637013],[-106.749400544484,32.2793493753886],[-106.749401217615,32.2793491959629],[-106.749401843504,32.2793489193236],[-106.749402403095,32.2793485554663],[-106.749402879454,32.2793481134768],[-106.749403258863,32.2793476087406],[-106.74940352972,32.2793470548317],[-106.749403682575,32.2793464707263],[-106.749403714325,32.2793458717682],[-106.749403621897,32.2793452778105],[-106.74940341069,32.2793447059671],[-106.749403085051,32.2793441742578],[-106.749402656745,32.2793436988697],[-106.749402136468,32.27934329419],[-106.749401542331,32.2793429718713],[-106.74940089031,32.2793427417708],[-106.749400201684,32.2793426119211],[-106.749399497701,32.2793425858456],[-106.749398798534,32.2793426634645]],[[-106.749106793438,32.2794043242889],[-106.749107497421,32.2794043503661],[-106.749108196589,32.2794042727488],[-106.749210914175,32.2793849845854],[-106.749211521608,32.279384827065],[-106.749212091456,32.2793845912316],[-106.749212612067,32.2793842816407],[-106.749213069689,32.2793839073651],[-106.749213451633,32.2793834774736],[-106.749213750517,32.2793830010139],[-106.749213956861,32.2793824915513],[-106.74921406754,32.2793819599205],[-106.749214079448,32.2793814205634],[-106.749213991598,32.2793808870119],[-106.749213779331,32.2793803151723],[-106.749213454754,32.2793797834584],[-106.749213025388,32.2793793080737],[-106.749212506168,32.2793789024872],[-106.749211910974,32.2793785810737],[-106.749211260016,32.279378350968],[-106.749210571389,32.2793782211173],[-106.74920986634,32.2793781941431],[-106.749209167177,32.2793782726628],[-106.749106450655,32.2793975599186],[-106.749105777527,32.2793977402446],[-106.749105151633,32.2793980159807],[-106.749104592045,32.2793983807384],[-106.749104115684,32.2793988227269],[-106.749103736273,32.2793993274622],[-106.749103465409,32.2793998804686],[-106.749103312557,32.2794004654755],[-106.749103281866,32.2794010644293],[-106.749103373232,32.2794016583915],[-106.749103584436,32.2794022302354],[-106.749103910069,32.2794027610436],[-106.74910433944,32.2794032373304],[-106.749104858654,32.2794036420156],[-106.749105452791,32.2794039643357],[-106.749106104806,32.2794041935358],[-106.749106793438,32.2794043242889]],[[-106.748974125043,32.2794292572854],[-106.748974792883,32.2794292744875],[-106.748975454906,32.2794291988214],[-106.749021282654,32.2794205935029],[-106.749021955781,32.2794204131774],[-106.749022581676,32.2794201374418],[-106.749023141265,32.2794197726843],[-106.749023617626,32.2794193306962],[-106.749023997038,32.2794188259612],[-106.749024267902,32.2794182729549],[-106.749024420754,32.279417687948],[-106.749024451446,32.2794170889943],[-106.749024360081,32.2794164950321],[-106.749024148877,32.279415923188],[-106.749023823244,32.2794153923796],[-106.749023393874,32.2794149160925],[-106.74902287466,32.279414511407],[-106.749022279461,32.2794141890907],[-106.749021628508,32.2794139598859],[-106.749020939876,32.2794138291323],[-106.749020235894,32.2794138030547],[-106.749019536725,32.2794138806716],[-106.748973708981,32.2794224859894],[-106.748973070821,32.2794226544524],[-106.748972473475,32.2794229093323],[-106.748971933888,32.2794232433474],[-106.748971465822,32.2794236492283],[-106.748971084074,32.2794241151925],[-106.748970797064,32.279424627679],[-106.748970613209,32.2794251731266],[-106.748970537743,32.2794257379868],[-106.748970572691,32.2794263042143],[-106.748970716922,32.2794268591879],[-106.748970966095,32.2794273857892],[-106.748971314825,32.27942786961],[-106.748971752432,32.2794282989682],[-106.748972267167,32.2794286612843],[-106.748972844116,32.2794289466968],[-106.748973469434,32.2794291471438],[-106.748974125043,32.2794292572854]],[[-106.749398928673,32.2794260864485],[-106.74939882876,32.2794280014842],[-106.74939912156,32.2794299023409],[-106.749419730206,32.2795091084276],[-106.749420362874,32.2795108438024],[-106.749421322961,32.2795124669541],[-106.749422583687,32.2795139337975],[-106.749424111924,32.2795152047821],[-106.749425866073,32.2795162439981],[-106.749427797149,32.2795170236816],[-106.749429853021,32.2795175232962],[-106.749431978407,32.2795177286308],[-106.749434113825,32.2795176336075],[-106.749436200907,32.2795172420647],[-106.749438184502,32.279516563239],[-106.749440009511,32.2795156162873],[-106.749441626182,32.2795144275603],[-106.749442990099,32.2795130278966],[-106.749444065389,32.2795114580218],[-106.749444820429,32.2795097586443],[-106.749445236365,32.2795079767353],[-106.749445301789,32.2795061610402],[-106.749445014843,32.2795043602664],[-106.749424405121,32.27942515509],[-106.749423728414,32.2794233260964],[-106.749422687218,32.279421624804],[-106.749421314727,32.2794201033892],[-106.749419651528,32.2794188067845],[-106.7494177488,32.2794177753708],[-106.749415665101,32.2794170404816],[-106.749413461066,32.2794166244235],[-106.749411206828,32.279416539545],[-106.749408969284,32.2794167891891],[-106.749406816328,32.2794173640688],[-106.749404813692,32.2794182485925],[-106.749403022794,32.2794194145598],[-106.749401496526,32.2794208274911],[-106.749400283484,32.279422443905],[-106.749399418431,32.2794242149639],[-106.749398928673,32.2794260864485]],[[-106.749473715568,32.2796745090759],[-106.74947568843,32.2796745833419],[-106.749477646953,32.2796743654633],[-106.749479530659,32.2796738619921],[-106.749481282304,32.2796730875845],[-106.749482850008,32.2796720676977],[-106.749484185097,32.2796708313836],[-106.749485246376,32.2796694166831],[-106.749486003303,32.2796678679079],[-106.749486432769,32.2796662302423],[-106.74948652019,32.2796645542479],[-106.749486262657,32.2796628904401],[-106.74946670256,32.2795877124184],[-106.74946610991,32.2795861121641],[-106.749465198328,32.2795846231975],[-106.749463997795,32.2795832922967],[-106.749462542495,32.2795821581063],[-106.749460877206,32.2795812556215],[-106.749459054099,32.2795806125936],[-106.749457126362,32.279580248653],[-106.749455153501,32.2795801743867],[-106.749453194981,32.279580392265],[-106.749451311276,32.2795808957358],[-106.749449559627,32.2795816692411],[-106.74944799193,32.2795826900293],[-106.749446656842,32.2795839263431],[-106.749445594496,32.2795853401456],[-106.749444837574,32.2795868898224],[-106.749444409169,32.2795885274837],[-106.749444321748,32.2795902034781],[-106.749444578214,32.2795918663884],[-106.74946413936,32.2796670453112],[-106.74946473201,32.2796686455656],[-106.749465642527,32.2796701336345],[-106.749466844127,32.2796714654329],[-106.749468299429,32.2796725996232],[-106.749469963658,32.2796735021121],[-106.749471787828,32.2796741451356],[-106.749473715568,32.2796745090759]],[[-106.748963902903,32.2792050944199],[-106.748962493875,32.2792050413664],[-106.748961095541,32.2792051965993],[-106.748923169729,32.2792123186892],[-106.748921823472,32.2792126784374],[-106.74892057275,32.2792132308053],[-106.748919452508,32.2792139594216],[-106.748918498721,32.2792148424995],[-106.748917740964,32.2792158528665],[-106.748917200302,32.2792169597763],[-106.748916893536,32.2792181297939],[-106.748916831084,32.2792193268038],[-106.748917014874,32.2792205147242],[-106.748917438337,32.2792216575068],[-106.748918088547,32.2792227209321],[-106.748918946214,32.2792236717076],[-106.748919985706,32.2792244819771],[-106.748921175037,32.2792251266148],[-106.748922478007,32.2792255859232],[-106.748923854196,32.2792258456319],[-106.748925264287,32.2792258986817],[-106.748926662621,32.2792257434492],[-106.748964588438,32.2792186213582],[-106.748964622368,32.2792186140093],[-106.748965933634,32.2792182616138],[-106.748967185416,32.2792177092412],[-106.748968305658,32.2792169806245],[-106.748969258383,32.2792160975505],[-106.748970017201,32.2792150871789],[-106.748970557863,32.2792139802689],[-106.748970864633,32.279212811153],[-106.748970926022,32.2792116141473],[-106.748970743289,32.2792104253209],[-106.748970319825,32.2792092825385],[-106.748969669614,32.2792082191135],[-106.748968811947,32.2792072683383],[-106.748967772455,32.2792064580693],[-106.748966583123,32.2792058134319],[-106.748965280153,32.2792053541241],[-106.748963902903,32.2792050944199]],[[-106.749153534001,32.2791694855916],[-106.749152124973,32.2791694325402],[-106.749150726645,32.279169588677],[-106.749055911112,32.2791873926736],[-106.749054633729,32.2791877287027],[-106.749053440102,32.2791882384592],[-106.749052360942,32.2791889082936],[-106.749051425869,32.27918971915],[-106.74905066131,32.2791906501814],[-106.749050087296,32.2791916760566],[-106.749049719593,32.2791927678537],[-106.749049568652,32.2791938957705],[-106.749049638554,32.2791950291275],[-106.749049927011,32.2791961381726],[-106.74905042642,32.2791971913708],[-106.749051122822,32.279198159918],[-106.749051998033,32.2791990186339],[-106.749053027503,32.2791997432656],[-106.749054182455,32.2792003131839],[-106.749055433092,32.2792007149788],[-106.749056744308,32.2792009352613],[-106.749058079984,32.2792009696647],[-106.749059404022,32.2792008174298],[-106.749154219568,32.2791830134305],[-106.749155564763,32.2791826536841],[-106.749156816544,32.2791821013096],[-106.749157935717,32.2791813717936],[-106.749158889502,32.279180488714],[-106.749159648322,32.2791794792431],[-106.749160188982,32.2791783723323],[-106.749160494683,32.2791772023183],[-106.749160557131,32.2791760053083],[-106.7491603744,32.2791748173841],[-106.749159950929,32.2791736737005],[-106.74915929966,32.2791726111825],[-106.749158441986,32.2791716595068],[-106.749157402493,32.2791708492393],[-106.749156213165,32.2791702055056],[-106.749154911257,32.2791697461955],[-106.749153534001,32.2791694855916]],[[-106.749343164953,32.2791338773817],[-106.749341754863,32.2791338243365],[-106.749340356531,32.2791339795737],[-106.749245541074,32.279151783712],[-106.74924419588,32.2791521434594],[-106.749242944105,32.2791526967365],[-106.749241824928,32.2791534253514],[-106.749240871145,32.2791543084317],[-106.74924011233,32.2791553188048],[-106.749239571667,32.2791564248142],[-106.749239265967,32.2791575948283],[-106.74923920352,32.2791587918384],[-106.749239386257,32.2791599806643],[-106.749239809724,32.2791611234458],[-106.749240460999,32.2791621868652],[-106.749241318668,32.2791631376385],[-106.749242358162,32.2791639479053],[-106.749243547495,32.27916459254],[-106.749244850466,32.279165051845],[-106.749246226655,32.2791653115503],[-106.749247635683,32.2791653646007],[-106.749249035072,32.2791652084585],[-106.749343849481,32.2791474043217],[-106.749345195736,32.2791470445691],[-106.749346446454,32.2791464921969],[-106.749347566691,32.2791457635769],[-106.749348520474,32.2791448804958],[-106.749349278225,32.2791438701262],[-106.749349818882,32.2791427632146],[-106.749350125642,32.279141593196],[-106.749350188088,32.2791403961859],[-106.749350004293,32.2791392082662],[-106.749349580825,32.2791380654851],[-106.74934893061,32.2791370020621],[-106.74934807294,32.2791360512895],[-106.749347033446,32.2791352410236],[-106.749345844112,32.2791345963898],[-106.749344541141,32.2791341370859],[-106.749343164953,32.2791338773817]]]}},{"type":"Feature","properties":{"id":"parking-58","category":"parking","name":"Lot 79W"},"geometry":{"type":"Polygon","coordinates":[[[-106.749230626114,32.2748653358273],[-106.74918146815,32.2748358860986],[-106.749150500506,32.2748802355518],[-106.749113522945,32.2748568351103],[-106.749112711181,32.274856311634],[-106.749112006078,32.2748556867281],[-106.749111424704,32.274854975657],[-106.749110983081,32.2748541963942],[-106.749110689799,32.2748533669431],[-106.749110553474,32.274852509816],[-106.749110577395,32.2748516439389],[-106.749110760628,32.2748507927638],[-106.749111099036,32.2748499761479],[-106.74911158424,32.2748492148669],[-106.74912876512,32.2748266835187],[-106.74913031736,32.2748242108057],[-106.749131354786,32.2748215507374],[-106.749131845967,32.2748187791939],[-106.749131779671,32.2748159773868],[-106.749131155282,32.2748132264855],[-106.749129991269,32.2748106039768],[-106.749128323083,32.2748081863785],[-106.749126195693,32.2748060438574],[-106.749123673131,32.2748042383889],[-106.749084629695,32.2747846889148],[-106.749054944029,32.2748282008652],[-106.748825869382,32.2747006318203],[-106.74886019447,32.2746659235611],[-106.748860774032,32.2746651402638],[-106.748861191848,32.2746642854569],[-106.748861434247,32.2746633826426],[-106.748861495007,32.2746624589012],[-106.748861372145,32.2746615394924],[-106.748749073722,32.274189310791],[-106.748748801716,32.2741884884698],[-106.748748382405,32.2741877118231],[-106.748747826515,32.2741870006495],[-106.748747147928,32.2741863702256],[-106.748746363717,32.2741858367176],[-106.748707137057,32.2741631962808],[-106.748706273954,32.2741626008559],[-106.748705543961,32.274161887664],[-106.748704968431,32.2741610791671],[-106.748704564481,32.2741601996479],[-106.74870434286,32.2741592734141],[-106.748704312218,32.2741583292909],[-106.748704471642,32.2741573943376],[-106.748704817037,32.274156496528],[-106.748705337933,32.2741556620571],[-106.748928274914,32.2738626619763],[-106.748928953403,32.2738619170677],[-106.748929772619,32.2738612825315],[-106.748930707179,32.2738607756035],[-106.748931729568,32.2738604117237],[-106.748932810117,32.2738602009298],[-106.748933917021,32.2738601505623],[-106.748935017373,32.2738602607513],[-106.748936080375,32.2738605289128],[-106.748937073079,32.273860947962],[-106.748975618044,32.2738808520826],[-106.74897655438,32.2738812515134],[-106.748977553672,32.2738815163188],[-106.748978589356,32.2738816420944],[-106.748979636989,32.2738816235257],[-106.748980665795,32.2738814625379],[-106.749048090531,32.2738660115716],[-106.749051919989,32.2738651342647],[-106.749061282328,32.2738623484102],[-106.749070003133,32.2738583322516],[-106.749076103127,32.273854337271],[-106.749086301199,32.273962708295],[-106.749079915749,32.2739583847738],[-106.749069728433,32.2739535802541],[-106.749058747853,32.2739502723432],[-106.749052608211,32.2739493532611],[-106.749047273867,32.2739485536492],[-106.74902340909,32.2739500295898],[-106.749018048321,32.2739504142193],[-106.749012838173,32.2739515531078],[-106.749007923895,32.2739534132144],[-106.749003443207,32.2739559434912],[-106.748999522043,32.2739590730957],[-106.748996269266,32.2739627150196],[-106.748993777721,32.2739667651827],[-106.748992114738,32.2739711123906],[-106.748991328479,32.2739756347022],[-106.748991440542,32.2739802048705],[-106.748992448101,32.2739846948429],[-106.748994321809,32.2739889793772],[-106.748997010059,32.2739929387304],[-106.749000437932,32.2739964613681],[-106.749004509353,32.2739994493674],[-106.749050884494,32.2739961240606],[-106.749072884467,32.2740807936435],[-106.749073030857,32.2740817445241],[-106.749072980897,32.2740827015918],[-106.749072735499,32.2740836377871],[-106.749072301928,32.2740845224183],[-106.74907169491,32.2740853310771],[-106.749070932344,32.2740860366369],[-106.749070036416,32.2740866200712],[-106.749069034619,32.2740870614305],[-106.749067958733,32.2740873488649],[-106.749033470853,32.2740938170773],[-106.749030802855,32.2740945274602],[-106.749028318463,32.274095618603],[-106.749026091797,32.2740970559424],[-106.749024189504,32.2740987977296],[-106.749022668621,32.2741007914316],[-106.749021574471,32.2741029782485],[-106.749020940662,32.274105292212],[-106.749020783804,32.2741076647156],[-106.749021110936,32.2741100244845],[-106.749028128542,32.2741388787248],[-106.749028844866,32.2741409727118],[-106.749029943734,32.2741429443385],[-106.749031394088,32.2741447432235],[-106.749033161716,32.2741463253111],[-106.749035201807,32.2741476492928],[-106.749037462171,32.2741486829081],[-106.749039886397,32.2741493993241],[-106.749042413887,32.274149781645],[-106.74904498089,32.2741498193003],[-106.749047522649,32.2741495116442],[-106.749080151004,32.2741432861607],[-106.749081158795,32.274143164035],[-106.74908217582,32.2741431771514],[-106.749083178723,32.2741433256021],[-106.749084140944,32.2741436049828],[-106.74908504016,32.2741440099706],[-106.749085854021,32.2741445298315],[-106.749086561221,32.2741451511219],[-106.749087145755,32.2741458585734],[-106.749087591611,32.2741466360159],[-106.749087889122,32.2741474627449],[-106.749124392538,32.2743051461544],[-106.749124538909,32.2743060934275],[-106.749124491063,32.2743070486831],[-106.74912424883,32.2743079812586],[-106.749123820561,32.2743088649671],[-106.74912321884,32.2743096718014],[-106.749122461585,32.2743103782425],[-106.749121570973,32.2743109634598],[-106.749120575557,32.2743114074998],[-106.749119505001,32.274311699423],[-106.749082488914,32.2743188332903],[-106.749080263319,32.2743196916342],[-106.749078224004,32.2743208369344],[-106.749076421767,32.2743222410325],[-106.749074903122,32.2743238685722],[-106.749073703935,32.2743256779266],[-106.749072855818,32.2743276265833],[-106.749072379721,32.2743296630538],[-106.749072285992,32.2743317385969],[-106.74907257859,32.2743338008892],[-106.749086075107,32.2743871401896],[-106.749086989938,32.274389427291],[-106.749088329588,32.2743915575942],[-106.749090057659,32.274393475328],[-106.749092129292,32.2743951301656],[-106.749094490096,32.2743964763272],[-106.749097076199,32.2743974806965],[-106.749099819505,32.2743981146833],[-106.749102647742,32.2743983623395],[-106.749105485508,32.2743982176503],[-106.749140528409,32.2743909238291],[-106.749141639234,32.2743908130199],[-106.749142755205,32.2743908663283],[-106.749143843403,32.2743910820807],[-106.749144873006,32.274391453184],[-106.749145811047,32.2743919689463],[-106.749146630909,32.274392615043],[-106.749147308064,32.2743933708284],[-106.749147821157,32.2743942138405],[-106.749148156262,32.274395120686],[-106.74923524046,32.2747183771534],[-106.749186016703,32.2747300135773],[-106.749182876823,32.2747341150066],[-106.74918057128,32.2747385973291],[-106.749179158856,32.2747433394637],[-106.749178680254,32.2747482140878],[-106.749179147498,32.2747530903846],[-106.749180547123,32.2747578358345],[-106.74918284233,32.2747623216172],[-106.749185970901,32.2747664289336],[-106.749189848358,32.2747700453853],[-106.749194370137,32.2747730739851],[-106.749199414772,32.2747754322422],[-106.749204846047,32.2747770584668],[-106.749210516154,32.2747779063466],[-106.749216274236,32.2747779548332],[-106.749239851672,32.2747759199378],[-106.749250560197,32.2747735327796],[-106.749260662002,32.2747696834034],[-106.749269880593,32.2747644757142],[-106.749274872543,32.2747605094546],[-106.74931560079,32.2748601181549],[-106.749311269344,32.2748583117248],[-106.749308842421,32.2748576882162],[-106.749302351483,32.2748560192888],[-106.749293115667,32.274854982592],[-106.749283804072,32.2748552277326],[-106.749271335291,32.2748571898629],[-106.749255912678,32.2748592340134],[-106.749230626114,32.2748653358273]],[[-106.749069961122,32.274629933232],[-106.749068330741,32.274629766518],[-106.749066690979,32.2746298253053],[-106.749065083231,32.2746301085284],[-106.749017088918,32.2746396396037],[-106.749016062063,32.2746397708228],[-106.749015023823,32.2746397613972],[-106.749014001791,32.274639610316],[-106.749013020414,32.2746393228938],[-106.749012105206,32.2746389062446],[-106.749011281699,32.274638370188],[-106.749010568017,32.274637729082],[-106.74900998548,32.2746369990759],[-106.749009546935,32.2746361999597],[-106.749009264166,32.2746353515278],[-106.748997774511,32.2745859895976],[-106.748995947125,32.2745835762338],[-106.748993701909,32.2745814332741],[-106.748991092218,32.2745796110117],[-106.748988183049,32.2745781542826],[-106.748985043594,32.274577097986],[-106.748981748293,32.2745764661776],[-106.748978378982,32.2745762765715],[-106.748975015289,32.2745765315585],[-106.748936920898,32.2745819822695],[-106.748934577846,32.2745836861148],[-106.748932583529,32.2745856843915],[-106.748930989692,32.2745879272929],[-106.748929836355,32.2745903569422],[-106.748929151839,32.2745929109995],[-106.748928954906,32.2745955262605],[-106.748929250484,32.2745981332629],[-106.748930030791,32.2746006680056],[-106.748931275303,32.2746030656359],[-106.748950975093,32.2746340387427],[-106.748951558859,32.2746347994074],[-106.748952282242,32.274635467531],[-106.748953126041,32.2746360260543],[-106.748954064691,32.2746364588448],[-106.748955075835,32.2746367542665],[-106.748956129707,32.2746369043206],[-106.748957198687,32.2746369055085],[-106.748958253048,32.274636757046],[-106.748994687063,32.2746289527292],[-106.748995718081,32.2746288061622],[-106.748996762616,32.2746288020353],[-106.748997795198,32.2746289413508],[-106.748998787137,32.274629218811],[-106.748999713986,32.2746296291013],[-106.749000551268,32.2746301605943],[-106.749001276617,32.2746307998505],[-106.749001871892,32.2746315298063],[-106.749002321068,32.2746323315861],[-106.749002612353,32.2746331844936],[-106.749006505509,32.2746493673626],[-106.749010860122,32.274657541723],[-106.74901627159,32.2746652474511],[-106.749022669315,32.2746723865234],[-106.74902603891,32.2746761177191],[-106.749030099817,32.2746793122838],[-106.749034737954,32.2746818795808],[-106.749039819156,32.2746837443842],[-106.749045198764,32.274684854056],[-106.749050720556,32.2746851767465],[-106.749056227374,32.2746847031563],[-106.749061562181,32.274683446532],[-106.749066570192,32.2746814435595],[-106.749071108409,32.274678750719],[-106.749075046693,32.2746754469865],[-106.749078271966,32.2746716247981],[-106.749080691422,32.274667395449],[-106.749082236723,32.2746628800582],[-106.749077795505,32.2746363676854],[-106.749077286138,32.2746350421649],[-106.749076530968,32.2746338032922],[-106.749075549284,32.2746326843596],[-106.749074368849,32.2746317150189],[-106.749073020585,32.2746309203996],[-106.749071537514,32.2746303211142],[-106.749069961122,32.274629933232]],[[-106.749015684702,32.2744038736114],[-106.749008923916,32.2743750093384],[-106.749008226693,32.2743729143741],[-106.749007147976,32.2743709399621],[-106.749005717754,32.2743691346843],[-106.749003968119,32.2743675435068],[-106.749001945999,32.2743662068276],[-106.74899970147,32.2743651578176],[-106.748997288815,32.274364423318],[-106.74899477077,32.27436402202],[-106.748992210011,32.2743639626944],[-106.748989669184,32.2743642477994],[-106.748892936967,32.2743818121211],[-106.748890264629,32.2743825071866],[-106.748887771647,32.2743835821272],[-106.748885534287,32.2743850068804],[-106.748883619179,32.2743867360901],[-106.748882082315,32.2743887208348],[-106.74888097113,32.274390899601],[-106.748880317122,32.2743932091344],[-106.748880141142,32.2743955799094],[-106.748880448109,32.2743979406601],[-106.748887201242,32.2744267716016],[-106.748887898458,32.2744288656649],[-106.748888976111,32.274430840082],[-106.748890406332,32.2744326453611],[-106.748892154906,32.2744342365444],[-106.748894175963,32.2744355732295],[-106.748896420494,32.2744366222414],[-106.748898832087,32.274437356747],[-106.748901349078,32.274437758953],[-106.748903909844,32.2744378191822],[-106.748906449616,32.274437534985],[-106.749003189498,32.2744200030893],[-106.749005862903,32.2744193089191],[-106.749008356941,32.2744182330701],[-106.749010595366,32.2744168092125],[-106.749012511534,32.2744150799967],[-106.749014049457,32.2744130952462],[-106.749015161696,32.2744109155728],[-106.7490158157,32.2744086060388],[-106.749015991672,32.2744062343617],[-106.749015684702,32.2744038736114]],[[-106.748936961125,32.274151589844],[-106.748939380037,32.2741495898899],[-106.748941388589,32.2741472849255],[-106.7489429351,32.2741447364812],[-106.748943979584,32.274142008747],[-106.74894449378,32.2741391748849],[-106.748944465345,32.2741363070922],[-106.748942765036,32.2741330599095],[-106.748940484469,32.2741300801651],[-106.748937680308,32.2741274415872],[-106.748934422984,32.274125211537],[-106.748913171974,32.274116076705],[-106.748910495128,32.2741155587911],[-106.74890775352,32.2741154271278],[-106.748905024673,32.2741156877218],[-106.748902384969,32.2741163312528],[-106.748899909684,32.27411734119],[-106.748897667661,32.2741186884021],[-106.748879971871,32.2741392548049],[-106.74887740411,32.2741427641526],[-106.748875484396,32.2741465604364],[-106.74887425472,32.2741505578143],[-106.748873743258,32.2741546677929],[-106.748873962233,32.274158795629],[-106.748874905831,32.2741628493561],[-106.748879213097,32.2741792542552],[-106.748849180355,32.2741837667289],[-106.748847894292,32.2741840558935],[-106.74884667708,32.2741845116297],[-106.748845557313,32.2741851221004],[-106.748844563576,32.2741858727629],[-106.748843719127,32.2741867463902],[-106.748843045072,32.2741877203525],[-106.748842556146,32.2741887711432],[-106.748842266014,32.2741898743583],[-106.748842181954,32.2741910020115],[-106.748845178948,32.2742023030675],[-106.748845388134,32.2742030904642],[-106.748845459421,32.2742038964427],[-106.748845390579,32.274204701171],[-106.74884518365,32.2742054902113],[-106.748839344004,32.2742219559319],[-106.748839141188,32.2742227206058],[-106.748839069038,32.2742235028007],[-106.748839127454,32.2742242844799],[-106.748841199198,32.2742372125328],[-106.748841501816,32.2742383909665],[-106.748842019625,32.2742395144387],[-106.748842740787,32.274240553235],[-106.748843644998,32.2742414830855],[-106.748844710891,32.2742422788226],[-106.748845911828,32.2742429225143],[-106.74884721799,32.2742433962412],[-106.748848595342,32.2742436884138],[-106.748850009883,32.2742437928532],[-106.748851425495,32.2742437051929],[-106.748897772742,32.2742352593082],[-106.748898848665,32.274234978188],[-106.748899850504,32.2742345440448],[-106.748900748596,32.274233967818],[-106.748901515446,32.2742332685552],[-106.748902128875,32.2742324670868],[-106.748902568847,32.274231587842],[-106.74890282383,32.2742306570203],[-106.748902885483,32.2742297026122],[-106.748902750781,32.2742287534889],[-106.748887455797,32.2741668148502],[-106.748887324675,32.2741659378614],[-106.748887361242,32.274165054799],[-106.748887562433,32.2741641873198],[-106.748887925196,32.2741633597859],[-106.748888440081,32.2741625911736],[-106.748889092346,32.2741619031858],[-106.748889866157,32.2741613121185],[-106.748890741433,32.2741608342843],[-106.748891695952,32.274160482397],[-106.748892703216,32.2741602637763],[-106.748924567609,32.2741556502635],[-106.748927916909,32.2741552898174],[-106.748931153334,32.2741544770851],[-106.748934195261,32.2741532331315],[-106.748936961125,32.274151589844]]]}},{"type":"Feature","properties":{"id":"parking-59","category":"parking","name":"Wells St"},"geometry":{"type":"Polygon","coordinates":[[[-106.746737773073,32.2763093889813],[-106.747115609226,32.2761395671372],[-106.747152560461,32.2761832456096],[-106.746759956271,32.2763644637962],[-106.746737773073,32.2763093889813]]]}},{"type":"Feature","properties":{"id":"parking-60","category":"parking","name":"Lot 81"},"geometry":{"type":"Polygon","coordinates":[[[-106.746503163112,32.2761169597533],[-106.74655750911,32.2760917150535],[-106.746699209524,32.2763171505214],[-106.746641575586,32.276338464392],[-106.746503163112,32.2761169597533]]]}},{"type":"Feature","properties":{"id":"parking-61","category":"parking","name":"Lot 95"},"geometry":{"type":"Polygon","coordinates":[[[-106.747275353327,32.2755821580261],[-106.747245177154,32.2754627862192],[-106.747214873253,32.2754682796923],[-106.747150217582,32.2751855252222],[-106.747508694104,32.2751150773625],[-106.747603696142,32.2754557429639],[-106.747599270859,32.2754593037949],[-106.747595631178,32.275463457658],[-106.747592887885,32.2754680805622],[-106.74759111985,32.2754730360165],[-106.747590381466,32.2754781759021],[-106.747590694189,32.2754833468189],[-106.747597093586,32.2755071369387],[-106.747438214978,32.2755417258412],[-106.74743685462,32.2755422163982],[-106.747435604589,32.2755428877939],[-106.747434498751,32.2755437209558],[-106.747433564592,32.2755446950331],[-106.747432828507,32.2755457837679],[-106.747432307329,32.2755469591364],[-106.747432017879,32.275548191311],[-106.747431964218,32.2755494460052],[-106.747432150423,32.2755506925398],[-106.747275353327,32.2755821580261]]]}},{"type":"Feature","properties":{"id":"parking-62","category":"parking","name":"Burrell College Parking"},"geometry":{"type":"Polygon","coordinates":[[[-106.737040354894,32.2788588641768],[-106.736778016441,32.2787309046752],[-106.736809968399,32.2786891995919],[-106.736776334699,32.2786455981909],[-106.736725325017,32.2786588681156],[-106.736616987594,32.2783586281194],[-106.736683283989,32.2783403905208],[-106.736651892439,32.2782361269473],[-106.736652453333,32.2782143269005],[-106.736710750926,32.2781200150973],[-106.736801559656,32.2779816286519],[-106.737391820058,32.2782621933398],[-106.737364913176,32.2783038989421],[-106.737367155628,32.2783422868508],[-106.737359868762,32.2784204843297],[-106.73733968866,32.2784261708536],[-106.737302692673,32.2784792508155],[-106.737358186697,32.2785043689329],[-106.737139011842,32.2788403806846],[-106.737080153245,32.2788162106755],[-106.737040354894,32.2788588641768]],[[-106.737037929414,32.2786497202723],[-106.737222434902,32.2783782503684],[-106.737261320901,32.2783973243245],[-106.737263592213,32.2783982264366],[-106.737266011374,32.2783987852726],[-106.737268507157,32.2783989821682],[-106.737271006291,32.278398812897],[-106.737273434489,32.2783982822547],[-106.737275719648,32.2783974058512],[-106.7372777929,32.2783962092041],[-106.737279594991,32.2783947286165],[-106.737281070951,32.2783930075895],[-106.737282178587,32.27839109679],[-106.737282883171,32.278389053169],[-106.737283885043,32.2783820535984],[-106.737283598962,32.2783750075916],[-106.737282031141,32.2783680846735],[-106.737279219629,32.278361451541],[-106.737275233218,32.2783552675571],[-106.737270166136,32.2783496838702],[-106.737264142245,32.278344834379],[-106.737257307603,32.2783408357612],[-106.737218100869,32.2783215330675],[-106.737210586522,32.2783184722951],[-106.737204345461,32.2783168847539],[-106.737157016182,32.2783261138621],[-106.737155931765,32.2783268079658],[-106.737154206434,32.2783283495819],[-106.737152816725,32.2783301198769],[-106.737151803754,32.2783320654825],[-106.73715119907,32.278334130362],[-106.737151019326,32.2783362522231],[-106.737151270557,32.2783383688143],[-106.737151945001,32.2783404179374],[-106.73715302216,32.2783423383453],[-106.73715447095,32.2783440742425],[-106.737156247567,32.2783455734906],[-106.737158300815,32.2783467911939],[-106.737197208077,32.2783658759102],[-106.737012701476,32.2786373457823],[-106.736972129449,32.2786174449362],[-106.736970066558,32.2786166087526],[-106.736967874612,32.2786160571516],[-106.736965608885,32.2786158034478],[-106.736963323555,32.2786158546472],[-106.736961075933,32.2786162078234],[-106.736958922247,32.2786168564463],[-106.736956913362,32.2786177831847],[-106.736955100108,32.2786189643942],[-106.736953526925,32.2786203728479],[-106.736952231843,32.2786219732266],[-106.736947376082,32.2786291175218],[-106.736943441906,32.2786362853192],[-106.736941032568,32.2786439243193],[-106.736940220077,32.2786518024674],[-106.736941031825,32.2786596815676],[-106.736943441043,32.2786673200254],[-106.736947374316,32.2786744881504],[-106.736952713701,32.2786809672458],[-106.736959296779,32.2786865595293],[-106.736966922004,32.2786910953267],[-106.737006066731,32.278710296426],[-106.7370144945,32.278713635969],[-106.737023476949,32.2787156837167],[-106.737032740908,32.278716375789],[-106.737042006009,32.2787156925244],[-106.737050991039,32.2787136539463],[-106.737059423502,32.278710322432],[-106.737067048089,32.2787057981706],[-106.737073633048,32.2787002191384],[-106.737078979706,32.2786937547489],[-106.737083879839,32.2786865714977],[-106.737084867302,32.2786848180866],[-106.73708552084,32.278682955035],[-106.73708582159,32.2786810284104],[-106.7370857645,32.2786790860306],[-106.737085349815,32.2786771738895],[-106.737084587354,32.2786753415513],[-106.737083497525,32.2786736331283],[-106.737082104964,32.2786720900108],[-106.737080445977,32.2786707517406],[-106.737078560016,32.2786696506323],[-106.737037929414,32.2786497202723]],[[-106.736869829593,32.2786280285466],[-106.736903892626,32.278577911797],[-106.736904966066,32.2785759569416],[-106.736905622677,32.2785738738259],[-106.736905844746,32.2785717247464],[-106.73690562307,32.2785695755739],[-106.736904966499,32.2785674930119],[-106.7369038934,32.278565537414],[-106.736902437017,32.27856377088],[-106.736900642213,32.2785622455448],[-106.736898562319,32.2785610080992],[-106.736857916909,32.2785410714245],[-106.73697632568,32.2783668531946],[-106.737027857631,32.2782910337619],[-106.737066844666,32.278310156991],[-106.737069103216,32.2783110555485],[-106.73707150963,32.2783116135356],[-106.737073992695,32.2783118149934],[-106.737076480188,32.2783116529857],[-106.737078897828,32.2783111332102],[-106.737081175628,32.2783102703664],[-106.737083247906,32.2783090899597],[-106.737085051152,32.2783076265057],[-106.737086535698,32.2783059225831],[-106.73708765511,32.278304029777],[-106.737088377827,32.2783020014186],[-106.737089462279,32.2782949573399],[-106.737089239608,32.2782878551727],[-106.737087713934,32.2782808698614],[-106.737084923327,32.2782741726119],[-106.737080936605,32.2782679272966],[-106.737075850134,32.2782622877614],[-106.737069790976,32.2782573915002],[-106.737062906273,32.2782533587943],[-106.737023699617,32.2782340560391],[-106.737016125729,32.2782309756438],[-106.737008076534,32.2782289414315],[-106.736999752941,32.2782280040331],[-106.736991357839,32.2782281870163],[-106.736983101398,32.2782294859633],[-106.736975186202,32.2782318676261],[-106.736967808332,32.2782352735299],[-106.736961149939,32.2782396209033],[-106.736959449051,32.2782411678336],[-106.736958083755,32.2782429380323],[-106.73695709306,32.278244880845],[-106.736956507441,32.2782469384353],[-106.736956342501,32.2782490503186],[-106.736956604281,32.2782511551455],[-106.73695728396,32.2782531916235],[-106.736958363175,32.278255100301],[-106.736959808712,32.2782568244889],[-106.736961578902,32.2782583138441],[-106.736963622558,32.2782595252746],[-106.737002629794,32.2782786592682],[-106.736937549141,32.2783744141739],[-106.73686182255,32.2784858329568],[-106.736821177182,32.2784658962696],[-106.736818022129,32.2784654962831],[-106.736814831301,32.2784655536759],[-106.736811698121,32.2784660689898],[-106.736808712737,32.2784670256438],[-106.736805960994,32.2784683971533],[-106.736803520175,32.2784701435385],[-106.736801462208,32.278472215822],[-106.73679984515,32.2784745524538],[-106.736798716425,32.2784770883174],[-106.736798107485,32.2784797493391],[-106.736798037033,32.2784824596911],[-106.73684314974,32.2786250533625],[-106.736843981857,32.2786270089881],[-106.736845186875,32.2786288188791],[-106.736846731607,32.2786304308555],[-106.736848573358,32.278631801793],[-106.736850658828,32.2786328904115],[-106.736852928411,32.2786336671795],[-106.736855320415,32.2786341097885],[-106.736857765775,32.2786342067805],[-106.736860194404,32.2786339539164],[-106.736862540524,32.2786333586647],[-106.736864735228,32.2786324393281],[-106.736866718133,32.2786312195878],[-106.736868432106,32.2786297357383],[-106.736869829593,32.2786280285466]],[[-106.736789101065,32.2782559557629],[-106.73673385367,32.2782288559638],[-106.73673163766,32.2782279707642],[-106.736729277964,32.2782274134925],[-106.736726841547,32.2782272001239],[-106.736724397445,32.2782273367054],[-106.73672201464,32.2782278193638],[-106.736719760999,32.2782286343096],[-106.736717700092,32.2782297578495],[-106.736715889079,32.2782311591002],[-106.73671438083,32.2782327990779],[-106.736713217554,32.2782346298217],[-106.73671243189,32.2782366007017],[-106.73671204583,32.2782386557181],[-106.736712069679,32.2782407362105],[-106.736712504185,32.2782427835552],[-106.73672221924,32.2782734886171],[-106.736753117038,32.2783711533833],[-106.73675394915,32.2783731090096],[-106.736755154163,32.2783749189015],[-106.736756698894,32.278376531781],[-106.736758540633,32.2783779018181],[-106.736760626096,32.2783789904382],[-106.736762895672,32.2783797672079],[-106.736765287669,32.2783802098186],[-106.736767733023,32.2783803068124],[-106.736770161645,32.2783800539501],[-106.736772507764,32.278379459602],[-106.736774702458,32.2783785393652],[-106.736776685358,32.2783773196263],[-106.736778399328,32.278375835778],[-106.736779796814,32.2783741285872],[-106.736805943127,32.2783356591976],[-106.736807016566,32.278333704343],[-106.736807673178,32.2783316212278],[-106.736807895254,32.2783294730501],[-106.736807673581,32.2783273238774],[-106.736807017008,32.2783252404129],[-106.73680594392,32.2783232857158],[-106.736804487542,32.2783215191806],[-106.736802692745,32.2783199938438],[-106.736800612857,32.2783187563965],[-106.736759968639,32.2782988196842],[-106.736784559195,32.2782626379934],[-106.736789101065,32.2782559557629]],[[-106.736832196484,32.2781427319381],[-106.736823811397,32.278141807391],[-106.736815360189,32.2781420185364],[-106.736807054091,32.2781433609524],[-106.736799100985,32.2781457995674],[-106.736791701188,32.2781492740865],[-106.736785038951,32.2781536972215],[-106.73678336144,32.2781552485687],[-106.736782017378,32.2781570195855],[-106.736781047892,32.2781589587076],[-106.73678047816,32.278161009923],[-106.73678032803,32.2781631127305],[-106.736780599306,32.2781652076007],[-106.736781284226,32.2781672323354],[-106.736782364435,32.2781691292864],[-106.736783807787,32.2781708426626],[-106.736785571559,32.2781723239283],[-106.736787606684,32.2781735290816],[-106.736874197752,32.2782160037324],[-106.736876444596,32.2782168978291],[-106.736878837206,32.2782174558731],[-106.736881307544,32.2782176600894],[-106.73688378234,32.2782175062512],[-106.736886190477,32.2782169964364],[-106.736888461979,32.2782161471482],[-106.73689053116,32.27821498299],[-106.736892336621,32.2782135366654],[-106.73689382764,32.2782118516592],[-106.736894959881,32.2782099750387],[-106.736895701796,32.2782079628408],[-106.736896868823,32.2782008733524],[-106.736896709572,32.2781937168287],[-106.736895226049,32.278186670026],[-106.73689245741,32.2781799086555],[-106.73688847144,32.2781736020048],[-106.736883365579,32.2781679066212],[-106.736877271155,32.2781629635901],[-106.736870336391,32.2781588967959],[-106.736847932179,32.2781478668762],[-106.736840304068,32.2781447686422],[-106.736832196484,32.2781427319381]]]}},{"type":"Feature","properties":{"id":"parking-63","category":"parking","name":"Burrell College Parking"},"geometry":{"type":"Polygon","coordinates":[[[-106.738503392798,32.277224289192],[-106.738615503193,32.2776072250133],[-106.738614942582,32.2776276037404],[-106.738250662041,32.2781593243807],[-106.738081360594,32.2780717149646],[-106.738373185791,32.2776221888848],[-106.738404652357,32.2776236355271],[-106.738425077283,32.2776179199294],[-106.738438302084,32.2776063664972],[-106.738443739179,32.2775968002136],[-106.738449580294,32.2775778413296],[-106.73842771859,32.2775034342914],[-106.738368860906,32.2775171780409],[-106.738288186903,32.2772652189088],[-106.738503392798,32.277224289192]]]}},{"type":"Feature","properties":{"id":"parking-64","category":"parking","name":"Burrell College Parking"},"geometry":{"type":"Polygon","coordinates":[[[-106.738201536603,32.2769771679451],[-106.738144870635,32.2770569812892],[-106.738094285292,32.2770295520158],[-106.738083723891,32.2770279983498],[-106.738070176935,32.2770301339944],[-106.738061223177,32.2770342107208],[-106.738035277338,32.2770710941333],[-106.736996631326,32.2765684608932],[-106.737016721318,32.2765384318402],[-106.737022779813,32.2765307093213],[-106.737021713402,32.2765200670083],[-106.737015679398,32.2765131008831],[-106.737010622534,32.2765090097179],[-106.736966855294,32.2764865644138],[-106.737092138403,32.2763004934742],[-106.737139748546,32.2763253417925],[-106.737153420464,32.2763257471998],[-106.73715998572,32.2763226717939],[-106.737189460845,32.2762821088915],[-106.738154670929,32.2767453553624],[-106.738131710581,32.2767801033822],[-106.73813286663,32.2767902132424],[-106.738139287471,32.2767946625385],[-106.738196229026,32.2768600823089],[-106.738145257053,32.2769321023401],[-106.738145486425,32.2769408377439],[-106.738148592148,32.276952055665],[-106.738201536603,32.2769771679451]]]}},{"type":"Feature","properties":{"id":"parking-65","category":"parking","name":"Facilities And Services Special Use Parking"},"geometry":{"type":"Polygon","coordinates":[[[-106.746777807662,32.2756319118012],[-106.746995958788,32.2758880493427],[-106.746357936402,32.2761844195209],[-106.746339493612,32.2761559031429],[-106.746324097652,32.2761630901213],[-106.746144976902,32.2758985533231],[-106.746382252365,32.275773656233],[-106.746429357323,32.2758289145379],[-106.746673053183,32.2757074547966],[-106.746777807662,32.2756319118012]]]}},{"type":"Feature","properties":{"id":"parking-66","category":"parking","name":"Lot 8"},"geometry":{"type":"Polygon","coordinates":[[[-106.75388164478,32.2841726214819],[-106.753882629191,32.2841711321983],[-106.753883565079,32.2841689315445],[-106.75388406194,32.2841666289292],[-106.753884107389,32.2841642884336],[-106.753865491706,32.2840798832305],[-106.753864561558,32.2840775538425],[-106.753863172653,32.28407539403],[-106.753861365705,32.2840734712698],[-106.753859195167,32.2840718412596],[-106.753858838485,32.2840716550969],[-106.753850270475,32.2840212638523],[-106.754060741128,32.2839746799893],[-106.754063276632,32.283974154909],[-106.754072654576,32.2839715363648],[-106.754081434472,32.2839677054082],[-106.754089402387,32.2839627557845],[-106.754096362591,32.2839568100256],[-106.754099977101,32.283947715718],[-106.754159280301,32.2839740836941],[-106.75415066783,32.2839981976134],[-106.754147671774,32.2840064353964],[-106.754146311295,32.2840149795932],[-106.754146623329,32.2840235982796],[-106.754151106999,32.2840413090489],[-106.754176775275,32.2840347222285],[-106.754214231773,32.2840278791037],[-106.75424417941,32.2841461631894],[-106.754241014635,32.2841467412901],[-106.754225191829,32.2841496326897],[-106.754201457083,32.2841539688858],[-106.754199266784,32.2841545250574],[-106.754197206515,32.2841553647941],[-106.754195325004,32.2841564689625],[-106.754193670929,32.2841578085088],[-106.754192284455,32.2841593517078],[-106.754191198283,32.284161060551],[-106.754190440844,32.2841628925376],[-106.754190028874,32.284164802508],[-106.754189974853,32.2841667435161],[-106.754190278516,32.2841686677645],[-106.754191105567,32.2841719336874],[-106.75419499011,32.2841872749675],[-106.754199996945,32.2842070515996],[-106.754204751966,32.2842258317849],[-106.753917204449,32.284276022481],[-106.753906465915,32.284235149065],[-106.75388164478,32.2841726214819]]]}},{"type":"Feature","properties":{"id":"parking-67","category":"parking","name":"Lot 12"},"geometry":{"type":"Polygon","coordinates":[[[-106.752822117021,32.283879296654],[-106.752806702082,32.2838402788388],[-106.752811276229,32.2838394182926],[-106.752811268634,32.2838393885617],[-106.752796979682,32.2837845143503],[-106.752791996162,32.2837854513799],[-106.752775274139,32.2837231104723],[-106.752711130923,32.2837343666743],[-106.752616154477,32.2833645583593],[-106.752806432162,32.283330353757],[-106.752954023629,32.2838588619896],[-106.752822117021,32.283879296654]]]}},{"type":"Feature","properties":{"id":"parking-68","category":"parking","name":"Lot 7"},"geometry":{"type":"Polygon","coordinates":[[[-106.754256269353,32.2839694387709],[-106.754252176038,32.2839533975843],[-106.754177190351,32.2839650639797],[-106.754168030809,32.2839687792174],[-106.75415971464,32.2839737221198],[-106.754159280301,32.2839740836941],[-106.754099977101,32.283947715718],[-106.754103144351,32.2839424046748],[-106.754106174747,32.2839344246863],[-106.754107700161,32.2839261404675],[-106.754106676569,32.2839003956849],[-106.75410545653,32.2838947937214],[-106.754103118969,32.2838894550514],[-106.754099733768,32.2838845381227],[-106.754095401536,32.2838801895356],[-106.754090252517,32.2838765404413],[-106.754084440191,32.2838736993513],[-106.754078138076,32.2838717512492],[-106.754074848461,32.2838712548326],[-106.754054971394,32.2838801209521],[-106.754035234267,32.2838039244246],[-106.754134087945,32.2837855612482],[-106.754173176648,32.2837930168476],[-106.754169680557,32.2838444275366],[-106.754171171775,32.2838675731087],[-106.754171957935,32.2838722758505],[-106.754173685817,32.2838767935595],[-106.754175963094,32.2838804459996],[-106.754279593133,32.2838601544113],[-106.754262810993,32.2837997980293],[-106.754584068861,32.283740103384],[-106.754632585946,32.2837720732733],[-106.754671442165,32.2838251490918],[-106.754704279951,32.2838592513722],[-106.754627680555,32.2839017580119],[-106.754553885568,32.2839225259043],[-106.7544062059,32.2839476842277],[-106.754256269353,32.2839694387709]]]}},{"type":"Feature","properties":{"id":"parking-69","category":"parking","name":"Lot 9"},"geometry":{"type":"Polygon","coordinates":[[[-106.753723694627,32.2837893805717],[-106.753667020395,32.2837993295357],[-106.753659798143,32.2837747701595],[-106.753659014328,32.2837725998146],[-106.753657836312,32.2837705618109],[-106.753656295165,32.2837687074303],[-106.753654428298,32.2837670825182],[-106.753652283714,32.2837657283685],[-106.753649913618,32.2837646781415],[-106.75364737867,32.283763958651],[-106.753644741612,32.2837635885858],[-106.753642069371,32.2837635757955],[-106.753293841711,32.2838248103941],[-106.753211811757,32.2835138430034],[-106.753208508835,32.283504973792],[-106.753203467133,32.2834967166543],[-106.753196836618,32.2834893135916],[-106.753188812777,32.2834829829755],[-106.753180718532,32.2834785140688],[-106.753179631275,32.2834779132563],[-106.753169563651,32.2834742530598],[-106.753158907761,32.2834721103234],[-106.753147978205,32.2834715487271],[-106.753138501891,32.2834371184746],[-106.753530781737,32.2833786865863],[-106.753611985711,32.2833667504724],[-106.753723694627,32.2837893805717]]]}},{"type":"Feature","properties":{"id":"parking-70","category":"parking","name":"Lot 16"},"geometry":{"type":"Polygon","coordinates":[[[-106.74964276059,32.2840349336219],[-106.74971380178,32.2840238374608],[-106.749648620667,32.2839191040729],[-106.74961288631,32.2839269978101],[-106.749597956774,32.2838730564753],[-106.75018683326,32.2837632421608],[-106.750299854265,32.2838566333971],[-106.750571311005,32.2838071983239],[-106.750657129626,32.2841303121639],[-106.749751403177,32.2842913286939],[-106.749740863591,32.2842457392249],[-106.749768108661,32.2842408677988],[-106.749739805058,32.2841355781624],[-106.749679446136,32.2841468665514],[-106.74964276059,32.2840349336219]]]}},{"type":"Feature","properties":{"id":"parking-71","category":"parking","name":"Lot 14"},"geometry":{"type":"Polygon","coordinates":[[[-106.75066738556,32.2840600440198],[-106.750563133876,32.2837103155456],[-106.751263202657,32.2835664874468],[-106.751383757981,32.2840318920184],[-106.751410826764,32.2841339277765],[-106.751415929467,32.2841529078038],[-106.751427049337,32.2841672049528],[-106.751444187009,32.2841809857912],[-106.75145622502,32.2841867585622],[-106.751466271427,32.2841915769614],[-106.751479815172,32.2841939329336],[-106.751500947613,32.2841955156377],[-106.751540645945,32.2841910615328],[-106.751561938963,32.2841903781282],[-106.751579573568,32.2841918250043],[-106.751596694074,32.2841939963061],[-106.751612101875,32.2841980493663],[-106.751624429029,32.2842048517933],[-106.751633502481,32.2842120883108],[-106.751640863756,32.2842203381],[-106.751646684858,32.2842330753264],[-106.75177133275,32.2847129704475],[-106.751670310758,32.2847739557614],[-106.751548564329,32.2843167333857],[-106.751596329955,32.284285227635],[-106.751599774743,32.2842776546001],[-106.751598747552,32.284266364746],[-106.751591722309,32.2842526213206],[-106.75158279076,32.2842460912911],[-106.751574245076,32.2842398420089],[-106.751559531861,32.2842362235852],[-106.751540539228,32.2842366759964],[-106.751471790355,32.2842493405245],[-106.751457879999,32.2842552199466],[-106.751454134401,32.2842656232925],[-106.751452738559,32.2842724180025],[-106.751466992306,32.2843275865108],[-106.751367722832,32.2843491192767],[-106.751347477415,32.2842801040103],[-106.75133572212,32.2842745826261],[-106.751262860971,32.2842918015031],[-106.7512013416,32.2840527158236],[-106.751254842753,32.2840438817252],[-106.751259023225,32.2840382276327],[-106.751261701437,32.2840283236479],[-106.751248860809,32.2839847148971],[-106.751230574551,32.2839742249515],[-106.751205757188,32.283967047287],[-106.751178327619,32.2839698076095],[-106.751175427647,32.2839756820811],[-106.751190893021,32.2840272735664],[-106.750683345635,32.2841209542826],[-106.75066738556,32.2840600440198]]]}},{"type":"Feature","properties":{"id":"parking-72","category":"parking","name":"Lot 18"},"geometry":{"type":"Polygon","coordinates":[[[-106.748519796865,32.2848763812598],[-106.748535219749,32.2849346172079],[-106.748538960845,32.2849487453347],[-106.74854010692,32.2849515609118],[-106.748541775324,32.2849541805279],[-106.748543924267,32.284956534003],[-106.748546493961,32.2849585602472],[-106.748549418284,32.2849602045082],[-106.748552618433,32.2849614229063],[-106.748556008232,32.2849621824129],[-106.748559499462,32.2849624644374],[-106.748562997587,32.2849622603346],[-106.748602633837,32.2849551027317],[-106.748603939284,32.2849550299379],[-106.748605242514,32.2849551339165],[-106.748606508486,32.2849554139041],[-106.748607705309,32.2849558619098],[-106.748608803191,32.2849564663271],[-106.748609773384,32.284957211938],[-106.748610591368,32.2849580799005],[-106.748611234723,32.2849590477565],[-106.748611689512,32.2849600903093],[-106.74861294437,32.2849647416338],[-106.748739615714,32.2854343470344],[-106.748546657054,32.2854730861367],[-106.748448698979,32.2850911393787],[-106.748446242992,32.285081564154],[-106.74843460525,32.2850361890453],[-106.748466760579,32.2850275855781],[-106.74847052649,32.2850258734203],[-106.748473937346,32.2850236891899],[-106.748476910614,32.2850210837166],[-106.748479375512,32.2850181204098],[-106.748481272971,32.2850148698474],[-106.748482557761,32.2850114088656],[-106.748483199552,32.2850078214568],[-106.748483182889,32.2850041933582],[-106.748450066641,32.2848889506206],[-106.748519796865,32.2848763812598]]]}},{"type":"Feature","properties":{"id":"parking-73","category":"parking","name":"Lot 23"},"geometry":{"type":"Polygon","coordinates":[[[-106.746155794779,32.2851632352734],[-106.74599986298,32.2851876793937],[-106.745994933772,32.2851463504824],[-106.745936900036,32.2851553390448],[-106.745868244655,32.2851645839327],[-106.745863951826,32.285166050072],[-106.745859990121,32.2851680803743],[-106.745856460108,32.2851706212353],[-106.745853452738,32.2851736082661],[-106.745851046162,32.285176965404],[-106.745849300417,32.2851806049333],[-106.745848261719,32.2851844355851],[-106.745847956066,32.2851883571514],[-106.745848391411,32.2851922703968],[-106.745867393952,32.2852632430548],[-106.745868725525,32.2852667992534],[-106.745870738449,32.2852701164901],[-106.745873378066,32.2852731002849],[-106.745876567481,32.285275667067],[-106.745880218174,32.2852777432319],[-106.745884226847,32.2852792705646],[-106.745888479669,32.285280206223],[-106.745892856527,32.2852805236231],[-106.745897235276,32.2852802133241],[-106.745947951351,32.2852710893826],[-106.745949870646,32.2852704676809],[-106.745951635582,32.285269574225],[-106.745953192167,32.2852684371845],[-106.745954495988,32.2852670892008],[-106.745955505859,32.2852655701171],[-106.745956194425,32.2852639260357],[-106.745956538597,32.2852622057472],[-106.745956529104,32.2852604615959],[-106.74595616622,32.2852587440846],[-106.74594954267,32.2852289349143],[-106.747048053021,32.2850564665311],[-106.747051002679,32.2850635380936],[-106.747055338072,32.2850700739103],[-106.747060929685,32.285075880592],[-106.747067613074,32.2850807847277],[-106.747075188912,32.2850846400994],[-106.747083432566,32.2850873330556],[-106.747092097292,32.2850887834006],[-106.747100925932,32.2850889479556],[-106.747109657288,32.285087821436],[-106.747136416106,32.2850819027304],[-106.747148613934,32.285138010543],[-106.747086985262,32.2851488977627],[-106.747079279893,32.2851504910106],[-106.747071965414,32.2851530936993],[-106.74706522515,32.2851566428793],[-106.747059226355,32.2851610486085],[-106.747054118129,32.2851662020775],[-106.747050029288,32.2851719738139],[-106.747047062036,32.2851782209225],[-106.747045287709,32.2851847861997],[-106.747044753199,32.2851915080288],[-106.747042064404,32.2852147431947],[-106.745979990375,32.2853850031744],[-106.745921057581,32.2853932719733],[-106.745904787687,32.285407739404],[-106.745901496715,32.2854202610642],[-106.745907015437,32.2854374585183],[-106.745834676381,32.2854524590676],[-106.74580844304,32.2853741159757],[-106.745772776227,32.2852892227619],[-106.745775482636,32.2852884825349],[-106.745777995834,32.2852873543668],[-106.745780240631,32.2852858728232],[-106.74578214826,32.285284082365],[-106.745783661692,32.2852820382294],[-106.745784734553,32.2852798028265],[-106.74578533429,32.2852774421195],[-106.745785443253,32.2852750292281],[-106.745785056526,32.2852726363201],[-106.745751989901,32.2851223916508],[-106.747110398308,32.2848852347175],[-106.747135878965,32.2849540659269],[-106.747038000397,32.2849745770372],[-106.747030244359,32.284976610587],[-106.747022974887,32.2849796766495],[-106.747016379462,32.2849836960253],[-106.747010630561,32.2849885634205],[-106.747005877187,32.2849941519891],[-106.747002242765,32.2850003169483],[-106.746999821972,32.2850068982973],[-106.746998677572,32.2850137244365],[-106.746998840445,32.2850206175789],[-106.747000305372,32.2850273991776],[-106.746155794779,32.2851632352734]]]}},{"type":"Feature","properties":{"id":"parking-74","category":"parking","name":"Lot 43"},"geometry":{"type":"Polygon","coordinates":[[[-106.7469841055,32.2807436171914],[-106.747483432442,32.2806500577209],[-106.747654352486,32.2813105421589],[-106.747154500681,32.2814001767995],[-106.7469841055,32.2807436171914]],[[-106.747275689778,32.2812576979007],[-106.74727287327,32.2812574979572],[-106.747270059046,32.2812577164658],[-106.747267332003,32.2812583476811],[-106.747264774834,32.2812593705349],[-106.747262465937,32.2812607558589],[-106.747260476205,32.281262460085],[-106.74725886375,32.2812644324804],[-106.747257679199,32.2812666124215],[-106.747256959348,32.2812689339279],[-106.747256723984,32.2812713265768],[-106.747256981201,32.2812737172861],[-106.747257723174,32.2812760339382],[-106.747258928289,32.2812782062733],[-106.747260557962,32.281280167706],[-106.747262565154,32.2812818579972],[-106.7472648859,32.2812832277967],[-106.747267452019,32.2812842340837],[-106.747270185843,32.2812848455993],[-106.74727300129,32.281285045547],[-106.747275816577,32.2812848270342],[-106.747278543625,32.2812841967205],[-106.747281099729,32.2812831729688],[-106.74728340863,32.2812817885463],[-106.747285399419,32.2812800834138],[-106.747287011879,32.2812781119199],[-106.747288195363,32.2812759310809],[-106.747288916275,32.2812736095702],[-106.747289151638,32.2812712169211],[-106.74728889442,32.2812688262119],[-106.747288151384,32.2812665095642],[-106.747286947331,32.2812643372252],[-106.747285316601,32.2812623766989],[-106.747283310465,32.281260685502],[-106.747280988659,32.2812593157071],[-106.747278422545,32.2812583103221],[-106.747275689778,32.2812576979007]],[[-106.747463672175,32.281230712613],[-106.747461675555,32.2812305707701],[-106.747459679494,32.2812307256357],[-106.747457745543,32.2812311733597],[-106.747455933069,32.2812318983768],[-106.747454296105,32.2812328806334],[-106.747452884378,32.2812340892704],[-106.747451742274,32.2812354871369],[-106.747450902481,32.2812370335206],[-106.747450391272,32.2812386796179],[-106.747450224302,32.2812403757649],[-106.747450406601,32.281242071438],[-106.747450933635,32.2812437134454],[-106.747451787094,32.2812452540609],[-106.747452943357,32.2812466446774],[-106.747454366099,32.2812478430507],[-106.747456011603,32.2812488141806],[-106.747457831929,32.2812495275929],[-106.747459769633,32.2812499618693],[-106.747461766248,32.2812501028103],[-106.747463761248,32.281249947949],[-106.747465695204,32.2812495011267],[-106.747467507673,32.2812487752076],[-106.747469144643,32.2812477938527],[-106.747470556369,32.2812465852155],[-106.74747169953,32.2812451864428],[-106.747472539328,32.2812436409608],[-106.747473050536,32.2812419948634],[-106.747473216445,32.2812402987206],[-106.747473034145,32.2812386030475],[-106.747472508167,32.2812369601342],[-106.747471653652,32.2812354204248],[-106.74747049845,32.2812340298043],[-106.747469075702,32.2812328305293],[-106.747467429142,32.2812318603056],[-106.747465609878,32.2812311468893],[-106.747463672175,32.281230712613]],[[-106.747408522657,32.2810088829748],[-106.747405645622,32.2810086787633],[-106.747402770919,32.2810089020224],[-106.747399985566,32.2810095460962],[-106.747397373325,32.2810105917159],[-106.747395014699,32.2810120060976],[-106.747392981652,32.2810137474725],[-106.747391335459,32.281015761488],[-106.747390125692,32.2810179884261],[-106.747389389136,32.2810203605031],[-106.747389148749,32.2810228045779],[-106.747389411557,32.2810252466708],[-106.747390170788,32.2810276128563],[-106.747391400575,32.2810298319895],[-106.747393065511,32.281031835669],[-106.747395115365,32.2810335627662],[-106.74739748722,32.2810349612214],[-106.747400108655,32.2810359889325],[-106.747402899877,32.2810366146489],[-106.747405776914,32.2810368188604],[-106.747408651612,32.2810365946994],[-106.747411438028,32.2810359506213],[-106.747414049213,32.2810349059073],[-106.747416407834,32.2810334906234],[-106.747418440886,32.2810317501499],[-106.747420087073,32.2810297352323],[-106.74742129684,32.2810275082938],[-106.7474220334,32.2810251371186],[-106.747422273787,32.2810226930437],[-106.747422010977,32.2810202509509],[-106.747421252802,32.2810178838596],[-106.747420021958,32.2810156656326],[-106.747418357022,32.2810136619535],[-106.747416307168,32.2810119348567],[-106.747413935308,32.2810105355],[-106.747411313874,32.2810095077892],[-106.747408522657,32.2810088829748]],[[-106.747158768906,32.2807999098612],[-106.747156342174,32.2807997372399],[-106.747153916354,32.2807999262593],[-106.747151566779,32.2808004694079],[-106.747149364491,32.2808013510745],[-106.747147375162,32.2808025439449],[-106.747145660173,32.2808040126051],[-106.747144271295,32.2808057117585],[-106.747143250712,32.2808075898332],[-106.747142629962,32.2808095898882],[-106.747142427823,32.2808116514251],[-106.747142649259,32.2808137112945],[-106.747143288623,32.2808157072906],[-106.747144326477,32.2808175790655],[-106.747145731719,32.2808192690229],[-106.747147460545,32.2808207259294],[-106.747149460694,32.2808219057998],[-106.747151671455,32.2808227718969],[-106.747154025814,32.2808233001346],[-106.747156452541,32.280823471854],[-106.747158877305,32.2808232837407],[-106.747161226881,32.280822740592],[-106.747163429169,32.2808218589251],[-106.747165418493,32.2808206651526],[-106.747167133482,32.2808191964922],[-106.74716852236,32.2808174973385],[-106.747169542943,32.2808156192636],[-106.747170163693,32.2808136192085],[-106.747170366893,32.2808115576674],[-106.747170144394,32.2808094978022],[-106.747169505029,32.2808075018062],[-106.747168467175,32.2808056300315],[-106.747167062999,32.280803940972],[-106.747165334174,32.2808024840658],[-106.747163334025,32.2808013041957],[-106.747161123259,32.2808004371969],[-106.747158768906,32.2807999098612]],[[-106.747345241566,32.2807722903791],[-106.747343438245,32.2807721622027],[-106.747341635324,32.280772301876],[-106.747339889053,32.2807727064718],[-106.747338251371,32.280773361356],[-106.747336773136,32.280774248291],[-106.747335497725,32.2807753400505],[-106.747334465297,32.2807766031075],[-106.747333707493,32.2807779994596],[-106.747333245309,32.2807794857349],[-106.747333095493,32.2807810185784],[-106.747333259908,32.2807825501844],[-106.747333735114,32.2807840336699],[-106.747334507069,32.2807854248993],[-106.747335551119,32.2807866806805],[-106.747336836272,32.2807877632577],[-106.747338323073,32.2807886403194],[-106.747339966785,32.2807892849861],[-106.747341716341,32.2807896767163],[-106.747343520723,32.2807898048885],[-106.747345322583,32.2807896652194],[-106.747347069916,32.2807892606193],[-106.747348706537,32.2807886057392],[-106.747350185834,32.2807877187998],[-106.747351460183,32.2807866270444],[-106.747352492611,32.2807853639872],[-106.747353251476,32.2807839676308],[-106.747353712599,32.2807824813597],[-106.747353863476,32.280780948512],[-106.747353698003,32.280779417812],[-106.747353222792,32.2807779334248],[-106.747352451904,32.2807765430932],[-106.747351407849,32.2807752864102],[-106.747350122695,32.2807742038332],[-106.747348635895,32.2807733267716],[-106.747346992183,32.280772682105],[-106.747345241566,32.2807722903791]]]}},{"type":"Feature","properties":{"id":"parking-75","category":"parking","name":"Lot 79K"},"geometry":{"type":"Polygon","coordinates":[[[-106.748464786304,32.2732073350152],[-106.74848910995,32.2733165991069],[-106.748482552999,32.2733177829707],[-106.748481306281,32.2733182766978],[-106.748480177285,32.2733189449206],[-106.748479198814,32.2733197685705],[-106.748478401509,32.2733207213728],[-106.748477808575,32.2733217761802],[-106.748477435768,32.2733229022674],[-106.748477296698,32.27332406531],[-106.748477393307,32.2733252319318],[-106.748487842895,32.2733644295883],[-106.748488484483,32.2733668368181],[-106.748433022854,32.2733769382564],[-106.748422326415,32.2733358837439],[-106.748421808419,32.2733347241961],[-106.748421075411,32.2733336520752],[-106.748420146645,32.2733326943608],[-106.748419047742,32.2733318771057],[-106.748417808546,32.2733312227384],[-106.74841645993,32.2733307473706],[-106.748415038059,32.2733304643875],[-106.748413581186,32.2733303808529],[-106.748412127541,32.2733304993216],[-106.748410716379,32.2733308160311],[-106.74836427172,32.2733407853567],[-106.748362757832,32.2733413405613],[-106.748361367101,32.2733420936885],[-106.748360135511,32.2733430247554],[-106.748359093717,32.2733441101928],[-106.748358268113,32.2733453237428],[-106.748357680809,32.2733466319492],[-106.748357345437,32.2733480040953],[-106.748357272409,32.2733494031638],[-106.74836684711,32.2733905171215],[-106.748194449762,32.2734212390317],[-106.748184622672,32.2733793811223],[-106.748184252652,32.2733782985496],[-106.748183668582,32.2733772853623],[-106.748182887619,32.2733763730579],[-106.748181935388,32.2733755885908],[-106.748180837486,32.2733749544066],[-106.748179627992,32.2733744902117],[-106.748178343065,32.2733742084895],[-106.748177019912,32.2733741190136],[-106.74817569888,32.2733742234286],[-106.748103149126,32.2733875062361],[-106.748101926088,32.2733880602905],[-106.74810083028,32.2733887806867],[-106.748099891318,32.273389647467],[-106.748099137727,32.2733906361689],[-106.748098590581,32.2733917178496],[-106.748098263511,32.2733928617925],[-106.748098168023,32.273394036387],[-106.748098306055,32.2733952082568],[-106.748108806548,32.2734383107856],[-106.747585136325,32.2735342033053],[-106.74757428244,32.273494576078],[-106.747573795688,32.2734933045734],[-106.747573062083,32.2734921215215],[-106.747572101985,32.2734910620144],[-106.747570943161,32.2734901566059],[-106.747569619721,32.2734894313155],[-106.747568171064,32.2734889085344],[-106.747566638673,32.2734886034307],[-106.74756506717,32.2734885230435],[-106.747563503287,32.2734886716979],[-106.74756199052,32.2734890447134],[-106.747542526823,32.2734975014465],[-106.747529479328,32.2735042662694],[-106.747517772695,32.2735126148814],[-106.747507669158,32.2735223595652],[-106.747499396807,32.2735332802716],[-106.747441438004,32.2734999558699],[-106.747442918784,32.2734970280206],[-106.747443845634,32.2734939400188],[-106.747444195613,32.2734907677107],[-106.747443960642,32.2734875868843],[-106.747443146458,32.2734844759784],[-106.747442559904,32.2734833951583],[-106.74744177218,32.2734824098254],[-106.747440804669,32.2734815478532],[-106.747439685093,32.2734808316789],[-106.747438442222,32.2734802810301],[-106.747437110107,32.2734799111042],[-106.747435724894,32.2734797316792],[-106.7474155403,32.2734805813617],[-106.747407657923,32.2734489689446],[-106.747467110239,32.2734416344666],[-106.747470610585,32.2734409451884],[-106.747473925689,32.2734397687351],[-106.747476963383,32.2734381388383],[-106.74747963793,32.2734361009287],[-106.747481875336,32.2734337121149],[-106.747483612278,32.2734310402854],[-106.74748479927,32.2734281595876],[-106.747485404904,32.2734251504104],[-106.747485410541,32.2734220985037],[-106.74747815111,32.2733883182781],[-106.747478125475,32.2733880947186],[-106.748329695889,32.2732320847693],[-106.748336572239,32.2732588427934],[-106.748338299008,32.2732620826657],[-106.748340661038,32.2732650197129],[-106.748343584597,32.2732675649422],[-106.748346983284,32.2732696420366],[-106.748350753789,32.2732711882737],[-106.748354782268,32.2732721563042],[-106.748358946491,32.273272517751],[-106.748363122199,32.2732722613801],[-106.748367182049,32.2732713949092],[-106.748371005168,32.2732699440669],[-106.748374473967,32.2732679526066],[-106.748377485813,32.2732654822594],[-106.74837994769,32.2732626055411],[-106.748381787894,32.2732594102149],[-106.748382948568,32.2732559930075],[-106.748383395246,32.273252456867],[-106.74837919922,32.2732299675809],[-106.748377668208,32.2732258368038],[-106.748376346778,32.2732235377732],[-106.748464786304,32.2732073350152]]]}},{"type":"Feature","properties":{"id":"parking-76","category":"parking","name":"Lot 102"},"geometry":{"type":"Polygon","coordinates":[[[-106.742834221653,32.2833202368135],[-106.742960298442,32.2838636792753],[-106.742834955845,32.2838933462683],[-106.7427077615,32.2833429673564],[-106.742834221653,32.2833202368135]]]}},{"type":"Feature","properties":{"id":"parking-77","category":"parking","name":"Golf Course Parking"},"geometry":{"type":"Polygon","coordinates":[[[-106.725080701108,32.2862144701733],[-106.725996527666,32.285307988571],[-106.72617503121,32.2854209197476],[-106.726337736294,32.2852237013385],[-106.726641117961,32.2854259558838],[-106.726470144916,32.2856081574943],[-106.726510512411,32.2856350689839],[-106.726052599656,32.2861210182802],[-106.725809624609,32.2859621503345],[-106.725211533343,32.2865789321676],[-106.725445163218,32.2867097643453],[-106.725192843833,32.2869433940201],[-106.724847071656,32.286691073786],[-106.725183498063,32.2863266125303],[-106.725080701108,32.2862144701733]]]}},{"type":"Feature","properties":{"id":"parking-78","category":"parking","name":"Unnamed"},"geometry":{"type":"Polygon","coordinates":[[[-106.727813002162,32.2824873206782],[-106.728360277931,32.2829394184713],[-106.728021205323,32.2832368515144],[-106.72752151846,32.2827847536006],[-106.727813002162,32.2824873206782]]]}},{"type":"Feature","properties":{"id":"parking-79","category":"parking","name":"Lot 1"},"geometry":{"type":"Polygon","coordinates":[[[-106.760883170228,32.2813188485195],[-106.760895751867,32.2813664489419],[-106.760896515954,32.2813675352917],[-106.760897476825,32.2813685008987],[-106.760898612051,32.2813693215035],[-106.760899887525,32.2813699728938],[-106.760901272372,32.2813704398633],[-106.76090272724,32.2813707090431],[-106.760904214926,32.2813707724672],[-106.760919351716,32.2813679686853],[-106.760939837172,32.2814403787258],[-106.760929729232,32.2814426075229],[-106.760926825097,32.2814434471759],[-106.760924125972,32.281444686423],[-106.760921707033,32.2814462897878],[-106.760919635979,32.2814482137074],[-106.760917971953,32.2814504029293],[-106.760916760268,32.2814527977479],[-106.760916034516,32.2814553303879],[-106.760915815531,32.2814579295186],[-106.760916110343,32.2814605238651],[-106.760930044492,32.2815035734607],[-106.760341612429,32.2816100350582],[-106.760328119606,32.2815685898173],[-106.760326703616,32.2815667323068],[-106.76032495549,32.2815650916818],[-106.760322922168,32.2815637083362],[-106.760320654806,32.2815626181374],[-106.760318211956,32.2815618497082],[-106.760315656362,32.2815614226358],[-106.760313052842,32.2815613474806],[-106.760310468292,32.2815616266777],[-106.760307969553,32.2815622527423],[-106.760293626129,32.2815668317037],[-106.760291533334,32.2815677194692],[-106.760289636356,32.2815688824112],[-106.760287984924,32.2815702905674],[-106.760286623414,32.2815719058806],[-106.760285585564,32.2815736867291],[-106.760284899779,32.2815755870036],[-106.760258249093,32.2814821632887],[-106.760259314183,32.2814846787685],[-106.760260876082,32.2814869992439],[-106.760262888747,32.2814890545561],[-106.760265290257,32.2814907827274],[-106.760268007065,32.2814921308454],[-106.760270958261,32.2814930586537],[-106.760274054509,32.2814935376536],[-106.760277201247,32.2814935537978],[-106.760281958547,32.2814932053974],[-106.760286621611,32.2814923324978],[-106.760289510885,32.2814916814074],[-106.760292232298,32.2814906287677],[-106.760294708524,32.2814892055544],[-106.760296869715,32.2814874508295],[-106.760298656695,32.2814854135324],[-106.760300016706,32.2814831515949],[-106.760300914013,32.2814807291933],[-106.760301322445,32.2814782122686],[-106.760301229672,32.2814756739211],[-106.760300639266,32.2814731835791],[-106.760290538158,32.2814318914706],[-106.760883170228,32.2813188485195]]]}},{"type":"Feature","properties":{"id":"parking-80","category":"parking","name":"Unnamed"},"geometry":{"type":"Polygon","coordinates":[[[-106.759995127109,32.2815136403563],[-106.760064290876,32.2817708704376],[-106.759994799148,32.2817843632813],[-106.759925636632,32.2815271340581],[-106.759995127109,32.2815136403563]]]}},{"type":"Feature","properties":{"id":"parking-81","category":"parking","name":"Lot 2"},"geometry":{"type":"Polygon","coordinates":[[[-106.759552313155,32.2815133229713],[-106.759964001714,32.2814393260211],[-106.759971375601,32.2814838848675],[-106.759565737643,32.2815653951337],[-106.759552313155,32.2815133229713]]]}},{"type":"Feature","properties":{"id":"parking-82","category":"parking","name":"Knox St"},"geometry":{"type":"MultiPolygon","coordinates":[[[[-106.757920949468,32.2821913218004],[-106.757982565363,32.2824272815657],[-106.757950975683,32.282433234621],[-106.757889359865,32.2821972748398],[-106.757920949468,32.2821913218004]]],[[[-106.757775198467,32.2821261987752],[-106.757778317902,32.2821262646934],[-106.757781384495,32.2821267546959],[-106.75778431855,32.2821276555754],[-106.757787045625,32.282128944183],[-106.757789494406,32.2821305874369],[-106.757791602013,32.2821325413991],[-106.75779331403,32.282134757588],[-106.757795087614,32.2821365911428],[-106.757797670929,32.2821387533242],[-106.757800622679,32.2821405433615],[-106.757803869367,32.2821419173592],[-106.757807329059,32.2821428413764],[-106.75781091669,32.2821432914051],[-106.757814543021,32.2821432560798],[-106.75781811889,32.2821427384649],[-106.757834447565,32.2821396452725],[-106.75784245654,32.2821381286106],[-106.757848885701,32.2821364018564],[-106.757851316146,32.2821353260892],[-106.757861394946,32.2821741320694],[-106.757871101619,32.2821970254072],[-106.757868198012,32.2821966357592],[-106.757861441288,32.2821967350813],[-106.757820460844,32.2822042743556],[-106.757818032176,32.2822049073041],[-106.757815751768,32.2822058553057],[-106.757813672576,32.2822070956011],[-106.757811847498,32.2822085955107],[-106.757810321993,32.2822103205813],[-106.757809131909,32.2822122264779],[-106.757808308839,32.2822142670787],[-106.757807870547,32.2822163918084],[-106.757807829487,32.2822185492113],[-106.757808185358,32.2822206851772],[-106.757810315627,32.2822288014248],[-106.757811146644,32.2822310446045],[-106.757812416327,32.2822331354103],[-106.757814086106,32.2822350108675],[-106.757816107909,32.2822366170581],[-106.757818422022,32.2822379073257],[-106.757820962417,32.2822388440579],[-106.757823652495,32.2822393987033],[-106.757826414675,32.2822395562424],[-106.757829168243,32.2822393115886],[-106.757831831492,32.2822386713835],[-106.757834328091,32.2822376548731],[-106.757836584956,32.2822362921124],[-106.757838534363,32.2822346230555],[-106.757865732034,32.2822069565878],[-106.757924529343,32.2824311395677],[-106.757924757094,32.2824323832119],[-106.7579247535,32.2824336431181],[-106.757924517318,32.2824348868245],[-106.757924055809,32.282436083639],[-106.75792337836,32.2824372037624],[-106.757922503936,32.2824382209648],[-106.757882533919,32.2824788795338],[-106.75788138859,32.2824802441378],[-106.757880499848,32.2824817402826],[-106.757879889795,32.2824833336087],[-106.757879570971,32.2824849879916],[-106.757879552707,32.2824866637121],[-106.757879833727,32.2824883219955],[-106.757881370728,32.2824941832838],[-106.757882029821,32.2824960555901],[-106.75788299412,32.2824978301702],[-106.757884245372,32.2824994701217],[-106.757886003222,32.2825011459137],[-106.757888057917,32.28250255717],[-106.757890356156,32.2825036644234],[-106.757892836209,32.2825044399646],[-106.757895431073,32.2825048624187],[-106.757898072741,32.2825049203349],[-106.757900690074,32.2825046121958],[-106.757918077207,32.2825013190327],[-106.757934451552,32.2824982184287],[-106.757939019418,32.2824972044072],[-106.757943410607,32.2824957293463],[-106.757946900781,32.2824941199257],[-106.757955777833,32.2825334862723],[-106.757951576125,32.2825333390358],[-106.757944893108,32.2825340955184],[-106.75792741052,32.2825374062044],[-106.757761432478,32.2825688413899],[-106.757747193998,32.2825715383711],[-106.75773606864,32.2825331514455],[-106.757811568821,32.2825188519671],[-106.757814258157,32.2825181286868],[-106.757816758497,32.2825170201724],[-106.75781899465,32.2825155591931],[-106.757820897857,32.2825137902164],[-106.757822411093,32.2825117675828],[-106.757823486925,32.2825095528093],[-106.757824094941,32.2825072127555],[-106.757824215366,32.2825048187475],[-106.757823843295,32.2825024429534],[-106.75775185005,32.2822279470768],[-106.757751158393,32.282226136227],[-106.757750109684,32.2822244539743],[-106.757748734989,32.2822229506978],[-106.757747074902,32.2822216713271],[-106.757745180596,32.2822206544361],[-106.757743108501,32.2822199295592],[-106.757740920321,32.2822195198964],[-106.757738680875,32.2822194360096],[-106.757736459191,32.2822196821302],[-106.757695496279,32.2822273232032],[-106.757657086493,32.2822345671033],[-106.757634375484,32.2822388421078],[-106.757612737876,32.2821564147407],[-106.757617760644,32.2821554972045],[-106.75765874011,32.28214778304],[-106.757697241067,32.2821405225395],[-106.757761869604,32.2821284664246],[-106.757772106878,32.2821265575189],[-106.757775198467,32.2821261987752]]]]}},{"type":"Feature","properties":{"id":"parking-83","category":"parking","name":"Knox St"},"geometry":{"type":"Polygon","coordinates":[[[-106.758060261522,32.282534778571],[-106.758181174987,32.2829941010908],[-106.75814959706,32.2830001001438],[-106.758028682683,32.2825407775969],[-106.758060261522,32.282534778571]]]}},{"type":"Feature","properties":{"id":"parking-84","category":"parking","name":"Knox St"},"geometry":{"type":"Polygon","coordinates":[[[-106.758234922495,32.2831966164011],[-106.758301292146,32.2834463344714],[-106.758269728178,32.2834523885119],[-106.758203358609,32.2832026704244],[-106.758234922495,32.2831966164011]]]}},{"type":"Feature","properties":{"id":"parking-85","category":"parking","name":"Knox St"},"geometry":{"type":"Polygon","coordinates":[[[-106.758310491355,32.2830146876374],[-106.758412431016,32.2834064787004],[-106.758380835603,32.2834124111447],[-106.758278896071,32.2830206200552],[-106.758310491355,32.2830146876374]]]}},{"type":"Feature","properties":{"id":"parking-86","category":"parking","name":"Knox St"},"geometry":{"type":"Polygon","coordinates":[[[-106.758100431625,32.2822247918048],[-106.758259651211,32.2828275174414],[-106.758228077703,32.2828335363367],[-106.758068858315,32.282230810659],[-106.758100431625,32.2822247918048]]]}},{"type":"Feature","properties":{"id":"parking-87","category":"parking","name":"Knox St"},"geometry":{"type":"Polygon","coordinates":[[[-106.757832789242,32.2816738355635],[-106.757935797968,32.2820561839993],[-106.757904255067,32.2820623172254],[-106.757801247523,32.281679967857],[-106.757832789242,32.2816738355635]]]}},{"type":"Feature","properties":{"id":"parking-88","category":"parking","name":"Knox St"},"geometry":{"type":"Polygon","coordinates":[[[-106.757954314238,32.2816665639474],[-106.758048909864,32.2820288825548],[-106.758017319255,32.2820348338263],[-106.757922724815,32.2816725160919],[-106.757954314238,32.2816665639474]]]}},{"type":"Feature","properties":{"id":"parking-90","category":"parking","name":"Frenger St"},"geometry":{"type":"Polygon","coordinates":[[[-106.756601020073,32.2803794789088],[-106.756605252872,32.2803951686454],[-106.756605306319,32.2803971443966],[-106.756604989162,32.2803991017937],[-106.756604309619,32.2804009912016],[-106.756603284408,32.280402764755],[-106.756601941948,32.280404378149],[-106.756600313849,32.2804057888694],[-106.756598442385,32.2804069624761],[-106.756596375158,32.2804078681152],[-106.75659416512,32.2804084830278],[-106.756373182907,32.2804545865478],[-106.756364839319,32.2804239442873],[-106.756601020073,32.2803794789088]]]}},{"type":"Feature","properties":{"id":"parking-91","category":"parking","name":"Frenger St"},"geometry":{"type":"Polygon","coordinates":[[[-106.75630689164,32.2804003009027],[-106.75734126487,32.2802123442208],[-106.757347676757,32.2802321376392],[-106.756318053437,32.2804259130416],[-106.75630689164,32.2804003009027]]]}},{"type":"Feature","properties":{"id":"parking-92","category":"parking","name":"Frenger St"},"geometry":{"type":"Polygon","coordinates":[[[-106.756841154485,32.2802276240992],[-106.757268350579,32.2801499888288],[-106.757275120365,32.2801768675948],[-106.7568479231,32.2802545046968],[-106.756841154485,32.2802276240992]]]}},{"type":"Feature","properties":{"id":"parking-93","category":"parking","name":"Knox St"},"geometry":{"type":"Polygon","coordinates":[[[-106.757258318026,32.2788206577874],[-106.757320607745,32.2790948765481],[-106.757326199772,32.2791171091774],[-106.757327611741,32.2791398131341],[-106.75732480759,32.2791624221978],[-106.757318819806,32.2792046918793],[-106.757319295916,32.2792351086579],[-106.757324690613,32.2792651819111],[-106.757536721906,32.2800699936633],[-106.757505146031,32.280075997053],[-106.757293113939,32.2792711852501],[-106.757287048714,32.2792373674785],[-106.757286513311,32.279203162242],[-106.757292995469,32.2791573976889],[-106.757295277679,32.2791386668984],[-106.757293986178,32.2791198674926],[-106.757289155542,32.2791014890403],[-106.757226547055,32.2788258664529],[-106.757258318026,32.2788206577874]]]}},{"type":"Feature","properties":{"id":"parking-94","category":"parking","name":"Knox St"},"geometry":{"type":"Polygon","coordinates":[[[-106.757142807664,32.2788466577499],[-106.757291626456,32.2794994527036],[-106.757443639829,32.2800761955143],[-106.75741206396,32.2800822015863],[-106.757259948825,32.2795050704459],[-106.757111041023,32.2788518844061],[-106.757142807664,32.2788466577499]]]}},{"type":"Feature","properties":{"id":"parking-95","category":"parking","name":"Knox St"},"geometry":{"type":"Polygon","coordinates":[[[-106.756666877732,32.2768755597994],[-106.75687493175,32.2776653694821],[-106.756933588504,32.2778841696006],[-106.756966766408,32.2780300459883],[-106.757080023061,32.2785551044993],[-106.757048196616,32.278560059019],[-106.756934967406,32.2780351311378],[-106.756901921204,32.2778898304988],[-106.75684336968,32.2776714231522],[-106.7566353029,32.2768815629639],[-106.756666877732,32.2768755597994]]]}},{"type":"Feature","properties":{"id":"parking-96","category":"parking","name":"Knox St"},"geometry":{"type":"Polygon","coordinates":[[[-106.756757834321,32.2768515635253],[-106.756789412373,32.2768455702377],[-106.756899645697,32.2772647767886],[-106.75698969395,32.2776064604407],[-106.757053364356,32.2778482746789],[-106.757103016271,32.2780632608405],[-106.757206986555,32.2785457032479],[-106.757175159039,32.2785506541964],[-106.757071224897,32.2780683820679],[-106.757021694878,32.277853922088],[-106.756958117811,32.2776124609864],[-106.756868070762,32.2772707827177],[-106.756757834321,32.2768515635253]]]}},{"type":"Feature","properties":{"id":"parking-97","category":"parking","name":"Gregg St"},"geometry":{"type":"Polygon","coordinates":[[[-106.755597496757,32.2769692546103],[-106.756512970791,32.2768032133954],[-106.756519726313,32.2768300958835],[-106.755604252023,32.2769961371492],[-106.755597496757,32.2769692546103]]]}},{"type":"Feature","properties":{"id":"parking-98","category":"parking","name":"Gregg St"},"geometry":{"type":"Polygon","coordinates":[[[-106.755632062418,32.2768804412202],[-106.756778348119,32.2766669398093],[-106.756836688966,32.2766544052735],[-106.75689238892,32.2766350524562],[-106.756944348187,32.2766092627511],[-106.756991543049,32.2765775435084],[-106.757033043874,32.276540521648],[-106.757068029877,32.2764989255633],[-106.757095611767,32.2765132968237],[-106.757063862617,32.2765518641131],[-106.757026897526,32.2765869161574],[-106.756985248709,32.2766179475797],[-106.756939517708,32.2766445104439],[-106.756890366924,32.2766662197],[-106.756838504815,32.2766827631643],[-106.756784681641,32.2766939006345],[-106.755638991609,32.2769072923982],[-106.755632062418,32.2768804412202]]]}},{"type":"Feature","properties":{"id":"parking-99","category":"parking","name":"Gregg St"},"geometry":{"type":"Polygon","coordinates":[[[-106.757180569217,32.2763500696336],[-106.757521065601,32.2758784333984],[-106.757548646315,32.2758928054685],[-106.757208151079,32.27636444087],[-106.757180569217,32.2763500696336]]]}},{"type":"Feature","properties":{"id":"parking-100","category":"parking","name":"Gregg St"},"geometry":{"type":"Polygon","coordinates":[[[-106.757615876132,32.2759224164682],[-106.757643412636,32.2759368509231],[-106.757211600087,32.2765313659953],[-106.757165033743,32.2765792972667],[-106.757113772217,32.2766236336365],[-106.757058195845,32.2766640471003],[-106.756998722253,32.2767002329523],[-106.75693579369,32.2767319233641],[-106.756869880178,32.2767588810599],[-106.756801474234,32.2767809047483],[-106.7567913249,32.276754803374],[-106.75686763412,32.2767297123243],[-106.756940593605,32.2766982414169],[-106.757009467332,32.2766607101636],[-106.757073559947,32.2766174965354],[-106.757132225257,32.2765690369269],[-106.757184870447,32.2765158207286],[-106.757615876132,32.2759224164682]]]}},{"type":"Feature","properties":{"id":"parking-101","category":"parking","name":"Lot 70"},"geometry":{"type":"Polygon","coordinates":[[[-106.757037459268,32.2763138674775],[-106.757059426569,32.2762763459391],[-106.757060517824,32.2762744323283],[-106.757061209214,32.2762723895538],[-106.757061480895,32.2762702763159],[-106.757061324722,32.2762681548754],[-106.757060744219,32.2762660865444],[-106.757059758836,32.276264132571],[-106.757058395433,32.2762623505661],[-106.757056694628,32.2762607908706],[-106.757054705518,32.2762595010857],[-106.757052486694,32.2762585179523],[-106.75705010307,32.2762578700691],[-106.757047624818,32.2762575769953],[-106.757045124172,32.2762576474593],[-106.757042673301,32.276258078466],[-106.757040345387,32.2762588579972],[-106.757038208243,32.2762599632344],[-106.757036323258,32.2762613614644],[-106.757034746466,32.2762630118786],[-106.757033524309,32.2762648664922],[-106.757032691524,32.2762668719563],[-106.757009142171,32.2762988020203],[-106.756411698883,32.2760009936888],[-106.756500819953,32.2758810312256],[-106.756539748465,32.2758298643047],[-106.756507675514,32.275812834222],[-106.756411909977,32.2757613543083],[-106.756457765516,32.2757026138043],[-106.756307540774,32.2756221744307],[-106.756332040311,32.2755816477975],[-106.756242477165,32.2755336907876],[-106.756217747234,32.2755745980089],[-106.756015526287,32.2754735653695],[-106.756015936615,32.275471181923],[-106.756015879726,32.2754687741945],[-106.756015357041,32.2754664071122],[-106.75601438272,32.2754641455528],[-106.756012983643,32.275462050735],[-106.756011197283,32.2754601802274],[-106.756009073818,32.2754585852347],[-106.756006669748,32.2754573088196],[-106.756004051084,32.2754563858901],[-106.756001289088,32.2754558414126],[-106.755998459214,32.2754556904164],[-106.755995640045,32.2754559379977],[-106.755992905842,32.2754565757423],[-106.755990332952,32.2754575880128],[-106.755987991274,32.2754589456697],[-106.755985945356,32.2754606114784],[-106.755984249096,32.2754625419338],[-106.755602786748,32.2759735372873],[-106.755551295634,32.2759514819954],[-106.755551461133,32.2759457211769],[-106.75555048684,32.2759400181304],[-106.755548401255,32.275934535076],[-106.755545261499,32.2759294269043],[-106.755541157547,32.2759248384539],[-106.755536205832,32.2759209000277],[-106.755530546034,32.2759177228969],[-106.755524340017,32.2759153984026],[-106.755517762233,32.2759139907803],[-106.75551099974,32.2759135407665],[-106.755504243686,32.275914060222],[-106.755497687198,32.2759155357479],[-106.755462960853,32.2759215386068],[-106.755447703763,32.2759243404102],[-106.755432122329,32.2759251251555],[-106.755416582679,32.2759238733402],[-106.755401451226,32.2759206159647],[-106.755387086131,32.2759154282538],[-106.755166322264,32.2757841660878],[-106.755162121096,32.2757811860235],[-106.755158573923,32.2757776450941],[-106.755155784283,32.2757736456971],[-106.755153831365,32.2757693020517],[-106.755152771072,32.2757647410959],[-106.755152635976,32.2757600934688],[-106.755153427877,32.2757554926377],[-106.755155125222,32.2757510721637],[-106.755174138352,32.2754684697702],[-106.755577330277,32.2749164047216],[-106.755577835906,32.2749149335734],[-106.755578050392,32.2749134121848],[-106.755577965469,32.2749118811726],[-106.755577583496,32.2749103829144],[-106.755576916378,32.2749089588481],[-106.755575982376,32.2749076476804],[-106.755574805045,32.2749064853911],[-106.755573418533,32.2749055043105],[-106.755571861205,32.2749047313407],[-106.755570174575,32.2749041870581],[-106.75556840544,32.2749038875088],[-106.755566601609,32.2749038397164],[-106.75556481405,32.2749040461823],[-106.755563090491,32.2749044995007],[-106.755561478641,32.2749051886582],[-106.75556002404,32.2749060945337],[-106.755558763707,32.2749071926287],[-106.75555773568,32.2749084512262],[-106.755556965257,32.2749098377579],[-106.755528454003,32.2749461596158],[-106.755238624615,32.2747889660258],[-106.755260995855,32.274762582904],[-106.755263054937,32.2747596535534],[-106.755264491594,32.2747564678599],[-106.755265266015,32.274753120678],[-106.755265354328,32.2747497104054],[-106.755264752843,32.2747463371629],[-106.755263481228,32.2747431018799],[-106.755261576098,32.2747400991047],[-106.755259093148,32.2747374178983],[-106.755256106062,32.2747351373292],[-106.755252704388,32.2747333255802],[-106.755218827141,32.2747154753791],[-106.755259224259,32.2746618652494],[-106.755310350294,32.274688486426],[-106.755314256405,32.2746901437414],[-106.75531844052,32.2746912047191],[-106.755322777194,32.2746916364923],[-106.755327136851,32.2746914269534],[-106.755331387894,32.2746905820402],[-106.755335405202,32.2746891275051],[-106.755339065874,32.2746871062274],[-106.755342263032,32.274684579059],[-106.755365515407,32.2746540032697],[-106.755639367638,32.2747986318447],[-106.75561200297,32.2748357283351],[-106.755610907981,32.2748375454502],[-106.755610201197,32.2748394962896],[-106.755609901402,32.2748415221575],[-106.755610018864,32.2748435607847],[-106.755610550064,32.2748455517608],[-106.755611479801,32.2748474338205],[-106.755612778047,32.2748491520708],[-106.755614406287,32.2748506525544],[-106.755616316507,32.2748518912726],[-106.755618449054,32.2748528305862],[-106.755620742192,32.2748534409811],[-106.75562312471,32.274853706509],[-106.755625524364,32.2748536166368],[-106.75562787112,32.2748531761541],[-106.755630091797,32.2748523970782],[-106.755632119649,32.2748513031245],[-106.755633894349,32.2748499270013],[-106.755635363058,32.2748483113075],[-106.755636479327,32.2748465031256],[-106.755661602858,32.2748112824458],[-106.755668834385,32.2747988953534],[-106.755673597433,32.2747856731046],[-106.755675763387,32.2747719679386],[-106.75567527484,32.2747581471411],[-106.755672144443,32.2747445777167],[-106.755666457009,32.2747316218722],[-106.75565836307,32.2747196253172],[-106.75584998295,32.2748169276464],[-106.755835389674,32.2748113395725],[-106.755819905978,32.2748078942665],[-106.755803962305,32.274806685601],[-106.7557880047,32.2748077487656],[-106.755772478839,32.2748110531161],[-106.755757816266,32.2748165076408],[-106.755744425885,32.2748239591907],[-106.755732683396,32.2748332006385],[-106.755722915378,32.274843972746],[-106.755696684278,32.2748751043462],[-106.755695641602,32.2748765920749],[-106.755694905354,32.2748782066403],[-106.75569449652,32.2748799037674],[-106.755694427568,32.2748816347059],[-106.755694700351,32.2748833507483],[-106.755695306112,32.2748850041313],[-106.755696228672,32.2748865489247],[-106.755697442306,32.274887940139],[-106.755698911772,32.2748891400372],[-106.755700596542,32.274890114511],[-106.755702449761,32.2748908366924],[-106.755704419292,32.2748912851455],[-106.755706448806,32.27489144747],[-106.75570848096,32.2748913202879],[-106.755710460564,32.2748909056239],[-106.755712330368,32.2748902163335],[-106.755714038456,32.2748892706614],[-106.755715537214,32.274888096756],[-106.755716783297,32.2748867263558],[-106.755742519175,32.2748562632065],[-106.756148191789,32.275070392781],[-106.756120361636,32.2751083272656],[-106.756119025798,32.2751105475781],[-106.756118150496,32.2751129274773],[-106.756117760826,32.2751153983216],[-106.75611786808,32.2751178906228],[-106.756118468668,32.2751203313449],[-106.756119545219,32.2751226511145],[-106.756121067635,32.2751247824131],[-106.756122992059,32.275126664992],[-106.756125262991,32.2751282449623],[-106.756127815416,32.2751294756878],[-106.756130575901,32.2751303231924],[-106.75613346469,32.2751307625437],[-106.756136399975,32.2751307814435],[-106.756139295769,32.2751303793346],[-106.75614207145,32.2751295664606],[-106.75614464436,32.2751283684045],[-106.756146942489,32.2751268170201],[-106.756148900285,32.2751249594665],[-106.756150459649,32.2751228473825],[-106.756181371471,32.2750828109392],[-106.756188146447,32.2750702263374],[-106.756192482045,32.27505688764],[-106.756194269744,32.2750431334783],[-106.756193462649,32.2750293121568],[-106.756190081822,32.2750157753151],[-106.756184213036,32.2750028671184],[-106.756176005663,32.2749909143414],[-106.756165667326,32.2749802200773],[-106.756329235529,32.2750715420509],[-106.756321929454,32.2750685843931],[-106.756314148406,32.2750666901239],[-106.75630610604,32.2750659106945],[-106.756298023284,32.2750662686673],[-106.756290120884,32.275067754139],[-106.756282614098,32.2750703247611],[-106.756275708486,32.2750739120706],[-106.756269593516,32.2750784170057],[-106.756264436231,32.2750837171462],[-106.756260378064,32.2750896658248],[-106.756257528528,32.2750961029738],[-106.756255967307,32.2751028497064],[-106.756255736912,32.2751097236772],[-106.75625684266,32.2751165354751],[-106.756259254854,32.2751230985349],[-106.756262907755,32.2751292354543],[-106.756267700632,32.2751347761861],[-106.756273503139,32.2751395697408],[-106.756280156382,32.2751434859861],[-106.757335668467,32.2757076407367],[-106.757351494617,32.2757174560935],[-106.757365565253,32.2757290407277],[-106.757377608434,32.2757421711703],[-106.757387393448,32.2757565931235],[-106.757417326422,32.2757959308762],[-106.757426146061,32.275809702859],[-106.757432422309,32.2758244455371],[-106.757436013177,32.2758398239908],[-106.757436836029,32.2758554868284],[-106.757434871885,32.2758710760893],[-106.757430165468,32.2758862353606],[-106.757422825265,32.2759006205988],[-106.75710115024,32.276327877317],[-106.757037459268,32.2763138674775]],[[-106.757161118251,32.2761131110915],[-106.757159151833,32.2761128466276],[-106.757157161568,32.2761128753626],[-106.757155207961,32.2761131961518],[-106.757153348277,32.2761137988448],[-106.757151638684,32.2761146660807],[-106.757150132107,32.2761157705914],[-106.757148872955,32.2761170806336],[-106.757147899218,32.2761185554712],[-106.757090161945,32.2761937189305],[-106.757088924102,32.2761950433162],[-106.757087973778,32.2761965288815],[-106.757087340453,32.2761981322191],[-106.757087042961,32.2761998036512],[-106.757087089521,32.2762014944445],[-106.757087480906,32.2762031522884],[-106.757088203038,32.2762047276372],[-106.757089234427,32.2762061736807],[-106.757090545104,32.2762074463482],[-106.757092095575,32.2762085070186],[-106.757093837896,32.2762093243194],[-106.757095719912,32.2762098732079],[-106.757097686332,32.2762101376728],[-106.757099676599,32.2762101089387],[-106.757101630209,32.2762097881504],[-106.757103489895,32.2762091854581],[-106.757105198429,32.2762083182271],[-106.757106705008,32.2762072137169],[-106.757107964161,32.2762059036752],[-106.757108937905,32.2762044297398],[-106.757166676225,32.276129265366],[-106.757167914066,32.2761279409795],[-106.757168864389,32.2761264554136],[-106.757169497711,32.2761248520756],[-106.757169795202,32.2761231806433],[-106.757169747579,32.2761214898542],[-106.757169357254,32.2761198320064],[-106.757168635121,32.276118256658],[-106.757167603732,32.2761168106152],[-106.757166293056,32.2761155379484],[-106.757164742585,32.2761144772789],[-106.757163000265,32.2761136599791],[-106.757161118251,32.2761131110915]],[[-106.757274504145,32.2759615939033],[-106.757272537735,32.2759613303429],[-106.757270547474,32.2759613590796],[-106.757268593865,32.2759616789687],[-106.757266734186,32.2759622816633],[-106.757265025658,32.2759631488965],[-106.757263519084,32.2759642534085],[-106.757262259936,32.2759655634519],[-106.757261286203,32.2759670382903],[-106.757203548057,32.2760422018056],[-106.757202310218,32.2760435261924],[-106.757201359897,32.2760450117586],[-106.757200726575,32.2760466150968],[-106.757200429085,32.2760482865291],[-106.757200476709,32.2760499773182],[-106.757200867034,32.276051635166],[-106.757201589172,32.276053211416],[-106.757202620556,32.2760546565568],[-106.757203931232,32.2760559292232],[-106.757205481702,32.2760569898922],[-106.757207224021,32.2760578071914],[-106.757209106035,32.2760583560783],[-106.757211072452,32.2760586205415],[-106.757213062715,32.2760585918056],[-106.757215016321,32.2760582710156],[-106.757216876003,32.2760576683217],[-106.757218585595,32.2760568010849],[-106.75722009217,32.2760556965734],[-106.757221351325,32.2760543874323],[-106.75722232506,32.2760529125942],[-106.75728006213,32.275977748173],[-106.757281301034,32.275976424683],[-106.757282250287,32.2759749382186],[-106.757282883611,32.2759733357818],[-106.757283181095,32.2759716634475],[-106.757283134535,32.275969973556],[-106.757282743143,32.2759683148109],[-106.757282021009,32.2759667394632],[-106.75728098962,32.2759652934212],[-106.757279678945,32.2759640207556],[-106.757278128475,32.2759629600874],[-106.757276386157,32.2759621427892],[-106.757274504145,32.2759615939033]],[[-106.756606806812,32.2759375619493],[-106.756664544323,32.2758623978038],[-106.756665783234,32.2758610743197],[-106.756666732495,32.2758595878598],[-106.75666736583,32.2758579854261],[-106.756667663324,32.275856313093],[-106.756667616777,32.2758546232011],[-106.756667226458,32.2758529644497],[-106.756666504335,32.2758513890983],[-106.756665471896,32.2758499430555],[-106.75666416123,32.2758486703833],[-106.756662611832,32.2758476097032],[-106.756660868459,32.2758467924006],[-106.756658986454,32.2758462435055],[-106.756657020048,32.2758459799354],[-106.756655030851,32.2758460086582],[-106.75665307618,32.2758463285421],[-106.756651216503,32.2758469321295],[-106.756649507967,32.2758477984526],[-106.756648001393,32.2758489038592],[-106.756646742232,32.2758502129946],[-106.75664576849,32.2758516878284],[-106.756588029909,32.2759268519699],[-106.756586792058,32.275928175449],[-106.756585841728,32.2759296610106],[-106.756585208396,32.2759312643459],[-106.7565849109,32.2759329366787],[-106.756584958508,32.2759346265663],[-106.75658534882,32.2759362844162],[-106.756586070947,32.2759378606698],[-106.756587102325,32.2759393067176],[-106.756588412986,32.2759405784887],[-106.756589963452,32.2759416400673],[-106.756591705759,32.2759424564732],[-106.756593588828,32.2759430053651],[-106.756595554179,32.2759432698422],[-106.75659754444,32.275943241116],[-106.756599498046,32.2759429203354],[-106.75660135773,32.2759423176506],[-106.75660306733,32.2759414513239],[-106.756604573906,32.2759403459178],[-106.756605833069,32.2759390367829],[-106.756606806812,32.2759375619493]],[[-106.757314355984,32.2759041641561],[-106.757318880395,32.2759045554245],[-106.757323415933,32.275904275667],[-106.757327826777,32.2759033353496],[-106.75733198038,32.2759017611587],[-106.757335750682,32.2758996004972],[-106.757339024465,32.2758969196555],[-106.757341704508,32.2758937983874],[-106.757361515148,32.2758659290071],[-106.75736456896,32.2758551972763],[-106.757365466239,32.2758441829095],[-106.757364182168,32.275833195343],[-106.757360752455,32.2758225464755],[-106.7573552743,32.2758125344308],[-106.757347901078,32.2758034417753],[-106.757338842286,32.275795525598],[-106.757328350752,32.2757890085433],[-106.75723435763,32.2757402087655],[-106.757202681506,32.2757826844441],[-106.757307554139,32.2758369427683],[-106.757310182069,32.2758381912035],[-106.757312517983,32.2758398051614],[-106.757314489435,32.2758417380368],[-106.757316038776,32.2758439314404],[-106.757317118927,32.2758463188241],[-106.757317697646,32.2758488290708],[-106.757317758588,32.2758513864901],[-106.75731729708,32.2758539144432],[-106.757316329681,32.2758563362056],[-106.757314884654,32.2758585804172],[-106.757293406892,32.275885984816],[-106.75729454871,32.2758897247365],[-106.757296433433,32.275893240718],[-106.757299006331,32.2758964265615],[-106.757302187257,32.2758991869921],[-106.757305882333,32.2759014394159],[-106.757309979719,32.2759031157412],[-106.757314355984,32.2759041641561]],[[-106.756640525453,32.2757439668025],[-106.7566414992,32.2757424928705],[-106.75669923656,32.2756673287083],[-106.756700474401,32.2756660043263],[-106.756701424727,32.2756645187637],[-106.756702058055,32.2756629154279],[-106.756702355553,32.2756612439966],[-106.756702309,32.2756595532029],[-106.756701917624,32.2756578953576],[-106.756701195503,32.2756563200064],[-106.756700164127,32.2756548739594],[-106.756698853464,32.2756536012876],[-106.756697303006,32.2756525406122],[-106.756695560699,32.2756517233057],[-106.756693678697,32.275651174411],[-106.75669171229,32.2756509099396],[-106.756689722036,32.2756509386672],[-106.756687768436,32.2756512594491],[-106.756685908759,32.2756518621352],[-106.756684200231,32.2756527293606],[-106.756682692594,32.27565383387],[-106.756681433442,32.2756551439076],[-106.756680460764,32.2756566187375],[-106.756622722328,32.2757317819937],[-106.756621484485,32.275733106375],[-106.756620534157,32.2757345919369],[-106.756619900828,32.2757361952723],[-106.756619603328,32.2757378667035],[-106.756619650941,32.275739557493],[-106.756620041253,32.2757412153428],[-106.756620763374,32.2757427906945],[-106.75662179475,32.275744236742],[-106.756623105413,32.2757455094146],[-106.756624655872,32.275746570091],[-106.75662639818,32.2757473873984],[-106.756628280184,32.275747936294],[-106.756630246592,32.2757482007664],[-106.756632236849,32.2757481720397],[-106.756634190451,32.2757478512587],[-106.75663605013,32.2757472485733],[-106.756637759722,32.2757463813443],[-106.756639266299,32.2757452768397],[-106.756640525453,32.2757439668025]],[[-106.756543522509,32.2756858669159],[-106.756601260982,32.2756107036949],[-106.756602498824,32.2756093793139],[-106.756603449151,32.275607893752],[-106.75660408248,32.2756062904167],[-106.756604379979,32.2756046189855],[-106.756604332367,32.275602928196],[-106.756603942055,32.2756012703462],[-106.756603219931,32.2755996940925],[-106.7566021875,32.2755982489508],[-106.756600876839,32.2755969762779],[-106.756599327446,32.275595915597],[-106.75659758514,32.2755950982892],[-106.756595702078,32.2755945493972],[-106.756593736735,32.2755942849201],[-106.756591746481,32.2755943136461],[-106.756589791821,32.2755946344307],[-106.756587932144,32.2755952371153],[-106.756586223611,32.2755961034376],[-106.756584717041,32.2755972088434],[-106.756583457883,32.2755985179782],[-106.756582484142,32.2755999928116],[-106.756524745666,32.2756751569261],[-106.756523507817,32.2756764804045],[-106.756522557493,32.2756779668676],[-106.756521924157,32.2756795693007],[-106.75652162666,32.2756812416335],[-106.756521674267,32.2756829315212],[-106.756522064582,32.2756845902732],[-106.756522786701,32.2756861656255],[-106.756523819136,32.2756876116696],[-106.756525129797,32.2756888843433],[-106.756526679192,32.2756899450251],[-106.756528421498,32.2756907623339],[-106.756530304562,32.2756913112268],[-106.756532269902,32.2756915748031],[-106.756534260158,32.275691546078],[-106.756536214825,32.275691226196],[-106.756538074504,32.2756906235122],[-106.756539783034,32.2756897562887],[-106.756541289612,32.2756886517852],[-106.756542548767,32.275687341749],[-106.756543522509,32.2756858669159]],[[-106.756737327407,32.275600140003],[-106.756739293813,32.2756004044736],[-106.756741284066,32.2756003757453],[-106.756743237664,32.2756000549626],[-106.75674509734,32.2755994522757],[-106.756746806928,32.2755985850452],[-106.756748313502,32.2755974805393],[-106.756749572652,32.2755961705011],[-106.75675054639,32.2755946956664],[-106.756808283573,32.2755195323562],[-106.756809522472,32.2755182079689],[-106.756810471733,32.2755167224098],[-106.756811105058,32.2755151190734],[-106.756811402553,32.2755134476418],[-106.756811355998,32.2755117568481],[-106.756810964622,32.2755100990032],[-106.7568102425,32.2755085236525],[-106.756809211123,32.2755070776065],[-106.756807900461,32.2755058049357],[-106.756806350005,32.2755047442616],[-106.7568046077,32.2755039269566],[-106.7568027257,32.2755033780635],[-106.756800759296,32.2755031135938],[-106.756798769045,32.275503142323],[-106.756796815449,32.2755034631066],[-106.756794955775,32.2755040657942],[-106.756793247251,32.275504933021],[-106.75679174068,32.2755060375275],[-106.756790481526,32.2755073466644],[-106.75678950779,32.2755088214993],[-106.756731769542,32.2755839857072],[-106.756730531702,32.2755853100895],[-106.756729581378,32.2755867956523],[-106.756728948046,32.2755883980864],[-106.756728650554,32.2755900704197],[-106.756728698169,32.2755917612091],[-106.756729088482,32.2755934190586],[-106.756729810604,32.2755949944097],[-106.75673084198,32.2755964404564],[-106.756732152643,32.2755977131279],[-106.756733703099,32.2755987738029],[-106.756735445406,32.2755995911089],[-106.756737327407,32.275600140003]],[[-106.756654318006,32.2755388041067],[-106.75671205629,32.2754636399334],[-106.756713294134,32.2754623164531],[-106.756714244457,32.2754608308904],[-106.756714877783,32.2754592275545],[-106.75671517528,32.275457556123],[-106.756715127666,32.2754558653335],[-106.756714737353,32.275454207484],[-106.756714015228,32.2754526312309],[-106.756712983853,32.275451185184],[-106.756711672137,32.2754499134183],[-106.756710122739,32.2754488518369],[-106.756708380441,32.2754480354324],[-106.756706497382,32.2754474865421],[-106.756704532041,32.2754472220666],[-106.756702541791,32.2754472507944],[-106.756700587134,32.2754475715807],[-106.756698728522,32.2754481742626],[-106.756697018932,32.2754490405906],[-106.756695512365,32.2754501459978],[-106.756694253211,32.2754514551337],[-106.756693279473,32.2754529299679],[-106.756635542242,32.2755280941286],[-106.756634303335,32.2755294176124],[-106.756633354076,32.2755309040721],[-106.756632720743,32.2755325065058],[-106.756632423249,32.2755341788389],[-106.756632469796,32.2755358687308],[-106.756632860112,32.2755375274824],[-106.756633582232,32.2755391028341],[-106.756634614667,32.2755405488774],[-106.756635925328,32.27554182155],[-106.756637474721,32.2755428822304],[-106.756639218087,32.2755436995334],[-106.756641100086,32.275544248429],[-106.756643066486,32.2755445119994],[-106.756645055676,32.2755444832768],[-106.75664701034,32.2755441633931],[-106.756648870011,32.2755435598058],[-106.756650578542,32.2755426934828],[-106.756652085111,32.2755415880761],[-106.756653344267,32.2755402789406],[-106.756654318006,32.2755388041067]],[[-106.755297385575,32.2754550576335],[-106.755330525321,32.2754122032011],[-106.75533147518,32.275410821364],[-106.755332140966,32.2754093243241],[-106.755332506991,32.2754077545313],[-106.755332559696,32.2754061553291],[-106.755332300381,32.2754045700013],[-106.75533173461,32.2754030445204],[-106.755330878525,32.2754016185034],[-106.755329755715,32.2754003342432],[-106.755328398211,32.2753992249804],[-106.755326842284,32.2753983230365],[-106.755325131593,32.2753976525871],[-106.755323314016,32.2753972332815],[-106.755321439505,32.2753970757419],[-106.755319560099,32.2753971842695],[-106.755317728865,32.2753975568483],[-106.755315994574,32.2753981824608],[-106.755314407017,32.2753990428707],[-106.755313010658,32.2754001162556],[-106.755311841419,32.2754013718086],[-106.75525400926,32.2754766556717],[-106.755253331722,32.2754800547734],[-106.755253313679,32.2754835026424],[-106.755253956738,32.2754869063813],[-106.755255244477,32.27549017587],[-106.75525714138,32.2754932237706],[-106.755259597102,32.2754959682155],[-106.755262546483,32.275498336415],[-106.755265910615,32.2755002646529],[-106.755269600046,32.2755017018814],[-106.755273514776,32.2755026097205],[-106.755277551697,32.2755029633308],[-106.755281602478,32.2755027532253],[-106.755285558878,32.2755019861501],[-106.75528931485,32.2755006814684],[-106.755292770804,32.2754988747511],[-106.755319018143,32.2754687009423],[-106.755297385575,32.2754550576335]],[[-106.755857704009,32.2754867171751],[-106.755799965001,32.2755618809648],[-106.755798727143,32.2755632044363],[-106.755797776803,32.2755646899922],[-106.75579714346,32.2755662933237],[-106.755796845946,32.2755679647531],[-106.755796893543,32.2755696555431],[-106.75579728384,32.2755713133956],[-106.75579800595,32.2755728896541],[-106.755799037307,32.2755743348066],[-106.755800347956,32.275575607488],[-106.755801898407,32.2755766690764],[-106.7558036407,32.2755774854935],[-106.755805523757,32.2755780343973],[-106.755807489098,32.2755782988867],[-106.755809479351,32.2755782701731],[-106.755811434014,32.2755779494005],[-106.755813292634,32.2755773467315],[-106.755815002236,32.2755764804154],[-106.755816508815,32.2755753750186],[-106.755817767984,32.2755740658914],[-106.755818741737,32.2755725910638],[-106.755876479675,32.2754974272699],[-106.755877718593,32.2754961037934],[-106.755878667864,32.2754946173393],[-106.75587930121,32.2754930149092],[-106.755879598718,32.2754913425778],[-106.755879552185,32.2754896526855],[-106.755879161882,32.2754879939313],[-106.755878439776,32.2754864185752],[-106.755877407353,32.2754849725256],[-106.755876096704,32.2754836998451],[-106.75587454732,32.2754826391551],[-106.755872803962,32.2754818218414],[-106.755870921968,32.2754812729344],[-106.755868955572,32.275481009352],[-106.755866966383,32.2754810380623],[-106.755865011717,32.2754813579338],[-106.755863152043,32.2754819615097],[-106.755861443505,32.2754828278222],[-106.755859936923,32.2754839323176],[-106.755858677761,32.2754852423472],[-106.755857704009,32.2754867171751]],[[-106.75591435122,32.2754284991034],[-106.755916316554,32.2754287626894],[-106.755918306804,32.275428733974],[-106.755920261463,32.2754284131998],[-106.755922121141,32.275427810525],[-106.755923829677,32.2754269442117],[-106.755925336253,32.2754258388136],[-106.755926595418,32.2754245296853],[-106.755927569168,32.2754230548568],[-106.755985306922,32.2753478910133],[-106.755986545836,32.2753465675358],[-106.755987495109,32.2753450819827],[-106.755988128447,32.2753434786503],[-106.755988425952,32.2753418063185],[-106.755988379418,32.2753401164262],[-106.755987989119,32.2753384585742],[-106.755987267007,32.2753368823168],[-106.755986234584,32.2753354362681],[-106.755984923941,32.2753341644905],[-106.755983374554,32.2753331029],[-106.755981631197,32.2753322855878],[-106.755979749206,32.2753317366823],[-106.755977782813,32.2753314731016],[-106.755975793627,32.2753315018135],[-106.75597383897,32.2753318225886],[-106.755971979294,32.2753324252642],[-106.75597027076,32.2753332915781],[-106.755968764186,32.2753343969767],[-106.755967505023,32.2753357061055],[-106.755966531275,32.2753371809342],[-106.75590879245,32.2754123447737],[-106.755907554595,32.2754136682462],[-106.755906604259,32.275415153803],[-106.755905970919,32.275416757135],[-106.755905673412,32.2754184294665],[-106.755905721007,32.2754201193546],[-106.755906111305,32.2754217772068],[-106.755906833416,32.2754233534647],[-106.755907865838,32.275424799514],[-106.755909176487,32.2754260721943],[-106.75591072587,32.2754271328838],[-106.755912468166,32.2754279502012],[-106.75591435122,32.2754284991034]],[[-106.755379560609,32.2753404203386],[-106.755437299829,32.2752652567363],[-106.755438537689,32.2752639332683],[-106.755439488031,32.275262447715],[-106.755440121378,32.2752608443852],[-106.755440418893,32.2752591720546],[-106.755440371307,32.2752574821662],[-106.755439981018,32.2752558243124],[-106.755439258917,32.2752542480518],[-106.755438227565,32.2752528019942],[-106.75543691693,32.2752515302108],[-106.755435366489,32.2752504686177],[-106.755433624206,32.2752496521955],[-106.755431741158,32.275249103286],[-106.755429775825,32.2752488387907],[-106.755427785579,32.2752488674982],[-106.755425830921,32.2752491882648],[-106.755423972305,32.2752497909281],[-106.755422262706,32.2752506572389],[-106.755420756127,32.2752517626311],[-106.755419496957,32.2752530717544],[-106.755418523201,32.2752545465791],[-106.755360785033,32.2753297101687],[-106.75535954611,32.2753310336402],[-106.755358596832,32.2753325200905],[-106.755357963478,32.2753341225181],[-106.755357665961,32.2753357948484],[-106.755357712484,32.2753374847411],[-106.755358102777,32.275339143497],[-106.755358824873,32.2753407188562],[-106.755359857286,32.2753421649102],[-106.755361167926,32.2753434375962],[-106.755362717301,32.2753444982926],[-106.755364460652,32.2753453156134],[-106.75536634264,32.2753458645281],[-106.755368309032,32.2753461281183],[-106.755370298219,32.2753460994159],[-106.755372252883,32.275345779552],[-106.755374112558,32.2753451759834],[-106.755375821098,32.2753443096775],[-106.755377327679,32.2753432042859],[-106.755378586851,32.2753418951629],[-106.755379560609,32.2753404203386]],[[-106.756026350024,32.2752800720153],[-106.756028315359,32.2752803365014],[-106.756030305606,32.2752803077843],[-106.756032260261,32.2752799870084],[-106.756034119936,32.275279384332],[-106.756035828463,32.2752785171154],[-106.75603733504,32.2752774126178],[-106.756038594201,32.2752761034883],[-106.756039567947,32.275274628659],[-106.756097305517,32.2751994647644],[-106.756098544427,32.2751981412858],[-106.756099493691,32.27519665483],[-106.756100128093,32.2751950523946],[-106.756100425596,32.2751933800626],[-106.756100377993,32.2751916892727],[-106.756099987692,32.275190031421],[-106.756099265585,32.2751884560661],[-106.756098233162,32.2751870100182],[-106.756096922514,32.2751857373399],[-106.756095373133,32.2751846766526],[-106.75609363084,32.2751838593376],[-106.75609174779,32.2751833104381],[-106.756089782461,32.2751830468547],[-106.756087792212,32.2751830746709],[-106.756085837559,32.2751833954477],[-106.756083977887,32.2751839981249],[-106.756082269362,32.2751848653421],[-106.756080762787,32.2751859698402],[-106.756079503632,32.2751872798719],[-106.756078529887,32.2751887547015],[-106.756020791243,32.2752639176902],[-106.756019553397,32.2752652420657],[-106.756018603064,32.2752667276233],[-106.756017969727,32.2752683309559],[-106.756017672217,32.2752700023858],[-106.756017719819,32.2752716931758],[-106.756018110118,32.2752733510277],[-106.75601883223,32.2752749272849],[-106.756019864648,32.2752763724315],[-106.756021175296,32.2752776451107],[-106.756022724677,32.2752787057988],[-106.756024466972,32.2752795231147],[-106.756026350024,32.2752800720153]],[[-106.755490518261,32.2751905558169],[-106.755548257296,32.275115392164],[-106.755549495147,32.2751140677931],[-106.755550445485,32.2751125822389],[-106.75555107883,32.2751109789086],[-106.755551376347,32.2751093074796],[-106.755551328755,32.2751076166893],[-106.755550938464,32.2751059588358],[-106.755550216367,32.2751043834776],[-106.755549183954,32.2751029374252],[-106.755547873315,32.2751016647411],[-106.755546323942,32.2751006040469],[-106.755544581655,32.2750997867243],[-106.75554269861,32.2750992378165],[-106.755540733279,32.2750989733228],[-106.755538743036,32.2750990020321],[-106.755536788383,32.2750993228003],[-106.755534928709,32.2750999254695],[-106.75553322018,32.2751007926794],[-106.7555317136,32.275101897171],[-106.755530454438,32.2751032071973],[-106.755529480686,32.2751046820228],[-106.755471741637,32.2751798447655],[-106.755470503784,32.2751811691356],[-106.755469553443,32.2751826546892],[-106.755468920097,32.2751842580192],[-106.755468622577,32.275185929448],[-106.755468670169,32.2751876202382],[-106.755469060458,32.2751892780919],[-106.755469782554,32.2751908534506],[-106.755470814968,32.2751922995036],[-106.755472125607,32.2751935721886],[-106.755473674981,32.2751946328836],[-106.755475417268,32.2751954502072],[-106.755477300315,32.275195999116],[-106.755479265648,32.2751962636107],[-106.755481255893,32.2751962349023],[-106.755483210549,32.2751959141348],[-106.755485070225,32.2751953114664],[-106.755486778756,32.2751944442572],[-106.755488285338,32.2751933397661],[-106.755489544502,32.2751920297402],[-106.755490518261,32.2751905558169]],[[-106.756203468309,32.2751819626486],[-106.756201758724,32.2751828298717],[-106.75620025215,32.2751839343712],[-106.756198992993,32.2751852435023],[-106.75619801925,32.2751867183328],[-106.756140281772,32.2752618822726],[-106.756139042862,32.2752632057517],[-106.756138093597,32.2752646922078],[-106.756137460257,32.2752662946391],[-106.756137162755,32.2752679669711],[-106.756137209292,32.2752696568634],[-106.756137599599,32.2752713156167],[-106.756138321707,32.2752728909714],[-106.756139354132,32.2752743370189],[-106.756140664782,32.2752756096968],[-106.756142215226,32.2752766703792],[-106.756143957522,32.2752774876935],[-106.756145839513,32.2752780365965],[-106.756147805905,32.2752783001747],[-106.756149796151,32.2752782714557],[-106.75615174975,32.275277951584],[-106.756153609424,32.2752773489059],[-106.75615531795,32.2752764816876],[-106.756156824525,32.2752753771887],[-106.75615808368,32.2752740671562],[-106.756159057424,32.275272592326],[-106.756216795959,32.2751974292753],[-106.756218033801,32.2751961048979],[-106.75621898413,32.2751946193388],[-106.756219617463,32.2751930160052],[-106.756219914969,32.2751913445749],[-106.756219867364,32.275189653785],[-106.756219477061,32.2751879959337],[-106.756218754947,32.2751864196777],[-106.756217723588,32.2751849745284],[-106.756216412939,32.2751837018513],[-106.756214862495,32.2751826411697],[-106.756213120201,32.2751818238565],[-106.75621123715,32.2751812749587],[-106.756209271816,32.2751810104754],[-106.756207281572,32.2751810391953],[-106.75620532798,32.2751813599696],[-106.756203468309,32.2751819626486]],[[-106.756094435045,32.2753310029964],[-106.756092725456,32.2753318702181],[-106.756091218878,32.2753329747162],[-106.756089959722,32.2753342847481],[-106.756088985976,32.2753357595777],[-106.75603124831,32.2754109225661],[-106.756030009401,32.2754122469458],[-106.756029060128,32.2754137324993],[-106.75602842679,32.2754153358319],[-106.75602812928,32.2754170072618],[-106.756028175821,32.275418698056],[-106.756028566121,32.2754203559078],[-106.756029288229,32.2754219312631],[-106.756030320654,32.2754233773114],[-106.756031631304,32.2754246499904],[-106.756033180688,32.2754257106784],[-106.756034924047,32.2754265279898],[-106.756036806041,32.2754270768944],[-106.756038772441,32.2754273413761],[-106.756040761629,32.2754273126631],[-106.756042716288,32.275426991887],[-106.756044575965,32.2754263892104],[-106.756046284495,32.2754255219936],[-106.756047791074,32.2754244174959],[-106.756049050238,32.2754231083663],[-106.756050023985,32.275421633537],[-106.756107762699,32.2753464696342],[-106.756109000544,32.2753451452579],[-106.756109950877,32.2753436596997],[-106.756110584213,32.2753420563667],[-106.756110881721,32.2753403849365],[-106.756110834117,32.2753386941467],[-106.756110443816,32.2753370362951],[-106.756109721707,32.2753354609402],[-106.756108690344,32.2753340148883],[-106.756107379694,32.2753327422101],[-106.756105829249,32.2753316815272],[-106.756104086953,32.2753308642125],[-106.756102203899,32.2753303153131],[-106.756100238562,32.2753300508282],[-106.756098248315,32.2753300795463],[-106.756096293658,32.2753304003233],[-106.756094435045,32.2753310029964]],[[-106.755652023133,32.2749520681217],[-106.755650056749,32.2749518045358],[-106.755648067571,32.2749518332425],[-106.755646112921,32.2749521540125],[-106.755644253251,32.2749527566832],[-106.755642544721,32.2749536229927],[-106.755641038149,32.2749547283874],[-106.755639778986,32.274956037513],[-106.755638805237,32.2749575123394],[-106.755581066376,32.2750326760337],[-106.755579828521,32.2750339995031],[-106.755578878184,32.2750354850575],[-106.75557824484,32.275037088388],[-106.755577947328,32.2750387607189],[-106.755577994917,32.2750404506073],[-106.755578385207,32.2750421084607],[-106.755579107309,32.2750436847206],[-106.755580138661,32.2750451307771],[-106.7555814493,32.2750464034609],[-106.755582999734,32.2750474641504],[-106.75558474202,32.2750482814725],[-106.755586625064,32.2750488303797],[-106.755588590389,32.2750490939709],[-106.75559058063,32.2750490652608],[-106.755592534221,32.2750487444959],[-106.755594393894,32.275048141826],[-106.755596103488,32.2750472755128],[-106.755597610061,32.2750461701186],[-106.755598869226,32.2750448609935],[-106.755599842977,32.2750433861675],[-106.755657580768,32.274968222469],[-106.755658819681,32.2749668989945],[-106.755659768956,32.2749654134438],[-106.755660402297,32.2749638101129],[-106.755660699807,32.2749621377818],[-106.755660653279,32.2749604478892],[-106.755660262987,32.274958790036],[-106.755659540885,32.2749572137766],[-106.755658508471,32.274955767725],[-106.755657197838,32.2749544959438],[-106.755655648461,32.2749534343491],[-106.755653905115,32.2749526170322],[-106.755652023133,32.2749520681217]],[[-106.755693442117,32.2757256283034],[-106.755695408518,32.2757258918885],[-106.755697398779,32.2757258640784],[-106.755699352384,32.2757255433118],[-106.75570121207,32.2757249406402],[-106.755702920609,32.275724073428],[-106.755704428259,32.2757229689302],[-106.755705687426,32.2757216589022],[-106.755706660121,32.2757201840797],[-106.75576439931,32.2756450212345],[-106.755765637165,32.2756436968615],[-106.755766587506,32.2756422113058],[-106.75576722085,32.2756406079746],[-106.755767518365,32.2756389365452],[-106.755767470768,32.2756372457552],[-106.755767080471,32.2756355879026],[-106.755766358366,32.2756340125459],[-106.755765327005,32.2756325664912],[-106.755764016355,32.2756312938095],[-106.755762465909,32.2756302331224],[-106.75576072361,32.275629415803],[-106.755758841614,32.2756288668943],[-106.75575687521,32.2756286024084],[-106.755754884956,32.2756286311212],[-106.755752931353,32.2756289518887],[-106.75575107167,32.275629554561],[-106.755749362072,32.2756304217781],[-106.755747855486,32.2756315262722],[-106.755746596315,32.2756328353988],[-106.75574562256,32.2756343102258],[-106.755687884428,32.2757094739602],[-106.755686646572,32.2757107983325],[-106.755685696229,32.2757122838876],[-106.755685062878,32.2757138863166],[-106.755684765366,32.2757155586476],[-106.7556848119,32.2757172494418],[-106.755685203257,32.2757189072904],[-106.755685925361,32.2757204826476],[-106.755686956723,32.275721928703],[-106.755688267373,32.2757232013854],[-106.75568981782,32.2757242620734],[-106.75569156012,32.2757250793938],[-106.755693442117,32.2757256283034]],[[-106.755584039031,32.2758723744634],[-106.755586005434,32.2758726380501],[-106.755587994633,32.2758726093442],[-106.755589949308,32.2758722894768],[-106.755591808992,32.2758716859049],[-106.75559351754,32.2758708195961],[-106.755595024127,32.2758697142019],[-106.755596283303,32.2758684050768],[-106.755597257062,32.2758669302509],[-106.755654996429,32.2757917665539],[-106.755656234292,32.2757904430838],[-106.755657184636,32.2757889575289],[-106.755657817983,32.2757873541982],[-106.755658115496,32.2757856818673],[-106.755658067906,32.2757839919791],[-106.755657677611,32.2757823341262],[-106.755656955501,32.275780757867],[-106.75565592414,32.2757793118115],[-106.755654613494,32.2757780400305],[-106.755653063042,32.2757769784403],[-106.755651320746,32.2757761620212],[-106.755649437686,32.2757756131152],[-106.755647472341,32.2757753486233],[-106.755645482083,32.2757753773345],[-106.755643527416,32.2757756981045],[-106.75564166879,32.275776300771],[-106.755639959183,32.2757771670848],[-106.755638452598,32.2757782724795],[-106.755637193424,32.275779581605],[-106.755636219666,32.2757810564312],[-106.755578481352,32.2758562201157],[-106.755577242425,32.2758575435892],[-106.755576293146,32.2758590300411],[-106.755575659792,32.2758606324696],[-106.755575362277,32.2758623048003],[-106.755575408805,32.2758639946927],[-106.755575799104,32.2758656534477],[-106.755576521207,32.2758672288055],[-106.75557755363,32.2758686748575],[-106.755578864281,32.2758699475411],[-106.755580413668,32.2758710082346],[-106.755582157031,32.2758718255521],[-106.755584039031,32.2758723744634]]]}},{"type":"Feature","properties":{"id":"parking-102","category":"parking","name":"Lot 69"},"geometry":{"type":"Polygon","coordinates":[[[-106.756162633456,32.2764201377749],[-106.756213205989,32.2764120492472],[-106.756226030833,32.2764621473574],[-106.756173856501,32.2764717880918],[-106.756162633456,32.2764201377749]]]}},{"type":"Feature","properties":{"id":"parking-103","category":"parking","name":"Lot 71"},"geometry":{"type":"Polygon","coordinates":[[[-106.755003900893,32.2769979737451],[-106.755521436353,32.2768984324002],[-106.755525602866,32.2769213751761],[-106.7550106537,32.2770204200961],[-106.755003900893,32.2769979737451]]]}},{"type":"Feature","properties":{"id":"parking-104","category":"parking","name":"Lot 75N"},"geometry":{"type":"Polygon","coordinates":[[[-106.755000219779,32.2784072810591],[-106.755001695893,32.2784106300607],[-106.75500426785,32.278414413884],[-106.755007534996,32.2784177872883],[-106.755011410839,32.2784206595322],[-106.755015788783,32.2784229516785],[-106.755020551707,32.2784246010654],[-106.755025567731,32.2784255640295],[-106.755030701887,32.2784258140548],[-106.755035815071,32.2784253444827],[-106.755049325313,32.2784231341161],[-106.755192786132,32.2783946217151],[-106.755196572951,32.2783931148969],[-106.755200011912,32.2783910954122],[-106.755203008837,32.2783886177492],[-106.755205480247,32.2783857516848],[-106.755207356519,32.2783825768608],[-106.755208586126,32.2783791818653],[-106.755209134551,32.2783756597276],[-106.755208987483,32.2783721097091],[-106.755197111691,32.2783244508401],[-106.755485380067,32.2782697379206],[-106.755501195611,32.2783241079358],[-106.755514329039,32.2783190401445],[-106.755526275179,32.2783121715888],[-106.755536693279,32.2783036966304],[-106.755545289556,32.2782938563394],[-106.755551820329,32.2782829294631],[-106.755556098362,32.27827122699],[-106.755558003407,32.2782590794808],[-106.755557482184,32.2782468334616],[-106.755554547237,32.2782348360968],[-106.755553441101,32.2782321629145],[-106.755551854007,32.278229670225],[-106.755549825588,32.2782274219014],[-106.755547404975,32.2782254718584],[-106.755544654015,32.2782238694504],[-106.755541640873,32.2782226549881],[-106.755538440022,32.2782218579346],[-106.755535132256,32.2782214987091],[-106.755531798305,32.2782215860071],[-106.75552852202,32.2782221176891],[-106.755487713072,32.2782308162035],[-106.755394029278,32.2778729865762],[-106.755440559417,32.2778645673169],[-106.755409526586,32.2777336788886],[-106.755494400304,32.2777178849927],[-106.755584779001,32.277585670952],[-106.755594805088,32.2775756283282],[-106.755759258222,32.2775408183597],[-106.755993162985,32.2783093954377],[-106.755049276981,32.2784818478377],[-106.755048513659,32.2784820321633],[-106.755047782625,32.2784822957232],[-106.755042901452,32.2784847872309],[-106.755038540708,32.2784878989377],[-106.755034811438,32.2784915546438],[-106.755031804432,32.2784956628987],[-106.755029594496,32.2785001214936],[-106.755028237278,32.2785048192776],[-106.755027766109,32.27850964068],[-106.755028150105,32.2785139933049],[-106.755000219779,32.2784072810591]],[[-106.755645816974,32.2777583646893],[-106.755637315977,32.2777568565519],[-106.755628464141,32.2777577424426],[-106.75561992515,32.2777599104214],[-106.755611953424,32.2777632954377],[-106.755604787267,32.2777677982355],[-106.755598641419,32.2777732817749],[-106.75559369969,32.2777795829861],[-106.755551215239,32.2778406265401],[-106.755547483635,32.2778472980773],[-106.75554505586,32.2778543900711],[-106.755543993534,32.2778617201],[-106.755544324281,32.2778691004674],[-106.755546038558,32.2778763418218],[-106.755549094979,32.2778832558408],[-106.755609319276,32.2778723097124],[-106.755714199781,32.2782675204588],[-106.755714925105,32.2782694808948],[-106.755716020213,32.27827131359],[-106.755717455097,32.278272967259],[-106.755719191299,32.2782743987667],[-106.755721180826,32.2782755677217],[-106.755723370417,32.2782764418705],[-106.755725698379,32.2782769989137],[-106.755728103045,32.278277221963],[-106.755730518567,32.2782771058709],[-106.755732878089,32.2782766545126],[-106.755735117976,32.2782758789653],[-106.755737176773,32.2782748002176],[-106.755738999443,32.2782734482513],[-106.755740535238,32.2782718602458],[-106.755741741933,32.278270079659],[-106.755742586888,32.2782681544203],[-106.755743048098,32.2782661369252],[-106.755743111008,32.2782640822455],[-106.755742775933,32.2782620471966],[-106.755625204991,32.2778151333747],[-106.755687151506,32.2778019617483],[-106.755685871137,32.2777944805684],[-106.75568324506,32.2777872581985],[-106.755679336868,32.27778046754],[-106.755674376482,32.2777744115979],[-106.755668398768,32.2777690604712],[-106.755661538167,32.2777645371755],[-106.755653953422,32.277760943887],[-106.755645816974,32.2777583646893]]]}},{"type":"Feature","properties":{"id":"parking-105","category":"parking","name":"Lot 72"},"geometry":{"type":"Polygon","coordinates":[[[-106.754606963337,32.2774339096182],[-106.754636564751,32.2775440513663],[-106.75463468992,32.2775392420443],[-106.754631891257,32.2775347691987],[-106.754628249074,32.2775307578664],[-106.754623865918,32.2775273230752],[-106.75461886653,32.2775245617271],[-106.754613392532,32.2775225517176],[-106.754607599239,32.2775213519486],[-106.754601650309,32.277520994233],[-106.754595715657,32.2775214896159],[-106.75452922073,32.2775345445015],[-106.754527183063,32.2775352209174],[-106.754525300824,32.2775361681709],[-106.754523623771,32.2775373617133],[-106.754522195252,32.2775387698064],[-106.754521054341,32.2775403553181],[-106.754520229475,32.2775420775511],[-106.754519742687,32.277543889521],[-106.754519607518,32.2775457442772],[-106.754519826887,32.2775475940096],[-106.754536015843,32.2776099071147],[-106.754577248545,32.2775717435761],[-106.75460242142,32.2775787856989],[-106.754833012847,32.2784150111042],[-106.754837238038,32.2784142582996],[-106.754841249702,32.2784129039087],[-106.754844930226,32.2784109880833],[-106.754848171631,32.2784085653664],[-106.754850878779,32.2784057091888],[-106.754852972509,32.2784025019357],[-106.754854390708,32.2783990376487],[-106.754855091483,32.2783954193066],[-106.754855055243,32.2783917516032],[-106.754882477256,32.2784931630016],[-106.754881328606,32.2784899028751],[-106.754879573846,32.278486844482],[-106.754877256944,32.2784840679114],[-106.754874442004,32.2784816468595],[-106.754871201572,32.2784796459697],[-106.75486762193,32.2784781181064],[-106.754863798847,32.2784771043724],[-106.754859832251,32.27847662962],[-106.754855827321,32.2784767087602],[-106.754851890193,32.2784773377614],[-106.754848125878,32.2784785008723],[-106.754491309132,32.2785428889446],[-106.75446652318,32.2784425780163],[-106.754318802697,32.2783639859519],[-106.754127773312,32.2776205992545],[-106.754190325173,32.2776554335502],[-106.754175771899,32.2775882438468],[-106.754218329802,32.2775324636873],[-106.754576021022,32.2774658281852],[-106.754582352222,32.2774642877714],[-106.754588279297,32.2774618489195],[-106.754593626417,32.2774585826768],[-106.754598234884,32.2774545861763],[-106.754601968406,32.2774499772037],[-106.75460471628,32.2774448932837],[-106.754606398652,32.2774394835416],[-106.754606963337,32.2774339096182]]]}},{"type":"Feature","properties":{"id":"parking-106","category":"parking","name":"Lot 72"},"geometry":{"type":"Polygon","coordinates":[[[-106.754126960696,32.2775606236543],[-106.754175588894,32.2775874013419],[-106.754190325173,32.2776554335502],[-106.754127773312,32.2776205992545],[-106.754116036727,32.2775751483642],[-106.754126960696,32.2775606236543]]]}},{"type":"Feature","properties":{"id":"parking-107","category":"parking","name":"Lot 73"},"geometry":{"type":"Polygon","coordinates":[[[-106.752718892112,32.2778293621086],[-106.752671181824,32.2776444325059],[-106.752650798977,32.277567524874],[-106.75264974809,32.2775644582362],[-106.752648112264,32.2775615824144],[-106.752645938647,32.2775589765844],[-106.752643286026,32.2775567135625],[-106.752640227987,32.277554854382],[-106.752636849752,32.277553452815],[-106.752633244948,32.2775525463669],[-106.752629513498,32.2775521598919],[-106.752625757377,32.2775523047083],[-106.752622081659,32.2775529767905],[-106.7527357418,32.2775299391991],[-106.752729766981,32.2775318153961],[-106.752724253231,32.2775345239745],[-106.752719358292,32.2775379867468],[-106.752715224929,32.2775421039404],[-106.752711972444,32.2775467569376],[-106.752709695631,32.2775518100825],[-106.75270845845,32.2775571188237],[-106.752708299327,32.2775625287907],[-106.75272514411,32.2776311831813],[-106.752735900454,32.2776326103886],[-106.752750980266,32.277613383208],[-106.753577210595,32.2774611056146],[-106.75362755908,32.2774859051978],[-106.75363248685,32.27748685414],[-106.753691814279,32.2776932075291],[-106.753678070334,32.2776988340116],[-106.753668606168,32.2777145514277],[-106.752802893191,32.2778750413036],[-106.752718892112,32.2778293621086]]]}},{"type":"Feature","properties":{"id":"parking-108","category":"parking","name":"Lot 56"},"geometry":{"type":"Polygon","coordinates":[[[-106.752577340937,32.278398439383],[-106.75261265113,32.2785289065601],[-106.75261637962,32.2785360641826],[-106.75262147934,32.2785425823427],[-106.752627804884,32.278548274033],[-106.752635171685,32.2785529740462],[-106.752643368804,32.2785565470415],[-106.752652160005,32.2785588911475],[-106.752661290124,32.2785599370348],[-106.752670497853,32.2785596559822],[-106.752679516777,32.2785580562651],[-106.752688087052,32.2785551822068],[-106.752695960733,32.278551118667],[-106.752702912339,32.2785459810791],[-106.752708739931,32.2785399190533],[-106.752713276738,32.2785331064101],[-106.752716391149,32.2785257402781],[-106.752717994099,32.2785180329481],[-106.752718039038,32.2785102055602],[-106.752750001118,32.2786364193421],[-106.752746858453,32.2786288481452],[-106.752742227423,32.2786218510427],[-106.752736246119,32.2786156358132],[-106.752729093923,32.2786103902307],[-106.75272098401,32.2786062694672],[-106.752712160169,32.2786033979102],[-106.752702885084,32.278601861092],[-106.752693437148,32.278601705703],[-106.752684099824,32.2786029351238],[-106.752675151048,32.2786055130759],[-106.752666858977,32.2786093627362],[-106.752659471391,32.2786143694845],[-106.75265321145,32.278620381823],[-106.752648263948,32.2786272213507],[-106.752644777436,32.278634682755],[-106.752642856843,32.27864254286],[-106.752642559258,32.2786505660542],[-106.752643893979,32.2786585133087],[-106.752666509545,32.2787467673098],[-106.75186913977,32.278896833802],[-106.751804934333,32.2786480395722],[-106.75180384253,32.2786410094327],[-106.75180416021,32.2786339231887],[-106.751805878934,32.2786269837913],[-106.751808948834,32.2786203889452],[-106.751813281782,32.2786143283901],[-106.751818755579,32.2786089739643],[-106.751825212896,32.2786044796083],[-106.751832468663,32.2786009741208],[-106.751840315356,32.2785985566288],[-106.751859371078,32.2785924240386],[-106.751864218101,32.2785904612769],[-106.751868619922,32.2785878482422],[-106.751872455914,32.2785846566607],[-106.751875622518,32.2785809726202],[-106.751878032167,32.278576895673],[-106.751879619663,32.2785725379084],[-106.751880343192,32.2785680176356],[-106.751880182204,32.2785634584909],[-106.751871427122,32.2785293048198],[-106.752577340937,32.278398439383]],[[-106.752547965244,32.2785209859545],[-106.752544408667,32.2785211317784],[-106.752540931293,32.2785217796208],[-106.752537628557,32.2785229101631],[-106.752534593703,32.2785244914692],[-106.752531912485,32.2785264808107],[-106.752529657841,32.2785288219823],[-106.75252789417,32.2785314497942],[-106.752526670957,32.2785342900971],[-106.752526020678,32.2785372643006],[-106.752525964103,32.2785402884492],[-106.752526499706,32.2785432786765],[-106.752536407984,32.2785797545003],[-106.751927700535,32.2786965738947],[-106.751920632436,32.2786703507588],[-106.751917124408,32.2786583014737],[-106.751916140228,32.2786553941937],[-106.751914600766,32.2786526667862],[-106.751912546788,32.2786501966488],[-106.75191003811,32.2786480502812],[-106.751907143015,32.2786462896399],[-106.751903943511,32.2786449630993],[-106.751900527921,32.2786441090882],[-106.751896992969,32.2786437488666],[-106.751893436386,32.2786438946722],[-106.751889959001,32.2786445424968],[-106.751886656248,32.2786456721203],[-106.751883621384,32.2786472543127],[-106.751880940147,32.2786492436406],[-106.751878685484,32.2786515848007],[-106.751876921791,32.2786542126036],[-106.751875697495,32.2786570529047],[-106.751875048251,32.2786600261989],[-106.751874990597,32.2786630512534],[-106.751875527236,32.2786660405775],[-106.751912298843,32.2788014172584],[-106.751913208803,32.2788043410668],[-106.751914679415,32.2788070958035],[-106.751916669911,32.278809604071],[-106.751919124697,32.2788117948436],[-106.751921974438,32.2788136079724],[-106.751925139235,32.2788149923692],[-106.751928531824,32.278815909601],[-106.751932057582,32.2788163338899],[-106.751935616653,32.2788162530069],[-106.751939110324,32.27881567005],[-106.75194243995,32.2788145998408],[-106.75194551441,32.2788130743065],[-106.751948245817,32.27881113438],[-106.751950559102,32.2788088353729],[-106.751952388796,32.2788062406754],[-106.751953684341,32.2788034226368],[-106.751954409025,32.2788004616685],[-106.751954543124,32.2787974390157],[-106.751954082864,32.2787944403699],[-106.751944443068,32.2787586795069],[-106.752553271797,32.2786418360997],[-106.75256327222,32.2786786542594],[-106.7525641822,32.2786815780629],[-106.752565652829,32.278684332792],[-106.75256764334,32.2786868410491],[-106.752570098138,32.278689031809],[-106.752572947889,32.278690844923],[-106.752576112696,32.2786922302053],[-106.752579505282,32.2786931465177],[-106.752583031038,32.2786935707885],[-106.752586590103,32.2786934898873],[-106.752590083765,32.2786929069124],[-106.752593413384,32.278691837588],[-106.752596487823,32.2786903111361],[-106.752599219212,32.2786883711957],[-106.752601532478,32.2786860721768],[-106.752603362151,32.27868347747],[-106.752604657679,32.2786806603268],[-106.752605382335,32.278677698453],[-106.752605516413,32.2786746757997],[-106.752605056132,32.2786716771564],[-106.752571604868,32.2785475877238],[-106.752568096759,32.2785355384574],[-106.75256711256,32.2785326311825],[-106.752565573085,32.2785299046849],[-106.752563519088,32.2785274336564],[-106.752561010398,32.2785252873018],[-106.752558115295,32.2785235266755],[-106.75255491579,32.2785222010533],[-106.752551500195,32.2785213461579],[-106.752547965244,32.2785209859545]]]}},{"type":"Feature","properties":{"id":"parking-109","category":"parking","name":"Lot 55"},"geometry":{"type":"Polygon","coordinates":[[[-106.751412457489,32.2790013972065],[-106.751424167224,32.2790493168316],[-106.751443030785,32.279126515667],[-106.751396395054,32.2791359962634],[-106.751393940601,32.2791367599599],[-106.751391667399,32.2791378584273],[-106.751389640036,32.2791392607459],[-106.751387913504,32.2791409288195],[-106.751386535322,32.2791428164648],[-106.751385543423,32.2791448721255],[-106.751384966153,32.2791470379701],[-106.751384818055,32.2791492562221],[-106.751385103029,32.2791514637362],[-106.751385814378,32.2791536010165],[-106.751405838992,32.2792315131241],[-106.751459900971,32.2794418593065],[-106.751460584204,32.279444866989],[-106.751461869617,32.2794477279833],[-106.751463718524,32.2794503567668],[-106.751466077403,32.2794526732867],[-106.751468871562,32.2794546083967],[-106.751472018928,32.2794561019985],[-106.75147542371,32.2794571093794],[-106.751478982767,32.2794576002859],[-106.751482586673,32.2794575598211],[-106.751486129279,32.27945699021],[-106.75152674898,32.2794492271574],[-106.751554566494,32.2795528995663],[-106.750891204869,32.2796740768767],[-106.750765307757,32.2792019224139],[-106.750762101128,32.2791977541242],[-106.75075816675,32.2791940639982],[-106.750753600663,32.2791909427427],[-106.750748514753,32.2791884665715],[-106.750743036757,32.2791866981082],[-106.750737299604,32.2791856792127],[-106.750731445693,32.2791854363762],[-106.750725618365,32.2791859744414],[-106.750719962997,32.2791872820097],[-106.750675410905,32.2791980852185],[-106.750664165387,32.2792042633252],[-106.750654117302,32.2792117858605],[-106.750645487606,32.2792204860073],[-106.750638465287,32.2792301745286],[-106.750633205227,32.2792406379728],[-106.75059832414,32.2791099421745],[-106.750605248968,32.2791176815095],[-106.75061352172,32.279124399109],[-106.750622933404,32.2791299280559],[-106.750633252898,32.2791341303804],[-106.750644221664,32.2791369024918],[-106.750655566481,32.2791381733248],[-106.750667005864,32.279137913332],[-106.750749099668,32.2791225737428],[-106.751412457489,32.2790013972065]],[[-106.751262085577,32.2790789251853],[-106.751198848345,32.2790904764289],[-106.751242866568,32.2792617427624],[-106.751307857022,32.2792496876141],[-106.751262085577,32.2790789251853]]]}},{"type":"Feature","properties":{"id":"parking-110","category":"parking","name":"Lot 66"},"geometry":{"type":"Polygon","coordinates":[[[-106.755662542331,32.2793917310137],[-106.755679324565,32.2793885677442],[-106.755652063568,32.2792865390261],[-106.755633182065,32.279289992978],[-106.755623059407,32.2792549143403],[-106.755622452857,32.2792531238794],[-106.755621519908,32.2792514366351],[-106.755620287335,32.2792498948873],[-106.755618782958,32.2792485382063],[-106.755617045184,32.2792474007089],[-106.75561511875,32.2792465092715],[-106.755613050499,32.2792458880568],[-106.755610892524,32.279245550384],[-106.755608700087,32.2792455068542],[-106.755606525209,32.2792457581608],[-106.75555759863,32.2792548003391],[-106.755523950783,32.2791235941645],[-106.755601533409,32.2791081342054],[-106.755605383445,32.2791063457428],[-106.755608829311,32.2791040367237],[-106.755611775829,32.2791012733647],[-106.755614139562,32.2790981326577],[-106.755615855173,32.2790947014423],[-106.75561687542,32.2790910755045],[-106.75561717114,32.2790873559689],[-106.755616734412,32.2790836456789],[-106.755615577493,32.2790800492005],[-106.755613732785,32.2790766665101],[-106.75561125177,32.2790735920963],[-106.755608201796,32.2790709104639],[-106.755604670338,32.2790686979205],[-106.755600754333,32.2790670145022],[-106.755596564456,32.2790659084662],[-106.755592214458,32.2790654091181],[-106.755698449905,32.279046015025],[-106.75569452048,32.2790491836477],[-106.75569127547,32.2790528699006],[-106.75568880877,32.2790569678904],[-106.755687190854,32.2790613600939],[-106.75568646774,32.2790659218707],[-106.755686660992,32.2790705214634],[-106.755687764577,32.2790750281273],[-106.755689746982,32.2790793112192],[-106.755692550213,32.2790832501227],[-106.755696096136,32.2790867297132],[-106.755700282293,32.2790896520985],[-106.755704988257,32.2790919329864],[-106.755710078842,32.2790935070826],[-106.755888154056,32.2797375043996],[-106.755936755767,32.2797829210496],[-106.75597216298,32.279916129381],[-106.755964521551,32.2799427088245],[-106.755943487423,32.2799471968577],[-106.755940194063,32.2799360577045],[-106.75591413517,32.2799364948869],[-106.755902113107,32.2798989275489],[-106.755832431753,32.2799113943525],[-106.75579923051,32.2797859845102],[-106.755777519484,32.2797901577735],[-106.755774584102,32.2797907223674],[-106.755750622327,32.2797003631042],[-106.755751553387,32.2797001781025],[-106.755760319972,32.2796984348789],[-106.755735949012,32.2796072186834],[-106.75572531782,32.2796092642792],[-106.755724801372,32.2796093637478],[-106.755632919227,32.2796270445901],[-106.755595329514,32.2794857146618],[-106.755678560031,32.2794696611679],[-106.755657909056,32.279392604525],[-106.755662542331,32.2793917310137]]]}},{"type":"Feature","properties":{"id":"parking-111","category":"parking","name":"Lot 59"},"geometry":{"type":"Polygon","coordinates":[[[-106.753277356234,32.2795428954558],[-106.753834926534,32.2794384450224],[-106.753853384235,32.2795040625643],[-106.75385397323,32.2795065240847],[-106.753855013853,32.2795088746785],[-106.753856480302,32.2795110558282],[-106.753858335119,32.2795130126699],[-106.753860530252,32.2795146948915],[-106.753863011327,32.2795160603226],[-106.753865716583,32.2795170749392],[-106.753868575812,32.2795177128674],[-106.75387151886,32.2795179581539],[-106.753874470315,32.2795178038846],[-106.75387735483,32.2795172548694],[-106.753917967552,32.2795097986094],[-106.753926272752,32.2795421105299],[-106.753848214325,32.2795566929534],[-106.753846663233,32.2795547556424],[-106.753844774771,32.2795530496507],[-106.7538425927,32.2795516180927],[-106.75384017347,32.2795504941118],[-106.753837576699,32.2795497081333],[-106.753834866185,32.2795492788416],[-106.753832109924,32.2795492158858],[-106.753829376933,32.2795495216962],[-106.753669537113,32.2795800558115],[-106.753666959206,32.2795805702305],[-106.753664514873,32.2795814349385],[-106.753662268746,32.2795826271316],[-106.753660282217,32.279584114098],[-106.753658608155,32.279585857749],[-106.753657291939,32.2795878092034],[-106.753656368321,32.2795899178186],[-106.753655861401,32.2795921257797],[-106.753655786776,32.2795943744041],[-106.753656144118,32.2795966041703],[-106.753699544789,32.2797643548296],[-106.753665351064,32.2797723184159],[-106.753700896953,32.279917965247],[-106.753251190943,32.2800021895669],[-106.753248265935,32.2800025222838],[-106.753245447208,32.2800032613141],[-106.753242810024,32.280004386517],[-106.753240429587,32.2800058669299],[-106.753238368301,32.2800076608185],[-106.753236686407,32.2800097192428],[-106.753235427121,32.2800119861154],[-106.753234627255,32.2800143990616],[-106.753234307667,32.2800168903591],[-106.753213105043,32.2799324393896],[-106.753213944517,32.2799347006046],[-106.753215229,32.2799368049271],[-106.753216918868,32.279938690287],[-106.753218966041,32.2799403009607],[-106.753221307623,32.2799415894006],[-106.753223875454,32.2799425161965],[-106.753226592949,32.279943054598],[-106.753229378278,32.2799431886977],[-106.753232149673,32.2799429143122],[-106.753320197622,32.2799268765405],[-106.753322598836,32.2799258911622],[-106.753324775321,32.2799245811096],[-106.753326665704,32.2799229827015],[-106.75332821821,32.2799211403353],[-106.75332938959,32.2799191037854],[-106.753330148319,32.2799169317981],[-106.753330471362,32.2799146821839],[-106.753330351641,32.2799124190029],[-106.753329791614,32.2799102026695],[-106.753328806495,32.279908097155],[-106.753327425261,32.2799061591608],[-106.753325683244,32.2799044426572],[-106.753323631658,32.2799029943369],[-106.753321325934,32.279901855464],[-106.753318828881,32.2799010573534],[-106.753316211748,32.2799006222673],[-106.753313544659,32.2799005607486],[-106.753262810878,32.2799098374125],[-106.753197891246,32.2796411491575],[-106.753284676355,32.2796265927815],[-106.753286669456,32.2796261023455],[-106.753288531461,32.2796253256418],[-106.753290207297,32.2796242863381],[-106.753291646183,32.2796230162017],[-106.753292803747,32.2796215541893],[-106.753293645191,32.2796199428268],[-106.753294146377,32.2796182327143],[-106.753294289538,32.2796164744266],[-106.753294072844,32.2796147211805],[-106.753277356234,32.2795428954558]]]}},{"type":"Feature","properties":{"id":"parking-112","category":"parking","name":"Lot 58"},"geometry":{"type":"Polygon","coordinates":[[[-106.753542384405,32.2807687371486],[-106.753538458753,32.2807685805472],[-106.753534558558,32.2807689965225],[-106.753453990118,32.2807839079714],[-106.753450698879,32.2807855949367],[-106.753447761342,32.2807876998548],[-106.753445249418,32.280790171935],[-106.75344322752,32.2807929486926],[-106.753441745163,32.2807959613892],[-106.75344083909,32.2807991350242],[-106.753440533274,32.2808023892369],[-106.753440832585,32.2808056446447],[-106.753418228699,32.2807108974106],[-106.75341998655,32.280713747482],[-106.753422236605,32.2807163358568],[-106.753424925447,32.2807186014218],[-106.753427990153,32.28072049212],[-106.753431359347,32.2807219631433],[-106.753434953211,32.2807229787355],[-106.753438686697,32.2807235175912],[-106.753442474794,32.2807235647177],[-106.753513200228,32.2807104412205],[-106.753515202701,32.2807099137675],[-106.753517068783,32.2807091027736],[-106.753518745534,32.280708033702],[-106.753520183228,32.2807067374141],[-106.753521338544,32.2807052510587],[-106.753522177755,32.2807036189611],[-106.753522677777,32.2807018899137],[-106.753522821892,32.2807001126833],[-106.753522607214,32.2806983413927],[-106.753522039331,32.2806966265237],[-106.753521135517,32.280695020315],[-106.75351992256,32.2806935677524],[-106.753518434677,32.2806923128906],[-106.753516716653,32.2806912916252],[-106.753514818557,32.2806905353214],[-106.753512796772,32.280690065399],[-106.753510709762,32.2806898951528],[-106.753508620195,32.2806900306458],[-106.753468946496,32.2806967281791],[-106.753467675349,32.2806968486845],[-106.753466398935,32.2806967843304],[-106.753465153367,32.2806965385803],[-106.753463974769,32.2806961167013],[-106.753462897182,32.2806955311838],[-106.753461952553,32.2806947999374],[-106.75346116647,32.2806939427009],[-106.753460561371,32.2806929855388],[-106.75346015757,32.2806919545238],[-106.753427335005,32.2805649904518],[-106.753504003017,32.2805502929801],[-106.75348670831,32.2804872644981],[-106.753864918043,32.2804093607378],[-106.753947263731,32.2806928903455],[-106.753904054313,32.2807014031307],[-106.753915161374,32.2807481425748],[-106.753570579622,32.2808150062575],[-106.753561638606,32.2807834787643],[-106.753560393882,32.2807803119012],[-106.75355853043,32.2807773720673],[-106.753556102869,32.2807747456229],[-106.753553183817,32.2807725098382],[-106.753549857506,32.2807707311144],[-106.753546221889,32.2807694604668],[-106.753542384405,32.2807687371486]]]}},{"type":"Feature","properties":{"id":"parking-113","category":"parking","name":"Lot 58"},"geometry":{"type":"Polygon","coordinates":[[[-106.753947765324,32.2806927909434],[-106.753950330173,32.2807016206977],[-106.75392363584,32.2807465350203],[-106.753915168999,32.2807481777167],[-106.753904054313,32.2807014031307],[-106.753947765324,32.2806927909434]]]}},{"type":"Feature","properties":{"id":"parking-114","category":"parking","name":"Lot 58"},"geometry":{"type":"Polygon","coordinates":[[[-106.753485927551,32.2804869862319],[-106.753503300245,32.2805502957821],[-106.753425528266,32.2805652050811],[-106.753409383334,32.2805027527999],[-106.753485927551,32.2804869862319]]]}},{"type":"Feature","properties":{"id":"parking-115","category":"parking","name":"Lot 52"},"geometry":{"type":"Polygon","coordinates":[[[-106.751537319951,32.2806099044363],[-106.751539342352,32.280623606417],[-106.751555480723,32.2806208583992],[-106.751621197654,32.2808663792467],[-106.751153995521,32.2809547771824],[-106.751121919757,32.2808248261947],[-106.751121712925,32.2808223496174],[-106.751121024473,32.2808199371794],[-106.751119871748,32.2808176546472],[-106.751118288026,32.2808155686261],[-106.751116316079,32.2808137348615],[-106.75111401352,32.2808122054324],[-106.751111443226,32.2808110242801],[-106.751108676498,32.2808102226867],[-106.751105792021,32.2808098237882],[-106.751102868417,32.2808098389968],[-106.751099989549,32.2808102670777],[-106.751056833899,32.2808185784651],[-106.751054494152,32.2808199396304],[-106.751052436287,32.2808215945842],[-106.751050708923,32.2808235043537],[-106.751049355323,32.2808256209688],[-106.751048410228,32.2808278910824],[-106.751047896688,32.2808302595897],[-106.751047827118,32.2808326669191],[-106.751048203311,32.2808350535408],[-106.751023883969,32.2807493384434],[-106.751024434608,32.2807506286182],[-106.751025830678,32.2807527613796],[-106.751027607745,32.2807546788896],[-106.751029722007,32.280756330818],[-106.751032118038,32.2807576768011],[-106.751034736196,32.2807586819032],[-106.75103750839,32.2807593193388],[-106.751040365537,32.2807595749522],[-106.751043233281,32.2807594409218],[-106.751084195938,32.2807525406266],[-106.75108693218,32.2807518524757],[-106.751089491142,32.2807507799356],[-106.751091798687,32.2807493548656],[-106.751093789218,32.2807476181095],[-106.751095404621,32.2807456195],[-106.751096596381,32.2807434169483],[-106.751097333002,32.2807410746113],[-106.751097590438,32.2807386602235],[-106.751097362708,32.2807362441534],[-106.751089844091,32.2806948760971],[-106.751537319951,32.2806099044363]],[[-106.751196134937,32.2807844468833],[-106.751193722639,32.2807847766161],[-106.751191413112,32.2807854549591],[-106.751189276312,32.280786461794],[-106.751187375764,32.2807877662055],[-106.751185768582,32.2807893291872],[-106.751184503347,32.2807911045516],[-106.75118361692,32.280793038943],[-106.751183136582,32.2807950736324],[-106.751183075806,32.2807971490439],[-106.751183438485,32.2807992011303],[-106.751184211554,32.280801170421],[-106.751206590547,32.2808853627375],[-106.75120724398,32.2808871981263],[-106.751208253448,32.2808889121552],[-106.751209588964,32.2808904571448],[-106.751211213125,32.2808917881509],[-106.751213079006,32.2808928665797],[-106.751215132299,32.2808936619838],[-106.751217314481,32.2808941502454],[-106.751219562844,32.2808943180854],[-106.75122181154,32.280894160354],[-106.751223996903,32.2808936827152],[-106.751226055307,32.2808928980475],[-106.751227928482,32.2808918282265],[-106.751229561401,32.2808905050358],[-106.751230906499,32.2808889665421],[-106.751231927926,32.2808872570786],[-106.75123259304,32.280885425475],[-106.751232884082,32.2808835241096],[-106.751232792866,32.2808816089298],[-106.751210812978,32.2807933557809],[-106.751209990098,32.2807914020196],[-106.751208781612,32.2807895976931],[-106.751207226041,32.2807879976618],[-106.751205368233,32.2807866495459],[-106.751203264671,32.2807855928029],[-106.751200978178,32.280784861454],[-106.751198577867,32.2807844750657],[-106.751196134937,32.2807844468833]]]}},{"type":"Feature","properties":{"id":"parking-116","category":"parking","name":"Lot 54"},"geometry":{"type":"Polygon","coordinates":[[[-106.751470000611,32.2799048419913],[-106.751496012839,32.2800064689497],[-106.751402429969,32.2800203178805],[-106.751412790426,32.280072076645],[-106.750944938782,32.2801601949947],[-106.75093873777,32.2801381466679],[-106.750937190828,32.2801348303669],[-106.750935021108,32.2801317771725],[-106.750932287452,32.2801290698222],[-106.750929065645,32.2801267828693],[-106.75092544414,32.280124978191],[-106.750921520885,32.2801237068046],[-106.750917405412,32.280123002546],[-106.750913208239,32.2801228857196],[-106.750909047212,32.2801233576616],[-106.750905034798,32.2801244071037],[-106.750901280183,32.2801260047534],[-106.750897888226,32.2801281069057],[-106.750894950966,32.2801306554769],[-106.750892549765,32.2801335807013],[-106.750890748942,32.2801368029605],[-106.750889598968,32.2801402336725],[-106.75088913117,32.2801437780182],[-106.750889358818,32.2801473394463],[-106.750865617114,32.2800579144862],[-106.750868334076,32.2800608690127],[-106.750871596471,32.280063394798],[-106.75087531153,32.280065417356],[-106.75087937491,32.2800668811853],[-106.750883670655,32.2800677425549],[-106.750888075494,32.2800679785056],[-106.750892464119,32.2800675823193],[-106.750896711318,32.2800665644131],[-106.750900697291,32.2800649541218],[-106.750904307634,32.2800627969918],[-106.750907438651,32.2800601547607],[-106.75091000264,32.2800571026305],[-106.750911925771,32.280053728374],[-106.750913153364,32.2800501269031],[-106.75091365095,32.2800464011661],[-106.750913404258,32.2800426585404],[-106.750903921853,32.2800094095499],[-106.751470000611,32.2799048419913]]]}},{"type":"Feature","properties":{"id":"parking-117","category":"parking","name":"Lot 50"},"geometry":{"type":"Polygon","coordinates":[[[-106.75090190896,32.2806249811087],[-106.75092794968,32.2807216307195],[-106.75092430981,32.2807176481324],[-106.75091994585,32.2807142320773],[-106.750914975089,32.2807114758819],[-106.750909538079,32.2807094556464],[-106.750903781631,32.2807082276053],[-106.750897865167,32.2807078244949],[-106.750891952241,32.2807082582925],[-106.750886205212,32.28070951663],[-106.750880782068,32.2807115646101],[-106.750875832191,32.2807143466273],[-106.750871492106,32.2807177854824],[-106.750867880189,32.2807217860111],[-106.750865097758,32.2807262395888],[-106.75086322057,32.280731022361],[-106.750862299923,32.280736003355],[-106.750871959921,32.2807673640558],[-106.750567083608,32.2808261518903],[-106.750556937055,32.2807952918208],[-106.750554162945,32.280790826004],[-106.750550524096,32.2807868334816],[-106.750546128393,32.2807834346746],[-106.750541108032,32.2807807309687],[-106.750535614209,32.2807788038335],[-106.750529810728,32.2807777103383],[-106.750523872938,32.2807774840587],[-106.75051797817,32.2807781324085],[-106.750512302538,32.280779634849],[-106.750507017778,32.2807819465084],[-106.750502282752,32.2807849982163],[-106.750498237089,32.2807886983318],[-106.750495004387,32.2807929354369],[-106.750492681618,32.2807975828875],[-106.750491337029,32.2808025024292],[-106.7504910112,32.2808075441931],[-106.75052058577,32.2809208380618],[-106.750522720807,32.2809255003112],[-106.750525763573,32.2809297846926],[-106.750529624187,32.2809335625968],[-106.750534189511,32.2809367235438],[-106.750539323151,32.2809391751831],[-106.750544875015,32.2809408441572],[-106.750550681352,32.2809416824151],[-106.750556571095,32.280941663579],[-106.750562369087,32.2809407892451],[-106.750567906673,32.2809390853339],[-106.750573019573,32.2809366011968],[-106.750577556385,32.2809334113862],[-106.750581383855,32.2809296084197],[-106.750584389015,32.280925306379],[-106.750586483377,32.280920630071],[-106.750587605067,32.2809157186268],[-106.75058772091,32.2809107164749],[-106.750581572127,32.2808817425747],[-106.75088655461,32.2808240834072],[-106.750893068422,32.2808537827402],[-106.750895860691,32.2808582656126],[-106.750899493362,32.2808622897144],[-106.750903866024,32.2808657427116],[-106.750908856061,32.2808685276903],[-106.750914321843,32.2808705658487],[-106.750920112307,32.2808718000673],[-106.75092606378,32.2808721967247],[-106.750932010588,32.2808717447539],[-106.750937783993,32.2808704547448],[-106.750943223902,32.2808683652103],[-106.750948176697,32.2808655335769],[-106.750952503745,32.2808620397577],[-106.75095608456,32.2808579816313],[-106.750958816788,32.2808534723357],[-106.750960625754,32.280848639329],[-106.750961459118,32.2808436171952],[-106.75098599968,32.2809394538559],[-106.750982442694,32.2809352941781],[-106.750978100107,32.2809317130008],[-106.750973103066,32.2809288135171],[-106.750967595361,32.2809266817345],[-106.750961739769,32.2809253810392],[-106.750955709536,32.2809249486217],[-106.750949680962,32.2809253973105],[-106.750943830207,32.2809267146827],[-106.750938331157,32.2809288612687],[-106.750933344834,32.2809317742018],[-106.750929016208,32.2809353681326],[-106.750925475278,32.2809395370282],[-106.750922823285,32.2809441587368],[-106.750921140168,32.2809490976628],[-106.750920475019,32.2809542075108],[-106.750920846128,32.2809593394022],[-106.750928568423,32.2809873628002],[-106.750495017556,32.2810715727761],[-106.750431786356,32.2808223312475],[-106.750429247258,32.2808181296422],[-106.75042597351,32.2808143124332],[-106.750422044175,32.2808109712963],[-106.750417553114,32.2808081861248],[-106.750412610048,32.2808060250247],[-106.750407333095,32.2808045389339],[-106.750401848782,32.2808037634251],[-106.750396288861,32.280803718719],[-106.750390788153,32.2808044042812],[-106.750292606779,32.2808233435543],[-106.750277080761,32.2807659234721],[-106.750887881083,32.2806499478126],[-106.750891938593,32.2806466688043],[-106.750895390542,32.2806429232328],[-106.750898165178,32.280638790746],[-106.750900202473,32.280634359062],[-106.75090145942,32.2806297230463],[-106.75090190896,32.2806249811087]]]}},{"type":"Feature","properties":{"id":"parking-118","category":"parking","name":"Williams Ave"},"geometry":{"type":"Polygon","coordinates":[[[-106.750895737758,32.2801577233667],[-106.751054796154,32.2807468484256],[-106.751023257544,32.2807529943468],[-106.750864199335,32.280163868345],[-106.750895737758,32.2801577233667]]]}},{"type":"Feature","properties":{"id":"parking-119","category":"parking","name":"Williams Ave"},"geometry":{"type":"Polygon","coordinates":[[[-106.750781017984,32.2800857800459],[-106.750923682517,32.2806114399546],[-106.750892152606,32.2806176164716],[-106.750749487182,32.2800919565303],[-106.750781017984,32.2800857800459]]]}},{"type":"Feature","properties":{"id":"parking-120","category":"parking","name":"Williams Ave"},"geometry":{"type":"Polygon","coordinates":[[[-106.750952353946,32.2807194867004],[-106.750982564936,32.2808316163442],[-106.750951023033,32.2808377487328],[-106.750920811023,32.2807256199871],[-106.750952353946,32.2807194867004]]]}},{"type":"Feature","properties":{"id":"parking-121","category":"parking","name":"Williams Ave"},"geometry":{"type":"Polygon","coordinates":[[[-106.75101534693,32.2809351933998],[-106.751049141794,32.2810679297378],[-106.751017515245,32.2810737414183],[-106.75098372042,32.2809410041697],[-106.75101534693,32.2809351933998]]]}},{"type":"Feature","properties":{"id":"parking-122","category":"parking","name":"Williams Ave"},"geometry":{"type":"Polygon","coordinates":[[[-106.751082162092,32.2808475754449],[-106.751198759089,32.2812811037999],[-106.751167213807,32.2812872263359],[-106.751050616951,32.2808536979508],[-106.751082162092,32.2808475754449]]]}},{"type":"Feature","properties":{"id":"parking-123","category":"parking","name":"Lot 49"},"geometry":{"type":"Polygon","coordinates":[[[-106.750849324096,32.2813439669806],[-106.750842606283,32.2813188769399],[-106.750836402038,32.2813211706153],[-106.750824385434,32.2812689899991],[-106.750710025296,32.2812882562003],[-106.750694087197,32.2812285488994],[-106.750755915729,32.2812180812069],[-106.750739124688,32.2811370393844],[-106.750728409088,32.2811388468055],[-106.750681742167,32.2811467156489],[-106.75067793233,32.281130540638],[-106.750724634242,32.2811226653443],[-106.750724539709,32.2811220768072],[-106.750724704491,32.2811170952041],[-106.750725817783,32.2811122018293],[-106.750727849512,32.2811075266693],[-106.750730748338,32.2811031934819],[-106.750734435267,32.2810993162141],[-106.750738814262,32.28109599896],[-106.750743767968,32.2810933296649],[-106.750739349929,32.2810769821074],[-106.750963406452,32.2810335231763],[-106.750975800319,32.2810846074312],[-106.750982882777,32.2810835223593],[-106.7509863449,32.2810820115438],[-106.750989460469,32.2810800295307],[-106.750992140617,32.2810776325875],[-106.750994311403,32.2810748886468],[-106.750995910611,32.2810718737113],[-106.750996893068,32.2810686745385],[-106.750997230602,32.2810653805238],[-106.751018678315,32.2811408583252],[-106.751018085017,32.2811393401501],[-106.751017206715,32.2811379259174],[-106.751016065916,32.2811366543175],[-106.751014693589,32.2811355585961],[-106.751013128126,32.2811346701659],[-106.751011412123,32.281134013208],[-106.751009592392,32.2811336055739],[-106.751007717818,32.2811334569899],[-106.751005839395,32.2811335735668],[-106.751004010176,32.2811339505848],[-106.751002278945,32.2811345788318],[-106.75100069338,32.2811354409833],[-106.750999295811,32.2811365125215],[-106.750998125363,32.2811377653334],[-106.750997213696,32.281139165023],[-106.750996586075,32.2811406727103],[-106.750996259262,32.2811422477453],[-106.750996241512,32.2811438468061],[-106.750996534711,32.2811454265961],[-106.751009207499,32.2811952940385],[-106.751010070175,32.2811967624446],[-106.751011210201,32.2811980863553],[-106.751012594474,32.2811992307295],[-106.751014184593,32.281200162351],[-106.751015934766,32.2812008552474],[-106.751017797111,32.281201289768],[-106.751019719542,32.2812014534936],[-106.751021645769,32.2812013421379],[-106.751023523793,32.2812009595149],[-106.751025299523,32.2812003148577],[-106.751026924229,32.2811994272986],[-106.751028351334,32.2811983213724],[-106.751029540673,32.2811970288036],[-106.751030458467,32.2811955848985],[-106.751031079465,32.2811940312427],[-106.751031386921,32.2811924111917],[-106.751031370471,32.2811907707813],[-106.75103103143,32.2811891560008],[-106.751046518263,32.2812480380469],[-106.751045522762,32.2812465476216],[-106.751044239425,32.2812452251818],[-106.751042705634,32.2812441120642],[-106.751040968284,32.2812432414517],[-106.751039080594,32.2812426383849],[-106.75103709787,32.2812423215834],[-106.751035080683,32.2812423016293],[-106.751033090605,32.281242578278],[-106.751031185975,32.2812431422798],[-106.751029425097,32.2812439780716],[-106.75102786091,32.2812450601915],[-106.751026539948,32.2812463559881],[-106.751025503394,32.2812478256162],[-106.751024780734,32.28124942567],[-106.751024396119,32.2812511073533],[-106.751024358829,32.2812528210273],[-106.751037966934,32.2813065501088],[-106.750849324096,32.2813439669806]]]}},{"type":"Feature","properties":{"id":"parking-124","category":"parking","name":"Lot 44"},"geometry":{"type":"Polygon","coordinates":[[[-106.748447963494,32.2800949957386],[-106.748482377055,32.2802177594424],[-106.748505522839,32.2802446543172],[-106.748532001083,32.280269230888],[-106.748541684131,32.2802742980694],[-106.748552174125,32.280278029121],[-106.748563217909,32.2802803339547],[-106.748574549774,32.2802811568023],[-106.748585893595,32.2802804780114],[-106.748451220184,32.2803065132329],[-106.74845610788,32.2803045811041],[-106.748460573839,32.2803020157331],[-106.748464502688,32.2802988798033],[-106.748467796138,32.2802952539681],[-106.748470370822,32.2802912296438],[-106.748472161485,32.2802869098999],[-106.748473120946,32.2802824031453],[-106.74847322754,32.2802778240012],[-106.748472475534,32.2802732888297],[-106.748470886784,32.2802689120802],[-106.748468501183,32.2802648054254],[-106.748466249719,32.2802611554822],[-106.74846330284,32.280257882554],[-106.748459744935,32.2802550819047],[-106.748455679422,32.2802528342928],[-106.748451223439,32.2802512059934],[-106.748446507819,32.2802502433867],[-106.748441667534,32.2802499738972],[-106.748436843826,32.2802504059862],[-106.748432175698,32.2802515273809],[-106.748419668973,32.2802538719667],[-106.748408539384,32.2802110281255],[-106.747849273216,32.2803158743873],[-106.747860402556,32.2803587182795],[-106.747841925053,32.2803621821022],[-106.747836817629,32.2803647048874],[-106.747832286227,32.2803679261439],[-106.747828464101,32.2803717524551],[-106.747825459997,32.2803760742679],[-106.747823360277,32.2803807649822],[-106.747822226844,32.280385690879],[-106.747822092887,32.2803907084327],[-106.747822960802,32.2803956733366],[-106.747824806442,32.2804004404872],[-106.747827575983,32.2804048739163],[-106.747831190158,32.2804088440691],[-106.747835543246,32.2804122368265],[-106.747840510502,32.2804149543779],[-106.747845947118,32.2804169179308],[-106.747851697782,32.2804180694767],[-106.74785759459,32.2804183781126],[-106.747726154208,32.2804416518613],[-106.747734809625,32.2804372004561],[-106.747742540769,32.2804316542326],[-106.747749155174,32.2804251501297],[-106.747754492347,32.2804178475069],[-106.747758420563,32.2804099254512],[-106.74776084216,32.2804015791484],[-106.747761698813,32.2803930144517],[-106.747760969375,32.280384441577],[-106.747758671976,32.2803760696835],[-106.747733061937,32.2802760041701],[-106.747802277515,32.2802633263171],[-106.747790298505,32.2802165176011],[-106.748447963494,32.2800949957386]]]}},{"type":"Feature","properties":{"id":"parking-125","category":"parking","name":"Lot 44"},"geometry":{"type":"Polygon","coordinates":[[[-106.747720519805,32.2802292977729],[-106.747790298505,32.2802165176011],[-106.747802277515,32.2802633263171],[-106.747732499843,32.2802761064915],[-106.747720519805,32.2802292977729]]]}},{"type":"Feature","properties":{"id":"parking-126","category":"parking","name":"Lot 45"},"geometry":{"type":"Polygon","coordinates":[[[-106.749252331398,32.2817343406237],[-106.749201125603,32.2817445374207],[-106.74919931613,32.2817450342814],[-106.749197626905,32.2817457768734],[-106.74919610453,32.2817467451716],[-106.749194789197,32.2817479119614],[-106.749193717895,32.2817492464336],[-106.74919291909,32.2817507124015],[-106.749192413795,32.2817522701002],[-106.749192216643,32.2817538770849],[-106.749192331636,32.2817554891485],[-106.749219617347,32.2818606864807],[-106.749220083005,32.2818619706863],[-106.749220790264,32.2818631727697],[-106.74922171878,32.2818642612464],[-106.749222845031,32.2818652055464],[-106.749224138092,32.2818659805399],[-106.749225561754,32.2818665656273],[-106.749227079834,32.2818669447183],[-106.749228649814,32.2818671080606],[-106.749230231327,32.2818670513045],[-106.74923820447,32.281895403892],[-106.749237294863,32.2818969920487],[-106.749236723458,32.2818986906985],[-106.749236508022,32.2819004483653],[-106.749236653561,32.2819022100162],[-106.74923715767,32.2819039242549],[-106.749238003073,32.2819055379401],[-106.749239165085,32.2819070024694],[-106.749240609493,32.2819082737869],[-106.749242290436,32.2819093132942],[-106.749244158907,32.2819100896201],[-106.749246157446,32.2819105786415],[-106.749248224396,32.2819107652708],[-106.74925029922,32.2819106452379],[-106.749252318233,32.2819102205984],[-106.749296552589,32.2819018009447],[-106.749344678949,32.2820879214326],[-106.749282324971,32.2821037700844],[-106.749289735001,32.2821320338064],[-106.749291348967,32.2821609580565],[-106.749287121854,32.2821896907592],[-106.749277176424,32.2822173872918],[-106.749278892816,32.2822518304939],[-106.749244672102,32.2823018122582],[-106.749174104541,32.2822648283478],[-106.749207966374,32.2822024294669],[-106.749209272302,32.2821995446789],[-106.749209997786,32.282196515183],[-106.749210124183,32.2821934258273],[-106.749209646643,32.2821903605036],[-106.749208579443,32.2821874057336],[-106.749206951679,32.2821846407656],[-106.749204807304,32.2821821429854],[-106.749202206142,32.2821799806976],[-106.749199220713,32.2821782140397],[-106.749195931963,32.2821768904901],[-106.749192430339,32.282176048471],[-106.749188813628,32.2821757092405],[-106.749185179553,32.2821758823326],[-106.749181631074,32.2821765646347],[-106.749178262566,32.282177735933],[-106.749175169401,32.2821793642856],[-106.749172436259,32.2821814042649],[-106.749170137158,32.282183801467],[-106.749168336485,32.2821864879983],[-106.749153174911,32.2822127702873],[-106.748718533416,32.2820268970391],[-106.748987005454,32.2815735611912],[-106.749057291691,32.2816032917971],[-106.749037827811,32.2816362377542],[-106.749037420494,32.2816392091752],[-106.749037601408,32.2816421972106],[-106.749038367966,32.2816451170962],[-106.749039696367,32.281647887759],[-106.749041550089,32.2816504308819],[-106.749043877788,32.2816526763228],[-106.749046614352,32.2816545594057],[-106.749049682002,32.281656029032],[-106.749052995577,32.281657043151],[-106.7490564615,32.281657573273],[-106.74905998308,32.2816576044487],[-106.749063461587,32.2816571370683],[-106.749066799415,32.2816561823397],[-106.749069902228,32.2816547676915],[-106.749072684259,32.2816529340461],[-106.749075067216,32.2816507304132],[-106.749079270017,32.2816227842293],[-106.749078521262,32.2815946186224],[-106.749072838198,32.2815668621178],[-106.749062348439,32.2815401355892],[-106.749047285631,32.2815150360425],[-106.749096235624,32.2815056616976],[-106.74906093686,32.2813533217205],[-106.749132910739,32.2812628399492],[-106.749188479882,32.2814879967924],[-106.749252331398,32.2817343406237]]]}},{"type":"Feature","properties":{"id":"parking-127","category":"parking","name":"Lot 17N"},"geometry":{"type":"Polygon","coordinates":[[[-106.748862184056,32.2828176701949],[-106.748897148525,32.2828449060904],[-106.748955795386,32.2827826339211],[-106.748915493337,32.2827579785962],[-106.749318279924,32.2823069630291],[-106.74936010536,32.2823310440346],[-106.749397147506,32.2823602358198],[-106.749428550163,32.282393861776],[-106.749453586099,32.2824311446784],[-106.749471677299,32.2824712219373],[-106.749482403573,32.2825131663062],[-106.749485517535,32.2825560065652],[-106.749482112735,32.2825834860479],[-106.749475121146,32.2826104719725],[-106.749363283015,32.2830789079271],[-106.749297176101,32.2830921605564],[-106.749296732306,32.2830900240114],[-106.749295880283,32.2830879792661],[-106.749294642626,32.2830860812443],[-106.749293053604,32.2830843839218],[-106.749291155924,32.2830829313207],[-106.749289002898,32.2830817656175],[-106.749286652028,32.2830809181496],[-106.749284169257,32.2830804112027],[-106.749281621545,32.2830802589419],[-106.74927907899,32.283080466501],[-106.749276612685,32.283081027286],[-106.748964793317,32.283139689026],[-106.74893255717,32.2831324320023],[-106.748901715863,32.283121654928],[-106.748872801225,32.2831075414855],[-106.748846308256,32.2830903350253],[-106.748709442595,32.2829886989773],[-106.748862184056,32.2828176701949]]]}},{"type":"Feature","properties":{"id":"parking-128","category":"parking","name":"Lot 17"},"geometry":{"type":"Polygon","coordinates":[[[-106.748863893982,32.2827382839039],[-106.748764898232,32.2827576445779],[-106.748748399038,32.2826883426085],[-106.748719798198,32.282693710679],[-106.748599852792,32.2822558508564],[-106.74865920547,32.2822399485568],[-106.748664639241,32.2822353546908],[-106.748664221266,32.2822268743876],[-106.748648439008,32.282224731671],[-106.748606958088,32.2822226336067],[-106.748615317078,32.2821579673015],[-106.748672580793,32.2820424154703],[-106.749174104541,32.2822648283478],[-106.749244672102,32.2823018122582],[-106.748863893982,32.2827382839039]]]}},{"type":"Feature","properties":{"id":"parking-129","category":"parking","name":"Lot 19"},"geometry":{"type":"Polygon","coordinates":[[[-106.747398899235,32.28468111802],[-106.747414683158,32.2847344483988],[-106.747356994608,32.284746890359],[-106.747343455871,32.2846915679498],[-106.747398899235,32.28468111802]]]}},{"type":"Feature","properties":{"id":"parking-130","category":"parking","name":"Lot 19"},"geometry":{"type":"Polygon","coordinates":[[[-106.747416578308,32.2850306643904],[-106.747413527632,32.2850305699885],[-106.747410500522,32.2850309029732],[-106.747357143505,32.2850406457533],[-106.747352630971,32.2850421173177],[-106.747348486089,32.2850442304569],[-106.747344834851,32.2850469215447],[-106.747341787224,32.2850501089812],[-106.747339435048,32.2850536968079],[-106.74733784992,32.2850575756184],[-106.747317861916,32.2849704205647],[-106.747319270927,32.2849731773989],[-106.747321179806,32.2849757077023],[-106.747323540421,32.2849779458292],[-106.747326289829,32.2849798361122],[-106.747329359816,32.284981329218],[-106.747332671608,32.2849823866771],[-106.747336139059,32.2849829808711],[-106.747339673974,32.2849830977178],[-106.747343185034,32.2849827339693],[-106.747393227959,32.2849740467943],[-106.747396588372,32.2849729251773],[-106.747399680843,32.2849713410619],[-106.747402417514,32.2849693416907],[-106.747404722236,32.2849669805732],[-106.747406530619,32.2849643256022],[-106.747407791051,32.2849614518349],[-106.747408468936,32.2849584396729],[-106.747387035535,32.2848741230508],[-106.747385266031,32.2848716472125],[-106.747383034137,32.2848694563781],[-106.74738040389,32.2848676125234],[-106.747377448829,32.2848661676663],[-106.747374250922,32.2848651620674],[-106.747370899494,32.2848646224306],[-106.747367490191,32.2848645664162],[-106.747364117499,32.284864993652],[-106.747314396946,32.284874963788],[-106.747311238003,32.2848762343173],[-106.747308372302,32.2848779347787],[-106.747305880277,32.2848800188606],[-106.747303833788,32.2848824258559],[-106.747302288745,32.2848850897088],[-106.747301289326,32.2848879353915],[-106.747300862697,32.2848908825317],[-106.74730102115,32.2848938490123],[-106.747280343281,32.2848059418138],[-106.747281294753,32.2848083171617],[-106.747282716642,32.2848105165989],[-106.74728456612,32.2848124735568],[-106.747286785532,32.28481412874],[-106.747289309849,32.2848154328024],[-106.747292061348,32.2848163454666],[-106.747294958131,32.2848168390977],[-106.747297910937,32.2848168987156],[-106.747300831645,32.2848165237654],[-106.747355318744,32.2848053344915],[-106.747357219388,32.2848048003219],[-106.747358982664,32.2848039961367],[-106.747360557749,32.2848029464861],[-106.747361895973,32.2848016822249],[-106.747362958264,32.284800241385],[-106.747363711935,32.2847986655805],[-106.747364136027,32.284797004496],[-106.747364216992,32.2847953050813],[-106.747363951932,32.2847936196555],[-106.747340893727,32.2847057020004],[-106.747339370753,32.2847036553755],[-106.747337463743,32.2847018555678],[-106.747335226069,32.2847003555766],[-106.747332723781,32.284699196627],[-106.747330027132,32.2846984127129],[-106.747327212684,32.2846980260792],[-106.747324363308,32.2846980481235],[-106.747321557566,32.2846984785364],[-106.747274739493,32.2847091929803],[-106.74727193439,32.2847103241314],[-106.747269395765,32.2847118447364],[-106.747267198749,32.2847137094069],[-106.747265406745,32.2847158637817],[-106.747264072499,32.284718246327],[-106.74726323491,32.284720786545],[-106.747262917996,32.2847234112907],[-106.747244476065,32.2846390071041],[-106.747245721498,32.2846411666532],[-106.747247347025,32.2846431353158],[-106.747249312043,32.2846448654536],[-106.747251569619,32.2846463166678],[-106.747254064346,32.2846474522005],[-106.747256736624,32.2846482452308],[-106.747259520524,32.2846486761773],[-106.747262351231,32.284648735375],[-106.747265156545,32.2846484213045],[-106.747308751059,32.2846405640119],[-106.747311339906,32.2846394923323],[-106.747313700823,32.2846380914712],[-106.747315776663,32.2846363950223],[-106.747317517767,32.2846344464703],[-106.74731887979,32.2846322910825],[-106.747319831171,32.284629981291],[-106.747320348867,32.2846275749053],[-106.747320419388,32.2846251287953],[-106.74732004094,32.2846227033925],[-106.747301063316,32.2845469456082],[-106.747299883187,32.2845439128063],[-106.747298109708,32.2845410960809],[-106.747295794297,32.284538579102],[-106.747293006367,32.2845364364502],[-106.747289826947,32.2845347309363],[-106.7472863508,32.2845335126911],[-106.747282680042,32.2845328182884],[-106.747278924137,32.2845326680397],[-106.747275193523,32.2845330669214],[-106.747246416141,32.2845383063906],[-106.747242947972,32.2845387448213],[-106.747239604387,32.2845396400022],[-106.747236467012,32.2845409699672],[-106.747233614222,32.2845427001373],[-106.747231115869,32.2845447905558],[-106.747229035354,32.2845471868616],[-106.747227422261,32.2845498311409],[-106.747226317633,32.2845526573965],[-106.747225748695,32.2845555960785],[-106.747207119511,32.284479666456],[-106.747260895991,32.2844754477575],[-106.747264119966,32.2844742292809],[-106.747267076248,32.2844725933974],[-106.747269689679,32.2844705800847],[-106.747271894712,32.2844682401047],[-106.747273635405,32.2844656332003],[-106.747274868587,32.2844628244751],[-106.747275562801,32.2844598862014],[-106.747275699337,32.2844568915033],[-106.747275276485,32.2844539161432],[-106.747267699027,32.2844221303222],[-106.748277427803,32.284235282596],[-106.74827437921,32.2842210029208],[-106.748334656647,32.2842099148339],[-106.748511463263,32.2848698648855],[-106.747441295025,32.2850771649953],[-106.747432683608,32.2850442514325],[-106.747432049751,32.2850417152063],[-106.747430932445,32.2850393017332],[-106.747429361785,32.2850370785337],[-106.74742738163,32.2850351058594],[-106.747425044288,32.2850334367136],[-106.747422416906,32.2850321186304],[-106.747419568676,32.2850311856074],[-106.747416578308,32.2850306643904]],[[-106.747414683158,32.2847344483988],[-106.747398899235,32.28468111802],[-106.747343455871,32.2846915679498],[-106.747356994608,32.284746890359],[-106.747414683158,32.2847344483988]]]}},{"type":"Feature","properties":{"id":"parking-131","category":"parking","name":"Lot 7A"},"geometry":{"type":"Polygon","coordinates":[[[-106.754531493617,32.2839973764626],[-106.754564989135,32.2841232281915],[-106.754594511975,32.2842369901812],[-106.754595817209,32.284245892589],[-106.754562318454,32.2842519606512],[-106.754559094522,32.2842445395409],[-106.754538111075,32.2841676780009],[-106.754512304769,32.2840687997954],[-106.754495712214,32.2840039866235],[-106.754531493617,32.2839973764626]]]}},{"type":"Feature","properties":{"id":"parking-132","category":"parking","name":"Lot 7B"},"geometry":{"type":"Polygon","coordinates":[[[-106.754656792084,32.2841036193582],[-106.754727396199,32.2840901953402],[-106.754755379067,32.2842078441298],[-106.754688821067,32.2842190108826],[-106.754656792084,32.2841036193582]]]}},{"type":"Feature","properties":{"id":"parking-133","category":"parking","name":"Lot 16"},"geometry":{"type":"Polygon","coordinates":[[[-106.749491397924,32.2835093312928],[-106.750174210163,32.2833752264354],[-106.750274449661,32.2837592948737],[-106.750510126444,32.2837131446437],[-106.750518377925,32.283707989399],[-106.750518736829,32.2836994970071],[-106.75047532723,32.2835572516472],[-106.75038958536,32.2835678671791],[-106.750359268537,32.2834682132295],[-106.750476625415,32.2834485774222],[-106.750571311005,32.2838071983239],[-106.750299854265,32.2838566333971],[-106.75018683326,32.2837632421608],[-106.749597956774,32.2838730564753],[-106.749548935526,32.2836959411053],[-106.749491397924,32.2835093312928]]]}},{"type":"Feature","properties":{"id":"parking-134","category":"parking","name":"Lot 16"},"geometry":{"type":"Polygon","coordinates":[[[-106.749679446136,32.2841468665514],[-106.749739805058,32.2841355781624],[-106.749768108661,32.2842408677988],[-106.749740863591,32.2842457392249],[-106.749702982673,32.2842525123598],[-106.749679446136,32.2841468665514]]]}},{"type":"Feature","properties":{"id":"parking-135","category":"parking","name":"Lot 27"},"geometry":{"type":"Polygon","coordinates":[[[-106.743952322173,32.2844902666719],[-106.743988375597,32.2846014128327],[-106.74403295925,32.2847585202495],[-106.74358960755,32.2848345867673],[-106.743426712711,32.2848608983221],[-106.743384086518,32.2847233668376],[-106.743516603837,32.2847003882789],[-106.7434873897,32.2845750434926],[-106.743952322173,32.2844902666719]]]}},{"type":"Feature","properties":{"id":"parking-136","category":"parking","name":"Lot 23"},"geometry":{"type":"Polygon","coordinates":[[[-106.745994933772,32.2851463504824],[-106.74599986298,32.2851876793937],[-106.745947857226,32.2851929376572],[-106.745936900036,32.2851553390448],[-106.745994933772,32.2851463504824]]]}},{"type":"Feature","properties":{"id":"parking-137","category":"parking","name":"Lot 27"},"geometry":{"type":"Polygon","coordinates":[[[-106.744128557754,32.2846262038059],[-106.744153449323,32.284701556552],[-106.744093685957,32.2847173465186],[-106.744068998956,32.2846387913724],[-106.744128557754,32.2846262038059]]]}},{"type":"Feature","properties":{"id":"parking-138","category":"parking","name":"Lot 31"},"geometry":{"type":"Polygon","coordinates":[[[-106.741225546309,32.2847251265384],[-106.741224109406,32.2847250383351],[-106.741176215465,32.2847340438867],[-106.741174631238,32.2847343954596],[-106.741173133066,32.2847349550266],[-106.741171755904,32.2847357080218],[-106.741170536812,32.2847366362641],[-106.741169504329,32.2847377161942],[-106.741168685905,32.2847389197478],[-106.741168100501,32.2847402188935],[-106.741167763861,32.2847415802016],[-106.741167683231,32.2847429693733],[-106.741167862668,32.2847443512205],[-106.741143535515,32.2846501532012],[-106.741144514022,32.2846532409573],[-106.741146105144,32.2846561387447],[-106.741148260642,32.2846587601727],[-106.741150916395,32.2846610270293],[-106.741153992404,32.2846628701827],[-106.741157397068,32.2846642340741],[-106.741161027194,32.2846650794231],[-106.741164775411,32.2846653795917],[-106.741196486345,32.2846599028277],[-106.741198882981,32.284659005177],[-106.74120106442,32.284657772873],[-106.74120296609,32.2846562413392],[-106.741204530917,32.2846544576942],[-106.741205715646,32.2846524726101],[-106.741206482373,32.2846503448551],[-106.741206811262,32.2846481367343],[-106.74120668993,32.2846459141315],[-106.741206125091,32.2846437410523],[-106.741205130896,32.2846416823752],[-106.741203737393,32.2846397975059],[-106.741201985229,32.2846381431031],[-106.741199926683,32.2846367667618],[-106.741197621429,32.2846357097353],[-106.741195137579,32.2846350024218],[-106.74119254744,32.2846346661843],[-106.741189928565,32.2846347106419],[-106.74114703945,32.2846423592619],[-106.741049970245,32.2842833029934],[-106.741302784941,32.2842306207313],[-106.74150219607,32.2849743141355],[-106.741253817392,32.2850205348828],[-106.741245588051,32.2850119965614],[-106.741239026585,32.2850024732376],[-106.741234292437,32.2849921978717],[-106.741231501614,32.2849814207289],[-106.741174463413,32.284749348883],[-106.74122722986,32.2847394576941],[-106.741228535042,32.2847389412644],[-106.741229723563,32.2847382503286],[-106.741230761546,32.2847374030555],[-106.74123162364,32.2847364229919],[-106.741232283444,32.2847353363944],[-106.74123272625,32.2847341721795],[-106.741232937366,32.2847329619695],[-106.741232912726,32.2847317391488],[-106.741232652504,32.2847305361835],[-106.741232163245,32.284729385515],[-106.741231458921,32.2847283186538],[-106.741230558796,32.2847273643845],[-106.741229486363,32.2847265478675],[-106.74122827147,32.2847258915333],[-106.741226946067,32.2847254141964],[-106.741225546309,32.2847251265384]]]}},{"type":"Feature","properties":{"id":"parking-139","category":"parking","name":"Lot 31"},"geometry":{"type":"Polygon","coordinates":[[[-106.741302784941,32.2842306207313],[-106.74160857204,32.2841726966867],[-106.741798835908,32.2849193021466],[-106.74150219607,32.2849743141355],[-106.741302784941,32.2842306207313]]]}},{"type":"Feature","properties":{"id":"parking-140","category":"parking","name":"Lot 32"},"geometry":{"type":"Polygon","coordinates":[[[-106.741431235726,32.2834798118886],[-106.741585512625,32.2840569286309],[-106.741156432899,32.2841396787314],[-106.741033771929,32.2841685218401],[-106.74094912478,32.2838618393428],[-106.740992856496,32.2838535995048],[-106.740994055968,32.2838533666714],[-106.740995191891,32.2838529645362],[-106.740996231417,32.283852404951],[-106.740997143846,32.2838517042685],[-106.740997903802,32.2838508815265],[-106.740998488059,32.2838499611654],[-106.740998880844,32.2838489712039],[-106.740999069558,32.283847937845],[-106.740999050125,32.2838468926694],[-106.740998822705,32.2838458654378],[-106.740998392766,32.2838448858901],[-106.740997774262,32.2838439819298],[-106.740996984322,32.2838431805457],[-106.740996046425,32.283842504193],[-106.740994987219,32.283841972609],[-106.740993836515,32.283841601911],[-106.740992628336,32.2838414009855],[-106.740991398819,32.2838413778086],[-106.740990180872,32.2838415313504],[-106.740948924404,32.2838492790711],[-106.740947092966,32.283849853459],[-106.740945403043,32.2838506834237],[-106.740943904409,32.2838517462254],[-106.740942640423,32.2838530101305],[-106.740941648041,32.2838544380193],[-106.740940956765,32.2838559882918],[-106.740940585467,32.2838576166836],[-106.740917781633,32.2837696075317],[-106.740918918679,32.2837711876723],[-106.740920341413,32.2837725899386],[-106.740922013544,32.2837737783972],[-106.740923889248,32.2837747207595],[-106.74092592062,32.2837753928617],[-106.740928052359,32.2837757768815],[-106.740930229206,32.2837758631135],[-106.740932394875,32.283775648169],[-106.740971148465,32.2837683917761],[-106.740973271893,32.2837678243694],[-106.740975246107,32.2837669518136],[-106.740977012868,32.2837658022928],[-106.740978518209,32.2837644084834],[-106.740979715657,32.2837628147574],[-106.740980568306,32.2837610681544],[-106.740981050964,32.2837592219822],[-106.740981150137,32.2837573331101],[-106.740980860822,32.2837554583744],[-106.74098019288,32.2837536545538],[-106.740979165717,32.283751976586],[-106.740977811459,32.2837504757519],[-106.740976171757,32.2837491978842],[-106.740974294588,32.2837481806742],[-106.740972239574,32.2837474554553],[-106.740970066291,32.2837470454439],[-106.740967842748,32.2837469620997],[-106.740965635841,32.2837472078683],[-106.740919340995,32.2837551843989],[-106.740871987006,32.2835647693235],[-106.740921478811,32.2835554934334],[-106.740926321166,32.2835724745949],[-106.741431235726,32.2834798118886]]]}},{"type":"Feature","properties":{"id":"parking-141","category":"parking","name":"Lot 30"},"geometry":{"type":"Polygon","coordinates":[[[-106.740133026557,32.2820052783794],[-106.740528491085,32.283463416965],[-106.740945930134,32.2851392910096],[-106.740297343964,32.2852314942463],[-106.739556845029,32.2821214331753],[-106.740133026557,32.2820052783794]]]}},{"type":"Feature","properties":{"id":"parking-142","category":"parking","name":"Lot 30"},"geometry":{"type":"Polygon","coordinates":[[[-106.738143799323,32.2823544515496],[-106.739556845029,32.2821214331753],[-106.740297343964,32.2852314942463],[-106.739244216434,32.2854150653856],[-106.739150149583,32.2854295429516],[-106.73912224127,32.2854105163806],[-106.738987050032,32.2852161633332],[-106.738857108333,32.2849505864753],[-106.738747045186,32.2846983296016],[-106.738742249535,32.2847038476811],[-106.738738590934,32.2847099619956],[-106.738736169342,32.2847165044132],[-106.738735051753,32.2847232979109],[-106.738735269008,32.2847301538814],[-106.738736814796,32.284736885665],[-106.738697585123,32.2846548892307],[-106.738701547972,32.284657599303],[-106.738705974842,32.2846597294897],[-106.738710748643,32.2846612225251],[-106.73871574495,32.2846620392089],[-106.738720829881,32.2846621584148],[-106.738725871768,32.2846615761431],[-106.738730734808,32.2846603091528],[-106.738696242745,32.2845892834966],[-106.738641755148,32.284457222734],[-106.738598897753,32.2843326104665],[-106.738549415102,32.2841801546562],[-106.738490956242,32.2840029243851],[-106.738441278668,32.2838403775059],[-106.738390103562,32.2836729293941],[-106.738352194049,32.2835488886028],[-106.738328707549,32.2835541001689],[-106.73832615913,32.2835546078485],[-106.738323737786,32.283555451429],[-106.738321502857,32.2835566099382],[-106.738319512576,32.2835580542917],[-106.738317816647,32.2835597482228],[-106.738316456242,32.2835616482834],[-106.738315468266,32.2835637074342],[-106.738314875795,32.2835658732784],[-106.738314693401,32.2835680916481],[-106.738314927154,32.2835703066049],[-106.738295639277,32.2835089133747],[-106.738276358102,32.2834479737485],[-106.738277956676,32.283451094303],[-106.738280290844,32.2834541912703],[-106.738283173059,32.2834569361983],[-106.738286529692,32.2834592590267],[-106.738290276559,32.2834611014605],[-106.738294319983,32.2834624160633],[-106.738298556812,32.2834631707673],[-106.73830288078,32.2834633470444],[-106.73830718357,32.2834629390004],[-106.738325068128,32.2834589882518],[-106.738194929093,32.283071713085],[-106.738120114452,32.2828244201906],[-106.738021744059,32.2825211137901],[-106.738033089879,32.2824634494362],[-106.738064372847,32.2824055258519],[-106.738143799323,32.2823544515496]]]}},{"type":"Feature","properties":{"id":"parking-143","category":"parking","name":"Lot 30"},"geometry":{"type":"Polygon","coordinates":[[[-106.740945930134,32.2851392910096],[-106.741153677426,32.2859526433529],[-106.740917798482,32.2859784229693],[-106.740619136056,32.285999652736],[-106.740458953566,32.2860099041186],[-106.740457730343,32.2859789057747],[-106.74042451288,32.2859055732278],[-106.74036596504,32.2858594731754],[-106.740315451986,32.2858376369895],[-106.740252885362,32.2858322992346],[-106.740202373525,32.2858327839292],[-106.740153009287,32.2858458865225],[-106.740110532865,32.2858682081884],[-106.740077814628,32.2858982939224],[-106.740042225926,32.2858842214986],[-106.739888392696,32.2858420046016],[-106.739787184549,32.2858260393461],[-106.739619185492,32.2857658183037],[-106.739499218401,32.2856910884765],[-106.739461334509,32.2856610024139],[-106.739359735446,32.285545510417],[-106.739299054557,32.2854850037664],[-106.739272980194,32.285483666339],[-106.739232540775,32.2855069222577],[-106.739220581342,32.2855202231684],[-106.739215193461,32.285534083021],[-106.739212233217,32.2855484610539],[-106.739211763733,32.2855630521954],[-106.739162619239,32.2855081202481],[-106.739110617085,32.2854411785124],[-106.739115891772,32.2854428192999],[-106.739121392179,32.2854437891339],[-106.73912699929,32.2854440677327],[-106.739132595221,32.2854436483382],[-106.739138060061,32.2854425413351],[-106.739143275022,32.2854407688282],[-106.739191915737,32.2854252082674],[-106.739244216434,32.2854150653856],[-106.740340991677,32.2852238862569],[-106.740945930134,32.2851392910096]]]}},{"type":"Feature","properties":{"id":"parking-144","category":"parking","name":"Lot 83"},"geometry":{"type":"Polygon","coordinates":[[[-106.7424168909,32.2776962099175],[-106.742548852216,32.277715980785],[-106.742599629734,32.2778548652859],[-106.742601434667,32.2778570714022],[-106.742603642529,32.2778589936657],[-106.742606193593,32.2778605809034],[-106.742609017559,32.2778617891985],[-106.742612037809,32.2778625845795],[-106.742615170363,32.2778629457292],[-106.742618331304,32.2778628630545],[-106.742706386159,32.2778465458617],[-106.742709947306,32.2778454795014],[-106.742713240333,32.2778439091472],[-106.742716168901,32.2778418838753],[-106.742718644153,32.2778394617513],[-106.742720594286,32.277836714302],[-106.742721962426,32.2778337247201],[-106.742722705517,32.277830579752],[-106.74272280389,32.2778273723655],[-106.742722253822,32.2778241990739],[-106.742704304749,32.2777543102668],[-106.742754030734,32.2777601036849],[-106.742772967724,32.2777615764803],[-106.742785676853,32.2778124123547],[-106.742844808664,32.277801160016],[-106.742941522774,32.2781758575572],[-106.742884237633,32.2781872587558],[-106.742897193583,32.2782346368348],[-106.742954069287,32.2782232922417],[-106.743056766413,32.27858995151],[-106.742901824243,32.2786193923068],[-106.742882759999,32.2786230822561],[-106.742853117464,32.2786286226104],[-106.742839262397,32.278631127025],[-106.742674754688,32.2786594991965],[-106.7424168909,32.2776962099175]]]}},{"type":"Feature","properties":{"id":"parking-145","category":"parking","name":"Lot 38"},"geometry":{"type":"Polygon","coordinates":[[[-106.743101302782,32.2830308572899],[-106.743093240946,32.2830171724417],[-106.743083427049,32.2829965546522],[-106.743077569754,32.2829923929112],[-106.74307103104,32.2829890445991],[-106.743063964211,32.2829865884806],[-106.743056537323,32.2829850834219],[-106.743048926806,32.2829845657103],[-106.743041312131,32.2829850454672],[-106.743033874791,32.2829865138674],[-106.743026790818,32.2829889341493],[-106.742633368691,32.2816159127285],[-106.742692589224,32.2816072592567],[-106.742697400662,32.2816057172495],[-106.742701842264,32.2816035138207],[-106.742705790164,32.2816007125836],[-106.742709132255,32.2815973924371],[-106.742711774542,32.2815936439337],[-106.742713645413,32.2815895737718],[-106.74271469134,32.2815852957941],[-106.742714882184,32.2815809300653],[-106.742714213297,32.281576598354],[-106.742698051925,32.2815129263267],[-106.742695675151,32.281509232578],[-106.742692628393,32.281505913008],[-106.742688991739,32.2815030538824],[-106.742684861132,32.281500728779],[-106.742680344131,32.2814989995062],[-106.742675557755,32.2814979107003],[-106.74267062743,32.2814974907312],[-106.742665681672,32.2814977508218],[-106.74277169663,32.2814779580938],[-106.742768747006,32.2814798409553],[-106.742766206086,32.2814821127258],[-106.742764143605,32.2814847118068],[-106.742762616494,32.2814875649259],[-106.742761667854,32.2814905934534],[-106.742761323777,32.2814937143168],[-106.742761593344,32.2814968400006],[-106.742762468656,32.2814998839573],[-106.742770064079,32.281534348517],[-106.742781506884,32.2815680368961],[-106.74278335456,32.2815716542463],[-106.742785863077,32.2815749732088],[-106.74278896508,32.2815779065664],[-106.742792582658,32.2815803779654],[-106.742796619925,32.2815823246498],[-106.742800972566,32.281583695621],[-106.742805527852,32.2815844543427],[-106.742810167842,32.2815845823361],[-106.742814771489,32.2815840755644],[-106.742841916185,32.2815791726563],[-106.743203124055,32.2829542230575],[-106.743177482217,32.282959903888],[-106.743171595931,32.2829619596599],[-106.743166203468,32.2829648296828],[-106.743161459393,32.2829684339895],[-106.743157500086,32.2829726665306],[-106.74315443955,32.2829774069139],[-106.743152367288,32.2829825186099],[-106.743151340893,32.282987854391],[-106.743151390317,32.2829932599229],[-106.743152514731,32.2829985818935],[-106.743154682503,32.283003664405],[-106.743157829162,32.283008364314],[-106.74316186584,32.2830125430818],[-106.743166676187,32.2830160839215],[-106.743172121623,32.2830188818568],[-106.743178045658,32.2830208581357],[-106.743184277065,32.2830219566097],[-106.743190637307,32.2830221437058],[-106.743196943756,32.2830214147259],[-106.743281392173,32.2830053673288],[-106.743287856202,32.2830043310978],[-106.743294014756,32.2830023653443],[-106.743299683424,32.2829995285076],[-106.743304692806,32.282995906024],[-106.74330889379,32.2829916048951],[-106.743312160738,32.2829867536753],[-106.743314396765,32.2829814979419],[-106.743315535836,32.2829759939741],[-106.743315542739,32.2829704051455],[-106.74331441732,32.2829648992017],[-106.743312194435,32.2829596392427],[-106.743308938636,32.2829547828408],[-106.743304748378,32.2829504748104],[-106.743299747501,32.282946842731],[-106.74329408629,32.2829439960419],[-106.743287932943,32.2829420197624],[-106.743281471432,32.2829409708924],[-106.743274893035,32.2829408829555],[-106.743268395226,32.2829417578855],[-106.743246943819,32.282946286023],[-106.742869092979,32.2815749054258],[-106.742913078229,32.2815658838321],[-106.742918166899,32.281564173891],[-106.742922850522,32.2815617701995],[-106.742926998873,32.2815587381998],[-106.742930497757,32.281555163112],[-106.742933248983,32.2815511445237],[-106.742935176714,32.2815467936593],[-106.742936226401,32.2815422315805],[-106.742936370059,32.2815375837546],[-106.742935603087,32.2815329809686],[-106.742919850432,32.2814742414302],[-106.742917747247,32.2814700992971],[-106.742914858267,32.2814663137588],[-106.742911266873,32.2814629909089],[-106.742907073361,32.2814602241487],[-106.742902393866,32.2814580905847],[-106.742897361419,32.2814566510237],[-106.742892116372,32.2814559455014],[-106.742886806394,32.2814559932823],[-106.742996537287,32.281435284908],[-106.742993098785,32.2814368720708],[-106.742990035514,32.2814389402616],[-106.742987437375,32.2814414269017],[-106.742985384642,32.2814442568234],[-106.742983938437,32.2814473459156],[-106.742983141781,32.2814506011193],[-106.742983019622,32.2814539240345],[-106.742983573541,32.2814572145493],[-106.743001322602,32.2815235065466],[-106.743002441761,32.2815272737402],[-106.743004265798,32.2815308370681],[-106.743006748546,32.2815341011136],[-106.743009821589,32.2815369786637],[-106.743013404897,32.281539394275],[-106.743017402575,32.2815412833881],[-106.743021708186,32.2815425950128],[-106.743026207946,32.2815432944208],[-106.743030780736,32.2815433640478],[-106.743035307637,32.2815428007509],[-106.74306363884,32.2815372420226],[-106.743424284416,32.282911384906],[-106.743401069469,32.282916861498],[-106.743394844323,32.2829180952098],[-106.74338895302,32.2829202033191],[-106.743383564024,32.2829231238415],[-106.743378830826,32.2829267741086],[-106.743374889807,32.2829310489722],[-106.74337185285,32.2829358280484],[-106.743369807318,32.2829409721103],[-106.743368810817,32.2829463366357],[-106.743368893296,32.2829517663885],[-106.743370050734,32.282957107167],[-106.743372251516,32.2829622057792],[-106.743375432214,32.2829669163721],[-106.743379500798,32.2829711040269],[-106.743384341968,32.2829746501488],[-106.743389818219,32.2829774524637],[-106.743395770929,32.282979430424],[-106.743402031,32.2829805287753],[-106.743408419898,32.2829807148466],[-106.743414753934,32.2829799839443],[-106.743509144066,32.2829620857207],[-106.743514758948,32.2829599047339],[-106.743519875023,32.2829569699409],[-106.743524353648,32.2829533612471],[-106.743528074328,32.2829491765237],[-106.7435309347,32.2829445298049],[-106.743532857945,32.2829395467488],[-106.743533790654,32.2829343628426],[-106.74353370811,32.2829291188725],[-106.743532613213,32.2829239582224],[-106.743530535379,32.2829190196629],[-106.743527530549,32.2829144391557],[-106.743523680076,32.282910339937],[-106.743519089666,32.2829068334238],[-106.743513882989,32.2829040156313],[-106.743508202715,32.2829019626597],[-106.743502202022,32.2829007298252],[-106.74349604565,32.2829003516565],[-106.743489899265,32.2829008374265],[-106.743468292338,32.2829040891811],[-106.743098044897,32.2815281973414],[-106.743137139798,32.2815232098292],[-106.743142420263,32.2815204538787],[-106.743147074711,32.2815169761822],[-106.743150966741,32.2815128782802],[-106.743153983403,32.281508278757],[-106.743156038366,32.2815033114246],[-106.743157070834,32.2814981199156],[-106.743157050836,32.281492854957],[-106.743155980259,32.2814876689552],[-106.743143212146,32.281438038262],[-106.743141242114,32.2814330000694],[-106.74313827613,32.2814283265086],[-106.743134404141,32.2814241597214],[-106.743129742533,32.2814206237095],[-106.743124430956,32.2814178252484],[-106.743118630182,32.2814158502883],[-106.743112514629,32.2814147567688],[-106.743106269196,32.2814145773365],[-106.743217209399,32.2813943023509],[-106.743213765442,32.2813962538908],[-106.743210747539,32.2813986610078],[-106.743208240269,32.2814014593397],[-106.74320631009,32.2814045701655],[-106.743205012812,32.2814079093946],[-106.743204381908,32.281411384907],[-106.743204434909,32.2814149010375],[-106.743205172358,32.2814183621872],[-106.743220230781,32.2814780630741],[-106.743220864922,32.2814820513111],[-106.743222263711,32.2814858949703],[-106.743224390492,32.2814894904811],[-106.743227185279,32.2814927388738],[-106.743230573276,32.2814955511567],[-106.743234460648,32.2814978510383],[-106.743238740883,32.2814995740012],[-106.743243296952,32.2815006736057],[-106.74324800448,32.2815011196745],[-106.743252733885,32.2815009000878],[-106.743280042711,32.2814976937381],[-106.743645481355,32.2828710263291],[-106.743621076818,32.2828760043761],[-106.743615281718,32.2828782320667],[-106.743610006872,32.2828812531604],[-106.743605401494,32.282884979594],[-106.743601593483,32.2828893080562],[-106.743598692593,32.2828941172691],[-106.743596777702,32.2828992698425],[-106.743595904299,32.2829046221644],[-106.743596097048,32.2829100235284],[-106.743597349815,32.2829153215449],[-106.743599627818,32.2829203666418],[-106.743602866588,32.2829250165775],[-106.743606975185,32.2829291418405],[-106.743611838318,32.2829326256399],[-106.743617318502,32.2829353693088],[-106.743623261382,32.282937295891],[-106.743629499985,32.282938351026],[-106.743635857923,32.2829385056418],[-106.743642156808,32.2829377541228],[-106.743724858069,32.2829217917212],[-106.743731186741,32.2829210518055],[-106.743737282367,32.2829194271781],[-106.743742973205,32.2829169627014],[-106.743748101443,32.2829137275337],[-106.743752524249,32.2829098115171],[-106.743756118009,32.2829053251616],[-106.743758781476,32.2829003924173],[-106.743760441091,32.2828951524578],[-106.743761048802,32.2828897497679],[-106.743760590575,32.282884337718],[-106.743759076773,32.282879065074],[-106.743756550671,32.2828740813744],[-106.743753082023,32.2828695243307],[-106.743748769185,32.2828655207198],[-106.74374373168,32.28286218461],[-106.743738110134,32.2828596065388],[-106.743732062073,32.2828578607444],[-106.74372575549,32.2828569943682],[-106.743719367817,32.2828570328703],[-106.743713076338,32.2828579746558],[-106.74368924389,32.2828633184365],[-106.743315231064,32.281487260691],[-106.743356980102,32.2814822934057],[-106.743361735868,32.2814804720152],[-106.743366078413,32.2814780164304],[-106.74336989238,32.2814749929375],[-106.743373077357,32.2814714830957],[-106.743375545728,32.2814675792368],[-106.743377233297,32.2814633853252],[-106.743378095031,32.2814590151706],[-106.743378107134,32.2814545834019],[-106.743377270249,32.2814502090614],[-106.74336300039,32.2813922502046],[-106.743359951057,32.2813876743751],[-106.743356043443,32.2813835961158],[-106.743351389636,32.2813801295245],[-106.743346117569,32.2813773742075],[-106.7433403784,32.2813754053299],[-106.743334332737,32.2813742790812],[-106.74332814955,32.2813740272683],[-106.743441057655,32.2813523347975],[-106.743437556172,32.2813534640754],[-106.743434307692,32.281355047802],[-106.743431393748,32.281357046879],[-106.743428887318,32.2813594105173],[-106.743426851784,32.2813620807504],[-106.74342533562,32.2813649906516],[-106.743424378764,32.2813680661127],[-106.743424004168,32.2813712321898],[-106.743424222007,32.2813744076763],[-106.743425026555,32.2813775150348],[-106.743440313699,32.2814339448707],[-106.743440989365,32.2814383459945],[-106.743442498643,32.2814425950547],[-106.743444801639,32.2814465785734],[-106.743447836213,32.2814501921778],[-106.743451522209,32.2814533369771],[-106.743455760457,32.2814559321916],[-106.743460440167,32.2814579070075],[-106.743465434719,32.2814592087101],[-106.743470612289,32.2814598035439],[-106.74347583372,32.2814596758192],[-106.743498757749,32.2814550462924],[-106.743865956891,32.2828290360238],[-106.743844131158,32.2828336333656],[-106.743838144872,32.282835254865],[-106.743832553688,32.2828376919005],[-106.743827511183,32.2828408780362],[-106.743823155956,32.2828447252501],[-106.743819605288,32.2828491302719],[-106.743816957251,32.2828539709679],[-106.743815283326,32.2828591162892],[-106.743814629462,32.2828644253669],[-106.743815015047,32.282869753828],[-106.743816427612,32.2828749556206],[-106.743818828168,32.2828798884041],[-106.74382215335,32.2828844180495],[-106.743826311186,32.2828884204603],[-106.743831188553,32.2828917869542],[-106.743836651183,32.2828944251652],[-106.743842551121,32.2828962635231],[-106.74384872566,32.2828972512585],[-106.743855009038,32.2828973610621],[-106.743861227133,32.2828965909093],[-106.743946127245,32.2828798955732],[-106.743952312449,32.2828787377465],[-106.74395818084,32.2828767144751],[-106.743963566047,32.282873882325],[-106.743968315637,32.2828703230595],[-106.743972293199,32.2828661364164],[-106.743975387909,32.2828614418744],[-106.743977509186,32.2828563723606],[-106.743978599424,32.2828510723975],[-106.743978625463,32.2828456918228],[-106.743977588134,32.2828403839489],[-106.743975516917,32.2828352992702],[-106.743972469927,32.2828305827583],[-106.743968532821,32.2828263684545],[-106.743963818776,32.2828227749611],[-106.743958462114,32.2828199045642],[-106.743952612971,32.2828178396471],[-106.7439464394,32.282816638173],[-106.743940116754,32.2828163337267],[-106.743933822382,32.2828169364365],[-106.743892116177,32.2828236452314],[-106.743520620536,32.2814463706725],[-106.743573223234,32.2814413410577],[-106.743578118956,32.2814402721621],[-106.743582746774,32.2814385459585],[-106.743586988038,32.2814362089051],[-106.743590729483,32.2814333218692],[-106.74359387491,32.2814299600809],[-106.74359634093,32.2814262122481],[-106.74359806331,32.2814221751204],[-106.743598996976,32.2814179552932],[-106.743599119165,32.2814136619801],[-106.743598424122,32.2814094088373],[-106.743581283112,32.2813439289247],[-106.743576827393,32.2813397950958],[-106.743571690268,32.2813362780941],[-106.743565987889,32.2813334577306],[-106.743559851176,32.2813313975256],[-106.743553420526,32.2813301456304],[-106.743651194034,32.2813111933407],[-106.743648880935,32.2813139692777],[-106.743647093727,32.281317012814],[-106.743645875554,32.281320253436],[-106.743645254658,32.2813236134738],[-106.74364524654,32.2813270144054],[-106.743645848645,32.2813303768773],[-106.743664597263,32.2813990421657],[-106.743666352462,32.2814030242142],[-106.743668849184,32.281406708457],[-106.743672021086,32.2814099986547],[-106.743675781686,32.2814128040579],[-106.743680030788,32.281415050204],[-106.743684655534,32.28141667711],[-106.743689530422,32.2814176419773],[-106.743694524723,32.2814179173594],[-106.743699504632,32.2814174956628],[-106.743727271316,32.2814131763397],[-106.744010961517,32.2824948723034],[-106.743955998515,32.2825028937737],[-106.743969670292,32.282547948428],[-106.744022638806,32.2825393945426],[-106.744087588314,32.2827870399101],[-106.744058403051,32.2827939360554],[-106.744053627197,32.2827959785053],[-106.744049321989,32.2827986711555],[-106.74404560805,32.2828019395821],[-106.744042592094,32.2828056895745],[-106.744040359551,32.2828098170852],[-106.744038972415,32.2828142037284],[-106.744038470358,32.2828187257948],[-106.744038867549,32.2828232551654],[-106.74404075239,32.2828411550439],[-106.744039704191,32.2828591042752],[-106.744035744438,32.282876758266],[-106.744030977929,32.2828883585482],[-106.744024144464,32.2828991859091],[-106.744015409297,32.2829089781638],[-106.744004986647,32.2829174963838],[-106.743993129109,32.2829245312519],[-106.743980127716,32.2829299129822],[-106.743966299181,32.2829335095662],[-106.743208172091,32.2830768079606],[-106.74319015793,32.2830769621898],[-106.74317234399,32.2830746833289],[-106.743155182852,32.2830700300348],[-106.743139109356,32.2830631187528],[-106.743124533194,32.2830541264508],[-106.743111822926,32.2830432807618],[-106.743101302782,32.2830308572899]]]}},{"type":"Feature","properties":{"id":"parking-146","category":"parking","name":"Lot 89"},"geometry":{"type":"Polygon","coordinates":[[[-106.74301984467,32.2784581305775],[-106.745358419375,32.2780319139659],[-106.745367027811,32.2780295813674],[-106.745375029744,32.2780260147019],[-106.745382180539,32.2780213222502],[-106.7453882644,32.2780156455484],[-106.745393096502,32.2780091593802],[-106.745396529281,32.2780020582234],[-106.745398459878,32.2779945589276],[-106.745398827956,32.2779868880952],[-106.745445563687,32.2781584750654],[-106.74544564817,32.2781587840707],[-106.745445488395,32.2781584897904],[-106.745441605611,32.2781513542022],[-106.745436126274,32.278144621694],[-106.7454293726,32.2781387852191],[-106.745421542969,32.2781340153517],[-106.745412869579,32.2781304536742],[-106.745403605657,32.278128205612],[-106.745394025444,32.2781273359249],[-106.745384411467,32.278127871462],[-106.745375048146,32.278129796678],[-106.745219875902,32.2781525575553],[-106.745215451482,32.2781549503951],[-106.74521155362,32.2781579318859],[-106.745208289095,32.2781614204421],[-106.745205749736,32.278165319205],[-106.745204002902,32.2781695205897],[-106.745203098925,32.2781739098629],[-106.745203061564,32.2781783660828],[-106.745203892272,32.2781827656893],[-106.745205568099,32.2781869879235],[-106.745208042771,32.2781909175293],[-106.745211247751,32.2781944447489],[-106.74521509546,32.2781974725251],[-106.745241902213,32.2782058033719],[-106.745104943913,32.2782263101887],[-106.745116756297,32.2782202755511],[-106.745119320619,32.2782162810952],[-106.745121072227,32.2782119804888],[-106.745121960817,32.278207493876],[-106.745121963697,32.2782029430964],[-106.745121079435,32.2781984553174],[-106.745119334174,32.278194153089],[-106.745116774213,32.2781901561766],[-106.745113470214,32.2781865743295],[-106.74510951507,32.2781835063878],[-106.74510501646,32.2781810367038],[-106.745100097903,32.2781792342361],[-106.745094896604,32.2781781471471],[-106.74304942059,32.2785637244369],[-106.74301984467,32.2784581305775]]]}},{"type":"Feature","properties":{"id":"parking-147","category":"parking","name":"Lot 38"},"geometry":{"type":"Polygon","coordinates":[[[-106.744010961517,32.2824948723034],[-106.744022638806,32.2825393945426],[-106.743969670292,32.282547948428],[-106.743955998515,32.2825028937737],[-106.744010961517,32.2824948723034]]]}},{"type":"Feature","properties":{"id":"parking-148","category":"parking","name":"Lot 41"},"geometry":{"type":"Polygon","coordinates":[[[-106.747001453362,32.2824792537357],[-106.7468218539,32.2818063336068],[-106.747151312305,32.2817410674652],[-106.747134408825,32.2816762112031],[-106.747198345041,32.2816645086239],[-106.747319839068,32.282119647833],[-106.747397388958,32.2824041980883],[-106.747001453362,32.2824792537357]]]}},{"type":"Feature","properties":{"id":"parking-149","category":"parking","name":"Lot 41"},"geometry":{"type":"Polygon","coordinates":[[[-106.747185992815,32.281613290352],[-106.747198345041,32.2816645086239],[-106.747134408825,32.2816762112031],[-106.74712104965,32.2816250843689],[-106.747185992815,32.281613290352]]]}},{"type":"Feature","properties":{"id":"parking-150","category":"parking","name":"Lot 41"},"geometry":{"type":"Polygon","coordinates":[[[-106.746673888838,32.2825327428272],[-106.746662663843,32.2824758032121],[-106.746735116274,32.2824619994149],[-106.746687155018,32.2822834176806],[-106.746730013554,32.2822782410963],[-106.746720431234,32.2822375284289],[-106.746673086255,32.2822462101324],[-106.746569255145,32.2818527806786],[-106.746536127346,32.2817390408],[-106.74712104965,32.2816250843689],[-106.747124908549,32.281638688105],[-106.74714750885,32.2817263416031],[-106.747151312305,32.2817410674652],[-106.7468218539,32.2818063336068],[-106.747001453362,32.2824792537357],[-106.746673888838,32.2825327428272]]]}},{"type":"Feature","properties":{"id":"parking-152","category":"parking","name":"Lot 100S"},"geometry":{"type":"Polygon","coordinates":[[[-106.750222246255,32.2787026949207],[-106.750157472274,32.2787141092364],[-106.750175769522,32.2787775003909],[-106.749773665907,32.2788542620375],[-106.749762095088,32.2788200914027],[-106.749692026501,32.2788341607547],[-106.749704508468,32.2788664546353],[-106.749242489496,32.2789528390793],[-106.749190858567,32.2787508091282],[-106.750180683064,32.2785568724701],[-106.750222246255,32.2787026949207]]]}},{"type":"Feature","properties":{"id":"parking-153","category":"parking","name":"Lot 100S"},"geometry":{"type":"Polygon","coordinates":[[[-106.750048075839,32.2780421779395],[-106.749052647191,32.2782299065661],[-106.749024620341,32.2781232735977],[-106.750014934701,32.277930402317],[-106.750023583897,32.2779496497605],[-106.750024168464,32.2779513248988],[-106.750025060338,32.2779528996161],[-106.750026235944,32.2779543334223],[-106.750027665359,32.2779555903616],[-106.750029312307,32.2779566372089],[-106.750031134177,32.2779574470772],[-106.750033085219,32.2779580012087],[-106.750035114389,32.2779582835721],[-106.750037171758,32.2779582880521],[-106.750039202121,32.2779580139653],[-106.750113046246,32.277942823796],[-106.750118290419,32.2779412689712],[-106.750123151602,32.2779389842573],[-106.750127487908,32.2779360360518],[-106.750131177723,32.277932509611],[-106.750134114368,32.2779285036596],[-106.750136213558,32.277924134871],[-106.750137415466,32.2779195279384],[-106.750137684723,32.2779148146728],[-106.75013701464,32.2779101303791],[-106.750170692169,32.2780385701492],[-106.750169180944,32.2780343996379],[-106.750166912095,32.2780304855487],[-106.75016394242,32.2780269250572],[-106.750160346721,32.2780238080526],[-106.750156216735,32.2780212144369],[-106.750151654726,32.2780192087386],[-106.750146776686,32.2780178419042],[-106.750141705945,32.2780171477156],[-106.750136569989,32.2780171437052],[-106.75013149727,32.2780178302661],[-106.750058046472,32.2780329359182],[-106.75005590948,32.2780335116474],[-106.75005392279,32.2780343934127],[-106.750052145693,32.2780355530216],[-106.750050631086,32.2780369568961],[-106.750049425445,32.2780385624648],[-106.750048565651,32.2780403199798],[-106.750048075839,32.2780421779395]]]}},{"type":"Feature","properties":{"id":"parking-154","category":"parking","name":"Lot 100S"},"geometry":{"type":"Polygon","coordinates":[[[-106.748876557577,32.2775418978443],[-106.749867104214,32.2773460137215],[-106.749865658587,32.2773474119097],[-106.749864511237,32.2773489992089],[-106.749863697996,32.2773507276791],[-106.749863239822,32.2773525476351],[-106.749863150235,32.2773544076177],[-106.749863433187,32.2773562544015],[-106.749865646182,32.2773648944455],[-106.749921195415,32.2775501620786],[-106.748924772525,32.27774635303],[-106.748876557577,32.2775418978443]]]}},{"type":"Feature","properties":{"id":"parking-155","category":"parking","name":"Lot 100S"},"geometry":{"type":"Polygon","coordinates":[[[-106.749131440684,32.2785242740225],[-106.749052647191,32.2782299065661],[-106.750048075839,32.2780421779395],[-106.750047971625,32.2780440803671],[-106.750048255873,32.2780459686306],[-106.750122040826,32.2783363032504],[-106.749131440684,32.2785242740225]],[[-106.749314670782,32.2784236997855],[-106.749301389463,32.2783735450535],[-106.749240455307,32.2783882454133],[-106.749253498725,32.2784379988644],[-106.749314670782,32.2784236997855]],[[-106.749710117352,32.2783493702946],[-106.749696834771,32.2782992165116],[-106.749635901793,32.278313917057],[-106.749648944353,32.27836367047],[-106.749710117352,32.2783493702946]]]}},{"type":"Feature","properties":{"id":"parking-156","category":"parking","name":"Lot 100S"},"geometry":{"type":"Polygon","coordinates":[[[-106.748924772525,32.27774635303],[-106.749921195415,32.2775501620786],[-106.749971052075,32.2777447999582],[-106.748976447839,32.2779351833832],[-106.748924772525,32.27774635303]],[[-106.7493693059,32.277758425129],[-106.749356024658,32.2777082712986],[-106.749295090955,32.2777229716817],[-106.749308134302,32.2777727251331],[-106.7493693059,32.277758425129]],[[-106.749765489943,32.2776805040718],[-106.749752208495,32.2776303502845],[-106.74969127491,32.2776450508578],[-106.749704318461,32.2776948042668],[-106.749765489943,32.2776805040718]]]}},{"type":"Feature","properties":{"id":"parking-157","category":"parking","name":"Lot 100S"},"geometry":{"type":"Polygon","coordinates":[[[-106.749190858567,32.2787508091282],[-106.749131440684,32.2785242740225],[-106.750123797981,32.2783347974067],[-106.750180683064,32.2785568724701],[-106.749190858567,32.2787508091282]],[[-106.749564758596,32.2785784928955],[-106.749551477121,32.2785283390944],[-106.749490542904,32.2785430395751],[-106.749503586481,32.2785927929976],[-106.749564758596,32.2785784928955]],[[-106.749957534199,32.2785034968021],[-106.749944251458,32.278453343048],[-106.749883317357,32.2784680437173],[-106.749896361136,32.2785177970977],[-106.749957534199,32.2785034968021]]]}},{"type":"Feature","properties":{"id":"parking-158","category":"parking","name":"Lot 100S"},"geometry":{"type":"Polygon","coordinates":[[[-106.749024620341,32.2781232735977],[-106.748976447839,32.2779351833832],[-106.749971052075,32.2777447999582],[-106.750014934701,32.277930402317],[-106.749024620341,32.2781232735977]],[[-106.749199221387,32.2779942376672],[-106.749185940197,32.2779440829183],[-106.749125006313,32.2779587841226],[-106.749138048541,32.2780085375944],[-106.749199221387,32.2779942376672]],[[-106.749521455559,32.2778959327987],[-106.749534497993,32.277945686228],[-106.749595670732,32.2779313861097],[-106.749592032769,32.2779176489955],[-106.749596020266,32.2779167169351],[-106.749582738876,32.2778665631313],[-106.749521805105,32.2778812636242],[-106.749525400485,32.2778949810681],[-106.749521455559,32.2778959327987]]]}},{"type":"Feature","properties":{"id":"parking-159","category":"parking","name":"Lot 100S"},"geometry":{"type":"Polygon","coordinates":[[[-106.748853568582,32.2774488882078],[-106.748946697264,32.2774310170811],[-106.748937747569,32.2773973545721],[-106.74983009734,32.277226112278],[-106.74984075439,32.2772677178298],[-106.749841338949,32.2772693929692],[-106.749842230819,32.2772709685899],[-106.749843405351,32.2772724024023],[-106.749844834752,32.2772736593439],[-106.749846481686,32.2772747061939],[-106.749848304608,32.2772755169627],[-106.749850255629,32.2772760701954],[-106.749852284783,32.277276352562],[-106.749854342132,32.2772763561432],[-106.749856373537,32.2772760811535],[-106.749928404823,32.2772612391705],[-106.749933670483,32.2772597374778],[-106.749938556268,32.2772574923553],[-106.749942917112,32.2772545711146],[-106.749946627155,32.2772510590285],[-106.749949574442,32.2772470602538],[-106.749951673626,32.2772426914679],[-106.749952862782,32.2772380818814],[-106.749953105503,32.2772333678189],[-106.749952396182,32.2772286881883],[-106.749983565203,32.2773494811947],[-106.749982077214,32.2773452853366],[-106.749979823099,32.2773413432275],[-106.749976859675,32.2773377556506],[-106.749973263877,32.2773346142905],[-106.749969126367,32.2773319972496],[-106.749964550493,32.2773299726601],[-106.749959655429,32.2773285914557],[-106.749954563453,32.2773278892267],[-106.749949405227,32.277327882591],[-106.749944311334,32.2773285728354],[-106.749872785804,32.2773433118178],[-106.749870719142,32.2773439332603],[-106.749868807988,32.2773448426812],[-106.749867104214,32.2773460137215],[-106.748876557577,32.2775418978443],[-106.748853568582,32.2774488882078]]]}},{"type":"Feature","properties":{"id":"parking-160","category":"parking","name":"Lot 94"},"geometry":{"type":"Polygon","coordinates":[[[-106.746952734816,32.2756815535309],[-106.747151424483,32.2755925023189],[-106.747183644736,32.2756004750578],[-106.747252552638,32.275588074697],[-106.747310934931,32.2755948856144],[-106.747446412503,32.2755723043774],[-106.74745823049,32.2755804205345],[-106.747458834594,32.275581602293],[-106.747459646261,32.2755826921464],[-106.747460644108,32.2755836622214],[-106.747461805725,32.2755844909615],[-106.747463103403,32.2755851586353],[-106.747464506275,32.2755856500326],[-106.747465980297,32.2755859517597],[-106.747467492532,32.2755860585352],[-106.747620987363,32.275565730226],[-106.747630793551,32.2756027885655],[-106.747634708738,32.2756067097436],[-106.747639329775,32.2756100320129],[-106.747644528779,32.2756126647899],[-106.747650166302,32.2756145373771],[-106.747656089202,32.2756155989721],[-106.747661051656,32.2757555376709],[-106.747636921467,32.2757658507907],[-106.74761739221,32.2757209665722],[-106.747544829635,32.2757876850326],[-106.747442500378,32.2756465579336],[-106.747369565488,32.2756631480504],[-106.747386547513,32.2756869434003],[-106.747092289633,32.2758411001406],[-106.746952734816,32.2756815535309]]]}},{"type":"Feature","properties":{"id":"parking-161","category":"parking","name":"Lot 80"},"geometry":{"type":"Polygon","coordinates":[[[-106.744543629177,32.2765273191321],[-106.744548772215,32.2765276651465],[-106.744553777962,32.2765287295763],[-106.744558509304,32.2765304804918],[-106.744562833294,32.2765328715169],[-106.744566633866,32.2765358372707],[-106.744569806533,32.2765392942896],[-106.744572262685,32.2765431500296],[-106.744573934856,32.276547296532],[-106.744737308775,32.2771671061562],[-106.744743302589,32.2771769174235],[-106.744751035574,32.2771858082965],[-106.74476031544,32.2771935567694],[-106.744770912907,32.2771999707427],[-106.744782563844,32.2772048916224],[-106.744794980965,32.2772081978813],[-106.744807853838,32.2772098059607],[-106.744820864842,32.2772096774234],[-106.74465597131,32.2772502837544],[-106.744661493801,32.2772481662088],[-106.744666520683,32.2772452930445],[-106.744670909076,32.2772417441846],[-106.744674536394,32.2772376220192],[-106.74467729816,32.2772330405915],[-106.744679118658,32.2772281318693],[-106.744679945552,32.2772230331398],[-106.744679754146,32.2772178878949],[-106.74467855161,32.2772128440111],[-106.744658504474,32.277140787521],[-106.744657860652,32.2771391288225],[-106.744656891565,32.2771375877376],[-106.744655624013,32.2771362119597],[-106.744654098543,32.2771350401097],[-106.744652358886,32.2771341098943],[-106.744650456133,32.2771334463655],[-106.744648447719,32.2771330700409],[-106.744646393155,32.2771329924117],[-106.744644354026,32.2771332159421],[-106.744642389745,32.2771337340865],[-106.744640559669,32.2771345303789],[-106.744638917816,32.2771355820615],[-106.744637512851,32.2771368582804],[-106.744636385963,32.2771383200945],[-106.744635571949,32.2771399240785],[-106.744635093908,32.2771416232452],[-106.74463496749,32.2771433670295],[-106.744635194533,32.2771451031163],[-106.744635769457,32.2771467810237],[-106.744645901483,32.2771844091911],[-106.744090544162,32.2772909947076],[-106.743912604228,32.2766494081476],[-106.744543629177,32.2765273191321]]]}},{"type":"Feature","properties":{"id":"parking-162","category":"parking","name":"Lot 90"},"geometry":{"type":"Polygon","coordinates":[[[-106.744892613843,32.2761965714069],[-106.744813002248,32.2762112742777],[-106.744756899736,32.2760086466153],[-106.744840877622,32.2759943839141],[-106.744892613843,32.2761965714069]]]}},{"type":"Feature","properties":{"id":"parking-163","category":"parking","name":"Lot 91"},"geometry":{"type":"Polygon","coordinates":[[[-106.744820242123,32.2758678873432],[-106.744651287192,32.2758949636836],[-106.744596582342,32.2757072219247],[-106.744740995595,32.2756838041346],[-106.744745777288,32.2756842778168],[-106.744750391824,32.2756854429761],[-106.744754703126,32.2756872631694],[-106.744758581403,32.2756896865975],[-106.744761911608,32.2756926397589],[-106.744764594544,32.2756960355622],[-106.744766552166,32.2756997724032],[-106.744767723359,32.2757037386911],[-106.744768075641,32.2757078173119],[-106.744820242123,32.2758678873432]]]}},{"type":"Feature","properties":{"id":"parking-164","category":"parking","name":"Lot 92"},"geometry":{"type":"Polygon","coordinates":[[[-106.744539954746,32.2755371929207],[-106.744496250909,32.2753750306873],[-106.744510646016,32.2753723769756],[-106.74450827357,32.2753610499222],[-106.744674049878,32.2753250867016],[-106.744708377058,32.275470772601],[-106.744709851487,32.2754750632723],[-106.744710464746,32.2754795034176],[-106.744710197048,32.2754839677565],[-106.744709058332,32.2754883317936],[-106.744707079783,32.2754924736562],[-106.744704315969,32.2754962767909],[-106.744700844876,32.2754996362768],[-106.74469676365,32.2755024570382],[-106.744692185455,32.2755046610723],[-106.744539954746,32.2755371929207]]]}},{"type":"Feature","properties":{"id":"parking-165","category":"parking","name":"Lot 105"},"geometry":{"type":"Polygon","coordinates":[[[-106.742788754533,32.2768414784038],[-106.742789017478,32.2768901145209],[-106.742789224845,32.2768915557809],[-106.7427897175,32.2768929463256],[-106.742790481424,32.2768942456262],[-106.742791494114,32.2768954149905],[-106.742792726728,32.2768964211624],[-106.742794143008,32.2768972336203],[-106.742795701432,32.2768978299797],[-106.742797357317,32.2768981923778],[-106.742799060711,32.2768983101873],[-106.742815119798,32.2768982475228],[-106.742816172475,32.276970428041],[-106.742797344858,32.2769705015088],[-106.74279597742,32.2769706727863],[-106.742794663031,32.2769710350504],[-106.742793438802,32.2769715800397],[-106.74279233861,32.2769722904866],[-106.742791394203,32.2769731482301],[-106.742790631984,32.2769741279153],[-106.742790074099,32.2769752024001],[-106.742789735239,32.276976340062],[-106.742789625859,32.276977511099],[-106.742789865539,32.2770218436447],[-106.742495329529,32.2770230358692],[-106.742495043413,32.2769700826529],[-106.742370350784,32.2769705688501],[-106.742370235235,32.2769491781563],[-106.742417744811,32.2769489929233],[-106.742417428189,32.2769023708605],[-106.742609090559,32.2769016234157],[-106.742608774872,32.2768432104726],[-106.742788754533,32.2768414784038]]]}},{"type":"Feature","properties":{"id":"parking-166","category":"parking","name":"Lot 93"},"geometry":{"type":"Polygon","coordinates":[[[-106.744565977638,32.2743385743684],[-106.744513755184,32.2741344739331],[-106.744572071513,32.2741215077533],[-106.744622963814,32.2743255772993],[-106.744565977638,32.2743385743684]]]}},{"type":"Feature","properties":{"id":"parking-167","category":"parking","name":"Lot 77A"},"geometry":{"type":"Polygon","coordinates":[[[-106.745523112177,32.272394155787],[-106.745598684446,32.2723556313379],[-106.745676602964,32.2723130735482],[-106.745715586282,32.272296321865],[-106.745813098915,32.2722642505412],[-106.745851445306,32.2722541398887],[-106.745873664934,32.272249063579],[-106.745911526896,32.2722437644157],[-106.74593882652,32.2722471988172],[-106.745982202386,32.2722435337917],[-106.746010196432,32.2722380280443],[-106.746037058669,32.2722293585107],[-106.746681839597,32.2717989013479],[-106.746691582203,32.2717928738],[-106.746699957747,32.2717855123692],[-106.74670671903,32.2717770362775],[-106.746711661498,32.2717676988496],[-106.746714640176,32.2717577775262],[-106.746715179878,32.2717518213411],[-106.746745664384,32.2719084695162],[-106.746742554456,32.2719054073157],[-106.746738888798,32.2719028270889],[-106.746734770755,32.2719007978723],[-106.746730313163,32.2718993778428],[-106.746725641489,32.2718986052868],[-106.746720882173,32.2718985022536],[-106.746716168978,32.2718990709225],[-106.746711632382,32.271900295449],[-106.746708048771,32.2719018634425],[-106.746704824483,32.2719039188296],[-106.746702052625,32.2719064053288],[-106.746699811358,32.2719092513863],[-106.746698163935,32.2719123764878],[-106.746697156584,32.2719156929714],[-106.746696818506,32.2719191051256],[-106.746697159801,32.2719225182155],[-106.746698169312,32.2719258330806],[-106.746699820003,32.2719289578379],[-106.746702063614,32.2719318024913],[-106.74672176889,32.2719527292542],[-106.746693499358,32.2719721374718],[-106.74668886306,32.2719749361306],[-106.746724671217,32.272010231088],[-106.746726974255,32.2720134615022],[-106.746729881383,32.2720163188772],[-106.746733308308,32.2720187232791],[-106.74673716125,32.2720206074374],[-106.746741329523,32.2720219185778],[-106.746745698281,32.2720226192741],[-106.746750142159,32.2720226901782],[-106.74675453801,32.2720221290691],[-106.746758761722,32.2720209517665],[-106.74676130458,32.2720194915785],[-106.746763554885,32.2720177195966],[-106.746765461906,32.272015676604],[-106.746766980264,32.2720134114793],[-106.746793848714,32.2720955146056],[-106.746788128955,32.2720909746072],[-106.746781577637,32.2720873361291],[-106.746774388545,32.2720847075339],[-106.746766774409,32.2720831673482],[-106.746758962635,32.2720827597703],[-106.746755711835,32.2720830674633],[-106.746752571862,32.2720838436862],[-106.746749634949,32.2720850664317],[-106.746746986873,32.2720866983862],[-106.746744708048,32.272088691435],[-106.746742865029,32.2720909866956],[-106.746741512645,32.2720935163133],[-106.746740689767,32.2720962061827],[-106.74674042143,32.2720989750382],[-106.746740715687,32.272101742583],[-106.746741564662,32.2721044267789],[-106.746742941376,32.2721069465649],[-106.746744806153,32.2721092290466],[-106.746773201482,32.2721407581278],[-106.746542911506,32.2723013835376],[-106.746400346499,32.2721553199701],[-106.746396572386,32.2721517318831],[-106.746392170778,32.2721487027083],[-106.746387255685,32.2721463113608],[-106.746381953765,32.272144619571],[-106.746376401118,32.2721436691912],[-106.746370741193,32.2721434867134],[-106.746365120501,32.2721440760711],[-106.746359682263,32.2721454222717],[-106.746354567467,32.2721474895887],[-106.74634990852,32.2721502260959],[-106.746006403711,32.2723833952906],[-106.745948783172,32.2723181593443],[-106.745944879436,32.2723139620973],[-106.745940230547,32.2723103557872],[-106.745934955905,32.2723074346399],[-106.745929196052,32.2723052756634],[-106.745923100966,32.2723039350858],[-106.745916831123,32.2723034474492],[-106.745910551139,32.2723038274389],[-106.745904426542,32.2723050626808],[-106.745898616395,32.2723071227892],[-106.745851005362,32.2723209944996],[-106.745784277885,32.2723404082928],[-106.745721855266,32.2723649782087],[-106.745700329418,32.2723740776602],[-106.745672347485,32.272391974812],[-106.745650821952,32.2724056250263],[-106.745609565351,32.2724414175061],[-106.745583293737,32.272473615894],[-106.745523112177,32.272394155787]]]}},{"type":"Feature","properties":{"id":"parking-168","category":"parking","name":"Lot 76"},"geometry":{"type":"Polygon","coordinates":[[[-106.74475113328,32.2737341531926],[-106.744392396761,32.2733837768097],[-106.744483813106,32.2733165822867],[-106.744684572766,32.2731765791111],[-106.744688591044,32.2731735232114],[-106.745071859278,32.2735912362744],[-106.745056093685,32.27360086317],[-106.745066452991,32.27360845408],[-106.74505242275,32.273618035393],[-106.745046324108,32.2736289555368],[-106.745045108866,32.2736444370721],[-106.745041396662,32.2736917378008],[-106.744976337295,32.2737018699318],[-106.744911679436,32.273711659554],[-106.744846609945,32.2737211053447],[-106.744781547669,32.2737301226914],[-106.74475113328,32.2737341531926]],[[-106.744952209768,32.2736293415319],[-106.744946187747,32.2736287635926],[-106.74494013974,32.2736290695751],[-106.744934241915,32.2736302506721],[-106.744928668162,32.2736322701279],[-106.744923583769,32.273635070478],[-106.744901133914,32.2736502140544],[-106.744880074364,32.2736289324782],[-106.744844972053,32.2736546259445],[-106.744841552577,32.2736598538808],[-106.744839198979,32.2736654915933],[-106.744837976222,32.2736713819044],[-106.744837917393,32.2736773623502],[-106.744839024791,32.2736832696857],[-106.744841266737,32.2736889389948],[-106.744844584005,32.2736942153904],[-106.744848882385,32.2736989522385],[-106.744854044401,32.2737030192302],[-106.744859927204,32.2737063050947],[-106.744866370002,32.2737087175706],[-106.744873193036,32.2737101906248],[-106.744880209261,32.2737106844066],[-106.744887224342,32.2737101852476],[-106.744952959363,32.2737026875451],[-106.744973503252,32.2736995695786],[-106.744978611405,32.2736974301948],[-106.744983236035,32.2736946072942],[-106.744987252298,32.2736911780242],[-106.744990551355,32.2736872338989],[-106.744993042502,32.2736828834967],[-106.744994659502,32.2736782443187],[-106.744995357395,32.2736734428012],[-106.744995116723,32.2736686097897],[-106.744993944559,32.2736638751239],[-106.744968368879,32.2736360773066],[-106.744963465166,32.2736330527561],[-106.744958025244,32.2736307851613],[-106.744952209768,32.2736293415319]]]}},{"type":"Feature","properties":{"id":"parking-169","category":"parking","name":"Lot 97"},"geometry":{"type":"Polygon","coordinates":[[[-106.745523112177,32.272394155787],[-106.745583293737,32.272473615894],[-106.745628643245,32.2725141072002],[-106.745203815151,32.2728086165957],[-106.745163299795,32.2727640108521],[-106.74511285008,32.2728009791589],[-106.745148724638,32.2728426874076],[-106.744778188328,32.2731010038199],[-106.744469102758,32.2728314776024],[-106.745308013644,32.2721823334148],[-106.745523112177,32.272394155787]]]}},{"type":"Feature","properties":{"id":"parking-170","category":"parking","name":"Lot H2"},"geometry":{"type":"Polygon","coordinates":[[[-106.752568942197,32.2742097105297],[-106.752644035901,32.2742486956667],[-106.752637798263,32.2742473406507],[-106.752634643028,32.2742468932609],[-106.752631444679,32.2742469050877],[-106.752628293449,32.2742473766738],[-106.752625282678,32.2742482941199],[-106.752622497137,32.274249630033],[-106.752620017298,32.2742513471166],[-106.752617916131,32.2742533954784],[-106.752612188393,32.2742632728607],[-106.752610279625,32.2742707595544],[-106.752609870662,32.2742784116323],[-106.752610971996,32.2742860144106],[-106.752613553788,32.2742933542682],[-106.752617542708,32.2743002231677],[-106.752622827303,32.2743064303591],[-106.752629257987,32.2743117996736],[-106.752650955178,32.2743234230299],[-106.752595480369,32.2744020061294],[-106.75257817096,32.2743927750645],[-106.752562970972,32.2743881900857],[-106.752556910003,32.2743884595084],[-106.752550974528,32.2743895410044],[-106.752545317259,32.2743914078122],[-106.752540079124,32.2743940133762],[-106.75253539245,32.2743972913346],[-106.752531377793,32.2744011582369],[-106.752528134403,32.2744055171895],[-106.752525745533,32.2744102578348],[-106.752524271034,32.2744152608896],[-106.752523749477,32.2744203981367],[-106.752599935153,32.2747105478339],[-106.752478362831,32.2747330585224],[-106.752411852101,32.2744759828338],[-106.75241094947,32.2744707240908],[-106.75241093823,32.2744654103959],[-106.752411818972,32.2744601490679],[-106.752413573187,32.274455048403],[-106.752416166414,32.274450212252],[-106.752572168627,32.2742294258063],[-106.752573560802,32.2742270132109],[-106.752574453145,32.2742244357609],[-106.752574820588,32.2742217675085],[-106.752574651872,32.2742190842543],[-106.752573952737,32.2742164644371],[-106.752572742697,32.2742139819314],[-106.75257105612,32.274211708749],[-106.752568942197,32.2742097105297]]]}},{"type":"Feature","properties":{"id":"parking-171","category":"parking","name":"Lot 79D"},"geometry":{"type":"Polygon","coordinates":[[[-106.748594444964,32.2720883255414],[-106.748739609117,32.2721713915435],[-106.748386969187,32.2725970911398],[-106.748444193316,32.272633740455],[-106.748788724808,32.2722000020038],[-106.748936646927,32.2722869096179],[-106.748523195018,32.2727898539717],[-106.748404707486,32.2727301514949],[-106.748399305915,32.27272791456],[-106.748393547676,32.2727264546295],[-106.748387586908,32.2727258116786],[-106.74838158186,32.2727260013164],[-106.748375693863,32.2727270192987],[-106.748370078812,32.2727288388567],[-106.74836488823,32.2727314097902],[-106.748360259753,32.2727346657206],[-106.748356317092,32.272738517778],[-106.748324384839,32.2727795691485],[-106.748317508639,32.27279788504],[-106.748314268848,32.272816911677],[-106.748314755,32.2728361328442],[-106.748318951495,32.272855024624],[-106.748355560126,32.2729994812471],[-106.748359816464,32.273011258038],[-106.748366380473,32.2730222429109],[-106.748375058253,32.273032112864],[-106.748385593455,32.2730405785103],[-106.748397677926,32.2730473885453],[-106.7484109539,32.2730523432664],[-106.748425031009,32.2730552981129],[-106.748439495827,32.2730561636285],[-106.748239491987,32.2730934761904],[-106.748250404666,32.2730907943066],[-106.74826067359,32.273086666579],[-106.748270036086,32.2730812004631],[-106.74827825088,32.2730745339934],[-106.748285108728,32.2730668384465],[-106.748290432382,32.2730583129306],[-106.748294086085,32.2730491735252],[-106.748295975595,32.2730396568889],[-106.748296053405,32.2730300049069],[-106.748294317696,32.2730204674009],[-106.748256483368,32.2728694572901],[-106.748251199591,32.2728336139811],[-106.748253137092,32.2727975293457],[-106.748262243168,32.2727622443347],[-106.748304121394,32.2727001278414],[-106.748306234191,32.2726963118646],[-106.748307601558,32.272692257131],[-106.748308185857,32.2726880693066],[-106.74830797387,32.2726838548625],[-106.74830697045,32.2726797247081],[-106.748305201649,32.2726757842579],[-106.748302712603,32.2726721343417],[-106.748177847436,32.2726001347362],[-106.748594444964,32.2720883255414]]]}},{"type":"Feature","properties":{"id":"parking-172","category":"parking","name":"Lot 79B"},"geometry":{"type":"Polygon","coordinates":[[[-106.749292377937,32.272924611218],[-106.749167474179,32.2728630228896],[-106.749161754524,32.2728612462899],[-106.749155768704,32.2728602959412],[-106.749149681401,32.2728601982482],[-106.749143657167,32.272860956168],[-106.749137863604,32.2728625482956],[-106.749132458638,32.2728649307178],[-106.749127590525,32.272868037915],[-106.749106877912,32.2728998011058],[-106.749091699274,32.2729337465637],[-106.749082363978,32.2729691822458],[-106.749079372146,32.2729770483416],[-106.749077939273,32.2729852257307],[-106.749078106604,32.2729934923934],[-106.749079866538,32.2730016228954],[-106.749083173291,32.2730093982664],[-106.749087937604,32.2730166078243],[-106.749094028897,32.2730230554802],[-106.749101282738,32.2730285660215],[-106.748942559371,32.2730052858216],[-106.748955134791,32.2730044271765],[-106.748967382402,32.2730018599042],[-106.748978985174,32.2729976510928],[-106.748989639049,32.2729919101666],[-106.748999066732,32.2729847879298],[-106.749007021902,32.2729764693346],[-106.749013297683,32.2729671707426],[-106.749017729815,32.2729571363043],[-106.749036900439,32.2728959633478],[-106.749044555766,32.2728766973897],[-106.749055866912,32.2728587778882],[-106.749070520254,32.2728427002991],[-106.749073564421,32.2728393532026],[-106.749075904805,32.2728356192847],[-106.749077472984,32.2728316043332],[-106.749078225,32.2728274221557],[-106.749078140278,32.2728231927807],[-106.749077221593,32.2728190352422],[-106.749075492945,32.2728150675886],[-106.749073005909,32.2728114032502],[-106.749069828987,32.2728081456698],[-106.749066053978,32.2728053873759],[-106.748945506877,32.2727313603317],[-106.749202419854,32.2724019086159],[-106.749357067073,32.2724918554638],[-106.749162666247,32.2727315249711],[-106.749210875983,32.2727611317874],[-106.749405263373,32.2725201843289],[-106.749552030386,32.2726078271847],[-106.749292377937,32.272924611218]]]}},{"type":"Feature","properties":{"id":"parking-173","category":"parking","name":"Lot 79C"},"geometry":{"type":"Polygon","coordinates":[[[-106.749148076729,32.2714174170427],[-106.749324600424,32.2715063043932],[-106.749315083246,32.2715017055696],[-106.749304810426,32.271498490476],[-106.749294056307,32.2714967464098],[-106.749283111989,32.2714965182147],[-106.749272270495,32.2714978146529],[-106.749261824595,32.2715005984928],[-106.749252054127,32.2715047964797],[-106.749243223842,32.2715102948353],[-106.749235570714,32.2715169465221],[-106.749178207415,32.2715978840636],[-106.749176329286,32.2716011210373],[-106.749175116881,32.2716045808442],[-106.749174603619,32.2716081632461],[-106.749174803818,32.2716117689822],[-106.749175711602,32.2716152943619],[-106.749177300959,32.2716186411858],[-106.749179528909,32.2716217149286],[-106.749182330224,32.2716244283679],[-106.749185626996,32.2716267051538],[-106.749189326509,32.2716284789152],[-106.749309401183,32.2716833467554],[-106.749105070883,32.2720320692449],[-106.74894660465,32.2719660399869],[-106.74908398408,32.2717297977155],[-106.749085790745,32.2717259152958],[-106.749086820348,32.2717218321269],[-106.749087042727,32.271717661962],[-106.749086453188,32.27171351665],[-106.749085068281,32.2717095106614],[-106.749082923641,32.2717057547837],[-106.749080079265,32.2717023497878],[-106.749076614216,32.2716993891545],[-106.749072621297,32.2716969554878],[-106.749068210203,32.2716951141899],[-106.749063503285,32.2716939161831],[-106.749058625976,32.2716933934386],[-106.749053717414,32.2716935607383],[-106.749048907082,32.271694413963],[-106.749044327541,32.2716959300426],[-106.749040104875,32.2716980660916],[-106.749036355533,32.2717007639311],[-106.749033179955,32.2717039501139],[-106.749030666833,32.2717075377113],[-106.748887172658,32.2719501206873],[-106.748726796679,32.2718820803377],[-106.748936649406,32.2715229580562],[-106.749079822745,32.2715821936507],[-106.749084259389,32.2715836614783],[-106.749088917601,32.2715844953265],[-106.749093674142,32.2715846758413],[-106.749098400523,32.2715841945119],[-106.749102972627,32.2715830662584],[-106.749107267481,32.2715813204262],[-106.749111170702,32.271579004364],[-106.749114577533,32.2715761789101],[-106.749117398163,32.2715729201757],[-106.749171513785,32.2714961440402],[-106.749176232551,32.2714880690995],[-106.749179402873,32.271479466379],[-106.749180946292,32.2714705463215],[-106.74918082369,32.2714615318405],[-106.749179038412,32.2714526456815],[-106.749175636234,32.271444105913],[-106.749170699001,32.2714361259516],[-106.749164349864,32.2714289028171],[-106.7491567469,32.2714226144523],[-106.749148076729,32.2714174170427]]]}},{"type":"Feature","properties":{"id":"parking-174","category":"parking","name":"Lot 79J"},"geometry":{"type":"MultiPolygon","coordinates":[[[[-106.746968486874,32.2704648320465],[-106.747111896479,32.2705360095638],[-106.747105338341,32.2705336328267],[-106.7470984044,32.2705322234576],[-106.747091291246,32.2705318203647],[-106.747084198499,32.2705324344864],[-106.747077326693,32.2705340497019],[-106.747070870884,32.2705366183471],[-106.747065011143,32.2705400702702],[-106.747059915708,32.2705443065069],[-106.746989225746,32.2706464034953],[-106.746986747602,32.2706507701202],[-106.746985145685,32.2706554218916],[-106.74698446496,32.2706602341764],[-106.746984721704,32.270665077043],[-106.746985909881,32.2706698170403],[-106.746987998021,32.270674328032],[-106.746990929192,32.2706784866875],[-106.746994623169,32.2706821805905],[-106.746998980685,32.2706853091232],[-106.747003883458,32.2706877888783],[-106.747105281067,32.2707355282918],[-106.746862446903,32.2710881468995],[-106.746715236228,32.2710108902065],[-106.746892940445,32.2707607067738],[-106.746895508473,32.2707562757654],[-106.746897151332,32.2707515390594],[-106.746897824125,32.270746633915],[-106.746897504277,32.2707417029145],[-106.746896203189,32.2707368903101],[-106.74689395877,32.2707323348389],[-106.746890834379,32.2707281706282],[-106.746886921956,32.2707245172634],[-106.746882336737,32.2707214834158],[-106.746877210815,32.270719155144],[-106.746871693175,32.2707176013049],[-106.746865945412,32.2707168672575],[-106.746860133234,32.2707169739945],[-106.746854428585,32.2707179181338],[-106.746848994789,32.2707196728792],[-106.746811966736,32.2707323642724],[-106.746819337723,32.2707479383162],[-106.746653635345,32.2709801265874],[-106.746504169582,32.2709062289131],[-106.74674836695,32.2705577731012],[-106.746866193508,32.2706161134619],[-106.74687063925,32.2706179023935],[-106.746875377526,32.2706190264071],[-106.746880271219,32.2706194517713],[-106.746885179079,32.270619165514],[-106.746889958918,32.2706181772131],[-106.746894472891,32.2706165144666],[-106.746898589641,32.2706142264918],[-106.746902190638,32.2706113786885],[-106.74690517018,32.2706080535419],[-106.746978556249,32.2705061227552],[-106.746981302435,32.2705014673832],[-106.746983087252,32.270496485714],[-106.746983861586,32.2704913204344],[-106.74698360182,32.2704861177384],[-106.746982318313,32.2704810254897],[-106.746980042651,32.2704761905669],[-106.746976843504,32.2704717479783],[-106.746972811802,32.2704678263318],[-106.746968486874,32.2704648320465]]],[[[-106.746962725417,32.270461972379],[-106.746968060668,32.2704645370124],[-106.746968486874,32.2704648320465],[-106.746962725417,32.270461972379]]]]}},{"type":"Feature","properties":{"id":"parking-175","category":"parking","name":"Lot 79A"},"geometry":{"type":"Polygon","coordinates":[[[-106.749768613114,32.2717290818538],[-106.749938523997,32.2718141435705],[-106.749927596487,32.2718102123393],[-106.749916037926,32.2718079294943],[-106.749904189437,32.2718073640301],[-106.749892402465,32.2718085316908],[-106.749881025004,32.2718113995342],[-106.749870395204,32.2718158814475],[-106.749860825479,32.2718218445233],[-106.749852601479,32.271829113573],[-106.749845966162,32.2718374720913],[-106.749725378218,32.2720054953934],[-106.749678541389,32.2719867588331],[-106.749696862305,32.2719585348779],[-106.74969797802,32.2719564165105],[-106.749698664191,32.2719541717787],[-106.749698903099,32.2719518602754],[-106.749698686614,32.2719495478682],[-106.749698022512,32.2719472976563],[-106.749696927057,32.2719451718036],[-106.749695433486,32.271943230603],[-106.749693580298,32.2719415262099],[-106.749691420832,32.2719401062116],[-106.74968901369,32.27193901096],[-106.749686425909,32.2719382699509],[-106.74965024666,32.2719305669232],[-106.749646948188,32.2719301146136],[-106.749643607788,32.271930146767],[-106.749640320984,32.271930661202],[-106.749637186415,32.2719316430985],[-106.749634294154,32.2719330641427],[-106.749631728898,32.271934883416],[-106.749629565721,32.271937047412],[-106.749627867961,32.271939491848],[-106.749626685127,32.2719421470854],[-106.749626050754,32.271944933628],[-106.749625984573,32.2719477720344],[-106.749626488248,32.2719505784253],[-106.74962754753,32.2719532707881],[-106.749679025632,32.2719761420581],[-106.749524906266,32.2722325373314],[-106.749494059368,32.2722193010192],[-106.749490073372,32.2722179432543],[-106.749485872014,32.2722171896835],[-106.74948158067,32.2722170614555],[-106.749477327808,32.2722175634732],[-106.749473239662,32.272218679906],[-106.749469439189,32.2722203778009],[-106.749466038627,32.2722226062098],[-106.749454662816,32.2722370249951],[-106.749391346685,32.2722083537026],[-106.749397614846,32.27219787459],[-106.749398852463,32.2721953354778],[-106.749399611672,32.2721926638805],[-106.74939987478,32.2721899238998],[-106.749399635787,32.272187183199],[-106.749398899295,32.2721845066934],[-106.749397683711,32.2721819601459],[-106.749396019083,32.2721796029602],[-106.749393943949,32.2721774945064],[-106.749391509529,32.2721756832824],[-106.749352765513,32.2721575008101],[-106.749428864717,32.2720240533289],[-106.749459877164,32.2720380700115],[-106.749464862484,32.2720398973006],[-106.749470131565,32.2720410110001],[-106.749475544127,32.2720413819035],[-106.749480955753,32.2720410006615],[-106.749486222124,32.2720398759615],[-106.74949120223,32.2720380390243],[-106.74949576577,32.2720355381638],[-106.74949978891,32.2720324397052],[-106.749509053375,32.2720162832701],[-106.749510460195,32.2720132411531],[-106.74951128554,32.2720100480201],[-106.74951150862,32.2720067842185],[-106.749511124579,32.2720035318365],[-106.749510142346,32.2720003711042],[-106.749508586772,32.2719973812867],[-106.74950649648,32.2719946370853],[-106.749503922798,32.2719922068383],[-106.749500931868,32.2719901507083],[-106.749461213833,32.2719706833665],[-106.749548210698,32.2718260926576],[-106.749682047435,32.2718823459728],[-106.749688392099,32.2718844790159],[-106.749695062946,32.2718856980887],[-106.749701879328,32.2718859687335],[-106.749708654386,32.2718852844746],[-106.749715205635,32.2718836631693],[-106.749721354985,32.2718811488115],[-106.749726932971,32.2718778106129],[-106.749731790419,32.2718737393494],[-106.749787223511,32.2718090561576],[-106.749792820495,32.2718012455709],[-106.74979683319,32.2717927603511],[-106.749799150337,32.2717838300102],[-106.749799711705,32.2717746982882],[-106.749798501664,32.2717656123557],[-106.749795551282,32.2717568173951],[-106.749790941486,32.2717485529798],[-106.749784798777,32.2717410458773],[-106.749777287721,32.2717344956483],[-106.749768613114,32.2717290818538]]]}},{"type":"Feature","properties":{"id":"parking-176","category":"parking","name":"Lot 79G"},"geometry":{"type":"Polygon","coordinates":[[[-106.74796473106,32.2712616250821],[-106.748031288563,32.2712954663923],[-106.748082785028,32.2712200276753],[-106.748121669758,32.2712397981597],[-106.748126516984,32.271241814535],[-106.748131693589,32.2712431108308],[-106.748137052894,32.271243652453],[-106.748142444077,32.2712434228612],[-106.748147712195,32.2712424289795],[-106.748152710918,32.2712406993426],[-106.748157297205,32.2712382823131],[-106.748161341931,32.2712352469416],[-106.748164730915,32.2712316775512],[-106.748258126344,32.2710988470395],[-106.748260779363,32.2710942452175],[-106.748262502944,32.2710893350194],[-106.748263248993,32.2710842510116],[-106.748262997036,32.2710791312592],[-106.748261754219,32.2710741182275],[-106.748259554189,32.2710693470622],[-106.748256458174,32.2710649500948],[-106.748252550692,32.2710610478408],[-106.74824793741,32.2710577463023],[-106.748242747275,32.2710551378621],[-106.748417811692,32.2711047563617],[-106.748411279793,32.2711031155052],[-106.748404516391,32.2711024279232],[-106.748397712665,32.271102713604],[-106.748391061765,32.2711039645708],[-106.748384751384,32.2711061458122],[-106.748378961634,32.2711091943895],[-106.748373855519,32.2711130248849],[-106.748369576804,32.2711175276067],[-106.748258792868,32.2712769377967],[-106.74825638423,32.2712811950468],[-106.748254860325,32.271285738303],[-106.748254266074,32.2712904348149],[-106.748254618783,32.2712951492357],[-106.748255908143,32.2712997436219],[-106.748258095223,32.2713040864559],[-106.748261118823,32.2713080508171],[-106.748264890209,32.2713115216179],[-106.748269300558,32.2713143982794],[-106.748369044203,32.2713651653143],[-106.748129486258,32.2717131802173],[-106.748124848184,32.2717199173466],[-106.747975854922,32.2716486205301],[-106.748160497642,32.2713863149902],[-106.748163547893,32.271380975688],[-106.748165462441,32.2713752674962],[-106.748166181728,32.2713693638064],[-106.748165685499,32.2713634432663],[-106.748163989602,32.2713576861847],[-106.748161142749,32.2713522655263],[-106.748157232889,32.2713473468857],[-106.748152378659,32.2713430786013],[-106.748146727254,32.2713395899601],[-106.748140449092,32.2713369867089],[-106.748133734616,32.2713353483619],[-106.748079877078,32.2713508950425],[-106.748087364535,32.2713733605439],[-106.747919561265,32.2716177617575],[-106.747773649572,32.2715415473487],[-106.74796473106,32.2712616250821]]]}},{"type":"Feature","properties":{"id":"parking-177","category":"parking","name":"Sweet Ave"},"geometry":{"type":"Polygon","coordinates":[[[-106.753212443628,32.2802977459438],[-106.753336220839,32.280784453182],[-106.753310918492,32.2807890966758],[-106.753187141415,32.2803023903137],[-106.753212443628,32.2802977459438]]]}},{"type":"Feature","properties":{"id":"parking-178","category":"parking","name":"Sweet Ave"},"geometry":{"type":"Polygon","coordinates":[[[-106.753034834634,32.2796034455392],[-106.753176256843,32.2801581962753],[-106.753150956845,32.2801628505494],[-106.753009534781,32.2796080997839],[-106.753034834634,32.2796034455392]]]}},{"type":"Feature","properties":{"id":"parking-179","category":"parking","name":"S Horsehoe"},"geometry":{"type":"Polygon","coordinates":[[[-106.753675055511,32.2817952773404],[-106.75368666405,32.2818407386706],[-106.75368697219,32.281841939615],[-106.753520001829,32.2818738583862],[-106.753507935771,32.2818260847032],[-106.753675055511,32.2817952773404]]]}},{"type":"Feature","properties":{"id":"parking-180","category":"parking","name":"N Horseshoe"},"geometry":{"type":"Polygon","coordinates":[[[-106.753854245816,32.2827938535577],[-106.755637176762,32.2824708757098],[-106.755647471234,32.2825135084807],[-106.753869541125,32.2828384524083],[-106.753854245816,32.2827938535577]]]}},{"type":"Feature","properties":{"id":"parking-181","category":"parking","name":"S Horsehoe"},"geometry":{"type":"Polygon","coordinates":[[[-106.753829398495,32.2818067194566],[-106.753817790951,32.2817612581357],[-106.755506757394,32.2814481382527],[-106.755519298887,32.2814972328603],[-106.753829707698,32.2818079203965],[-106.753829398495,32.2818067194566]]]}},{"type":"Feature","properties":{"id":"parking-182","category":"parking","name":"Gregg St"},"geometry":{"type":"Polygon","coordinates":[[[-106.755230494366,32.2770233096695],[-106.755237382085,32.2770501673484],[-106.754954442001,32.2771025370078],[-106.75494755436,32.2770756793129],[-106.755230494366,32.2770233096695]]]}},{"type":"Feature","properties":{"id":"parking-183","category":"parking","name":"Gregg St"},"geometry":{"type":"Polygon","coordinates":[[[-106.750369412373,32.2779556987047],[-106.752361596212,32.2775891820113],[-106.752368444958,32.2776160472191],[-106.750376260567,32.2779825649264],[-106.750369412373,32.2779556987047]]]}},{"type":"Feature","properties":{"id":"parking-184","category":"parking","name":"Williams Ave"},"geometry":{"type":"Polygon","coordinates":[[[-106.750196668326,32.2775041444407],[-106.750291112586,32.2778667936761],[-106.750259519638,32.2778727321919],[-106.750165075493,32.2775100820303],[-106.750196668326,32.2775041444407]]]}},{"type":"Feature","properties":{"id":"parking-185","category":"parking","name":"Williams Ave"},"geometry":{"type":"Polygon","coordinates":[[[-106.75000941589,32.2773472116886],[-106.750152435094,32.2778988971134],[-106.750120835613,32.2779048094667],[-106.74997781659,32.2773531240048],[-106.75000941589,32.2773472116886]]]}},{"type":"Feature","properties":{"id":"parking-186","category":"parking","name":"Williams Ave"},"geometry":{"type":"Polygon","coordinates":[[[-106.750357564817,32.2780577464944],[-106.750630614727,32.279085214242],[-106.7505990528,32.2790912681587],[-106.75032600216,32.2780637994428],[-106.750357564817,32.2780577464944]]]}},{"type":"Feature","properties":{"id":"parking-187","category":"parking","name":"Williams Ave"},"geometry":{"type":"Polygon","coordinates":[[[-106.750188170215,32.2780324079849],[-106.750534955824,32.279332508096],[-106.750503398166,32.2793385827149],[-106.750156614044,32.2780384825099],[-106.750188170215,32.2780324079849]]]}},{"type":"Feature","properties":{"id":"parking-188","category":"parking","name":"Williams Ave"},"geometry":{"type":"Polygon","coordinates":[[[-106.749631092924,32.2758865470032],[-106.74996546958,32.2771818760792],[-106.749933863831,32.2771877640596],[-106.749599487605,32.2758924357987],[-106.749631092924,32.2758865470032]]]}},{"type":"Feature","properties":{"id":"parking-189","category":"parking","name":"Williams Ave"},"geometry":{"type":"Polygon","coordinates":[[[-106.749772905778,32.2758585577323],[-106.750149182759,32.2773118060071],[-106.75011758238,32.2773177111477],[-106.749741304814,32.2758644627795],[-106.749772905778,32.2758585577323]]]}},{"type":"Feature","properties":{"id":"parking-190","category":"parking","name":"Locust St"},"geometry":{"type":"Polygon","coordinates":[[[-106.745968185181,32.2801398286635],[-106.746110032501,32.2806743112219],[-106.746084779685,32.2806791469744],[-106.745942933567,32.2801446643824],[-106.745968185181,32.2801398286635]]]}},{"type":"Feature","properties":{"id":"parking-191","category":"parking","name":"Locust St"},"geometry":{"type":"Polygon","coordinates":[[[-106.745445563687,32.2781584750654],[-106.745466506103,32.2781544743376],[-106.745954691884,32.2799985382324],[-106.745929437065,32.2800033631388],[-106.745441251766,32.278159299143],[-106.745445488395,32.2781584897904],[-106.745445563687,32.2781584750654]]]}},{"type":"Feature","properties":{"id":"parking-192","category":"parking","name":"Locust St"},"geometry":{"type":"Polygon","coordinates":[[[-106.745336884132,32.2772562204434],[-106.745368444681,32.2772501588287],[-106.746273060841,32.2806490806455],[-106.746241499181,32.2806551424941],[-106.745336884132,32.2772562204434]]]}},{"type":"Feature","properties":{"id":"parking-193","category":"parking","name":"Locust St"},"geometry":{"type":"Polygon","coordinates":[[[-106.746228778246,32.2808683164217],[-106.746675554112,32.2824450091485],[-106.746591425246,32.2824703944678],[-106.746157231574,32.2808829145087],[-106.746228778246,32.2808683164217]]]}},{"type":"Feature","properties":{"id":"parking-194","category":"parking","name":"Locust St"},"geometry":{"type":"Polygon","coordinates":[[[-106.745209232591,32.2772821164345],[-106.745259046054,32.2774646255389],[-106.745227525504,32.2774708348742],[-106.745177712095,32.277288324855],[-106.745209232591,32.2772821164345]]]}},{"type":"Feature","properties":{"id":"parking-195","category":"parking","name":"Standley Dr"},"geometry":{"type":"Polygon","coordinates":[[[-106.744518676572,32.2738431196106],[-106.744703158262,32.2738229404734],[-106.744965013421,32.2737922966378],[-106.747050757532,32.2734058529527],[-106.747057651047,32.2734327101846],[-106.74497067621,32.2738193815675],[-106.744707431248,32.273850187782],[-106.744522808406,32.27387038281],[-106.744518676572,32.2738431196106]]]}},{"type":"Feature","properties":{"id":"parking-196","category":"parking","name":"Standley Dr"},"geometry":{"type":"Polygon","coordinates":[[[-106.746316484159,32.2734491058773],[-106.747025603937,32.2733159727519],[-106.747032585454,32.2733428134059],[-106.746323465479,32.2734759465718],[-106.746316484159,32.2734491058773]]]}},{"type":"Feature","properties":{"id":"parking-197","category":"parking","name":"Research Rd"},"geometry":{"type":"Polygon","coordinates":[[[-106.746820415865,32.2721195934088],[-106.746892284066,32.2724028708628],[-106.74697364186,32.2727200676501],[-106.747107357403,32.2732400365911],[-106.747075747407,32.2732459040286],[-106.746942033097,32.2727259350489],[-106.746860663485,32.2724086931944],[-106.746788787779,32.2721253850885],[-106.746820415865,32.2721195934088]]]}},{"type":"Feature","properties":{"id":"parking-198","category":"parking","name":"Research Rd"},"geometry":{"type":"Polygon","coordinates":[[[-106.747138486797,32.2730216538034],[-106.747170097826,32.2730157962668],[-106.747224453085,32.2732275313528],[-106.747192840925,32.2732333889077],[-106.747138486797,32.2730216538034]]]}},{"type":"Feature","properties":{"id":"parking-199","category":"parking","name":"Research Rd"},"geometry":{"type":"Polygon","coordinates":[[[-106.747073794955,32.2726413562397],[-106.747123920671,32.2728344071186],[-106.747092325972,32.2728403286111],[-106.74704220032,32.2726472777191],[-106.747073794955,32.2726413562397]]]}},{"type":"Feature","properties":{"id":"parking-200","category":"parking","name":"Research Rd"},"geometry":{"type":"Polygon","coordinates":[[[-106.746255786796,32.2710340910096],[-106.74660943313,32.2712207473257],[-106.746653655123,32.2712567532595],[-106.746692341697,32.2712970990392],[-106.746724905691,32.2713411728142],[-106.746750857308,32.2713883100429],[-106.746769802019,32.271437797108],[-106.746831549407,32.2716486763489],[-106.746907839661,32.2719403561624],[-106.74702088845,32.2723815517815],[-106.746989274391,32.2723873993716],[-106.746876240922,32.2719462613824],[-106.746800053762,32.2716549770594],[-106.746738440573,32.2714445572223],[-106.746720892328,32.2713986820108],[-106.746696902953,32.2713549614121],[-106.746666830545,32.2713140469594],[-106.74663112106,32.2712765447466],[-106.746590306173,32.2712430136342],[-106.746238713323,32.2710574404451],[-106.746255786796,32.2710340910096]]]}},{"type":"Feature","properties":{"id":"parking-201","category":"parking","name":"Sweet Ave"},"geometry":{"type":"Polygon","coordinates":[[[-106.752571464185,32.2776899771952],[-106.752777036161,32.2784927741041],[-106.752745418224,32.2784986177443],[-106.752539846507,32.2776958198803],[-106.752571464185,32.2776899771952]]]}},{"type":"Feature","properties":{"id":"parking-202","category":"parking","name":"Sweet Ave"},"geometry":{"type":"Polygon","coordinates":[[[-106.752660930897,32.2776649688914],[-106.752970325042,32.2788710346944],[-106.752938710227,32.2788768882915],[-106.752629316478,32.2776708224081],[-106.752660930897,32.2776649688914]]]}},{"type":"Feature","properties":{"id":"parking-203","category":"parking","name":"Sweet Ave"},"geometry":{"type":"Polygon","coordinates":[[[-106.752996046186,32.2789648758866],[-106.753055199602,32.2791951726951],[-106.753023586838,32.2792010326185],[-106.752964432442,32.2789707367007],[-106.752996046186,32.2789648758866]]]}},{"type":"Feature","properties":{"id":"parking-204","category":"parking","name":"S Horsehoe"},"geometry":{"type":"Polygon","coordinates":[[[-106.753817790951,32.2817612581357],[-106.753829398495,32.2818067194566],[-106.753687789046,32.2818420238369],[-106.753675951175,32.2817954063408],[-106.753817790951,32.2817612581357]]]}},{"type":"Feature","properties":{"id":"parking-205","category":"parking","name":"S Espina St"},"geometry":{"type":"Polygon","coordinates":[[[-106.751587449366,32.2727783017076],[-106.751589599426,32.2727787747605],[-106.751602415207,32.2727836047131],[-106.751611137698,32.272788036969],[-106.75161818577,32.2727916245214],[-106.75165371228,32.2728096702658],[-106.751689428277,32.2728278108442],[-106.751734117159,32.2728511275988],[-106.751778398517,32.2728744585824],[-106.75183639928,32.2729043943504],[-106.751894639681,32.2729340820303],[-106.751950606392,32.2729622374458],[-106.752006663113,32.272990539481],[-106.752014206254,32.2729943865818],[-106.75202228544,32.2729986148406],[-106.75203036717,32.2730033048396],[-106.752012118252,32.2730260031621],[-106.75200466696,32.2730216795157],[-106.751997394734,32.2730178737249],[-106.751990071948,32.2730141393813],[-106.751934099309,32.2729858793919],[-106.751878074037,32.2729576935388],[-106.751819676088,32.272927927114],[-106.751761473044,32.272897885723],[-106.751717125672,32.2728745198234],[-106.751672660348,32.2728513203183],[-106.751637109344,32.2728332638544],[-106.751601558344,32.2728152055768],[-106.751594528371,32.2728116278719],[-106.751587496296,32.2728080537826],[-106.75157886947,32.2728048025778],[-106.751587449366,32.2727783017076]]]}},{"type":"Feature","properties":{"id":"parking-206","category":"parking","name":"Jack Ward Ave"},"geometry":{"type":"Polygon","coordinates":[[[-106.751400986325,32.2727940372623],[-106.751428712637,32.272808205388],[-106.751247309421,32.2730644314507],[-106.751219583054,32.2730502623844],[-106.751400986325,32.2727940372623]]]}},{"type":"Feature","properties":{"id":"parking-207","category":"parking","name":"Jack Ward Ave"},"geometry":{"type":"Polygon","coordinates":[[[-106.751445622146,32.2728285662161],[-106.751473400086,32.2728426610764],[-106.751302789377,32.2730853607018],[-106.751275011388,32.273071265805],[-106.751445622146,32.2728285662161]]]}},{"type":"Feature","properties":{"id":"parking-208","category":"parking","name":"S Espina St"},"geometry":{"type":"Polygon","coordinates":[[[-106.750996009001,32.2724723159671],[-106.751002519425,32.2724752383128],[-106.751013879815,32.2724810381842],[-106.751048482027,32.272498599863],[-106.751083121846,32.2725162416483],[-106.751124907248,32.2725376419703],[-106.751166875401,32.2725592625081],[-106.751196442481,32.2725752054511],[-106.751225428945,32.2725907665002],[-106.751274029397,32.2726154540509],[-106.751323031602,32.2726400344707],[-106.751348518812,32.2726526043931],[-106.751374309806,32.2726654003723],[-106.751393211783,32.2726751519698],[-106.751412390691,32.272685651908],[-106.751422831519,32.2726921624486],[-106.75142762708,32.2726959519519],[-106.751405589156,32.2727160778034],[-106.751402172132,32.2727133776811],[-106.751394039533,32.2727083063578],[-106.751376048859,32.2726984573499],[-106.751357753668,32.2726890189912],[-106.751332238356,32.2726763598986],[-106.751306684079,32.2726637559686],[-106.751257503038,32.2726390860666],[-106.751208482106,32.2726141855363],[-106.751179132582,32.2725984284174],[-106.751149816769,32.2725826224576],[-106.751108166904,32.2725611656913],[-106.751066451751,32.2725398011594],[-106.751031867278,32.2725221871077],[-106.750997251221,32.2725046182645],[-106.750986617887,32.2724991897784],[-106.750980892797,32.2724966196485],[-106.750996009001,32.2724723159671]]]}},{"type":"Feature","properties":{"id":"parking-209","category":"parking","name":"Lowery Davis Ave"},"geometry":{"type":"Polygon","coordinates":[[[-106.750789698971,32.2724854832934],[-106.750817463016,32.2724995981958],[-106.750644271137,32.2727454835269],[-106.750616508104,32.2727313685832],[-106.750789698971,32.2724854832934]]]}},{"type":"Feature","properties":{"id":"parking-210","category":"parking","name":"S Espina St"},"geometry":{"type":"Polygon","coordinates":[[[-106.750369681378,32.2721500265841],[-106.750460812988,32.2721977137568],[-106.750474888766,32.2722050793641],[-106.750487265479,32.2722115543546],[-106.750498158173,32.2722172515109],[-106.75050778082,32.2722222818156],[-106.750516347399,32.2722267571532],[-106.750524072949,32.272230789404],[-106.750531170383,32.2722344895544],[-106.75053782919,32.2722379560581],[-106.750544129216,32.2722412309858],[-106.750550120499,32.2722443411952],[-106.750555856256,32.272247312629],[-106.750561387593,32.2722501730425],[-106.750566766677,32.2722529501865],[-106.750572045668,32.2722556709099],[-106.75057727673,32.2722583620618],[-106.750582506711,32.2722610496103],[-106.750587768601,32.2722637487563],[-106.750593089017,32.2722664738239],[-106.750598495646,32.2722692409369],[-106.750604017225,32.2722720635092],[-106.750609681435,32.2722749567626],[-106.750615514888,32.2722779341195],[-106.750621546329,32.2722810107975],[-106.75062779279,32.2722841957476],[-106.750634235112,32.2722874791253],[-106.750640846682,32.2722908475083],[-106.750647597694,32.272294285683],[-106.75065446048,32.2722977811331],[-106.750661408414,32.2723013177308],[-106.750668411704,32.2723048829681],[-106.750675444792,32.2723084616147],[-106.750682475751,32.2723120393675],[-106.750689470512,32.2723155974225],[-106.750696392884,32.2723191178861],[-106.75070320561,32.272322581967],[-106.75070987462,32.2723259708613],[-106.750716360528,32.2723292648843],[-106.750722630339,32.2723324479334],[-106.750728644659,32.2723354985203],[-106.750734382204,32.2723384068088],[-106.750739871723,32.2723411889186],[-106.750745150478,32.2723438645428],[-106.750750255738,32.2723464551782],[-106.750755239677,32.2723489894774],[-106.750760109754,32.272351472822],[-106.750764912813,32.2723539302782],[-106.750769681866,32.2723563806543],[-106.75077443502,32.2723588356024],[-106.750779130756,32.2723612727409],[-106.750783712664,32.2723636652377],[-106.750788129645,32.2723659862398],[-106.75079232848,32.2723682098042],[-106.750796261263,32.2723703108689],[-106.750799884364,32.2723722697662],[-106.750803164787,32.2723740703935],[-106.750806085524,32.2723757083089],[-106.750808703032,32.2723772193629],[-106.750811091884,32.27237865196],[-106.750813319215,32.2723800536326],[-106.75079371107,32.2724019238561],[-106.750793683367,32.272401905027],[-106.750792131366,32.2724009272547],[-106.750790281423,32.2723998189926],[-106.750788080287,32.272398547985],[-106.750785472599,32.272397085592],[-106.750782420028,32.2723954103208],[-106.750778964082,32.2723935418479],[-106.750775159049,32.2723915079153],[-106.750771063485,32.272389339856],[-106.750766732737,32.2723870645063],[-106.750762225346,32.2723847104933],[-106.750757597739,32.2723823082564],[-106.750752907394,32.2723798864273],[-106.750748193697,32.2723774646906],[-106.7507434396,32.2723750313898],[-106.750738607845,32.2723725677335],[-106.750733663294,32.2723700540202],[-106.750728571872,32.2723674705442],[-106.750723297372,32.2723647967062],[-106.750717804658,32.2723620128046],[-106.750712058595,32.2723591000398],[-106.750706034696,32.2723560449809],[-106.750699758495,32.2723528583489],[-106.750693266197,32.272349560743],[-106.75068659293,32.272346170061],[-106.75067977488,32.2723427032947],[-106.750672849318,32.272339181941],[-106.750665851362,32.272335622094],[-106.750658818273,32.2723320434469],[-106.750651784113,32.2723284629999],[-106.750644777632,32.2723248968725],[-106.750637827564,32.2723213584787],[-106.750630960526,32.2723178621427],[-106.750624206313,32.2723144212742],[-106.750617591548,32.2723110510994],[-106.750611143903,32.2723077650363],[-106.750604892118,32.2723045774009],[-106.750598853226,32.2723014971442],[-106.750593011255,32.2722985153111],[-106.750587336404,32.2722956175898],[-106.750581802048,32.2722927878526],[-106.750576380516,32.2722900135831],[-106.750571044127,32.2722872795595],[-106.750565765203,32.2722845714618],[-106.750560516065,32.27228187497],[-106.750555264775,32.2722791730753],[-106.750549964493,32.2722764416133],[-106.750544564114,32.2722736528289],[-106.750539010421,32.2722707807791],[-106.750533253373,32.2722677986066],[-106.750527241867,32.2722646785562],[-106.750520924802,32.2722613937747],[-106.75051424896,32.2722579183191],[-106.750507136624,32.2722542110119],[-106.750499400428,32.2722501733913],[-106.750490825332,32.272245693577],[-106.750481197361,32.2722406605865],[-106.750470301471,32.2722349616377],[-106.750457921561,32.2722284848545],[-106.750443844719,32.2722211192497],[-106.75035271309,32.2721734311631],[-106.750369681378,32.2721500265841]]]}},{"type":"Feature","properties":{"id":"parking-211","category":"parking","name":"Lowery Davis Ave"},"geometry":{"type":"Polygon","coordinates":[[[-106.750557505759,32.2728135613997],[-106.750585290931,32.2728276456053],[-106.750481600041,32.2729753000261],[-106.750453814839,32.2729612157984],[-106.750557505759,32.2728135613997]]]}},{"type":"Feature","properties":{"id":"parking-212","category":"parking","name":"Lowery Davis Ave"},"geometry":{"type":"Polygon","coordinates":[[[-106.750604303416,32.2728449652669],[-106.750632007498,32.2728591643193],[-106.750531138261,32.2730012269041],[-106.750503434151,32.2729870278302],[-106.750604303416,32.2728449652669]]]}},{"type":"Feature","properties":{"id":"parking-213","category":"parking","name":"Wooten Dr"},"geometry":{"type":"Polygon","coordinates":[[[-106.749959041574,32.2727817027509],[-106.750350022126,32.2729803351479],[-106.750333417748,32.2730039267688],[-106.74994243713,32.2728052943217],[-106.749959041574,32.2727817027509]]]}},{"type":"Feature","properties":{"id":"parking-214","category":"parking","name":"Wooten Dr"},"geometry":{"type":"Polygon","coordinates":[[[-106.749937734267,32.2728296251999],[-106.750246014229,32.2729871377015],[-106.75022933851,32.273010694419],[-106.749921059557,32.2728531818735],[-106.749937734267,32.2728296251999]]]}},{"type":"Feature","properties":{"id":"parking-215","category":"parking","name":"Wooten Dr"},"geometry":{"type":"Polygon","coordinates":[[[-106.750349678517,32.2730401575864],[-106.750623944272,32.2731806433638],[-106.750607237748,32.2732041849206],[-106.750332973009,32.2730636991037],[-106.750349678517,32.2730401575864]]]}},{"type":"Feature","properties":{"id":"parking-216","category":"parking","name":"Wooten Dr"},"geometry":{"type":"Polygon","coordinates":[[[-106.750544735145,32.2731137148504],[-106.750561264969,32.273090084718],[-106.750980492736,32.2733017567659],[-106.750963962984,32.2733253869516],[-106.750544735145,32.2731137148504]]]}},{"type":"Feature","properties":{"id":"parking-217","category":"parking","name":"Jack Ward Ave"},"geometry":{"type":"Polygon","coordinates":[[[-106.75120912442,32.2731633146807],[-106.751236773911,32.2731775895712],[-106.75114023761,32.2733125513498],[-106.751112588088,32.2732982755369],[-106.75120912442,32.2731633146807]]]}},{"type":"Feature","properties":{"id":"parking-218","category":"parking","name":"Jack Ward Ave"},"geometry":{"type":"Polygon","coordinates":[[[-106.751166004869,32.2731267504508],[-106.751193645914,32.2731410371086],[-106.75108184971,32.2732971646541],[-106.751054207573,32.2732828779768],[-106.751166004869,32.2731267504508]]]}},{"type":"Feature","properties":{"id":"parking-219","category":"parking","name":"Wooten Dr"},"geometry":{"type":"Polygon","coordinates":[[[-106.750814072717,32.2732777681279],[-106.751251930508,32.2735017587019],[-106.751235241113,32.2735253074868],[-106.750797383249,32.2733013168565],[-106.750814072717,32.2732777681279]]]}},{"type":"Feature","properties":{"id":"parking-220","category":"parking","name":"Wooten Dr"},"geometry":{"type":"Polygon","coordinates":[[[-106.751144266019,32.273419319733],[-106.751160727616,32.2733956555241],[-106.751604681551,32.2736185763221],[-106.751588218969,32.2736422405915],[-106.751144266019,32.273419319733]]]}},{"type":"Feature","properties":{"id":"parking-221","category":"parking","name":"Standley Dr"},"geometry":{"type":"Polygon","coordinates":[[[-106.749602275417,32.2733065216701],[-106.749618865128,32.2732829211845],[-106.750287726382,32.2736222883306],[-106.750271136779,32.2736458879999],[-106.749602275417,32.2733065216701]]]}},{"type":"Feature","properties":{"id":"parking-222","category":"parking","name":"Fabian Garcia Ave"},"geometry":{"type":"Polygon","coordinates":[[[-106.750443764742,32.2735412082723],[-106.750471945017,32.273554713746],[-106.750470447902,32.2735569689097],[-106.750462282207,32.2735686902343],[-106.75045418636,32.273579986507],[-106.750439438964,32.2736009517893],[-106.750424650469,32.2736219731478],[-106.750423813134,32.2736231723278],[-106.750420241169,32.2736274423434],[-106.750393867076,32.2736115199408],[-106.75039666495,32.2736081737887],[-106.750396849273,32.273607910618],[-106.750411666216,32.2735868494683],[-106.750426482085,32.2735657874192],[-106.750434541063,32.2735545427001],[-106.750442432917,32.2735432138682],[-106.750443764742,32.2735412082723]]]}},{"type":"Feature","properties":{"id":"parking-223","category":"parking","name":"Fabian Garcia Ave"},"geometry":{"type":"Polygon","coordinates":[[[-106.750515061447,32.273536586914],[-106.75054264775,32.2735509523917],[-106.750529129075,32.2735696897375],[-106.750514912969,32.2735893939307],[-106.750502327733,32.2736068442321],[-106.750490131011,32.2736244877936],[-106.750480903172,32.2736384183685],[-106.750471769037,32.2736522087835],[-106.75047168167,32.2736523435064],[-106.750470957712,32.2736536982587],[-106.75044150357,32.273642319902],[-106.750442716143,32.273640055044],[-106.75044346871,32.2736388841573],[-106.75045270602,32.2736249373142],[-106.750462080198,32.2736107852065],[-106.750474582349,32.273592701233],[-106.750487327721,32.273575028443],[-106.750501542773,32.2735553251588],[-106.750515061447,32.273536586914]]]}},{"type":"Feature","properties":{"id":"parking-224","category":"parking","name":"Sweet Ave"},"geometry":{"type":"Polygon","coordinates":[[[-106.749522669074,32.2740327448218],[-106.749534158731,32.2740328644181],[-106.749545650083,32.2740330994444],[-106.749562777379,32.2740329929198],[-106.749579903614,32.2740328863971],[-106.74958668552,32.2740328415335],[-106.749592676777,32.2740328322639],[-106.749597989906,32.2740328581434],[-106.749602739534,32.274032916013],[-106.749607034993,32.2740330045384],[-106.749610991978,32.2740331214583],[-106.749614723004,32.2740332654258],[-106.749618341643,32.2740334341879],[-106.749621959354,32.2740336273037],[-106.749625689743,32.2740338488331],[-106.749629645361,32.274034103742],[-106.749633936649,32.2740343997101],[-106.749638679333,32.274034739887],[-106.749643982786,32.2740351310548],[-106.749649961694,32.2740355799747],[-106.749656727538,32.2740360907147],[-106.749663634228,32.2740367334701],[-106.749669726304,32.2740373000845],[-106.749675107861,32.2740378027723],[-106.74967988404,32.2740382501362],[-106.749684157871,32.2740386534926],[-106.749688033433,32.2740390214485],[-106.749691614816,32.2740393653161],[-106.749695008233,32.2740396954976],[-106.749698297592,32.2740400206796],[-106.749701512621,32.2740403416464],[-106.749704663959,32.274040662865],[-106.749707761159,32.2740409842978],[-106.749710813791,32.2740413086124],[-106.749713834593,32.2740416357584],[-106.749716833132,32.2740419684036],[-106.749719818968,32.274042307412],[-106.749722800597,32.2740426536517],[-106.749725768466,32.2740430071608],[-106.749728710869,32.2740433625742],[-106.7497316172,32.2740437217378],[-106.749734474692,32.2740440792908],[-106.749737270596,32.27404443348],[-106.749739994298,32.2740447843474],[-106.749742635162,32.2740451283276],[-106.749745192127,32.2740454654249],[-106.749747735297,32.2740458034786],[-106.74975034435,32.2740461538976],[-106.749753100021,32.2740465271847],[-106.749756081982,32.2740469338468],[-106.749759374151,32.2740473843742],[-106.749763056203,32.2740478892739],[-106.749767208876,32.2740484599504],[-106.749780662923,32.2740506153588],[-106.749794110754,32.274052798748],[-106.749805646543,32.2740547489066],[-106.749817176097,32.2740567234389],[-106.749835279497,32.2740603954022],[-106.749853382904,32.2740640682648],[-106.749872827659,32.2740682426594],[-106.749892173348,32.2740727412098],[-106.749902928036,32.2740753059101],[-106.749913682725,32.2740778706093],[-106.749924359675,32.2740807774192],[-106.749935024061,32.2740837158429],[-106.749949055109,32.2740877186578],[-106.749963069402,32.2740917630229],[-106.749965702334,32.2740925958363],[-106.749968037517,32.2740933342315],[-106.749970124928,32.2740939933422],[-106.749972017751,32.2740945927988],[-106.749973765941,32.2740951441277],[-106.749975421621,32.2740956669634],[-106.749977036889,32.2740961764311],[-106.749978661726,32.2740966885665],[-106.749980339727,32.2740972167249],[-106.749982070908,32.2740977636117],[-106.749983846767,32.2740983274569],[-106.749985659852,32.2740989046826],[-106.749987502745,32.2740994971217],[-106.749989364813,32.274100102111],[-106.749991239689,32.2741007196755],[-106.7499931178,32.2741013462457],[-106.749994994913,32.2741019845441],[-106.749996879526,32.2741026354386],[-106.74999878335,32.2741033051961],[-106.75000071703,32.2741039991855],[-106.750002693328,32.2741047218656],[-106.750004723947,32.2741054776993],[-106.750006820588,32.2741062711496],[-106.750008994957,32.2741071075812],[-106.750011267282,32.2741079977364],[-106.750013700301,32.2741089612077],[-106.750016361047,32.274110026589],[-106.750019318669,32.2741112206622],[-106.750022642312,32.2741125702094],[-106.750026401124,32.2741141020125],[-106.75003066744,32.2741158437425],[-106.750035507218,32.2741178212922],[-106.750050494061,32.27412441315],[-106.750065483024,32.2741310040958],[-106.750078258249,32.27413674163],[-106.750090993485,32.2741425424513],[-106.750093792396,32.2741438309443],[-106.750096283743,32.2741449772599],[-106.750098532441,32.2741460109024],[-106.75010060235,32.2741469622819],[-106.750102559437,32.2741478590948],[-106.75010446756,32.2741487317515],[-106.750106389513,32.2741496097645],[-106.750108392329,32.2741505217278],[-106.750110523905,32.2741514909001],[-106.750112783174,32.2741525163837],[-106.750115148872,32.2741535919498],[-106.750117602908,32.2741547095533],[-106.750120126141,32.274155862957],[-106.750122701541,32.2741570441117],[-106.750125307849,32.2741582476903],[-106.750127929097,32.2741594656395],[-106.750130548262,32.2741606908117],[-106.750133169614,32.2741619276993],[-106.750135796358,32.2741631798971],[-106.750138436991,32.2741644482732],[-106.750141095788,32.2741657382219],[-106.750143779139,32.2741670533253],[-106.750146493427,32.2741683962638],[-106.75014924398,32.2741697706235],[-106.75015204996,32.2741711862491],[-106.750154984813,32.2741726798258],[-106.750158135836,32.2741742970026],[-106.750161588169,32.2741760771241],[-106.750165429118,32.2741780676428],[-106.750169745954,32.2741803096986],[-106.750174623846,32.2741828480468],[-106.750180151137,32.2741857256268],[-106.75022332359,32.2742075346972],[-106.750241925412,32.2742171036735],[-106.750260527242,32.2742266735487],[-106.750280895795,32.2742370751498],[-106.75030128962,32.2742474387695],[-106.75035189601,32.2742736825385],[-106.750373456939,32.2742849027959],[-106.750395016831,32.2742961266612],[-106.750411573257,32.2743047567663],[-106.750428127583,32.274313390485],[-106.750472709114,32.2743356403049],[-106.750493582689,32.2743465638489],[-106.75051450682,32.2743574141385],[-106.750533767356,32.2743672672512],[-106.750553027891,32.274377119459],[-106.750601510891,32.2744021206667],[-106.750620782496,32.2744120530854],[-106.750640058323,32.2744219800732],[-106.75065943834,32.2744319355045],[-106.750678823635,32.2744418845988],[-106.750725246688,32.2744658053834],[-106.750745694876,32.27447541837],[-106.750766027253,32.274485204969],[-106.750782719488,32.2744938101361],[-106.750799312712,32.2745025554815],[-106.750851646543,32.2745291908184],[-106.750871975412,32.2745396871752],[-106.750892309554,32.2745501762929],[-106.75091015464,32.2745593594703],[-106.750928001822,32.2745685372256],[-106.75097812508,32.2745939195795],[-106.750996106434,32.2746031707452],[-106.751014086735,32.2746124228142],[-106.751030780842,32.2746211668267],[-106.751047419113,32.2746299877163],[-106.751051592444,32.2746321861198],[-106.751055765779,32.274634385425],[-106.751099785284,32.2746572658444],[-106.751120592046,32.2746681742168],[-106.751141439901,32.2746790256057],[-106.751160446963,32.2746887037651],[-106.751179489838,32.2746983303737],[-106.751223164188,32.2747207855409],[-106.751245526319,32.2747323054916],[-106.751267887395,32.2747438254424],[-106.751287338835,32.2747536172565],[-106.751306870344,32.2747632978212],[-106.751347255171,32.2747844276467],[-106.751355107951,32.2747887713808],[-106.751362037621,32.274792614641],[-106.751368173015,32.2747960281627],[-106.751373641903,32.2747990817836],[-106.751378569936,32.2748018462517],[-106.75138308489,32.2748043923065],[-106.751387315598,32.2748067906831],[-106.751391387709,32.2748091112277],[-106.751395430057,32.2748114246755],[-106.751399564074,32.2748138063004],[-106.751403918595,32.2748163268374],[-106.751408619286,32.2748190597401],[-106.751413788629,32.2748220784742],[-106.751419554409,32.2748254555828],[-106.751426041231,32.2748292645233],[-106.751433373699,32.2748335787532],[-106.751442409912,32.2748394301969],[-106.751451293088,32.274845442778],[-106.751459717009,32.2748519126196],[-106.751467988866,32.2748585273614],[-106.751482846532,32.2748709275171],[-106.75149748228,32.2748835098253],[-106.751510418261,32.2748956632847],[-106.75152314391,32.2749079826177],[-106.751530225127,32.2749160216058],[-106.751537307402,32.2749240596874],[-106.751544136529,32.2749318137872],[-106.751550965652,32.2749395669847],[-106.751555360754,32.2749448308033],[-106.751559211209,32.2749495024611],[-106.751562588632,32.2749536709576],[-106.751565571003,32.274957425267],[-106.751568228856,32.2749608507856],[-106.75157064232,32.2749640409882],[-106.751572882984,32.2749670803651],[-106.75157502564,32.2749700570013],[-106.751577146168,32.2749730634866],[-106.751579307699,32.2749761906577],[-106.751581578687,32.274979532036],[-106.751584021216,32.274983181168],[-106.751586700559,32.2749872324894],[-106.751589683039,32.274991777726],[-106.751593032882,32.2749969140234],[-106.751596815342,32.2750027322098],[-106.751622332428,32.2750370006203],[-106.751625412402,32.2750430578824],[-106.75162812214,32.2750483879148],[-106.751630499223,32.2750530681279],[-106.75163258441,32.2750571750177],[-106.751634415286,32.2750607868963],[-106.751636030499,32.2750639820719],[-106.751637470817,32.275066838844],[-106.751638773811,32.2750694328195],[-106.751639973836,32.2750718342065],[-106.751641088056,32.2750740754039],[-106.751642128277,32.275076179813],[-106.751643106294,32.2750781690315],[-106.751644033918,32.2750800673627],[-106.751644924007,32.2750818964],[-106.751645787309,32.2750836804508],[-106.751646636693,32.2750854429123],[-106.7516474818,32.2750871999797],[-106.751648319418,32.2750889462546],[-106.751649144168,32.2750906691322],[-106.751649951745,32.2750923578076],[-106.751650736772,32.2750939996759],[-106.751651494944,32.2750955839321],[-106.75162209954,32.2751071443474],[-106.751621523938,32.2751059426549],[-106.751620761461,32.2751043475934],[-106.751619974292,32.2751027021259],[-106.751619167796,32.2751010170535],[-106.751618347337,32.2750993022753],[-106.751617517235,32.275097571302],[-106.751616689301,32.2750958484368],[-106.751615854953,32.2750941174803],[-106.75161500991,32.2750923721366],[-106.751614142357,32.2750905872005],[-106.751613237299,32.2750887383817],[-106.75161228397,32.275086798667],[-106.75161126951,32.2750847455612],[-106.751610178912,32.2750825529699],[-106.751609001427,32.2750801965859],[-106.751607718821,32.2750776422109],[-106.751606295672,32.2750748187389],[-106.751604686904,32.2750716370652],[-106.751602866758,32.2750680458862],[-106.751600789077,32.275063952494],[-106.751598416296,32.2750592821837],[-106.751595707645,32.2750539566556],[-106.751593634286,32.275049876774],[-106.751568956731,32.2750167368537],[-106.751564721391,32.2750102197224],[-106.751561401535,32.2750051311035],[-106.751558467217,32.2750006569216],[-106.751555855321,32.2749967090454],[-106.751553504838,32.2749931966295],[-106.751551348367,32.274990024345],[-106.751549319532,32.2749870905456],[-106.751547345584,32.2749842927085],[-106.75154536874,32.2749815471906],[-106.751543321652,32.2749787685829],[-106.751541113494,32.2749758490232],[-106.751538652367,32.2749726779483],[-106.75153585172,32.2749691528901],[-106.751532631414,32.27496517857],[-106.751528913461,32.274960665112],[-106.751524814367,32.2749557572523],[-106.751518230933,32.2749482826533],[-106.751511401812,32.2749405294539],[-106.751504321666,32.2749324922643],[-106.751497994619,32.2749253106513],[-106.75148625829,32.2749139487667],[-106.751473964676,32.2749023979002],[-106.751460001944,32.2748903937127],[-106.751445562324,32.2748783427168],[-106.751437777746,32.2748721192484],[-106.751430342053,32.2748664084526],[-106.75142252012,32.274861113142],[-106.751414345768,32.274855820132],[-106.751407620341,32.27485186243],[-106.751401173985,32.2748480767761],[-106.751395443353,32.2748447211717],[-106.751390318742,32.2748417293149],[-106.751385673423,32.2748390277568],[-106.751381379607,32.2748365430524],[-106.751377309489,32.2748341990513],[-106.751373332091,32.2748319214194],[-106.751369323865,32.274829635793],[-106.75136516025,32.2748272768311],[-106.751360710252,32.2748247674939],[-106.751355841847,32.2748220361571],[-106.751350425136,32.2748190120897],[-106.75134433127,32.2748156218505],[-106.751337435672,32.2748117973931],[-106.751329941714,32.2748076506421],[-106.751290232911,32.2747868752632],[-106.751270939838,32.2747773136965],[-106.751251252078,32.274767402871],[-106.751228749415,32.2747558104288],[-106.751206388341,32.274744290471],[-106.751162840667,32.274721900631],[-106.751143856341,32.2747123044507],[-106.751124671491,32.2747025341031],[-106.751103644782,32.274691589628],[-106.751082846533,32.2746806857284],[-106.751038795087,32.2746577891965],[-106.751034537647,32.2746555460334],[-106.751030328115,32.2746533279321],[-106.751013726042,32.2746445267376],[-106.750997215044,32.2746358784952],[-106.750979345455,32.2746266837035],[-106.75096146097,32.2746174817534],[-106.750911341959,32.2745921011799],[-106.750893400031,32.2745828750977],[-106.750875532586,32.2745736802826],[-106.750855183535,32.2745631831047],[-106.750834930248,32.2745527261271],[-106.750782469731,32.2745260263522],[-106.750765798786,32.2745172398274],[-106.750749656927,32.2745089192663],[-106.750729887586,32.2744994027932],[-106.750709017938,32.2744895921647],[-106.750662067926,32.2744654002006],[-106.750642708173,32.2744554636285],[-106.750623302602,32.2744454947682],[-106.75060401081,32.2744355606263],[-106.750584728556,32.2744256228362],[-106.750536288133,32.2744006439998],[-106.750517076563,32.2743908168474],[-106.750497732988,32.2743809207723],[-106.750476669393,32.2743699979821],[-106.750456028966,32.274359197066],[-106.750411467645,32.2743369561788],[-106.750394646109,32.2743281837289],[-106.750378095002,32.274319556306],[-106.750356552135,32.2743083404872],[-106.750335016759,32.2742971345554],[-106.750284556204,32.2742709659582],[-106.75026425605,32.2742606497632],[-106.750243812976,32.2742502096748],[-106.750225166435,32.2742406174277],[-106.750206675329,32.2742311066313],[-106.750163429412,32.2742092590664],[-106.750157717948,32.2742062857164],[-106.75015284751,32.2742037518473],[-106.750148565803,32.274201527689],[-106.750144767438,32.2741995595475],[-106.75014137684,32.2741978098443],[-106.750138308852,32.2741962356274],[-106.750135474063,32.2741947930599],[-106.750132783048,32.2741934355994],[-106.750130151711,32.2741921202897],[-106.750127556638,32.2741908364015],[-106.750124991442,32.2741895803524],[-106.750122447594,32.2741883458633],[-106.750119919778,32.2741871311515],[-106.750117400529,32.2741859299335],[-106.750114883481,32.2741847431366],[-106.750112360095,32.2741835617758],[-106.750109826113,32.2741823840643],[-106.750107291114,32.2741812144736],[-106.75010477424,32.2741800592407],[-106.750102295709,32.2741789273042],[-106.750099861886,32.2741778177371],[-106.750097519606,32.2741767538021],[-106.750095270976,32.2741757327854],[-106.750093130888,32.2741747600392],[-106.750091089763,32.274173831092],[-106.750089139079,32.2741729405665],[-106.750087218178,32.2741720607454],[-106.75008523555,32.2741711523092],[-106.750083144361,32.2741701919952],[-106.750080880761,32.2741691511966],[-106.750078380897,32.2741680004051],[-106.750075643707,32.2741667396249],[-106.750063054272,32.274161006766],[-106.750050484426,32.2741553613084],[-106.750035621015,32.2741488239751],[-106.750021055558,32.2741424180335],[-106.750016643477,32.274140615554],[-106.7500123878,32.2741388782907],[-106.750008670481,32.2741373634583],[-106.75000539897,32.2741360353489],[-106.75000251795,32.274134872537],[-106.749999963586,32.2741338491215],[-106.749997667799,32.2741329392182],[-106.749995553995,32.2741321133689],[-106.749993556208,32.2741313438772],[-106.749991645718,32.2741306200346],[-106.749989808694,32.2741299364847],[-106.749988030242,32.2741292869735],[-106.749986295461,32.274128664345],[-106.749984589459,32.2741280632472],[-106.749982894156,32.2741274774385],[-106.749981195718,32.2741269006609],[-106.749979477126,32.2741263266685],[-106.749977739442,32.2741257554573],[-106.749975994347,32.2741251878828],[-106.749974246098,32.2741246257319],[-106.749972506379,32.2741240707621],[-106.749970781567,32.2741235238499],[-106.749969071656,32.2741229840936],[-106.749967411729,32.2741224612747],[-106.749965782641,32.2741219482541],[-106.749964159927,32.2741214361101],[-106.749962497868,32.2741209114959],[-106.749960743294,32.2741203574866],[-106.749958846224,32.2741197580466],[-106.749956754557,32.2741190971488],[-106.749954418306,32.2741183578557],[-106.749952220299,32.2741176631083],[-106.74993870146,32.2741137610779],[-106.749924884114,32.2741098196442],[-106.749914432354,32.2741069399006],[-106.749904369886,32.2741042002068],[-106.749894183856,32.2741017703381],[-106.749883530147,32.2740992304895],[-106.749864592603,32.2740948268212],[-106.749845662233,32.2740907631217],[-106.749827766054,32.2740871327271],[-106.749810219509,32.2740835730948],[-106.749799292409,32.2740817016951],[-106.749787915997,32.2740797788628],[-106.749774628593,32.274077620992],[-106.749761628214,32.2740755377401],[-106.749757890923,32.2740750258441],[-106.749754214178,32.2740745209233],[-106.749750934755,32.2740740721491],[-106.749747972977,32.2740736681125],[-106.749745270421,32.2740733018301],[-106.74974270599,32.2740729584493],[-106.749740213801,32.2740726256049],[-106.749737707833,32.2740722964224],[-106.749735122206,32.2740719594383],[-106.749732456932,32.2740716164564],[-106.749729723695,32.274071269234],[-106.749726935251,32.2740709204262],[-106.749724105407,32.2740705717823],[-106.749721243728,32.2740702250679],[-106.749718366151,32.2740698829257],[-106.749715481187,32.2740695489292],[-106.749712595187,32.2740692194462],[-106.749709692248,32.2740688981468],[-106.749706761728,32.2740685805639],[-106.749703793009,32.2740682658376],[-106.749700773338,32.2740679513129],[-106.749697692104,32.2740676379335],[-106.749694538672,32.2740673221341],[-106.749691302422,32.2740670030549],[-106.749687957858,32.2740666771893],[-106.749684417897,32.2740663376669],[-106.749680561452,32.2740659714391],[-106.749676316295,32.2740655706746],[-106.74967156136,32.2740651259322],[-106.749666192544,32.2740646240958],[-106.749660106836,32.2740640574559],[-106.749653535759,32.2740634458395],[-106.749647099125,32.2740629599508],[-106.749641160579,32.2740625153804],[-106.749635915526,32.2740621275888],[-106.749631268417,32.2740617942486],[-106.74962711306,32.274061508565],[-106.749623336901,32.2740612646703],[-106.749619819949,32.2740610558244],[-106.749616442213,32.274060875287],[-106.74961310283,32.2740607198498],[-106.749609693516,32.2740605881376],[-106.749606078401,32.2740604815894],[-106.749602113111,32.2740603989727],[-106.749597666042,32.2740603453174],[-106.749592614059,32.2740603211105],[-106.749586841472,32.2740603295151],[-106.749580160407,32.2740603739799],[-106.749563012937,32.2740604805867],[-106.749545377176,32.2740605900243],[-106.749533571564,32.2740603472224],[-106.749522978961,32.2740602385078],[-106.749517435369,32.2740603866932],[-106.74951121673,32.2740605510761],[-106.749498954695,32.2740608962831],[-106.749486967044,32.2740613341969],[-106.749475160833,32.2740619508615],[-106.749464220703,32.2740625433573],[-106.749451995326,32.2740639607227],[-106.749438339909,32.2740655442724],[-106.749419129307,32.2740674852785],[-106.749404076373,32.274068971539],[-106.749400339861,32.2740416672641],[-106.749415350349,32.2740401847793],[-106.749434242659,32.2740382756956],[-106.749447621191,32.2740367248063],[-106.749460999722,32.2740351739155],[-106.749473137966,32.2740345162574],[-106.749485278465,32.2740338829394],[-106.749497724598,32.2740334269791],[-106.749510175559,32.2740330774175],[-106.749516421786,32.2740329111219],[-106.749522669074,32.2740327448218]]]}},{"type":"Feature","properties":{"id":"parking-225","category":"parking","name":"Sweet Ave"},"geometry":{"type":"Polygon","coordinates":[[[-106.749411961152,32.2740904225926],[-106.749412505348,32.2740903546051],[-106.749414926151,32.2740900582422],[-106.74941735864,32.2740897636367],[-106.749419801764,32.2740894725965],[-106.749422256589,32.2740891860193],[-106.749424725239,32.2740889038966],[-106.749427210902,32.2740886271177],[-106.749429718887,32.2740883556617],[-106.749432254506,32.2740880904094],[-106.749434823067,32.2740878313397],[-106.749437427748,32.2740875775383],[-106.749440073868,32.2740873307878],[-106.749442765668,32.2740870901697],[-106.749445503157,32.2740868574875],[-106.749448277839,32.274086631873],[-106.749451085477,32.2740864151467],[-106.749453919697,32.2740862064319],[-106.74945677732,32.2740860066431],[-106.749459651981,32.2740858167073],[-106.74946253943,32.2740856357394],[-106.749465432246,32.2740854655725],[-106.749468316624,32.2740853053593],[-106.749471166037,32.2740851570085],[-106.74947396031,32.2740850196979],[-106.749476678208,32.2740848926098],[-106.749479298507,32.2740847767298],[-106.749481802093,32.2740846712319],[-106.749484165619,32.27408457711],[-106.749486369967,32.2740844926362],[-106.749488414081,32.2740844187165],[-106.749490347838,32.2740843524481],[-106.749492230676,32.274084292694],[-106.749494116713,32.2740842356328],[-106.749496066456,32.2740841810252],[-106.749498153125,32.2740841240724],[-106.749500406441,32.2740840646566],[-106.749501934838,32.2740840252432],[-106.749529411608,32.2740818873928],[-106.749559204727,32.2740807324168],[-106.749586751863,32.2740815559737],[-106.749613676785,32.274082545222],[-106.749625414655,32.2740834042526],[-106.749636607736,32.2740842230501],[-106.74964625712,32.274085001057],[-106.749655740113,32.2740858284218],[-106.749664243853,32.2740865613576],[-106.749672731659,32.2740872925521],[-106.749677566007,32.2740877000042],[-106.74968197566,32.2740880929029],[-106.749685926625,32.2740884668735],[-106.749689491125,32.2740888288451],[-106.749692736056,32.2740891821606],[-106.749695718763,32.2740895311023],[-106.749698489148,32.2740898772766],[-106.749701099239,32.2740902231832],[-106.749703626557,32.2740905739265],[-106.749706157143,32.2740909399884],[-106.749708752615,32.2740913301437],[-106.749711474576,32.2740917504615],[-106.749714393144,32.2740922114869],[-106.749717584803,32.2740927228375],[-106.749721137727,32.2740932967904],[-106.749724986029,32.2740939200784],[-106.749739485189,32.2740961768732],[-106.749753763358,32.2740983984665],[-106.749778079149,32.2741017329114],[-106.749803273593,32.2741055932644],[-106.749826612211,32.2741099867395],[-106.749850398199,32.2741144641161],[-106.749861544739,32.2741172482239],[-106.749871129132,32.2741195307681],[-106.749883685407,32.2741221235119],[-106.749897949828,32.2741249340558],[-106.74991399892,32.2741291408233],[-106.749929813072,32.2741332853886],[-106.749955150129,32.2741412747494],[-106.749979175454,32.274150484099],[-106.75000254184,32.2741597429493],[-106.750026442278,32.274169212519],[-106.750054369913,32.2741817270414],[-106.750081865177,32.274194567938],[-106.750101844997,32.2742047429377],[-106.750120754845,32.2742145406856],[-106.750136630541,32.2742221589338],[-106.750153221616,32.2742305328086],[-106.750166433635,32.2742377124767],[-106.750178816242,32.2742444408924],[-106.750219598008,32.2742652592724],[-106.750244849665,32.2742783732632],[-106.750269932474,32.2742910874933],[-106.750296658304,32.2743041433267],[-106.750324146245,32.2743175713077],[-106.750433960883,32.2743760680647],[-106.750451310801,32.2743838229248],[-106.750494983447,32.2744054477436],[-106.750508063348,32.2744127225941],[-106.750520272251,32.2744195129904],[-106.750542702386,32.2744316541768],[-106.750565463043,32.2744428976036],[-106.750575336021,32.2744474624516],[-106.750586111475,32.274452443987],[-106.750628861837,32.2744738992579],[-106.750647759614,32.2744837979817],[-106.750666029928,32.2744930994552],[-106.750689358863,32.2745040150363],[-106.750714020661,32.2745152373712],[-106.750769253656,32.2745432455984],[-106.750790618312,32.2745546586572],[-106.750811892173,32.2745661613561],[-106.750834321332,32.2745788841916],[-106.750855243962,32.2745909898144],[-106.750887926513,32.274606793304],[-106.750947370556,32.2746355378017],[-106.750991454539,32.2746608836796],[-106.751049511258,32.2746880914567],[-106.751068278924,32.2746994092534],[-106.75108515642,32.2747090679155],[-106.751104988763,32.2747192162836],[-106.751125607673,32.2747295500158],[-106.751171253963,32.2747523166338],[-106.75118728917,32.2747603390488],[-106.751203365026,32.2747684172156],[-106.751234495939,32.2747842601407],[-106.75126558785,32.2748001510112],[-106.751307955726,32.2748220666122],[-106.751331013521,32.2748344161998],[-106.751354384338,32.2748469331876],[-106.751369382119,32.274855667655],[-106.751383509563,32.2748648114112],[-106.751399216134,32.2748752232201],[-106.751415541726,32.2748860456198],[-106.751419401486,32.2748889369799],[-106.751422197493,32.2748910407332],[-106.751424698282,32.2748929319183],[-106.751426953963,32.2748946500183],[-106.751429018893,32.2748962344989],[-106.751430937859,32.2748977221584],[-106.751432756689,32.2748991461837],[-106.751434519095,32.2749005406717],[-106.751436280509,32.2749019477896],[-106.751438096373,32.2749034115082],[-106.751440008295,32.2749049695404],[-106.751442059991,32.2749066568849],[-106.751444296253,32.274908511242],[-106.751446767197,32.2749105729962],[-106.751449524018,32.2749128861351],[-106.75145325993,32.2749160341132],[-106.751467712669,32.2749296966738],[-106.751482358559,32.2749435424446],[-106.751497882249,32.2749606494491],[-106.751511036004,32.2749782321224],[-106.751524734502,32.2749971951774],[-106.751538625559,32.2750164262193],[-106.751567375825,32.2750599050894],[-106.751573540553,32.275071731905],[-106.751579443492,32.2750830547202],[-106.751586320177,32.2750984843304],[-106.751590514429,32.2751108447532],[-106.751559424295,32.2751184581451],[-106.751555594763,32.2751071721878],[-106.751549499472,32.2750934953877],[-106.751543955952,32.2750828628678],[-106.751538413496,32.2750722303435],[-106.751510721914,32.2750303516659],[-106.751497157121,32.2750115729593],[-106.751483592334,32.274992794251],[-106.751471362545,32.2749764452535],[-106.751457478272,32.2749611453702],[-106.751443647647,32.2749480710546],[-106.75142981596,32.2749349958397],[-106.751426762602,32.2749324232411],[-106.751424061234,32.2749301558762],[-106.751421659607,32.2749281515653],[-106.751419508663,32.2749263690176],[-106.751417559335,32.2749247651389],[-106.751415760445,32.2749232995489],[-106.751414061869,32.2749219300592],[-106.751412414544,32.2749206144775],[-106.751410768355,32.274919312419],[-106.751409069998,32.2749179826101],[-106.751407267239,32.2749165855764],[-106.751405309969,32.2749150818352],[-106.751403142771,32.2749134319247],[-106.751400715534,32.2749115963622],[-106.751397976027,32.2749095356733],[-106.751394870944,32.2749072085843],[-106.75137931246,32.2748968944894],[-106.751363753985,32.2748865812944],[-106.751350419154,32.2748779511535],[-106.751336602408,32.2748699046218],[-106.751313758599,32.2748576687217],[-106.751290913739,32.2748454337236],[-106.751248835418,32.2748236675778],[-106.751217842506,32.2748078277162],[-106.751186815909,32.2747920375827],[-106.751170844372,32.2747840122095],[-106.75115485387,32.2747760121614],[-106.751109197989,32.2747532401645],[-106.751088421539,32.2747428285933],[-106.751067760974,32.2747322551266],[-106.751049873963,32.2747220196715],[-106.751032277873,32.2747114078874],[-106.750974538304,32.2746843494546],[-106.750930275405,32.2746588996651],[-106.750871921276,32.2746306838345],[-106.750838107291,32.2746143328913],[-106.750816231541,32.2746016745996],[-106.750794220874,32.2745891899955],[-106.750773320722,32.2745778896315],[-106.750752347861,32.2745666860509],[-106.750698081425,32.2745391673003],[-106.750673915538,32.2745281702643],[-106.750649905464,32.2745169363195],[-106.750630952792,32.2745072876281],[-106.75061214231,32.2744974345505],[-106.750570144528,32.2744763577767],[-106.750559870325,32.2744716069323],[-106.750549595061,32.2744668560913],[-106.75052587003,32.2744551366959],[-106.75050271802,32.2744426042557],[-106.75049034088,32.2744357207314],[-106.750477964803,32.2744288372016],[-106.750435624818,32.2744078717649],[-106.750417810932,32.2743999104122],[-106.750307482049,32.2743411397103],[-106.750280530556,32.2743279738449],[-106.750253579067,32.2743148070718],[-106.750228122618,32.2743019040265],[-106.750202828372,32.2742887676547],[-106.750161763439,32.2742678051918],[-106.750148999665,32.2742608699551],[-106.750136236949,32.274253933811],[-106.750120409105,32.2742459447102],[-106.750104370564,32.2742382486433],[-106.750085104081,32.2742282656207],[-106.750065749128,32.2742184092054],[-106.750039027579,32.2742059295922],[-106.750012049164,32.2741938405924],[-106.749988865754,32.2741846549719],[-106.749965683411,32.2741754693429],[-106.749942852694,32.2741667170127],[-106.749919406317,32.2741593244098],[-106.749904460683,32.2741554072808],[-106.749889515051,32.27415149015],[-106.74987620917,32.2741488688087],[-106.749862938729,32.2741461282807],[-106.749852614535,32.2741436691943],[-106.749842325825,32.2741410990382],[-106.749819613093,32.274136823938],[-106.749796900362,32.2741325488337],[-106.749772630224,32.2741288300209],[-106.749748269808,32.2741254894386],[-106.749733654839,32.274123215066],[-106.749719040932,32.2741209406874],[-106.749715076815,32.2741202980166],[-106.749711567456,32.2741197320078],[-106.749708439542,32.2741192303253],[-106.749705621911,32.2741187860358],[-106.749703041249,32.2741183868033],[-106.749700625325,32.2741180238951],[-106.74969830084,32.2741176876808],[-106.749695996612,32.2741173676197],[-106.749693639348,32.2741170549833],[-106.749691155774,32.2741167446503],[-106.749688473672,32.2741164305934],[-106.749685517656,32.2741161095035],[-106.749682216563,32.2741157744471],[-106.749678495007,32.2741154221152],[-106.749674281831,32.2741150464763],[-106.749669501645,32.2741146433191],[-106.749660978786,32.2741139086556],[-106.749652454865,32.2741131739957],[-106.749643075952,32.2741123561394],[-106.749633689944,32.2741115996367],[-106.749622639161,32.2741107910984],[-106.749611588379,32.2741099825591],[-106.749585484182,32.2741090234326],[-106.749559373533,32.274108242894],[-106.749531625551,32.2741093185344],[-106.749503906846,32.2741114753793],[-106.749501397729,32.2741115403161],[-106.749499156089,32.2741115996856],[-106.749497121424,32.2741116546291],[-106.749495226874,32.2741117081166],[-106.749493409824,32.2741117631013],[-106.749491606589,32.2741118207368],[-106.749489752431,32.2741118839849],[-106.749487783669,32.2741119549011],[-106.749485651488,32.2741120363839],[-106.749483362253,32.2741121275064],[-106.749480939326,32.2741122299798],[-106.749478406051,32.2741123419082],[-106.749475782602,32.2741124641136],[-106.749473093393,32.2741125964994],[-106.749470359655,32.2741127389817],[-106.749467604741,32.2741128914681],[-106.749464847764,32.2741130547848],[-106.7494620972,32.2741132261929],[-106.749459359428,32.2741134074707],[-106.749456640813,32.2741135976913],[-106.749453945596,32.274113795936],[-106.749451282269,32.2741140021713],[-106.749448654006,32.2741142145808],[-106.74944606931,32.2741144349347],[-106.749443530293,32.2741146614209],[-106.749441034838,32.2741148949497],[-106.749438574443,32.2741151337509],[-106.749436144871,32.274115379645],[-106.749433740805,32.2741156308493],[-106.749431354824,32.274115889197],[-106.749428981616,32.2741161538071],[-106.749426614807,32.274116423803],[-106.749424251216,32.2741167000991],[-106.749421886589,32.2741169809086],[-106.749419521992,32.274117267129],[-106.749417156358,32.2741175578628],[-106.749416637618,32.2741176221421],[-106.749411961152,32.2740904225926]]]}},{"type":"Feature","properties":{"id":"parking-226","category":"parking","name":"Mcarthur Dr"},"geometry":{"type":"Polygon","coordinates":[[[-106.750805230426,32.2752805926632],[-106.750804902865,32.2752799031399],[-106.750804238075,32.2752785033889],[-106.750803567884,32.2752770865241],[-106.750802908406,32.2752756876539],[-106.750802256449,32.2752743049873],[-106.750801602354,32.2752729196236],[-106.750800951513,32.275271546873],[-106.750800298549,32.2752701741308],[-106.750799635996,32.2752687951136],[-106.750798961687,32.2752674017133],[-106.750798268147,32.2752659858429],[-106.750797551075,32.2752645375989],[-106.750796802971,32.2752630443852],[-106.750796021687,32.2752615017009],[-106.750795209377,32.2752599149486],[-106.750794371391,32.2752582922239],[-106.750793510955,32.2752566407288],[-106.750792633416,32.2752549676569],[-106.750791741987,32.2752532784067],[-106.75079084096,32.2752515810778],[-106.750789932498,32.2752498828765],[-106.750789020851,32.2752481846879],[-106.750788103911,32.2752464892258],[-106.750787184868,32.2752447973795],[-106.750786263722,32.2752431091489],[-106.750785339421,32.275241426342],[-106.750784415155,32.2752397498479],[-106.750783488801,32.2752380796751],[-106.750782557134,32.2752364086215],[-106.750781594405,32.2752346871871],[-106.750780568472,32.2752328613879],[-106.750779454675,32.2752308871307],[-106.750778209048,32.2752286834228],[-106.750776811218,32.2752262133688],[-106.750775232246,32.2752234265796],[-106.75077393948,32.275221144597],[-106.750769002252,32.2752138086305],[-106.750763523352,32.2752058417082],[-106.750757785888,32.2751977639806],[-106.750751840869,32.2751893921685],[-106.750749173276,32.2751855418968],[-106.75074692641,32.2751823356864],[-106.750744934397,32.2751795306935],[-106.750743150143,32.2751770567601],[-106.750741519089,32.2751748374447],[-106.750739987714,32.2751727917924],[-106.750738495034,32.2751708334667],[-106.750736981153,32.2751688806363],[-106.750735400065,32.2751668676479],[-106.750733706852,32.2751647342552],[-106.750731847011,32.275162413937],[-106.750729766028,32.2751598383682],[-106.750727415771,32.2751569419041],[-106.750724754565,32.275153674206],[-106.750721712914,32.2751499453637],[-106.750718669151,32.2751462183334],[-106.750712563971,32.2751394154831],[-106.750706198853,32.2751324450159],[-106.750697782611,32.2751236961019],[-106.750689666093,32.2751154005348],[-106.750687161184,32.2751131440995],[-106.750684328781,32.2751105967608],[-106.75068182605,32.2751083502371],[-106.750679589005,32.2751063515726],[-106.750677558982,32.2751045495939],[-106.750675671985,32.2751028895416],[-106.750673862945,32.2751013139546],[-106.750672062542,32.2750997644873],[-106.750670216378,32.2750981944587],[-106.750668263696,32.2750965581149],[-106.750666126672,32.27509479534],[-106.750663727477,32.2750928451164],[-106.75066098938,32.2750906527349],[-106.750657843095,32.2750881661624],[-106.750654222534,32.2750853360589],[-106.750650226851,32.2750822404927],[-106.750639936408,32.2750745460599],[-106.750630063473,32.2750674893876],[-106.750619416889,32.275060858752],[-106.750608303368,32.2750542543164],[-106.750588486109,32.2750435701082],[-106.750568202526,32.2750326361271],[-106.750551117445,32.2750236455932],[-106.75053383729,32.275014700021],[-106.750486740259,32.2749904535644],[-106.75046923289,32.2749811111649],[-106.750452220037,32.2749721248405],[-106.750431685284,32.2749618411692],[-106.750410118436,32.2749513135734],[-106.750363498557,32.274926376161],[-106.75034451196,32.2749171324957],[-106.750324846088,32.2749073287598],[-106.750301308631,32.2748951801984],[-106.750278199131,32.2748832517941],[-106.750233677198,32.2748610702139],[-106.750192610036,32.2748399436354],[-106.750149899324,32.2748177954354],[-106.750103784545,32.2747939579946],[-106.750053043181,32.2747686931787],[-106.750012480523,32.2747481814134],[-106.749973966126,32.2747287329323],[-106.749950999156,32.2747168408792],[-106.749928184539,32.2747050483249],[-106.749912555938,32.2746970106119],[-106.749896856094,32.2746889506325],[-106.749875765364,32.2746781126245],[-106.74985480026,32.2746673399514],[-106.749845990611,32.2746629052155],[-106.749836977996,32.2746584316006],[-106.749826497312,32.2746531918055],[-106.749817031062,32.2746484593478],[-106.74981296122,32.274646737576],[-106.74980850408,32.274644852297],[-106.74980461407,32.2746432091767],[-106.749801218839,32.2746417778383],[-106.749798288595,32.2746405457737],[-106.74979575738,32.2746394870903],[-106.749793570923,32.2746385776525],[-106.749791671783,32.2746377960432],[-106.749790000368,32.2746371154426],[-106.749788520501,32.2746365206622],[-106.749787201324,32.2746359982963],[-106.749786010912,32.2746355340415],[-106.74978491628,32.2746351135986],[-106.749783879122,32.274634720886],[-106.749782861142,32.2746343407233],[-106.749781827223,32.2746339579182],[-106.749780769917,32.2746335688926],[-106.749779643478,32.2746331557904],[-106.749778468106,32.2746327239429],[-106.749777259752,32.274632278698],[-106.74977597055,32.274631802208],[-106.74977460793,32.2746312944436],[-106.749773164446,32.2746307527286],[-106.749771634777,32.2746301743785],[-106.749770014656,32.2746295558028],[-106.749768274297,32.2746288853951],[-106.749766371154,32.2746281479923],[-106.749764257356,32.2746273248447],[-106.749761872277,32.2746263945478],[-106.749759194632,32.2746253472653],[-106.749756158469,32.2746241580062],[-106.749753862731,32.2746232589206],[-106.749743131172,32.2746198896605],[-106.749731882702,32.2746165314633],[-106.749723457213,32.2746143967373],[-106.749716544966,32.2746127484371],[-106.749716011757,32.2746126910243],[-106.749713431739,32.2746124117365],[-106.749711093882,32.2746121558408],[-106.749708950386,32.2746119181149],[-106.749706944937,32.2746116888613],[-106.74970502867,32.2746114619605],[-106.749703158029,32.2746112312716],[-106.74970129902,32.27461099242],[-106.749699428271,32.2746107418907],[-106.749697553225,32.2746104823598],[-106.749695678136,32.2746102147123],[-106.749693804073,32.2746099407478],[-106.749691934232,32.2746096622572],[-106.749690070739,32.274609380134],[-106.749688217858,32.274609097067],[-106.749686366018,32.2746088103884],[-106.749684561986,32.2746085307355],[-106.749682790885,32.2746082554615],[-106.749681029359,32.2746079837571],[-106.749679320962,32.2746077217629],[-106.74967765827,32.2746074704101],[-106.749676048729,32.2746072323748],[-106.749674497655,32.2746070094398],[-106.749673008238,32.2746068024942],[-106.749671566668,32.2746066097891],[-106.749670148517,32.2746064287154],[-106.749668743153,32.2746062566097],[-106.749667344197,32.2746060916934],[-106.749665946343,32.2746059339877],[-106.749664542144,32.2746057808163],[-106.749663126293,32.2746056322002],[-106.74966169453,32.2746054854509],[-106.749660246853,32.2746053405682],[-106.749658791761,32.2746051984203],[-106.749657339868,32.2746050589654],[-106.749655897549,32.27460492308],[-106.749654471167,32.2746047898371],[-106.749653079845,32.2746046618666],[-106.749651700204,32.2746045347518],[-106.74965035987,32.2746044128926],[-106.749649084318,32.2746042961882],[-106.749647857625,32.2746041847016],[-106.749646696786,32.2746040801694],[-106.749645590124,32.2746039826377],[-106.749644531266,32.2746038912298],[-106.749643511713,32.2746038050776],[-106.74964252404,32.2746037251123],[-106.749641558684,32.274603649568],[-106.749640602911,32.2746035793968],[-106.749639650342,32.2746035128204],[-106.749638707347,32.2746034498136],[-106.749637781366,32.2746033921505],[-106.749636878768,32.2746033398062],[-106.749636006979,32.2746032918492],[-106.749635172378,32.274603250058],[-106.749634384518,32.274603214395],[-106.749633639148,32.274603183975],[-106.749632899111,32.2746031580432],[-106.749632118741,32.2746031331728],[-106.749631256644,32.2746031104294],[-106.749630276713,32.2746030872503],[-106.749629151344,32.2746030628429],[-106.749627865676,32.2746030372658],[-106.749625969556,32.274602999674],[-106.749610357158,32.2746023652018],[-106.749595555546,32.2746018817379],[-106.749582555136,32.2746017428716],[-106.749539515779,32.2746003538015],[-106.749540744198,32.2745728855984],[-106.74958337265,32.274574260962],[-106.749596380486,32.2745743997989],[-106.749611751187,32.2745749026561],[-106.749627118305,32.2745755263743],[-106.749628617367,32.2745755565183],[-106.749629946562,32.274575582825],[-106.749631136693,32.27457560878],[-106.749632216421,32.2745756342699],[-106.749633215479,32.2745756609807],[-106.749634163598,32.2745756905986],[-106.749635090502,32.274575723006],[-106.749636025933,32.2745757616927],[-106.749636993238,32.2745758056644],[-106.749637994548,32.2745758558146],[-106.749639024547,32.2745759112623],[-106.749640077935,32.2745759729306],[-106.74964115046,32.2745760399343],[-106.749642236814,32.2745761122944],[-106.749643332747,32.2745761891259],[-106.74964443295,32.2745762704497],[-106.749645535296,32.2745763553726],[-106.74964664298,32.2745764456854],[-106.749647765549,32.2745765404486],[-106.749648907246,32.2745766387435],[-106.749650076571,32.2745767423404],[-106.74965127989,32.2745768503119],[-106.749652523577,32.2745769635349],[-106.749653816123,32.2745770819757],[-106.749655159646,32.2745772047242],[-106.749656550963,32.2745773317928],[-106.749657983709,32.2745774641086],[-106.749659450448,32.2745776007992],[-106.749660943749,32.2745777418941],[-106.749662457244,32.2745778874183],[-106.749663983498,32.2745780364994],[-106.74966551614,32.2745781891626],[-106.74966705093,32.2745783463266],[-106.749668588934,32.274578508889],[-106.74967013546,32.2745786768289],[-106.749671693707,32.274578852839],[-106.749673267926,32.2745790378045],[-106.749674863435,32.274579233508],[-106.749676484485,32.2745794408346],[-106.749678134265,32.2745796606736],[-106.74967981597,32.2745798948158],[-106.749681527466,32.2745801414662],[-106.749683264493,32.274580397936],[-106.749685021739,32.2745806633444],[-106.749686796003,32.2745809349984],[-106.749688583031,32.2745812111111],[-106.749690379627,32.2745814898915],[-106.749692179412,32.2745817695611],[-106.749693979188,32.2745820474271],[-106.749695775764,32.2745823226001],[-106.749697563824,32.2745825932975],[-106.749699340172,32.2745828577282],[-106.749701099496,32.2745831150114],[-106.749702838602,32.274583363356],[-106.749704553233,32.2745836009751],[-106.749706238073,32.274583826086],[-106.749707899496,32.2745840395655],[-106.749709581052,32.2745842466523],[-106.749711332674,32.2745844543637],[-106.749713207471,32.2745846688025],[-106.74971525856,32.2745848969735],[-106.749717536933,32.2745851458898],[-106.749720095705,32.2745854225559],[-106.749722985863,32.2745857330832],[-106.749732453402,32.2745879917498],[-106.749741874937,32.2745903786613],[-106.749754102684,32.2745940287917],[-106.749766263415,32.2745978469314],[-106.749769707024,32.2745991960104],[-106.749772738925,32.2746003825805],[-106.749775403806,32.2746014254039],[-106.749777749529,32.2746023414266],[-106.749779821833,32.2746031476029],[-106.749781665402,32.2746038617929],[-106.749783327041,32.2746045018488],[-106.74978485355,32.2746050847206],[-106.749786284295,32.2746056264859],[-106.749787636294,32.2746061333903],[-106.749788920198,32.2746066117049],[-106.74979014877,32.2746070658882],[-106.749791331593,32.2746075013135],[-106.749792480372,32.2746079233458],[-106.749793605749,32.2746083364521],[-106.74979471943,32.2746087459971],[-106.749795834187,32.2746091582435],[-106.749796972371,32.2746095839251],[-106.74979816058,32.2746100337588],[-106.749799423289,32.2746105184701],[-106.749800786037,32.274611049682],[-106.749802272238,32.2746116381242],[-106.7498039085,32.2746122963174],[-106.749805720347,32.2746130331791],[-106.749807737586,32.2746138639229],[-106.749810014479,32.2746148108804],[-106.7498126106,32.2746158972643],[-106.749815585526,32.2746171471889],[-106.749818998847,32.274618586572],[-106.749822911202,32.2746202395239],[-106.749827380043,32.2746221292654],[-106.749832466019,32.2746242817103],[-106.749842905182,32.2746295000246],[-106.74985334435,32.2746347192399],[-106.749862398477,32.2746392134322],[-106.749871419955,32.2746437546495],[-106.749892510671,32.2746545917564],[-106.749913601398,32.2746654297616],[-106.749929289533,32.2746734843742],[-106.749944971356,32.2746815489302],[-106.749967816842,32.2746933575928],[-106.749990651803,32.2747051816244],[-106.750029011843,32.2747245522501],[-106.750069497846,32.274745024632],[-106.750120374391,32.2747703574473],[-106.750166736143,32.2747943228696],[-106.750209419159,32.2748164549403],[-106.750250241476,32.2748374571251],[-106.750294784682,32.274859647634],[-106.750318109224,32.2748716879155],[-106.75034143483,32.2748837272866],[-106.750360743037,32.2748933520656],[-106.750380169228,32.2749028104325],[-106.750426805067,32.2749277558923],[-106.750447961059,32.2749380839994],[-106.750468979077,32.2749486092543],[-106.75048637945,32.2749577996642],[-106.750503730317,32.2749670597108],[-106.750550639978,32.2749912095033],[-106.750568054263,32.2750002239845],[-106.750585389527,32.2750093460975],[-106.750605821105,32.2750203606564],[-106.75062625375,32.2750313752077],[-106.75063825763,32.2750385091097],[-106.750650066339,32.2750458638372],[-106.750661042309,32.2750537097692],[-106.750671815613,32.2750617648325],[-106.750676076745,32.275065064969],[-106.750679817783,32.2750679901912],[-106.750683105871,32.275070588933],[-106.750686004966,32.2750729096413],[-106.7506885801,32.2750750025622],[-106.75069089841,32.275076915228],[-106.750693022796,32.2750786960897],[-106.750695020409,32.275080395385],[-106.750696956265,32.2750820606545],[-106.750698890102,32.275083744871],[-106.750700883772,32.275085499195],[-106.7507030002,32.2750873774886],[-106.750705298049,32.2750894300231],[-106.75070784025,32.2750917115622],[-106.750710686526,32.2750942723732],[-106.750713898739,32.2750971654203],[-106.750722750789,32.2751062120218],[-106.750731511892,32.2751153212115],[-106.750738212346,32.2751226574036],[-106.750744839827,32.2751300434868],[-106.750748297196,32.2751342775237],[-106.750751346322,32.2751380144524],[-106.750754038521,32.2751413199051],[-106.750756426179,32.2751442613132],[-106.750758558478,32.2751469025137],[-106.750760489932,32.2751493118314],[-106.750762269728,32.275151554005],[-106.750763951304,32.2751536946583],[-106.750765583861,32.2751558012354],[-106.750767215541,32.2751579411846],[-106.750768894492,32.275160183758],[-106.750770666733,32.2751625964125],[-106.750772580408,32.2751652474981],[-106.750774681544,32.2751682062753],[-106.750777017221,32.2751715401968],[-106.750779635593,32.2751753194163],[-106.75078548968,32.2751835635241],[-106.750791344825,32.2751918067254],[-106.750797015276,32.2752000524626],[-106.750802595745,32.2752083436491],[-106.750804384818,32.2752115011699],[-106.750805965934,32.2752142915577],[-106.750807369117,32.2752167697069],[-106.75080862226,32.2752189887162],[-106.750809757505,32.2752210025698],[-106.750810803801,32.2752228634604],[-106.750811790112,32.2752246262865],[-106.750812747514,32.2752263441344],[-106.750813699603,32.2752280611015],[-106.75081465067,32.2752297852875],[-106.750815600716,32.2752315166923],[-106.750816549734,32.2752332544143],[-106.750817496655,32.2752349966538],[-106.750818440415,32.2752367434152],[-106.750819379945,32.2752384928989],[-106.750820317371,32.2752402459983],[-106.750821248428,32.275241999123],[-106.750822172035,32.2752437486698],[-106.75082308391,32.2752454883427],[-106.750823981892,32.2752472109354],[-106.750824859585,32.275248911964],[-106.750825715895,32.2752505851198],[-106.750826547606,32.2752522250045],[-106.75082734831,32.2752538244286],[-106.750828119048,32.2752553797805],[-106.750828860907,32.2752568955653],[-106.750829578163,32.275258377177],[-106.750830275086,32.2752598291081],[-106.750830955968,32.2752612594583],[-106.750831625068,32.2752626709162],[-106.750832286684,32.2752640724834],[-106.750832944013,32.2752654668526],[-106.750833601333,32.2752668594182],[-106.750834254342,32.2752682402768],[-106.750834900874,32.2752696013202],[-106.750835217691,32.2752702674377],[-106.750805230426,32.2752805926632]]]}},{"type":"Feature","properties":{"id":"parking-227","category":"parking","name":"Mcarthur Dr"},"geometry":{"type":"Polygon","coordinates":[[[-106.749551374686,32.2746236749078],[-106.749563826851,32.2746239178557],[-106.749583662331,32.274624212764],[-106.749603436223,32.2746245043054],[-106.749622238996,32.2746246373512],[-106.749642334663,32.2746259205579],[-106.749655836529,32.2746276825802],[-106.749667792747,32.274629243289],[-106.749674006646,32.2746299501107],[-106.749679839258,32.2746306214644],[-106.749685110048,32.2746312445367],[-106.749689952898,32.2746318422462],[-106.74969449002,32.2746324393614],[-106.749698831937,32.2746330579916],[-106.749703065801,32.2746337176326],[-106.749707283012,32.2746344377638],[-106.749711622802,32.2746352493992],[-106.749716209606,32.2746361953357],[-106.749721093489,32.2746373069401],[-106.749726326618,32.2746386119634],[-106.749731979193,32.2746401353799],[-106.749738147995,32.2746419101753],[-106.749744935116,32.2746439702161],[-106.749753597485,32.2746467136585],[-106.749773284851,32.2746546505558],[-106.749792365805,32.2746623436429],[-106.749817839988,32.2746738271822],[-106.749842081335,32.2746860136326],[-106.74986294639,32.2746965441042],[-106.749883847657,32.2747070951718],[-106.749927315202,32.2747292557986],[-106.74995453594,32.2747438870915],[-106.749981329172,32.2747581836783],[-106.750011376912,32.2747737994171],[-106.750041431253,32.2747892618068],[-106.750085602063,32.2748111165701],[-106.75010942802,32.274823230661],[-106.750133134925,32.2748353145557],[-106.750155556553,32.2748468633236],[-106.75017784646,32.2748583945721],[-106.750219212652,32.2748796543475],[-106.75023953463,32.2748900543341],[-106.750259739513,32.2749003943568],[-106.750284442579,32.2749127430302],[-106.750309947164,32.2749252932451],[-106.750358596165,32.2749514861396],[-106.750379412597,32.2749618390517],[-106.750400879768,32.2749725798859],[-106.75042452584,32.2749847839132],[-106.750447326546,32.2749967252379],[-106.750494623397,32.2750192781323],[-106.750514040724,32.2750304013408],[-106.75053225311,32.2750405417886],[-106.750556673359,32.2750535688233],[-106.750581992191,32.2750670747849],[-106.750586934832,32.2750699880323],[-106.750590797591,32.275072268849],[-106.750594239711,32.2750743078314],[-106.750597347477,32.275076159651],[-106.750600193326,32.2750778700154],[-106.750602847575,32.2750794855422],[-106.750605372012,32.2750810456685],[-106.750607829488,32.2750825907286],[-106.750610294598,32.2750841727345],[-106.750612838756,32.2750858446127],[-106.750615499304,32.2750876404858],[-106.750618312497,32.2750895899711],[-106.750621323113,32.2750917280638],[-106.750624584455,32.2750940960378],[-106.750628160472,32.2750967405363],[-106.75063289219,32.2751002922306],[-106.750655830625,32.2751200980634],[-106.750679116781,32.2751402037336],[-106.750699630379,32.2751618914256],[-106.750716477004,32.2751844738645],[-106.75072581824,32.2751973496134],[-106.750734934854,32.2752099160134],[-106.750737115362,32.2752128302856],[-106.750739181539,32.2752156088307],[-106.750741036092,32.2752181257745],[-106.750742722866,32.275220439564],[-106.750744279311,32.2752226041619],[-106.750745738598,32.2752246672352],[-106.750747133871,32.2752266719416],[-106.750748497234,32.2752286650503],[-106.750749873603,32.2752307068079],[-106.750751304744,32.2752328637858],[-106.750752821714,32.2752351854632],[-106.750754453442,32.2752377204255],[-106.750756236331,32.2752405253455],[-106.750758205729,32.2752436578019],[-106.750760402301,32.2752471771558],[-106.750763803951,32.2752526686013],[-106.750767768514,32.2752616912891],[-106.750771776064,32.2752708094032],[-106.750775349575,32.2752842031368],[-106.750775582148,32.2752880847076],[-106.750743267728,32.2752894799426],[-106.750743177677,32.2752879669842],[-106.750740703199,32.2752786903771],[-106.750737456754,32.2752713062203],[-106.750734211371,32.2752639220592],[-106.750731789734,32.2752600130933],[-106.750729643475,32.2752565701972],[-106.750727732997,32.2752535349074],[-106.750726026126,32.2752508478288],[-106.750724482197,32.2752484496002],[-106.750723065864,32.2752462826428],[-106.750721741762,32.2752442866725],[-106.750720472418,32.2752424032172],[-106.750719220356,32.2752405738048],[-106.750717944921,32.2752387408775],[-106.750716606528,32.2752368486774],[-106.750715161334,32.2752348387574],[-106.750713570821,32.275232656257],[-106.750711792211,32.2752302436271],[-106.750709785916,32.2752275442075],[-106.750707508106,32.275224502257],[-106.75069827383,32.2752117730854],[-106.750689039556,32.2751990439131],[-106.750673271985,32.2751779082803],[-106.750654913105,32.2751584982491],[-106.750632767153,32.2751393773916],[-106.750610621206,32.2751202556282],[-106.750606827518,32.2751174081724],[-106.75060345295,32.2751149125831],[-106.750600434612,32.2751127213111],[-106.750597708538,32.2751107850078],[-106.750595211821,32.2751090534187],[-106.750592877323,32.2751074790116],[-106.750590645325,32.2751060124209],[-106.750588449741,32.2751046043065],[-106.750586227674,32.2751032062175],[-106.750583910938,32.2751017733312],[-106.750581428178,32.2751002635433],[-106.750578714394,32.2750986320185],[-106.750575698221,32.2750968348487],[-106.750572312549,32.2750948299126],[-106.750568489195,32.2750925723874],[-106.750564157854,32.2750900183611],[-106.750539468242,32.2750768490003],[-106.750514779698,32.2750636796304],[-106.750496127537,32.2750532929123],[-106.750477633476,32.2750426990398],[-106.750430911355,32.27502041983],[-106.750407636895,32.2750082305651],[-106.750384269736,32.2749961706287],[-106.750363031417,32.2749855434208],[-106.750341757269,32.2749749632478],[-106.750293174268,32.2749488052579],[-106.750268129514,32.27493648229],[-106.750243186937,32.2749240137133],[-106.7502228394,32.2749136003007],[-106.750202491868,32.2749031868848],[-106.750161059672,32.2748818939967],[-106.750138754861,32.2748703555896],[-106.750116423715,32.274858853357],[-106.750092796638,32.2748468088248],[-106.750069152712,32.2748347878032],[-106.750024908451,32.2748128972508],[-106.749994553906,32.2747972809263],[-106.749964282588,32.2747815470236],[-106.749937282813,32.2747671412244],[-106.749910338887,32.2747526585404],[-106.749867259883,32.2747306956804],[-106.749846420359,32.2747201768326],[-106.749825579779,32.2747096579855],[-106.749802009051,32.2746978088782],[-106.749777840601,32.2746869135905],[-106.749759413943,32.2746794848619],[-106.749740986225,32.2746720561347],[-106.749733840247,32.2746697927922],[-106.749727513538,32.2746678725206],[-106.749721896544,32.2746662560718],[-106.749716878644,32.2746649033002],[-106.749712351347,32.2746637749532],[-106.749708205092,32.274662830881],[-106.749704330325,32.2746620318352],[-106.749700618555,32.2746613385636],[-106.749696958113,32.2746607136298],[-106.749693236345,32.2746601331296],[-106.749689338499,32.274659577676],[-106.74968514875,32.2746590260828],[-106.749680553405,32.2746584589589],[-106.749675438761,32.2746578542076],[-106.749669687939,32.2746571924505],[-106.749663188306,32.2746564533904],[-106.749650922955,32.2746548524187],[-106.749638658665,32.2746532514417],[-106.749620890709,32.2746521168511],[-106.749603021066,32.2746519909362],[-106.749583096412,32.2746516963837],[-106.749563171754,32.2746514009263],[-106.749550618726,32.2746511556717],[-106.749548761885,32.2746511188252],[-106.749551374686,32.2746236749078]]]}},{"type":"Feature","properties":{"id":"parking-228","category":"parking","name":"Fite Dr"},"geometry":{"type":"Polygon","coordinates":[[[-106.74961224885,32.2751319009694],[-106.749627031726,32.2751392151679],[-106.749650876559,32.2751510884741],[-106.749673717179,32.2751627691441],[-106.749696488267,32.2751745456818],[-106.74974139066,32.2751983492869],[-106.749761414417,32.2752081787528],[-106.749781389733,32.2752180787519],[-106.749803694238,32.2752293601934],[-106.74982597451,32.2752406741935],[-106.749874735952,32.2752662652896],[-106.749901168909,32.275279299816],[-106.749927539733,32.2752924238666],[-106.749945035689,32.275301426386],[-106.749962470555,32.2753105157229],[-106.750009970299,32.275335020514],[-106.750031003796,32.2753458442943],[-106.750052135244,32.2753565260917],[-106.750070201602,32.2753652007647],[-106.750088339554,32.2753737669288],[-106.750135137061,32.2753981590152],[-106.750141814354,32.27540243984],[-106.75014849271,32.2754067206604],[-106.750151283146,32.2754081985751],[-106.750134168356,32.2754315270392],[-106.750130153579,32.2754294010282],[-106.750122324694,32.2754243816331],[-106.750116889541,32.2754208976391],[-106.75007201149,32.2753975053198],[-106.750054380148,32.2753891788451],[-106.750035900815,32.2753803055927],[-106.750014349949,32.2753694117132],[-106.74999319296,32.2753585243873],[-106.749945611243,32.2753339784291],[-106.749928192342,32.2753248971434],[-106.749910979555,32.2753160405035],[-106.749884870579,32.2753030461824],[-106.749858109772,32.2752898497141],[-106.749809170533,32.2752641655223],[-106.749787118061,32.2752529669573],[-106.749764962582,32.2752417606792],[-106.749745169282,32.2752319510449],[-106.74972472721,32.2752219167065],[-106.749679511802,32.2751979465887],[-106.749656961078,32.2751862846138],[-106.749634352525,32.2751747229697],[-106.749610709931,32.2751629498683],[-106.749595965371,32.2751556544554],[-106.74961224885,32.2751319009694]]]}},{"type":"Feature","properties":{"id":"parking-229","category":"parking","name":"Clyde Tombaugh Ave"},"geometry":{"type":"Polygon","coordinates":[[[-106.752060483572,32.273133780318],[-106.752088065769,32.2731481499838],[-106.751909822715,32.2733950951297],[-106.75188224047,32.2733807254259],[-106.752060483572,32.273133780318]]]}},{"type":"Feature","properties":{"id":"parking-230","category":"parking","name":"Clyde Tombaugh Ave"},"geometry":{"type":"Polygon","coordinates":[[[-106.752010630887,32.2731065494046],[-106.752038399519,32.2731206577038],[-106.751859509232,32.27337480668],[-106.75183174055,32.2733606983426],[-106.752010630887,32.2731065494046]]]}},{"type":"Feature","properties":{"id":"parking-231","category":"parking","name":"S Espina St"},"geometry":{"type":"Polygon","coordinates":[[[-106.752203101174,32.2730920814219],[-106.752204394081,32.2730924613739],[-106.752215235919,32.2730969816589],[-106.752234727455,32.2731071609701],[-106.752252126492,32.2731167191033],[-106.75229540261,32.2731384657306],[-106.752339363331,32.2731605793812],[-106.752385281203,32.2731841750989],[-106.752431047382,32.2732077858328],[-106.752458306662,32.273221909593],[-106.752485640699,32.273236113315],[-106.7525260852,32.2732575518705],[-106.752565928984,32.2732786212381],[-106.752599773112,32.2732950834336],[-106.752634133845,32.2733120558186],[-106.752643807957,32.2733169441619],[-106.752649773212,32.273320891297],[-106.75262989042,32.2733425771114],[-106.752625525411,32.2733396877981],[-106.752617733322,32.2733357506376],[-106.752583603572,32.2733188936686],[-106.752549336877,32.2733022257232],[-106.752508972485,32.2732808815518],[-106.752468636563,32.2732594993759],[-106.752441443044,32.2732453681417],[-106.75241422741,32.2732312676527],[-106.752368512319,32.2732076828634],[-106.752322747738,32.2731841667954],[-106.752278929648,32.2731621247204],[-106.752235099997,32.2731400998112],[-106.752217469911,32.2731304154326],[-106.752199601867,32.2731210837219],[-106.752191795525,32.2731178283952],[-106.752203101174,32.2730920814219]]]}},{"type":"Feature","properties":{"id":"parking-232","category":"parking","name":"Clyde Tombaugh Ave"},"geometry":{"type":"Polygon","coordinates":[[[-106.751771084819,32.2734449716523],[-106.751798708152,32.2734592843999],[-106.751688379,32.273612980647],[-106.751660755636,32.2735986678759],[-106.751771084819,32.2734449716523]]]}},{"type":"Feature","properties":{"id":"parking-233","category":"parking","name":"Clyde Tombaugh Ave"},"geometry":{"type":"Polygon","coordinates":[[[-106.751713739807,32.273625670039],[-106.751822540939,32.2734688062072],[-106.751850416027,32.2734827617097],[-106.751741615984,32.2736396246587],[-106.751713739807,32.273625670039]]]}},{"type":"Feature","properties":{"id":"parking-234","category":"parking","name":"Barbara Lee Myers Ave"},"geometry":{"type":"Polygon","coordinates":[[[-106.752569786972,32.2735904346048],[-106.752669991423,32.2734484010235],[-106.752697743405,32.2734625326902],[-106.752597538982,32.2736045662929],[-106.752569786972,32.2735904346048]]]}},{"type":"Feature","properties":{"id":"parking-235","category":"parking","name":"Barbara Lee Myers Ave"},"geometry":{"type":"Polygon","coordinates":[[[-106.752623439128,32.2734160536122],[-106.752651170027,32.2734302151345],[-106.752470859078,32.2736850632378],[-106.752443128123,32.2736709007751],[-106.752623439128,32.2734160536122]]]}},{"type":"Feature","properties":{"id":"parking-236","category":"parking","name":"Barbara Lee Myers Ave"},"geometry":{"type":"Polygon","coordinates":[[[-106.752384900643,32.2737523139439],[-106.752412612655,32.2737665035501],[-106.75230319899,32.2739207359915],[-106.752275488008,32.2739065463576],[-106.752384900643,32.2737523139439]]]}},{"type":"Feature","properties":{"id":"parking-237","category":"parking","name":"Barbara Lee Myers Ave"},"geometry":{"type":"Polygon","coordinates":[[[-106.752509476723,32.2736750838642],[-106.752537186618,32.2736892752555],[-106.752357196401,32.2739429513048],[-106.752329486461,32.273928760777],[-106.752509476723,32.2736750838642]]]}},{"type":"Feature","properties":{"id":"parking-238","category":"parking","name":"Wooten Dr"},"geometry":{"type":"Polygon","coordinates":[[[-106.751730441762,32.273724196483],[-106.751747093806,32.2737006288434],[-106.752166814735,32.2739146803511],[-106.752150162767,32.2739382489465],[-106.751730441762,32.273724196483]]]}},{"type":"Feature","properties":{"id":"parking-239","category":"parking","name":"Wooten Dr"},"geometry":{"type":"Polygon","coordinates":[[[-106.751333118982,32.2735472246325],[-106.751915988156,32.2738453019072],[-106.751899302072,32.2738688534704],[-106.751316432795,32.2735707752189],[-106.751333118982,32.2735472246325]]]}},{"type":"Feature","properties":{"id":"parking-240","category":"parking","name":"Wooten Dr"},"geometry":{"type":"Polygon","coordinates":[[[-106.752016423694,32.2739283118575],[-106.752033109763,32.2739047611812],[-106.752549597804,32.2741688901063],[-106.752532911822,32.274192440849],[-106.752016423694,32.2739283118575]]]}},{"type":"Feature","properties":{"id":"parking-241","category":"parking","name":"Wooten Dr"},"geometry":{"type":"Polygon","coordinates":[[[-106.752373056133,32.2740214228085],[-106.752837078143,32.2742589821998],[-106.752820378381,32.2742825258199],[-106.752356356297,32.2740449672707],[-106.752373056133,32.2740214228085]]]}},{"type":"Feature","properties":{"id":"parking-242","category":"parking","name":"John Loveland Ave"},"geometry":{"type":"Polygon","coordinates":[[[-106.752896946089,32.2742644381519],[-106.75332642638,32.2741834910711],[-106.753333434212,32.2742103276492],[-106.752903953796,32.2742912738529],[-106.752896946089,32.2742644381519]]]}},{"type":"Feature","properties":{"id":"parking-243","category":"parking","name":"John Loveland Ave"},"geometry":{"type":"Polygon","coordinates":[[[-106.752887714545,32.2743172813241],[-106.753338446226,32.2742329109081],[-106.753345408465,32.2742597557838],[-106.752894676654,32.2743441253236],[-106.752887714545,32.2743172813241]]]}},{"type":"Feature","properties":{"id":"parking-244","category":"parking","name":"Wooten Dr"},"geometry":{"type":"Polygon","coordinates":[[[-106.752762876846,32.2743246558978],[-106.752897124949,32.2748466039362],[-106.752865515847,32.2748524719172],[-106.752731267915,32.2743305238439],[-106.752762876846,32.2743246558978]]]}},{"type":"Feature","properties":{"id":"parking-245","category":"parking","name":"Wooten Dr"},"geometry":{"type":"Polygon","coordinates":[[[-106.752845536963,32.2744164866488],[-106.75295099268,32.2748155603635],[-106.752919422652,32.2748215815179],[-106.752813967066,32.274422507776],[-106.752845536963,32.2744164866488]]]}},{"type":"Feature","properties":{"id":"parking-246","category":"parking","name":"Roberto Gallegos Ave"},"geometry":{"type":"MultiPolygon","coordinates":[[[[-106.753385521821,32.2741513262141],[-106.753385817419,32.2741527607917],[-106.753385831038,32.2741531124615],[-106.753385521821,32.2741513262141]]],[[[-106.753159786347,32.2739388734908],[-106.75316636429,32.2739422653216],[-106.753184456553,32.273951592392],[-106.753204902041,32.2739624215958],[-106.753225151573,32.2739731352374],[-106.753250364996,32.2739859908471],[-106.753275734622,32.2739988737868],[-106.753294465098,32.2740084309771],[-106.753313599774,32.2740183274555],[-106.753322126825,32.2740234710331],[-106.753330051145,32.2740292311765],[-106.753338196406,32.2740359779719],[-106.753346093967,32.2740436203958],[-106.753353766221,32.2740535219662],[-106.753359719172,32.2740638777094],[-106.753365540931,32.2740766193861],[-106.753369812678,32.2740895223595],[-106.753375881165,32.2741115729187],[-106.753381410946,32.2741335309296],[-106.753383534887,32.274142723206],[-106.753385521821,32.2741513262141],[-106.753369717282,32.2741543337675],[-106.753369614746,32.2741538354494],[-106.753367659354,32.2741453693975],[-106.753365562585,32.2741362915484],[-106.753360093592,32.2741145758939],[-106.753354141031,32.2740929487446],[-106.753350178028,32.2740809770599],[-106.753344883857,32.2740693894602],[-106.7533396844,32.2740603438167],[-106.75333319784,32.2740519724802],[-106.753326453963,32.2740454464656],[-106.753319134112,32.2740393844967],[-106.753312164761,32.2740343185841],[-106.753304699592,32.2740298146999],[-106.75328609401,32.2740201920798],[-106.753267419951,32.2740106635229],[-106.753242052451,32.273997781475],[-106.753216712348,32.2739848614347],[-106.753196343576,32.2739740851369],[-106.753175981128,32.2739632997919],[-106.753157971901,32.2739540156787],[-106.753144341227,32.2739469886023],[-106.75314580678,32.2739471036126],[-106.753151907549,32.2739484735787],[-106.753159786347,32.2739388734908]]]]}},{"type":"Feature","properties":{"id":"parking-247","category":"parking","name":"Roberto Gallegos Ave"},"geometry":{"type":"Polygon","coordinates":[[[-106.753170901228,32.2739253302184],[-106.753180157116,32.2739140507969],[-106.753181586079,32.2739148450507],[-106.753203037929,32.2739258731632],[-106.753224777422,32.2739365096219],[-106.753248741684,32.2739486460183],[-106.753272645909,32.273960866522],[-106.75329253141,32.2739715924257],[-106.753312396906,32.2739823472653],[-106.753328670883,32.273990346813],[-106.753344863743,32.2739984585121],[-106.753353154045,32.2740030204317],[-106.75336106886,32.2740080203458],[-106.753366906653,32.2740123241875],[-106.753372410658,32.2740169278738],[-106.753376307278,32.2740207226878],[-106.753379778715,32.274024798772],[-106.753384104321,32.2740311152711],[-106.753388000074,32.2740376364009],[-106.753391858,32.2740446122172],[-106.753395215854,32.2740517640849],[-106.753397939303,32.2740589870223],[-106.753400375491,32.2740662850567],[-106.753403225125,32.2740750208064],[-106.753405726962,32.2740838264835],[-106.753407730792,32.2740922210951],[-106.753409734627,32.2741006166085],[-106.753419699855,32.2741432040449],[-106.75342512277,32.2741608020028],[-106.753444878117,32.2742344455282],[-106.753448887941,32.2742493173938],[-106.753455846859,32.2742734404729],[-106.753440018192,32.2742763110491],[-106.753433145857,32.2742524879422],[-106.753429106772,32.2742375070681],[-106.753409406719,32.2741640707468],[-106.753403926516,32.2741462863323],[-106.753393874293,32.2741033222652],[-106.753391875911,32.2740949528837],[-106.75338993183,32.2740868051424],[-106.75338756316,32.2740784697035],[-106.753384798831,32.2740699951518],[-106.753382450076,32.2740629592089],[-106.753379980885,32.2740564125522],[-106.7533770108,32.2740500852393],[-106.753373462754,32.2740436700442],[-106.753369888428,32.2740376860412],[-106.753366200643,32.2740323013232],[-106.753363633127,32.2740292867288],[-106.753360623414,32.2740263559657],[-106.753355918192,32.2740224209786],[-106.753350926699,32.274018740554],[-106.753343920541,32.2740143142061],[-106.753336354282,32.2740101507267],[-106.753320511639,32.2740022152966],[-106.753303994969,32.2739940958662],[-106.753283849452,32.2739831897274],[-106.75326413856,32.2739725578215],[-106.753240429147,32.273960437548],[-106.753216597945,32.2739483682591],[-106.753194812682,32.273937709435],[-106.753172965879,32.2739264781731],[-106.753170901228,32.2739253302184]]]}},{"type":"Feature","properties":{"id":"parking-248","category":"parking","name":"S Espina St"},"geometry":{"type":"Polygon","coordinates":[[[-106.752850121257,32.2734220505025],[-106.752876576589,32.2734355063905],[-106.752902894606,32.2734488924748],[-106.752908373658,32.2734516772363],[-106.752913851657,32.2734544638055],[-106.752952741454,32.2734742138242],[-106.75299166846,32.2734939708974],[-106.753043410675,32.2735203425401],[-106.753095103527,32.2735468045436],[-106.753127865238,32.2735636785465],[-106.753160541753,32.2735805005726],[-106.753204851833,32.273603135603],[-106.753249181875,32.2736257290527],[-106.75329420439,32.2736485749526],[-106.753339363273,32.2736715059691],[-106.753388214264,32.2736967580627],[-106.753436840072,32.2737219803715],[-106.75348490007,32.27374661871],[-106.753533001857,32.2737711306035],[-106.753567887968,32.2737886011669],[-106.753603023482,32.2738062510974],[-106.753631319781,32.2738208682907],[-106.753659279879,32.2738357312215],[-106.75367958136,32.2738466204452],[-106.753699930004,32.2738583599284],[-106.753706778436,32.2738626732516],[-106.753713836953,32.2738683132697],[-106.753719592803,32.2738741154058],[-106.753724930063,32.2738823524206],[-106.753727209348,32.2738898756369],[-106.753728385659,32.2738947021916],[-106.753729348059,32.2738998145861],[-106.753729936409,32.2739033195601],[-106.753739446117,32.2739402911235],[-106.753750381268,32.2739783780082],[-106.753765543671,32.274037056357],[-106.753780517218,32.2740953647936],[-106.753794635313,32.2741488940943],[-106.753808745985,32.2742026137142],[-106.753823387444,32.2742599828321],[-106.753837963536,32.2743172376727],[-106.753853224531,32.2743760635183],[-106.753868488502,32.2744350399596],[-106.753883276803,32.2744938027525],[-106.753898161806,32.2745523883932],[-106.753906024648,32.274582538554],[-106.753913907012,32.2746127625884],[-106.753919350261,32.2746336323775],[-106.753924803285,32.2746545418089],[-106.753929123214,32.2746713405897],[-106.753933342362,32.274688726881],[-106.753901654138,32.2746942779829],[-106.753897473028,32.2746770502655],[-106.753893203021,32.2746604478893],[-106.753887761899,32.2746395780906],[-106.753882317605,32.274618710108],[-106.753874436308,32.2745884851655],[-106.753866552899,32.2745582611325],[-106.753851642946,32.2744995754814],[-106.753836867697,32.2744408658423],[-106.753821627602,32.2743819803894],[-106.753806352538,32.2743231022883],[-106.753791766691,32.2742658078013],[-106.753777145869,32.2742085197644],[-106.753763063392,32.2741549046438],[-106.753748924727,32.2741012996655],[-106.753733937075,32.2740429326608],[-106.753718859304,32.2739845822464],[-106.753707919854,32.2739464836519],[-106.753698072768,32.2739081994265],[-106.753697354901,32.2739039238813],[-106.753696553249,32.2738996621982],[-106.753695683236,32.2738960925118],[-106.75369461496,32.2738925669052],[-106.753692790555,32.2738897522716],[-106.753690304394,32.2738872460065],[-106.753685989317,32.2738837982821],[-106.753681199984,32.2738807799289],[-106.753661851314,32.2738696190544],[-106.753642061941,32.2738590037538],[-106.753614333935,32.2738442643501],[-106.753586384685,32.2738298270425],[-106.753551438637,32.273812271047],[-106.753516465248,32.2737947593417],[-106.75346821973,32.2737701722591],[-106.753420051141,32.2737454784321],[-106.753371375289,32.2737202301625],[-106.753322654172,32.2736950460862],[-106.7532776145,32.2736721741113],[-106.753232563242,32.2736493147923],[-106.753188178901,32.2736266935956],[-106.753143820911,32.2736040344003],[-106.75311109328,32.2735871837142],[-106.753078367768,32.2735703303055],[-106.753026738777,32.2735439005078],[-106.752975049783,32.273517556604],[-106.752936138743,32.2734978084808],[-106.752897234029,32.2734780494979],[-106.752891754967,32.2734752629323],[-106.752886276971,32.273472477264],[-106.752859957892,32.2734590920824],[-106.752833638817,32.2734457059934],[-106.752833511088,32.2734456433719],[-106.752850121257,32.2734220505025]]]}},{"type":"Feature","properties":{"id":"parking-249","category":"parking","name":"Hollinger St"},"geometry":{"type":"Polygon","coordinates":[[[-106.75043660666,32.2772898796075],[-106.750458587954,32.2773100509034],[-106.750452558775,32.277314793308],[-106.750441785659,32.2773218993374],[-106.750427204832,32.2773305806655],[-106.75041208539,32.2773386102802],[-106.750393719006,32.2773472957819],[-106.75037522111,32.2773550375584],[-106.750356719019,32.2773624023728],[-106.750337136835,32.2773689083871],[-106.750326553552,32.277371728033],[-106.750315751905,32.2773746062619],[-106.750300878653,32.2773773996118],[-106.750286602445,32.2773800796663],[-106.750272811446,32.2773821923333],[-106.750259966036,32.2773838683621],[-106.750258008149,32.2773841926692],[-106.75025582859,32.2773845530268],[-106.750253900402,32.2773848727069],[-106.750252184331,32.2773851563744],[-106.750250641139,32.2773854113995],[-106.750249233702,32.2773856433404],[-106.750247923839,32.2773858586615],[-106.750246673369,32.2773860638268],[-106.750245450468,32.2773862634717],[-106.750244249836,32.2773864585192],[-106.750243067236,32.2773866507897],[-106.750241900538,32.2773868393897],[-106.750240746565,32.2773870252337],[-106.750239602136,32.2773872092363],[-106.750238465132,32.2773873923075],[-106.750237331303,32.2773875735625],[-106.750236201716,32.2773877538988],[-106.750235085919,32.2773879323767],[-106.750233987096,32.2773881089837],[-106.750232927522,32.2773882800241],[-106.750231882799,32.2773884492019],[-106.75023086779,32.2773886164583],[-106.750229886726,32.277388779071],[-106.750228943862,32.2773889388267],[-106.750228030713,32.2773890966611],[-106.750227133481,32.2773892535305],[-106.750226243691,32.2773894121742],[-106.750225369813,32.2773895689512],[-106.750218655343,32.2773626796421],[-106.750219568453,32.2773625145932],[-106.750220545211,32.2773623411754],[-106.750221544252,32.2773621658656],[-106.750222568766,32.277361989553],[-106.75022361769,32.2773618122419],[-106.750224686778,32.2773616339491],[-106.750225772852,32.277361455589],[-106.750226871664,32.2773612771784],[-106.750227984271,32.2773610978113],[-106.750229100063,32.2773609184317],[-106.750230219045,32.2773607399411],[-106.750231339083,32.2773605605446],[-106.750232459121,32.277360381148],[-106.750233582339,32.277360200837],[-106.750234710859,32.2773600196032],[-106.750235847862,32.2773598365319],[-106.750236996528,32.277359650709],[-106.750238160035,32.2773594612198],[-106.750239341574,32.2773592689535],[-106.750240544324,32.2773590729959],[-106.750241776763,32.2773588706076],[-106.750243071778,32.277358658051],[-106.750244466486,32.2773584279643],[-106.750246001195,32.2773581747766],[-106.750247711963,32.277357892032],[-106.750249636971,32.2773575732665],[-106.750251815462,32.2773572120114],[-106.750254411838,32.2773567823636],[-106.750267484263,32.2773550774786],[-106.750280237907,32.277353123139],[-106.750293895851,32.2773505591682],[-106.750307403202,32.2773480228483],[-106.750316869212,32.2773454998316],[-106.750326390348,32.2773429630681],[-106.750343948613,32.2773371297421],[-106.750361206071,32.2773302604706],[-106.750378690366,32.2773229429773],[-106.750395630506,32.2773149314045],[-106.750409332633,32.2773076550466],[-106.750422566477,32.277299775397],[-106.750431605948,32.277293812578],[-106.75043660666,32.2772898796075]]]}},{"type":"Feature","properties":{"id":"parking-250","category":"parking","name":"Hollinger St"},"geometry":{"type":"Polygon","coordinates":[[[-106.750481830342,32.2773383302978],[-106.7505003004,32.2773609000092],[-106.750467923344,32.2773800232169],[-106.750459448138,32.277384737437],[-106.750450942235,32.2773894680115],[-106.75044473666,32.277392632866],[-106.750438578782,32.2773955910061],[-106.750436007204,32.2773968637952],[-106.750433701353,32.2773980038601],[-106.750431646392,32.2773990157691],[-106.750429801024,32.2773999186249],[-106.750428119721,32.2774007342522],[-106.750426559059,32.2774014808605],[-106.750425076684,32.2774021784582],[-106.7504236313,32.277402846148],[-106.750422189011,32.2774034975922],[-106.750420745592,32.2774041364149],[-106.750419298923,32.2774047635263],[-106.750417850062,32.2774053780204],[-106.750416395829,32.2774059808116],[-106.750414938352,32.2774065727933],[-106.750413476564,32.277407153068],[-106.750412010471,32.2774077225375],[-106.750410539005,32.2774082803041],[-106.750409061131,32.2774088308812],[-106.750407570488,32.2774093760978],[-106.750406059671,32.2774099204924],[-106.750404522335,32.2774104685995],[-106.750402951068,32.2774110240559],[-106.750401336343,32.2774115914086],[-106.750399678177,32.277412174265],[-106.750397952197,32.2774127799364],[-106.750396111791,32.2774134266447],[-106.750394103982,32.277414132637],[-106.750391875786,32.2774149152584],[-106.750389376358,32.2774157945512],[-106.750386551652,32.2774167878649],[-106.750383348694,32.2774179143481],[-106.750379642465,32.2774192186874],[-106.750374997935,32.2774207404841],[-106.750370944637,32.2774220570205],[-106.750367342694,32.2774232139435],[-106.750364117921,32.2774242340937],[-106.750361197209,32.2774251430126],[-106.750358509554,32.2774259626262],[-106.750355985016,32.277426715758],[-106.750353551534,32.2774274252398],[-106.750351135994,32.2774281157115],[-106.750348661007,32.2774288064187],[-106.750346055558,32.2774295174835],[-106.750343247556,32.277430266327],[-106.750340163862,32.2774310730795],[-106.75033672921,32.2774319569783],[-106.7503328694,32.2774329381581],[-106.750328194316,32.277434115565],[-106.750322792429,32.2774349747902],[-106.750318327096,32.2774356851061],[-106.750314402704,32.2774363112098],[-106.750310947136,32.2774368660132],[-106.750307898869,32.2774373578767],[-106.750305187912,32.2774378006055],[-106.750302745325,32.277438205295],[-106.750300503233,32.2774385839382],[-106.750298397997,32.2774389467076],[-106.750296405216,32.2774392964055],[-106.750294507926,32.2774396367066],[-106.750292688089,32.2774399694859],[-106.750290930849,32.2774402957042],[-106.750289218179,32.2774406190404],[-106.7502875331,32.2774409404636],[-106.750285861826,32.2774412627339],[-106.750284190557,32.277441585906],[-106.750282517175,32.2774419108902],[-106.7502808491,32.2774422358533],[-106.750279188442,32.2774425580815],[-106.750277544743,32.2774428757331],[-106.750275912697,32.2774431888294],[-106.750274300781,32.277443494631],[-106.750272712179,32.2774437931253],[-106.750271151118,32.2774440806883],[-106.75026961867,32.2774443591194],[-106.750268110593,32.2774446293372],[-106.750266625835,32.2774448931496],[-106.750265158027,32.2774451505818],[-106.750263705057,32.277445403446],[-106.750262261621,32.277445652665],[-106.750260827733,32.2774459009442],[-106.75025939702,32.2774461474072],[-106.750257974795,32.2774463929346],[-106.750256571663,32.2774466356809],[-106.750255195045,32.2774468738128],[-106.750253854485,32.2774471054889],[-106.750252558476,32.2774473306755],[-106.75025138019,32.277447535555],[-106.750244887359,32.2774206065899],[-106.750246065639,32.2774204008087],[-106.750247378623,32.2774201737512],[-106.750248731907,32.2774199393192],[-106.750250118068,32.2774196993459],[-106.750251528626,32.2774194556684],[-106.75025295403,32.2774192092266],[-106.750254386866,32.2774189627553],[-106.750255817573,32.2774187153905],[-106.750257228126,32.2774184708112],[-106.750258639735,32.2774182253258],[-106.750260052396,32.2774179780325],[-106.750261468222,32.2774177271192],[-106.750262892515,32.2774174716631],[-106.750264330574,32.2774172098394],[-106.750265789824,32.2774169407169],[-106.750267282985,32.2774166606378],[-106.750268817486,32.2774163695727],[-106.750270392268,32.2774160675257],[-106.750272011575,32.27741575448],[-106.750273642539,32.2774154377807],[-106.750275298951,32.2774151155694],[-106.750276977636,32.2774147896625],[-106.750278689199,32.2774144582142],[-106.750280410316,32.2774141267279],[-106.750282165383,32.2774137914998],[-106.750283968195,32.2774134515732],[-106.750285830419,32.2774131050982],[-106.750287765855,32.2774127520202],[-106.750289786167,32.2774123895874],[-106.750291906209,32.277412016839],[-106.750294136594,32.2774116328312],[-106.750296496414,32.2774112347828],[-106.750299035512,32.2774108134777],[-106.750301821774,32.2774103587266],[-106.75030492413,32.2774098576304],[-106.750308401974,32.2774093000334],[-106.750312353941,32.2774086693113],[-106.75031683412,32.2774079562313],[-106.750320600488,32.2774073578092],[-106.750323632398,32.2774065936496],[-106.750327398919,32.2774056362879],[-106.750330709542,32.2774047844456],[-106.750333639528,32.277404017984],[-106.750336264143,32.2774033176657],[-106.750338665014,32.2774026624248],[-106.750340929068,32.2774020302723],[-106.750343141106,32.2774013983258],[-106.75034537003,32.2774007482753],[-106.750347684721,32.2774000582033],[-106.750350168895,32.2773993007223],[-106.750352905208,32.2773984493512],[-106.750355973133,32.2773974776211],[-106.750359446855,32.2773963626917],[-106.750363398421,32.2773950790256],[-106.750367628616,32.2773936923457],[-106.750370970374,32.2773925175145],[-106.75037417333,32.2773913910315],[-106.750376999092,32.2773903968121],[-106.750379500638,32.2773895166093],[-106.750381730952,32.2773887330779],[-106.75038374194,32.2773880261714],[-106.750385587643,32.2773873776385],[-106.750387319978,32.2773867692365],[-106.750388981327,32.2773861863677],[-106.750390546249,32.2773856354459],[-106.750392047591,32.2773851055187],[-106.750393482155,32.2773845938932],[-106.750394854181,32.2773840996507],[-106.750396173193,32.2773836173425],[-106.750397446604,32.2773831433315],[-106.750398685003,32.2773826730668],[-106.750399904274,32.2773821992704],[-106.750401116075,32.2773817182887],[-106.750402322524,32.2773812292115],[-106.750403524672,32.2773807302309],[-106.750404723586,32.2773802222446],[-106.750405919255,32.2773797034488],[-106.750407113814,32.2773791756389],[-106.750408307246,32.2773786361093],[-106.750409512262,32.2773780793984],[-106.75041077863,32.2773774827628],[-106.750412160355,32.2773768216383],[-106.750413705084,32.2773760732897],[-106.750415456221,32.2773752159004],[-106.750417450832,32.2773742330902],[-106.750419735511,32.2773731039317],[-106.750422470126,32.2773717502318],[-106.750428444835,32.2773688802984],[-106.750433747416,32.277366176264],[-106.750441725203,32.2773617390829],[-106.750449823639,32.2773572346859],[-106.750481830342,32.2773383302978]]]}},{"type":"Feature","properties":{"id":"parking-251","category":"parking","name":"Gregg St"},"geometry":{"type":"Polygon","coordinates":[[[-106.750846810131,32.2777886529803],[-106.750854752804,32.2778153010955],[-106.750841072473,32.2778182439954],[-106.750821924192,32.2778220049172],[-106.750789625698,32.2778280076896],[-106.750757441728,32.2778339883551],[-106.750701156091,32.2778443023933],[-106.750617938895,32.2778597771699],[-106.750562347013,32.27787000272],[-106.750477727236,32.2778862170746],[-106.750423432729,32.2778958908974],[-106.750340481135,32.2779116142533],[-106.750328881806,32.2779138445035],[-106.750321738821,32.2778870344599],[-106.750333386929,32.2778847949986],[-106.75041658877,32.2778690237593],[-106.750470846141,32.2778593563997],[-106.750555363028,32.2778431613965],[-106.750611055643,32.2778329174131],[-106.750694285545,32.2778174407871],[-106.750750573289,32.2778071267436],[-106.750782711647,32.2778011543774],[-106.750814821364,32.277795186626],[-106.750833455325,32.2777915260473],[-106.750846810131,32.2777886529803]]]}},{"type":"Feature","properties":{"id":"parking-252","category":"parking","name":"Fite Dr"},"geometry":{"type":"Polygon","coordinates":[[[-106.750593684208,32.2773543801289],[-106.750595584653,32.2773561609771],[-106.750605984328,32.2773659148162],[-106.75061589635,32.2773752106408],[-106.750625736878,32.2773844391087],[-106.750659630599,32.2774157046802],[-106.750693382686,32.2774474650211],[-106.750706435741,32.2774602052007],[-106.75071913339,32.2774725986715],[-106.750753111949,32.2775042228195],[-106.750772393729,32.2775222601488],[-106.750791665922,32.2775402902982],[-106.75080950748,32.2775570337576],[-106.750827638732,32.2775741413175],[-106.750845234779,32.2775921826148],[-106.750861619149,32.2776109195369],[-106.750877868524,32.2776307825089],[-106.750892881905,32.2776515522373],[-106.750904818109,32.2776700641964],[-106.750915970761,32.2776885558139],[-106.750923925946,32.2777024119456],[-106.750926222729,32.2777067687219],[-106.750896690834,32.2777180012349],[-106.750894611818,32.2777140566446],[-106.750887028569,32.2777008492742],[-106.75087622518,32.2776829370644],[-106.750864889641,32.2776653561416],[-106.750850774824,32.2776458301137],[-106.750835340908,32.2776269631612],[-106.750819771655,32.2776091600319],[-106.750803148176,32.2775921141313],[-106.750785490727,32.2775754547155],[-106.75076769505,32.2775587534579],[-106.750748439936,32.2775407403725],[-106.750729185901,32.2775227290835],[-106.750694977931,32.2774908911968],[-106.750682029465,32.2774782525112],[-106.750669168531,32.2774657009573],[-106.750635720562,32.2774342261947],[-106.750601844983,32.2774029776803],[-106.750591915881,32.2773936647871],[-106.750582003859,32.2773843689607],[-106.75057160419,32.2773746160214],[-106.750569704807,32.2773728351687],[-106.750593684208,32.2773543801289]]]}},{"type":"Feature","properties":{"id":"parking-253","category":"parking","name":"Fite Dr"},"geometry":{"type":"Polygon","coordinates":[[[-106.750141413665,32.2758055533136],[-106.750173015673,32.2757996535736],[-106.750179078411,32.2758230967738],[-106.750200206332,32.2759044958413],[-106.750211404853,32.2759474682442],[-106.750232970921,32.2760291929428],[-106.750243316729,32.2760676594364],[-106.750264085701,32.2761501719003],[-106.750275012865,32.2761949472798],[-106.750295698661,32.276275253223],[-106.750306362866,32.2763167910736],[-106.750404343437,32.2766906616157],[-106.750422756024,32.2767665998281],[-106.750435108186,32.2768123814249],[-106.750455108914,32.2768925701002],[-106.750466414811,32.2769303058683],[-106.750478023943,32.2769778318888],[-106.750493571197,32.2770361267002],[-106.750504743431,32.2770819932292],[-106.750510938334,32.2771031812429],[-106.750517135389,32.277124373757],[-106.750523395787,32.2771427955168],[-106.750531085007,32.2771608202076],[-106.750537874811,32.2771749298965],[-106.750545776445,32.2771885256295],[-106.750552799955,32.2771989908914],[-106.750559710021,32.2772092888573],[-106.750568067306,32.277218673819],[-106.750576696537,32.27722828497],[-106.750585215406,32.2772375168763],[-106.750593665421,32.2772465822115],[-106.750640395044,32.277289724862],[-106.75071865313,32.2773625659828],[-106.750732873145,32.2773765199411],[-106.750756226324,32.2773994409162],[-106.750794992052,32.2774350277675],[-106.750856039728,32.2774925369464],[-106.750891777281,32.2775260759365],[-106.750900908421,32.2775346704855],[-106.75091014307,32.2775433620238],[-106.750924355976,32.2775581366772],[-106.750937587025,32.277573508645],[-106.750950198945,32.2775890309717],[-106.750962213887,32.2776048713149],[-106.750974639174,32.2776219744315],[-106.750986369279,32.2776394906493],[-106.750997204185,32.2776573395948],[-106.751007407602,32.2776754083918],[-106.751012998773,32.2776860010596],[-106.750983473339,32.277697247095],[-106.750978053805,32.2776869784133],[-106.750968232037,32.2776695871978],[-106.750957915633,32.2776525920547],[-106.75094680098,32.2776359932865],[-106.750934844217,32.2776195358415],[-106.750923278391,32.2776042871358],[-106.750911207293,32.277589430937],[-106.750898750827,32.2775749577506],[-106.750885591723,32.2775612791794],[-106.750876889555,32.2775530887634],[-106.750867773361,32.277544509485],[-106.750832031534,32.277510965094],[-106.750771103373,32.2774535681618],[-106.750732113586,32.2774177756665],[-106.750708410327,32.2773945115659],[-106.750694468884,32.2773808306648],[-106.750616540514,32.277308296657],[-106.75056904373,32.2772644454739],[-106.750559800294,32.2772545292238],[-106.750551099883,32.2772451014306],[-106.750542301889,32.2772353015569],[-106.750532640375,32.2772244508348],[-106.750524691028,32.2772126057934],[-106.750517190152,32.2772014290535],[-106.750508356143,32.2771862290038],[-106.750500887684,32.2771707087939],[-106.750492608068,32.2771513002876],[-106.750485879396,32.2771315023455],[-106.750479536281,32.2771098080747],[-106.750473187758,32.2770880948858],[-106.750461947131,32.2770419499514],[-106.750446402054,32.2769836614404],[-106.750434879823,32.2769364922078],[-106.75042359123,32.2768988122834],[-106.750403510201,32.2768183010566],[-106.750391137469,32.2767724437821],[-106.750372704277,32.276696421774],[-106.750274763962,32.2763227070687],[-106.750264089999,32.2762811295724],[-106.750243366259,32.2762006749678],[-106.750232423901,32.2761558365158],[-106.750211723323,32.2760735952345],[-106.750201413286,32.2760352611695],[-106.750179823391,32.2759534454723],[-106.750168609707,32.2759104154078],[-106.750147476391,32.2758289956136],[-106.750141413665,32.2758055533136]]]}},{"type":"Feature","properties":{"id":"parking-254","category":"parking","name":"Fite Dr"},"geometry":{"type":"Polygon","coordinates":[[[-106.750070898298,32.2758182475024],[-106.750102612136,32.2758128000692],[-106.750103111955,32.2758148967104],[-106.750103755073,32.2758175717761],[-106.750104466453,32.2758204990913],[-106.750105259116,32.2758237300103],[-106.750106148214,32.2758273176827],[-106.750107148951,32.2758313242763],[-106.750108291718,32.2758358714215],[-106.750109600379,32.2758410519149],[-106.750111107515,32.2758470000042],[-106.750112842433,32.2758538328147],[-106.750114835498,32.2758616674675],[-106.750117113908,32.2758706238018],[-106.750119699312,32.2758807783896],[-106.750130772049,32.2759234699189],[-106.75015346808,32.2760050999715],[-106.750195865309,32.2761727558467],[-106.750216181412,32.2762518656024],[-106.75022739285,32.2762958281885],[-106.750248123647,32.276379114596],[-106.750258336239,32.276417284001],[-106.750278768845,32.2765005796994],[-106.750290205313,32.2765420125807],[-106.750308514992,32.2766102493655],[-106.750324929338,32.2766702786446],[-106.750343803721,32.2767479727579],[-106.750361923448,32.2768229751102],[-106.750374487102,32.2768691914714],[-106.750387191926,32.2769134682803],[-106.750408657909,32.2769993202258],[-106.750421461431,32.2770437788141],[-106.750431567103,32.2770866157308],[-106.750439659236,32.2771155774476],[-106.750443160167,32.2771265743398],[-106.750446872555,32.277137608272],[-106.750450120826,32.2771464768822],[-106.750453379668,32.2771553373338],[-106.750458981205,32.2771693822928],[-106.750459827253,32.2771715046157],[-106.750429182442,32.2771803253564],[-106.750428336399,32.2771782039352],[-106.75042261108,32.2771638483247],[-106.750419231545,32.2771546600749],[-106.750415865805,32.2771454708685],[-106.750411986152,32.2771339406752],[-106.750408294018,32.2771223411978],[-106.750399952862,32.2770924921372],[-106.750389870007,32.2770497480186],[-106.750377110869,32.2770054434688],[-106.750355642732,32.276919580704],[-106.750343005035,32.2768755399123],[-106.750330307066,32.2768288325683],[-106.750312111318,32.276753513961],[-106.750293321672,32.2766761676237],[-106.750276982107,32.2766164140123],[-106.750258681096,32.2765482051461],[-106.750247175332,32.2765065227221],[-106.750226719956,32.2764231351193],[-106.750216518205,32.2763850044487],[-106.750195752719,32.276301581993],[-106.750184564062,32.276257705892],[-106.750164242549,32.2761785727043],[-106.750121902903,32.2760111474655],[-106.750099227454,32.2759295876705],[-106.750088087516,32.2758866411791],[-106.750085489079,32.2758764325308],[-106.75008320853,32.275867472597],[-106.750081214361,32.2758596298313],[-106.750079476192,32.2758527844073],[-106.750077964717,32.2758468191995],[-106.750076649541,32.2758416116758],[-106.750075502436,32.2758370474122],[-106.750074491923,32.2758330002735],[-106.750073590897,32.2758293666535],[-106.75007278521,32.2758260834781],[-106.750072060796,32.2758231021029],[-106.750071404638,32.2758203720755],[-106.750070898298,32.2758182475024]]]}},{"type":"Feature","properties":{"id":"parking-255","category":"parking","name":"Mcarthur Dr"},"geometry":{"type":"Polygon","coordinates":[[[-106.750723462751,32.2756946003167],[-106.750755133049,32.2756889716194],[-106.750755712857,32.2756913267736],[-106.750756500001,32.2756945153231],[-106.750757296863,32.2756977335954],[-106.75075809798,32.2757009536544],[-106.750758904439,32.2757041800053],[-106.750759710805,32.2757073892212],[-106.750760518183,32.2757105894146],[-106.750761327619,32.2757137778757],[-106.750762139099,32.2757169518989],[-106.750762951552,32.2757201096849],[-106.750763763905,32.2757232494341],[-106.750764581547,32.275726385555],[-106.750765427239,32.2757296036335],[-106.750766325957,32.2757330054806],[-106.75076730155,32.2757366811872],[-106.750768385457,32.2757407496738],[-106.750769599383,32.2757452974325],[-106.750770970408,32.2757504226585],[-106.750772571189,32.2757564046389],[-106.750783278784,32.2757998226506],[-106.750789142952,32.2758236129209],[-106.750795027748,32.2758474860798],[-106.75079947795,32.2758662568114],[-106.750803722269,32.2758846513831],[-106.750824286387,32.2759618679632],[-106.750834272395,32.2760006893619],[-106.750848098236,32.2760546106475],[-106.750866733875,32.2761278243101],[-106.750877798232,32.2761714329912],[-106.750898544009,32.2762525132896],[-106.750910316336,32.2762978380975],[-106.750929459352,32.2763787506875],[-106.750941091937,32.2764224012982],[-106.750962452184,32.2765005309761],[-106.750972780384,32.2765432605503],[-106.75099437014,32.2766247018294],[-106.751006732744,32.2766675063002],[-106.751026462984,32.2767474551614],[-106.751037238051,32.2767899710192],[-106.751057597429,32.2768677177499],[-106.751061526814,32.2768782403524],[-106.751065890394,32.276889923725],[-106.751069573328,32.2769006087373],[-106.751072544919,32.276909731851],[-106.751079146622,32.2769230206661],[-106.751086418094,32.2769364871947],[-106.751095853425,32.2769504086913],[-106.751106387442,32.276964902114],[-106.751116594226,32.2769787664366],[-106.751126759585,32.2769920465198],[-106.751133487531,32.2769999110665],[-106.751140448974,32.2770077665695],[-106.751145265117,32.2770127500558],[-106.751149821753,32.2770174522906],[-106.751153869037,32.2770216118253],[-106.751157498771,32.2770253211866],[-106.751160801699,32.2770286729059],[-106.75116387388,32.2770317612968],[-106.751166813527,32.2770346860758],[-106.751169717771,32.2770375433559],[-106.751172676278,32.2770404229671],[-106.751175784002,32.2770434111106],[-106.751179147629,32.2770466038618],[-106.751182873838,32.277050096394],[-106.751187068243,32.277053982983],[-106.75119183006,32.2770583525189],[-106.751197259561,32.2770632929855],[-106.751203719481,32.2770691321206],[-106.751236603409,32.2771005332169],[-106.751269311452,32.2771304469393],[-106.751301351241,32.2771604543931],[-106.751339103803,32.2771965230836],[-106.751375650755,32.2772287880093],[-106.751402019747,32.2772545602858],[-106.751442072871,32.2772896737634],[-106.751469441821,32.2773160102245],[-106.751505326386,32.2773482642138],[-106.751518287639,32.2773603156554],[-106.751541346237,32.2773817559041],[-106.751558824113,32.2773977882353],[-106.751576373486,32.2774138870174],[-106.751595990769,32.2774319066544],[-106.751615680751,32.2774500179888],[-106.751630390723,32.2774638553631],[-106.751645095939,32.2774783709505],[-106.751661226395,32.2774962745598],[-106.751675954609,32.2775149665486],[-106.751686370512,32.2775297661192],[-106.751687834819,32.2775321520251],[-106.751659144546,32.2775448622204],[-106.751658116203,32.2775431852452],[-106.751648606551,32.2775296744326],[-106.751634908894,32.2775122896462],[-106.751619966168,32.2774957043391],[-106.751606118055,32.2774820348933],[-106.751591789038,32.2774685558438],[-106.75157222176,32.2774505576522],[-106.751552618348,32.2774325505825],[-106.751535084983,32.2774164670651],[-106.751517533483,32.277400366482],[-106.751494401262,32.2773788579803],[-106.751481623539,32.2773669771602],[-106.751445549081,32.2773345534673],[-106.75141831353,32.2773083445351],[-106.751378174,32.2772731547353],[-106.751351767662,32.2772473474297],[-106.751315346583,32.2772151929259],[-106.751277278138,32.2771788224585],[-106.751245474172,32.2771490359194],[-106.751212659435,32.2771190243119],[-106.751179839538,32.2770876842817],[-106.751173644206,32.2770820848909],[-106.75116813255,32.2770770689935],[-106.751163271508,32.277072608763],[-106.751158961866,32.2770686153096],[-106.75115510654,32.2770650015384],[-106.751151605255,32.2770616785637],[-106.751148363062,32.2770585610858],[-106.751145282885,32.2770555629119],[-106.75114226443,32.2770525924505],[-106.751139214844,32.2770495589826],[-106.751136041256,32.2770463690837],[-106.751132652929,32.2770429311244],[-106.751128957002,32.2770391534839],[-106.751124861671,32.2770349436352],[-106.751120271934,32.2770302063585],[-106.751115009526,32.2770247628915],[-106.751107474458,32.2770162594246],[-106.751100091565,32.2770076299954],[-106.751089312464,32.2769935487913],[-106.751078904599,32.2769794101981],[-106.751068061452,32.2769644914215],[-106.751057631862,32.2769491029397],[-106.751049529218,32.2769340975326],[-106.751041919547,32.2769187790287],[-106.751038453413,32.2769081373465],[-106.751034939846,32.276897943173],[-106.751030686164,32.2768865533685],[-106.751026323671,32.2768748735978],[-106.751005630328,32.2767958484526],[-106.750994812973,32.2767531686219],[-106.750975177224,32.2766736035717],[-106.750962873049,32.2766309972745],[-106.750941147816,32.2765490451746],[-106.750930841361,32.2765064065991],[-106.750909554802,32.2764285453767],[-106.750897814938,32.2763844947643],[-106.750878654557,32.276303508286],[-106.750866937544,32.2762583942902],[-106.750846174447,32.2761772482196],[-106.750835104668,32.2761336161089],[-106.750816477759,32.2760604411868],[-106.750802657351,32.276006539717],[-106.750792701724,32.2759678354366],[-106.750772060672,32.2758903296604],[-106.750767742411,32.2758716143198],[-106.750763333504,32.2758530165798],[-106.750757474763,32.2758292470296],[-106.750751610603,32.2758054567578],[-106.750740958433,32.2757622703008],[-106.75073941941,32.2757565153429],[-106.750738047311,32.2757513874153],[-106.750736831218,32.2757468315481],[-106.750735744054,32.2757427495463],[-106.750734758715,32.2757390387057],[-106.750733852399,32.2757356062254],[-106.750732996951,32.2757323512092],[-106.750732168472,32.2757291745476],[-106.750731345291,32.2757259960613],[-106.750730524144,32.2757228013335],[-106.75072970398,32.275719592172],[-106.750728885869,32.2757163703764],[-106.750728070898,32.2757131404517],[-106.750727256944,32.2757099024062],[-106.750726447227,32.2757066625402],[-106.750725640664,32.2757034172505],[-106.750724837311,32.2757001764574],[-106.750724045818,32.275696968986],[-106.750723462751,32.2756946003167]]]}},{"type":"Feature","properties":{"id":"parking-256","category":"parking","name":"Mcarthur Dr"},"geometry":{"type":"Polygon","coordinates":[[[-106.750790435154,32.2756781680897],[-106.750822092421,32.2756724880215],[-106.750828106352,32.2756966799247],[-106.750848967569,32.2757744553779],[-106.750859873183,32.2758197087774],[-106.75087909107,32.2758932168428],[-106.75089218517,32.2759389629912],[-106.750912325896,32.2760194784225],[-106.750928353223,32.2760870712291],[-106.750944172688,32.2761458113317],[-106.750955474703,32.2761886164107],[-106.750976444836,32.2762649213774],[-106.75098770325,32.2763088656702],[-106.751008077155,32.2763906355398],[-106.751020092324,32.2764360937492],[-106.751039265549,32.2765128224881],[-106.751052103907,32.276558168303],[-106.751071002035,32.2766389149954],[-106.75108284183,32.2766835495956],[-106.751089585976,32.2767094277615],[-106.751096293006,32.2767353123871],[-106.751101933848,32.2767574594404],[-106.751107548279,32.2767796291445],[-106.751111105924,32.2767930130074],[-106.751114645469,32.2768063870215],[-106.751116983111,32.2768152817744],[-106.751119329449,32.2768242134689],[-106.751124050256,32.27684024237],[-106.751128788397,32.2768563343321],[-106.751136368195,32.2768758718337],[-106.751145415326,32.2768948741225],[-106.751152262198,32.2769100820132],[-106.751160742132,32.2769247774816],[-106.751170240865,32.2769376787214],[-106.751179758848,32.2769506051361],[-106.751188594995,32.2769598068834],[-106.751197218234,32.2769689003504],[-106.75120623432,32.2769787777746],[-106.751215281,32.2769888129016],[-106.751230995758,32.2770035454873],[-106.751246676998,32.2770181663739],[-106.75126615102,32.2770360297098],[-106.751285668255,32.2770538351522],[-106.751321733228,32.277087074209],[-106.751384079123,32.2771455159124],[-106.751421658939,32.2771793170952],[-106.751486262955,32.2772393072869],[-106.751523803343,32.277273453104],[-106.751536710835,32.2772855751022],[-106.751549684118,32.2772976914267],[-106.751568304864,32.2773148032494],[-106.751586952841,32.27733184642],[-106.751619505473,32.2773626120191],[-106.751624649048,32.2773669006585],[-106.751629720107,32.2773711291613],[-106.751633818544,32.2773745462492],[-106.75163785299,32.2773779094797],[-106.751657201774,32.2773959427998],[-106.751675698217,32.2774147650194],[-106.75168960871,32.2774287742098],[-106.751703264137,32.2774429232978],[-106.751713907766,32.2774543517246],[-106.751724190465,32.2774659736798],[-106.751731784587,32.2774753525766],[-106.75173877331,32.2774850621537],[-106.751747492793,32.277498506656],[-106.751752454472,32.2775067759045],[-106.751723627087,32.2775192593914],[-106.751718901125,32.2775113842184],[-106.751710786565,32.2774988716341],[-106.751704633326,32.2774903230329],[-106.751697916726,32.2774820282872],[-106.751688284569,32.2774711405622],[-106.751678063828,32.2774601667926],[-106.751664730832,32.2774463510098],[-106.751650913211,32.2774324352409],[-106.751632813906,32.2774140181773],[-106.751614548171,32.2773969933365],[-106.751611156803,32.2773941659592],[-106.751607057305,32.2773907488749],[-106.751601984109,32.2773865176741],[-106.751596118537,32.2773816276576],[-106.751563069695,32.2773503932543],[-106.751544575356,32.2773334901596],[-106.751525836182,32.277316270581],[-106.75151274552,32.277304043792],[-106.75149998102,32.2772920565019],[-106.751462502515,32.2772579672491],[-106.751397959323,32.2771980336208],[-106.751360328295,32.2771641857379],[-106.751297849019,32.2771056191943],[-106.751261933418,32.2770725166201],[-106.751242441794,32.2770547354225],[-106.751222848275,32.2770367625308],[-106.751207049655,32.2770220311788],[-106.751190406546,32.2770064283755],[-106.751180606871,32.2769955584103],[-106.751171832163,32.2769859469759],[-106.751163460907,32.2769771176531],[-106.75115340334,32.2769666455259],[-106.751142808315,32.2769522560628],[-106.75113242399,32.2769381516511],[-106.751122564665,32.276921063618],[-106.751115305112,32.2769049383715],[-106.751105972322,32.2768853383814],[-106.751097687208,32.2768639828284],[-106.751092661322,32.2768469134926],[-106.751087840988,32.2768305449852],[-106.751085403604,32.2768212718479],[-106.751083071378,32.2768123960118],[-106.751079538315,32.2767990418119],[-106.751075950346,32.276785548042],[-106.75107030553,32.2767632567064],[-106.751064680975,32.2767411745208],[-106.751057990224,32.2767153529588],[-106.7510512645,32.2766895414555],[-106.751039347758,32.2766446176615],[-106.751020494247,32.2765640646865],[-106.751007705685,32.2765188918273],[-106.750988480412,32.2764419594704],[-106.75097646309,32.2763964931498],[-106.750956067496,32.2763146349791],[-106.750944880689,32.276270969073],[-106.750923934405,32.2761947496827],[-106.750912616154,32.2761518851427],[-106.750896717605,32.2760928522464],[-106.750880641377,32.2760250494972],[-106.750860634185,32.275945068332],[-106.75084757581,32.275899445593],[-106.750828227862,32.2758254465267],[-106.750817340715,32.2757802670034],[-106.750796502267,32.2757025735235],[-106.750790435154,32.2756781680897]]]}},{"type":"Feature","properties":{"id":"parking-257","category":"parking","name":"Sweet Ave"},"geometry":{"type":"Polygon","coordinates":[[[-106.751411130063,32.275572908126],[-106.751411287313,32.2755735126474],[-106.751412310005,32.2755774478967],[-106.751413362038,32.2755815065838],[-106.751414435872,32.2755856688979],[-106.751415513084,32.275589866371],[-106.751416585008,32.2755940674724],[-106.751417638664,32.2755982280629],[-106.751418665344,32.275602309397],[-106.751419657396,32.2756062709217],[-106.751420602934,32.2756100748062],[-106.751421494314,32.2756136823008],[-106.751422322836,32.2756170555624],[-106.751423078741,32.2756201576535],[-106.751423758758,32.2756229723536],[-106.751424379189,32.2756255690409],[-106.751424961728,32.2756280315021],[-106.751425524891,32.2756304453399],[-106.751426091422,32.2756328925331],[-106.75142667659,32.2756354469732],[-106.751427312935,32.2756382347909],[-106.751427897091,32.2756407982536],[-106.751439930758,32.2756851615005],[-106.75144495772,32.2757045494945],[-106.751449943979,32.2757238709125],[-106.751455435215,32.275745448574],[-106.751460826142,32.2757667380394],[-106.751472160869,32.2758077356231],[-106.751476502526,32.2758270118008],[-106.751480775472,32.2758453755722],[-106.751486510564,32.2758678604331],[-106.751492391649,32.2758902536265],[-106.751504457586,32.275931787613],[-106.751509847407,32.2759542224377],[-106.751515202343,32.2759759115652],[-106.751519741119,32.2759935807516],[-106.751524284226,32.2760112652521],[-106.751536339532,32.2760566493022],[-106.751541233565,32.2760752153258],[-106.751546095307,32.2760938933075],[-106.751551368462,32.2761149929436],[-106.75155649465,32.2761358135875],[-106.751569016277,32.2761839464438],[-106.751573837817,32.2762024541329],[-106.751578688516,32.2762208588943],[-106.751583859942,32.2762398666255],[-106.751589212264,32.2762593380941],[-106.751599921125,32.2763032899244],[-106.751604409568,32.276320101641],[-106.751608885528,32.2763373453962],[-106.751615014734,32.2763619904337],[-106.751621010392,32.2763860939855],[-106.751632891099,32.2764280895401],[-106.751637533007,32.2764482871166],[-106.751642301644,32.2764674001579],[-106.751647393916,32.276485522577],[-106.751652694726,32.2765043088356],[-106.75166492238,32.2765522444383],[-106.751666372498,32.2765589989939],[-106.751667574231,32.2765644071625],[-106.751668670348,32.276569142064],[-106.751669684839,32.2765733190405],[-106.751670639594,32.2765770579521],[-106.751671565072,32.2765804921525],[-106.751672489642,32.2765837613168],[-106.751673445889,32.2765869996921],[-106.751674459881,32.2765903144959],[-106.751675558693,32.2765938030209],[-106.75167678012,32.2765975814567],[-106.751678159827,32.2766017650991],[-106.751679732379,32.2766064620336],[-106.751681530204,32.2766117776486],[-106.751683587901,32.2766178263423],[-106.751686008,32.2766249134368],[-106.751689590667,32.276636078617],[-106.751692636609,32.2766453926143],[-106.751695997549,32.2766525327881],[-106.751701139846,32.2766616102877],[-106.751710085933,32.2766794026462],[-106.751718521237,32.2766942705091],[-106.751731277017,32.2767104694825],[-106.751745909668,32.2767272499102],[-106.751775397459,32.2767576425566],[-106.751790847295,32.2767732229686],[-106.75180616472,32.2767882754169],[-106.75182348115,32.276803918753],[-106.751841916139,32.2768200789147],[-106.751877979413,32.2768533755387],[-106.751893831073,32.2768688569404],[-106.75190921818,32.2768838342448],[-106.751925314679,32.2768990513273],[-106.751941496285,32.2769141075389],[-106.751971128527,32.2769406360112],[-106.751987111181,32.2769556100369],[-106.752002864466,32.2769703775452],[-106.752021217785,32.2769876950862],[-106.75203949782,32.2770050047992],[-106.752072427839,32.2770362458647],[-106.752094891038,32.2770563545346],[-106.752117634314,32.2770771998052],[-106.752131865871,32.2770907134538],[-106.752145602272,32.2771037564968],[-106.75217675756,32.2771319409847],[-106.752192839242,32.2771467648815],[-106.752208918734,32.2771617682544],[-106.752226966129,32.2771792294744],[-106.752244249423,32.2771961535186],[-106.752276053154,32.2772250650042],[-106.752296524229,32.2772442751944],[-106.752316818181,32.2772633201441],[-106.752337277786,32.2772825646437],[-106.752357751561,32.2773018749189],[-106.752380960502,32.2773239799853],[-106.752404129713,32.2773458083354],[-106.752410794201,32.2773519577346],[-106.752417580333,32.2773582202834],[-106.752424376065,32.2773644909104],[-106.752431860013,32.2773713964113],[-106.752447949773,32.27738805552],[-106.752462483323,32.2774058797033],[-106.752467011167,32.2774122756904],[-106.752439283426,32.277426442338],[-106.752435291617,32.2774208053841],[-106.752422100475,32.2774046262541],[-106.752407431789,32.2773894396314],[-106.752400573097,32.2773831097315],[-106.752393775237,32.2773768382099],[-106.752386988034,32.2773705738603],[-106.752380211511,32.2773643211921],[-106.752356872631,32.2773423329821],[-106.752333657287,32.2773202216239],[-106.752313251809,32.2773009760068],[-106.752292818883,32.2772817566492],[-106.752272536673,32.2772627233731],[-106.752252238465,32.2772436748257],[-106.752220201077,32.2772145505235],[-106.752202587987,32.2771973049229],[-106.752184797793,32.2771800906872],[-106.752168980799,32.2771653324744],[-106.752153067706,32.2771506648272],[-106.75212174812,32.2771223321805],[-106.752107752399,32.2771090421555],[-106.752093710796,32.2770957090221],[-106.752071290809,32.2770751600745],[-106.752048636639,32.2770548790032],[-106.752015413172,32.2770233622282],[-106.751997153401,32.2770060695666],[-106.751978854505,32.2769888032115],[-106.751963142839,32.2769740752165],[-106.751947405617,32.2769593319895],[-106.751917811776,32.2769328367278],[-106.751901333541,32.2769175057239],[-106.751884995872,32.2769020605253],[-106.751869435872,32.2768869161598],[-106.751853862771,32.2768717051069],[-106.751818390608,32.2768389535542],[-106.751800076169,32.2768229011328],[-106.751782130275,32.2768066876158],[-106.751766234362,32.2767910683916],[-106.751750540058,32.2767752391336],[-106.751720409566,32.2767441852685],[-106.751704815432,32.2767263011777],[-106.751690363087,32.2767079471915],[-106.751680619997,32.2766907757693],[-106.751671669618,32.2766729744072],[-106.751666364386,32.2766636098615],[-106.751661934714,32.2766542030577],[-106.751658394225,32.276643371396],[-106.751654860165,32.2766323575337],[-106.751652504808,32.2766254604731],[-106.751650438502,32.2766193901685],[-106.751648622314,32.2766140169072],[-106.751647020625,32.2766092335099],[-106.751645600978,32.276604929177],[-106.751644329868,32.276600995819],[-106.751643172716,32.2765973226448],[-106.751642096014,32.276593800663],[-106.751641067309,32.2765903199758],[-106.751640062643,32.2765867706521],[-106.751639058031,32.2765830382513],[-106.751638028437,32.2765790101408],[-106.751636951995,32.2765745709698],[-106.751635802618,32.2765696099137],[-106.751634559521,32.2765640152247],[-106.75163318677,32.2765576229078],[-106.751621146838,32.276510424275],[-106.751615921812,32.2764919046635],[-106.751610734259,32.2764734426217],[-106.751605825613,32.2764537709842],[-106.75160126746,32.2764339383258],[-106.751589445226,32.276392149061],[-106.751583358353,32.2763676725014],[-106.751577258476,32.2763431472927],[-106.751572833506,32.2763261017423],[-106.751568298464,32.2763091161513],[-106.751557610268,32.2762652517163],[-106.751552343506,32.2762460874397],[-106.751547138504,32.276226957188],[-106.75154225527,32.2762084262947],[-106.751537421836,32.276189878068],[-106.751524862232,32.2761415929456],[-106.751519707841,32.276120661484],[-106.751514473757,32.2760997159089],[-106.751509649998,32.2760811874833],[-106.75150477115,32.276062679117],[-106.751492696345,32.276017221189],[-106.751488129364,32.2759994411853],[-106.751483562399,32.275981663887],[-106.751478162944,32.2759597927598],[-106.75147288614,32.2759378318615],[-106.751460890551,32.275896540192],[-106.751454909708,32.2758737650061],[-106.75144909108,32.2758509521997],[-106.751444740961,32.2758322595559],[-106.751440508107,32.2758134636346],[-106.75142925788,32.2757727723438],[-106.751423809458,32.2757512576412],[-106.751418329054,32.2757297178132],[-106.751413360153,32.2757104630625],[-106.751408366819,32.275691204801],[-106.751396238918,32.275646497416],[-106.751395548163,32.2756434672146],[-106.751394918327,32.2756407046229],[-106.751394336454,32.2756381700104],[-106.751393781853,32.2756357687644],[-106.751393231742,32.2756334116916],[-106.751392663341,32.2756310105004],[-106.751392057023,32.2756284705738],[-106.751391388967,32.2756257072319],[-106.751390643916,32.2756226483867],[-106.751389825158,32.2756193129641],[-106.751388941403,32.2756157406113],[-106.751388004537,32.275611969159],[-106.751387021162,32.2756080409683],[-106.751386002102,32.2756039938742],[-106.751384957134,32.2755998684214],[-106.75138389603,32.2755957042528],[-106.7513828275,32.2755915410156],[-106.751381762373,32.2755874174465],[-106.751380714662,32.2755833722698],[-106.751379694129,32.2755794433247],[-106.751411130063,32.275572908126]]]}},{"type":"Feature","properties":{"id":"parking-258","category":"parking","name":"Sweet Ave"},"geometry":{"type":"Polygon","coordinates":[[[-106.75147904418,32.2755555717431],[-106.751484892668,32.2755743594449],[-106.751489433523,32.2755949199775],[-106.751494049387,32.2756152213792],[-106.751499014789,32.2756353816049],[-106.75150410654,32.275655545838],[-106.75154420489,32.2758097447644],[-106.751550111907,32.2758310610355],[-106.75155602786,32.275852457536],[-106.751562415198,32.2758771430385],[-106.751568522196,32.2759018116168],[-106.751580153998,32.2759464334729],[-106.751585171501,32.2759656375192],[-106.751590378628,32.2759847695654],[-106.751596736455,32.2760067892949],[-106.75160313432,32.276028946849],[-106.751621664167,32.2761057826727],[-106.751640788223,32.2761823717291],[-106.751658626959,32.2762501240863],[-106.751676504082,32.2763179024414],[-106.751681005191,32.276335083866],[-106.751685503052,32.2763522535791],[-106.751691436036,32.2763746104806],[-106.751697414569,32.2763969491635],[-106.751710303989,32.2764438008078],[-106.751713607317,32.2764587972817],[-106.751716870351,32.276473609035],[-106.751723025167,32.2764982711],[-106.751729961911,32.2765228515968],[-106.751736140567,32.2765445148937],[-106.751742383058,32.2765663961858],[-106.751744220271,32.2765761668141],[-106.751746304107,32.2765854206007],[-106.751749689685,32.2765954935123],[-106.751753514664,32.2766057432456],[-106.751756472513,32.2766139023133],[-106.751759364591,32.2766218767617],[-106.751764617573,32.276633704481],[-106.751770930212,32.2766451852845],[-106.751779704397,32.2766589389062],[-106.751789494729,32.2766723475881],[-106.751798490104,32.2766842416035],[-106.751808401486,32.2766953410504],[-106.751819178103,32.2767056794993],[-106.751830125474,32.2767161814065],[-106.751852920764,32.2767382097558],[-106.751859667839,32.2767447205014],[-106.751866447997,32.2767512626802],[-106.751877982249,32.2767626965741],[-106.751889578107,32.2767739435379],[-106.751905422989,32.2767885817296],[-106.751921340428,32.2768032863683],[-106.752074940674,32.2769476113541],[-106.752092102933,32.2769631966447],[-106.752109321743,32.2769788331138],[-106.752133629112,32.2770012955048],[-106.75215771018,32.277023914812],[-106.752186138505,32.2770507934307],[-106.752214585657,32.2770776178566],[-106.75223820759,32.2770995544648],[-106.752261841401,32.2771215252917],[-106.752273008319,32.2771319730766],[-106.752249053865,32.2771504517825],[-106.752237921095,32.2771400363266],[-106.752214334232,32.2771181085977],[-106.752190629072,32.2770960947564],[-106.752162084819,32.2770691796238],[-106.752133676768,32.2770423198581],[-106.752109720543,32.2770198163895],[-106.75208559671,32.2769975255188],[-106.752068473917,32.276981975243],[-106.752051123882,32.2769662193431],[-106.751897430805,32.2768218072175],[-106.751881607259,32.2768071887809],[-106.751865496698,32.2767923054352],[-106.751853527298,32.2767806965055],[-106.751842020796,32.2767692895548],[-106.751835384712,32.2767628856881],[-106.751828619502,32.2767563587798],[-106.751805862632,32.2767343672497],[-106.751794954747,32.2767239030615],[-106.751783365986,32.2767127850261],[-106.751771949593,32.2767000023797],[-106.751762132962,32.2766870230846],[-106.751751709394,32.2766727439194],[-106.751742022893,32.2766575617723],[-106.7517347795,32.2766443882732],[-106.75172873755,32.2766307834224],[-106.75172555012,32.2766219939667],[-106.751722631084,32.2766139429668],[-106.751718705895,32.2766034230737],[-106.751714794752,32.2765917902339],[-106.751712347449,32.2765809181565],[-106.751710633842,32.2765718099012],[-106.751704694432,32.2765509888885],[-106.751698506051,32.2765292931618],[-106.751691461036,32.2765043270989],[-106.751685136905,32.2764789893125],[-106.751681803093,32.2764638540731],[-106.751678632594,32.2764494595109],[-106.751665886162,32.2764031249609],[-106.751659878394,32.2763806808753],[-106.751653929157,32.2763582627107],[-106.751649421539,32.2763410551572],[-106.751644925853,32.2763238935508],[-106.751627050925,32.2762561242009],[-106.751609174243,32.2761882240855],[-106.751589989436,32.2761113935679],[-106.75157156067,32.2760349812107],[-106.751565312132,32.2760133371201],[-106.751558903448,32.275991140827],[-106.751553615084,32.2759717132932],[-106.751548562889,32.2759523768105],[-106.751536895287,32.2759076126003],[-106.751530781814,32.2758829233034],[-106.751524475825,32.2758585513223],[-106.751518617272,32.2758373602157],[-106.751512659353,32.2758158592647],[-106.75147249058,32.2756613927563],[-106.75146736192,32.2756410789603],[-106.75146232813,32.2756206430368],[-106.751457649162,32.275600061407],[-106.751453309732,32.2755804154579],[-106.751447763832,32.2755625996565],[-106.75147904418,32.2755555717431]]]}},{"type":"Feature","properties":{"id":"parking-259","category":"parking","name":"Standley Dr"},"geometry":{"type":"Polygon","coordinates":[[[-106.752070909571,32.2754467786121],[-106.752071585295,32.2754495816016],[-106.752079873576,32.2754809386715],[-106.752088285461,32.2755127642146],[-106.752097943642,32.2755540380625],[-106.752103010852,32.2755716510163],[-106.752108120308,32.2755899952075],[-106.752114174426,32.2756140985059],[-106.752119915362,32.2756378116434],[-106.752130087187,32.2756763553298],[-106.752135374077,32.27570050677],[-106.752140990074,32.2757238912252],[-106.752146309864,32.2757434151083],[-106.752151743412,32.2757633551964],[-106.752203431107,32.2759646108858],[-106.752206993015,32.2759773967709],[-106.752210598698,32.2759904205719],[-106.752213257686,32.2760002077671],[-106.752215940838,32.2760101418686],[-106.752226056813,32.2760508646518],[-106.752231843984,32.276072939827],[-106.752237682534,32.2760950914554],[-106.752242981506,32.2761148751503],[-106.752248395829,32.2761349785453],[-106.752259010554,32.2761799010907],[-106.752263370714,32.2761971074049],[-106.752267791873,32.2762145948556],[-106.752272679382,32.276235223421],[-106.752277178199,32.2762550517817],[-106.75229076093,32.2762993690977],[-106.752294555461,32.2763204592502],[-106.752299204737,32.276339271521],[-106.752305542927,32.2763573068889],[-106.752312308178,32.2763765544566],[-106.752315424968,32.2763865788199],[-106.752318138667,32.2763953097207],[-106.752321173585,32.2764024205115],[-106.752325354785,32.2764106495541],[-106.752335151408,32.2764319322771],[-106.75234497896,32.276451313763],[-106.75235456316,32.2764652553164],[-106.75236461224,32.2764784104047],[-106.752369287854,32.2764827360483],[-106.752375791329,32.276489345136],[-106.752384864387,32.2765002999681],[-106.752393213946,32.2765105722667],[-106.75240578212,32.2765260369052],[-106.752417304993,32.2765402142425],[-106.752434615485,32.276556118155],[-106.752456633426,32.2765728763336],[-106.752460969124,32.276577353936],[-106.752463279336,32.2765797094121],[-106.752465022339,32.2765814268268],[-106.752466483132,32.2765827891311],[-106.752468053333,32.276584163626],[-106.752470125459,32.2765858878479],[-106.752472985321,32.2765881996516],[-106.75247776645,32.2765920216353],[-106.752486268522,32.27660030112],[-106.752494447208,32.2766082662411],[-106.752504536058,32.2766193856697],[-106.752513616259,32.2766316310202],[-106.752523197469,32.2766479101837],[-106.752530590088,32.2766642539701],[-106.752536433417,32.2766785873701],[-106.752541593514,32.2766931886343],[-106.752544636529,32.2767033034705],[-106.752547654672,32.2767133354348],[-106.752560222497,32.2767618431732],[-106.752567720687,32.2767902073801],[-106.752575262274,32.2768187400609],[-106.75258370731,32.2768524800717],[-106.752591888284,32.2768860750317],[-106.752598192504,32.276911216244],[-106.752604514086,32.2769364250259],[-106.75261162488,32.2769647979858],[-106.752618700989,32.2769930403141],[-106.752624156057,32.2770135773201],[-106.752626198556,32.2770212845719],[-106.752594632074,32.2770273209652],[-106.752592589578,32.2770196137129],[-106.752587095476,32.2769989271527],[-106.752579977076,32.2769705217549],[-106.752572867353,32.2769421487889],[-106.752566546866,32.2769169445103],[-106.752560222042,32.2768917231133],[-106.752552039988,32.2768581227443],[-106.752543651416,32.2768246097745],[-106.752536149961,32.2767962302477],[-106.752528637667,32.276767809278],[-106.752516170754,32.2767196952461],[-106.752513287779,32.2767101109658],[-106.75251041022,32.2767005465047],[-106.752505638334,32.2766870412538],[-106.752500192113,32.2766736847865],[-106.752493556057,32.2766590127353],[-106.752485389362,32.2766451358981],[-106.75247797547,32.2766351376549],[-106.752469419287,32.2766257085181],[-106.752461885248,32.2766183712283],[-106.752454432319,32.2766111120769],[-106.75245074838,32.2766081677426],[-106.752447653924,32.2766056656782],[-106.752445118961,32.2766035573027],[-106.752442906595,32.2766016198984],[-106.752440803438,32.2765996586113],[-106.752438596134,32.2765974839985],[-106.752436047856,32.2765948859678],[-106.752433208995,32.2765919545045],[-106.75241189144,32.2765757292383],[-106.752391986081,32.2765574412164],[-106.752379156048,32.2765416547537],[-106.752366587875,32.2765261901126],[-106.752358320619,32.2765160193946],[-106.752350103572,32.2765060982905],[-106.752344947333,32.27650085737],[-106.75233894651,32.2764953077664],[-106.752327006945,32.2764796773848],[-106.752316043334,32.2764637292742],[-106.752305217686,32.2764423793958],[-106.752295425359,32.2764211047701],[-106.752291084253,32.2764125607127],[-106.752287225553,32.2764035214211],[-106.752284141168,32.276393597936],[-106.752281156235,32.2763839987237],[-106.752274539798,32.2763651708276],[-106.752267815535,32.2763460394343],[-106.752262705896,32.2763253639541],[-106.75225902854,32.2763049235731],[-106.752245603655,32.2762611223896],[-106.752240932943,32.2762405362502],[-106.752236113892,32.2762201932997],[-106.752231736165,32.2762028806353],[-106.752227331518,32.2761854986349],[-106.752216758106,32.2761407499809],[-106.752211435918,32.2761209907273],[-106.752206120682,32.2761011439657],[-106.752200265873,32.2760789301724],[-106.752194435339,32.2760566901285],[-106.752184340023,32.2760160538388],[-106.752181726208,32.2760063728824],[-106.752179086734,32.2759966586594],[-106.752175501637,32.2759837096297],[-106.752171879089,32.2759707066374],[-106.752120174113,32.2757693851681],[-106.752114787151,32.2757496144424],[-106.752109372016,32.275729739213],[-106.752103614789,32.2757057673074],[-106.752098385603,32.2756818762729],[-106.752088279955,32.2756435884481],[-106.752082505349,32.2756197356553],[-106.75207655109,32.275596029677],[-106.752071552087,32.2755780791568],[-106.752066345288,32.2755599842634],[-106.752056628397,32.2755184563229],[-106.752048303268,32.275486961414],[-106.752039947777,32.2754553493838],[-106.752039211208,32.2754522923125],[-106.752070909571,32.2754467786121]]]}},{"type":"Feature","properties":{"id":"parking-260","category":"parking","name":"Standley Dr"},"geometry":{"type":"Polygon","coordinates":[[[-106.752109937415,32.2754394338548],[-106.752141621656,32.2754338633758],[-106.752146723137,32.2754548067482],[-106.752151565759,32.2754742369323],[-106.752156412509,32.2754936454552],[-106.752162098249,32.2755150464504],[-106.752167994026,32.2755364195545],[-106.75217866233,32.2755735534654],[-106.752184816713,32.2755967770516],[-106.752190766486,32.2756200492494],[-106.752195624555,32.2756413164515],[-106.752200272908,32.2756624762646],[-106.752209474259,32.2756986627428],[-106.752214055891,32.2757171524233],[-106.752218627752,32.2757356024606],[-106.752224305789,32.2757575265595],[-106.752230144101,32.2757794464132],[-106.752240991477,32.2758201707975],[-106.752245935246,32.2758400334656],[-106.752250870352,32.2758598646028],[-106.752256090267,32.2758811006014],[-106.752261260044,32.2759022917062],[-106.752308146345,32.2760798016217],[-106.752322667204,32.2761360115928],[-106.752337252647,32.2761921870343],[-106.752355135842,32.2762600148689],[-106.752373132015,32.2763279198103],[-106.752377412584,32.2763468589028],[-106.752381631105,32.2763655186665],[-106.752387395321,32.2763838034219],[-106.7523957621,32.2764014393097],[-106.75240119816,32.2764114174686],[-106.752406609558,32.2764213506326],[-106.7524118442,32.2764294528291],[-106.752417339647,32.2764373005662],[-106.752426400673,32.2764476133215],[-106.752436204126,32.2764579970747],[-106.752443147184,32.2764661637199],[-106.752449953477,32.2764741694763],[-106.75245997726,32.2764854289555],[-106.75247064183,32.2764962304469],[-106.752485021172,32.2765099851667],[-106.75249939411,32.2765237326954],[-106.752539468945,32.2765596862721],[-106.752546276145,32.2765668911712],[-106.752552914673,32.2765739244865],[-106.75255786189,32.2765791815617],[-106.752563117752,32.2765847747027],[-106.752570600938,32.2765959802508],[-106.75257785719,32.2766068439961],[-106.75258369692,32.2766159033524],[-106.752589243506,32.2766253201082],[-106.752596562981,32.2766411032272],[-106.752602232408,32.2766572031509],[-106.752608087502,32.2766750158626],[-106.752613972829,32.2766929204429],[-106.752663126288,32.276879981754],[-106.752673748493,32.2769233196661],[-106.7526843566,32.2769666017179],[-106.752689979287,32.2769888488754],[-106.752695656014,32.2770072277557],[-106.752664359055,32.2770142037297],[-106.752658497502,32.2769952258491],[-106.752652700104,32.2769722885637],[-106.752642071379,32.2769289227186],[-106.752631496966,32.2768857785127],[-106.752582579947,32.2766996163008],[-106.752576923527,32.2766824097467],[-106.752571148336,32.2766648402169],[-106.752565956665,32.2766500965862],[-106.752559665333,32.2766365297445],[-106.752555029612,32.2766286605558],[-106.752549594623,32.2766202299852],[-106.752542459322,32.2766095461283],[-106.752536237071,32.2766002285576],[-106.752532575479,32.2765963317764],[-106.752527657089,32.2765911043469],[-106.752521033518,32.276584088106],[-106.752515064541,32.2765777709044],[-106.752475544463,32.2765423147413],[-106.752460828957,32.2765282393952],[-106.752446144398,32.2765141927837],[-106.752434663167,32.2765025630276],[-106.752423932251,32.2764905091186],[-106.752416917602,32.2764822579828],[-106.752410453227,32.2764746539941],[-106.752400808879,32.2764644391549],[-106.752390398638,32.2764525913943],[-106.75238374869,32.2764430969494],[-106.75237771102,32.2764337506787],[-106.752371835261,32.276422963499],[-106.75236605604,32.276412357208],[-106.752356649593,32.2763925294335],[-106.752350075049,32.2763716749034],[-106.752345637801,32.2763520429057],[-106.752341453015,32.2763335318129],[-106.752323566346,32.2762660376778],[-106.752305666926,32.2761981512825],[-106.752291066323,32.2761419181789],[-106.752276559551,32.2760857568483],[-106.752229631043,32.2759080901657],[-106.752224412401,32.2758866990417],[-106.75221920553,32.2758655171013],[-106.752214279102,32.2758457183952],[-106.752209383109,32.2758260485332],[-106.752198586682,32.2757855133334],[-106.752192725644,32.2757635133033],[-106.752186996609,32.2757413873899],[-106.752182394355,32.2757228148197],[-106.752177830111,32.2757043972175],[-106.752168549571,32.2756679008131],[-106.752163839148,32.2756464562591],[-106.752159071384,32.2756255864153],[-106.752153223603,32.2756027133329],[-106.752147160284,32.2755798320886],[-106.75213652554,32.2755428143811],[-106.752130565859,32.2755212088506],[-106.752124804254,32.2754995240707],[-106.75211991409,32.2754799416609],[-106.752115054088,32.2754604384942],[-106.752109937415,32.2754394338548]]]}},{"type":"Feature","properties":{"id":"parking-261","category":"parking","name":"Poe Dr"},"geometry":{"type":"Polygon","coordinates":[[[-106.752760324049,32.2753180367633],[-106.752791888847,32.2753119967298],[-106.752794164383,32.2753205796579],[-106.752801156293,32.2753483903297],[-106.752808003705,32.275376177226],[-106.752844812106,32.2755203430521],[-106.75288172041,32.2756645084657],[-106.752893462304,32.2757103102905],[-106.752905204214,32.2757561130158],[-106.752942503278,32.275901608891],[-106.752979790448,32.2760470434724],[-106.752983471165,32.2760599857846],[-106.752987404753,32.2760729676731],[-106.752992190563,32.2760893741235],[-106.752996869697,32.276105301211],[-106.75300498737,32.2761210621894],[-106.753015902541,32.2761364900623],[-106.753025328517,32.2761509868369],[-106.753034983505,32.2761652391973],[-106.753039160418,32.276171335343],[-106.753044050775,32.2761760984086],[-106.753049068323,32.276179287228],[-106.753055555979,32.2761834099257],[-106.753065886129,32.2761968930164],[-106.75307471665,32.2762102477032],[-106.753081811431,32.276223970948],[-106.753088868673,32.2762376239971],[-106.753093567197,32.2762487892015],[-106.753098213781,32.2762599681404],[-106.753105482643,32.2762823421985],[-106.753111605027,32.2763049093113],[-106.753114869142,32.2763192998562],[-106.753118085411,32.2763334840665],[-106.753122280448,32.2763486311675],[-106.753126611174,32.2763639355527],[-106.753149275999,32.2764530604969],[-106.753155791202,32.2764785155895],[-106.753162275734,32.2765039906447],[-106.753167934472,32.2765265992827],[-106.753173547269,32.276549153992],[-106.753186709193,32.2765975375498],[-106.753191254452,32.2766147782646],[-106.75319579753,32.2766320081656],[-106.75320375294,32.276662589079],[-106.753211286359,32.2766932618588],[-106.753217632046,32.2767203093989],[-106.75322394618,32.2767472172766],[-106.753237030624,32.2767927088829],[-106.753242704431,32.2768086184677],[-106.75324839655,32.2768245757775],[-106.753256058739,32.276843572609],[-106.753265134537,32.2768621119769],[-106.753272218139,32.2768751417262],[-106.753279602001,32.276888141419],[-106.753287765489,32.2769021805504],[-106.75329607488,32.2769161117789],[-106.753306054824,32.276931900486],[-106.753316654886,32.2769473331933],[-106.753324188641,32.2769572930304],[-106.753332125297,32.2769671628793],[-106.753343941559,32.2769817601274],[-106.753356480158,32.276995672692],[-106.753371157687,32.2770099446874],[-106.75338616849,32.2770242054322],[-106.753405137527,32.2770422436049],[-106.753424097086,32.2770602944383],[-106.753455013828,32.2770898116014],[-106.753468679332,32.2771028619968],[-106.753444504234,32.277121132577],[-106.753430840869,32.2771080848761],[-106.753399939065,32.2770785811755],[-106.753381008318,32.2770605572793],[-106.753362048891,32.2770425289852],[-106.753346914291,32.2770281496859],[-106.75333142562,32.2770130899926],[-106.753317748418,32.2769979148552],[-106.753305435132,32.2769827027158],[-106.753297215211,32.2769724795646],[-106.753289058019,32.2769616970119],[-106.753277820125,32.2769453334229],[-106.753267386125,32.2769288286453],[-106.753258828149,32.2769144799442],[-106.753250525339,32.2769002014724],[-106.753242958168,32.2768868787418],[-106.753235498138,32.2768731569634],[-106.753225785649,32.2768533160462],[-106.753217598247,32.2768330199269],[-106.753211738975,32.2768165889053],[-106.753205808562,32.2767999624639],[-106.753192349644,32.2767531691641],[-106.753185900696,32.276725683732],[-106.753179582219,32.2766987560288],[-106.75317211723,32.2766683625498],[-106.75316421387,32.2766379780317],[-106.753159681622,32.2766207859644],[-106.753155159164,32.276603636245],[-106.753141952846,32.2765550923303],[-106.753136281425,32.276532300665],[-106.753130638955,32.276509753287],[-106.753124170703,32.2764843412952],[-106.753117653371,32.2764588835038],[-106.753095063439,32.2763700513588],[-106.753090802011,32.2763549920015],[-106.753086439065,32.2763392341097],[-106.753083096631,32.2763245011706],[-106.75307994349,32.2763105980871],[-106.753074109327,32.276289088604],[-106.753067326441,32.2762682123955],[-106.75306307793,32.2762579923468],[-106.753058784935,32.2762477905123],[-106.753052185876,32.276235023965],[-106.753045730603,32.2762225355183],[-106.753038193248,32.2762111372163],[-106.753031573441,32.2762024967435],[-106.753029688932,32.2762012993694],[-106.753021923983,32.2761963646759],[-106.753012748437,32.276187429554],[-106.753006979098,32.2761790093529],[-106.75299714323,32.2761644889575],[-106.752987866075,32.2761502206597],[-106.752976180579,32.276133704606],[-106.752966136761,32.2761142013777],[-106.75296079121,32.2760960087742],[-106.752956033548,32.2760797005128],[-106.752952077239,32.2760666402523],[-106.752948253642,32.2760531979778],[-106.752910888406,32.2759074588704],[-106.75287358939,32.2757619629855],[-106.75286184749,32.2757161593554],[-106.752850103449,32.2756703503212],[-106.752813191928,32.2755261704813],[-106.752776358622,32.2753819073445],[-106.752769501431,32.2753540780981],[-106.752762559485,32.2753264710452],[-106.752760324049,32.2753180367633]]]}},{"type":"Feature","properties":{"id":"parking-262","category":"parking","name":"Wooten Dr"},"geometry":{"type":"Polygon","coordinates":[[[-106.75333632242,32.2752098005074],[-106.753368057579,32.2752044441604],[-106.753372059637,32.2752215562685],[-106.753376360538,32.2752389593869],[-106.75338061718,32.2752550757322],[-106.753384896578,32.2752712758592],[-106.753396088936,32.2753124911835],[-106.75340108891,32.2753309575086],[-106.753406050177,32.2753495267994],[-106.753411841312,32.2753720843989],[-106.753417511556,32.2753944720291],[-106.753427580858,32.2754326182992],[-106.753432629487,32.2754522036327],[-106.753437646671,32.2754716691442],[-106.753443621263,32.2754941890344],[-106.753449702912,32.275516679638],[-106.753461651509,32.2755594963424],[-106.753465824666,32.2755787505753],[-106.753469975459,32.2755972229876],[-106.753475449455,32.2756192461446],[-106.753481077994,32.27564118842],[-106.75349292609,32.275682524673],[-106.753497241312,32.2757027045445],[-106.753501354928,32.2757219391722],[-106.753506603174,32.2757430640766],[-106.753512347263,32.2757642059428],[-106.753524392602,32.2758049227319],[-106.753528738591,32.2758233673074],[-106.753533115657,32.2758410956849],[-106.75353935073,32.2758646399411],[-106.753545674391,32.2758884625173],[-106.753555622378,32.275927879973],[-106.753559791541,32.2759464046155],[-106.753564099859,32.2759641765547],[-106.753570483647,32.2759858136915],[-106.753577324117,32.2760076807839],[-106.753580558633,32.2760174710657],[-106.753583997105,32.2760269015953],[-106.753588686533,32.2760381407698],[-106.753593556701,32.2760498139182],[-106.753600769164,32.2760671485993],[-106.75360805207,32.2760841673493],[-106.753617743276,32.2761051518783],[-106.753627783053,32.2761263965547],[-106.753632184702,32.2761358872736],[-106.753636825501,32.2761460083381],[-106.753640642489,32.2761563139608],[-106.753643685707,32.2761658705209],[-106.753650612423,32.2761862419868],[-106.753657717202,32.2762071385243],[-106.753661916893,32.2762211916369],[-106.753665428785,32.2762350689247],[-106.753669261515,32.2762505276907],[-106.753673114909,32.276266075658],[-106.753680944225,32.2762997495106],[-106.753685308248,32.2763158762364],[-106.7536897698,32.2763323624136],[-106.753694564128,32.2763502848224],[-106.75369924712,32.2763682302215],[-106.753704555211,32.276388835407],[-106.753709797141,32.2764091856308],[-106.753719949228,32.2764449804005],[-106.753726627604,32.2764720797978],[-106.753733278274,32.2764987752736],[-106.753739460099,32.2765228473152],[-106.753745732787,32.2765470326279],[-106.753756166794,32.2765883095555],[-106.753762617128,32.2766129432829],[-106.753769085925,32.2766376517903],[-106.753776040406,32.2766641873243],[-106.753782996944,32.2766907102237],[-106.753793945843,32.2767321789923],[-106.753799253352,32.2767551677808],[-106.75380458056,32.2767776866234],[-106.753811642638,32.2768054392315],[-106.753818867959,32.2768331478987],[-106.753830295918,32.2768738950706],[-106.753836136043,32.2768983643838],[-106.753842033201,32.2769222039735],[-106.753849306473,32.2769487896361],[-106.753856925905,32.2769757743413],[-106.753867460022,32.2770167072497],[-106.753873438339,32.2770417829584],[-106.753879619485,32.2770664862927],[-106.753886648768,32.277092714889],[-106.753893714941,32.2771190867326],[-106.753895820809,32.2771269073442],[-106.753864279309,32.277133036846],[-106.753862170184,32.2771252027191],[-106.753855098637,32.2770988173672],[-106.753848018403,32.2770723959752],[-106.753841756922,32.2770473691935],[-106.753835797093,32.2770223718709],[-106.753825385585,32.2769819164545],[-106.753817815961,32.2769551065088],[-106.753810439757,32.2769281424754],[-106.753804448149,32.2769039226777],[-106.753798693887,32.2768798137629],[-106.753787333083,32.2768393062141],[-106.753780034031,32.2768113164599],[-106.753772904681,32.2767832989726],[-106.753767516599,32.2767605206369],[-106.753762277645,32.2767378336954],[-106.753751419823,32.2766967072661],[-106.753744458943,32.2766701654433],[-106.753737503384,32.2766436254025],[-106.753731032442,32.2766189114909],[-106.753724557158,32.2765941795591],[-106.753714115584,32.2765528756033],[-106.753707854825,32.2765287344324],[-106.753701643728,32.2765045506758],[-106.7536949659,32.2764777416727],[-106.753688378782,32.2764510179838],[-106.753678261348,32.2764153448239],[-106.753672946737,32.2763947117058],[-106.753667648411,32.2763741434561],[-106.753662993617,32.2763563052643],[-106.753658227478,32.276338488259],[-106.75365377567,32.2763220354105],[-106.75364929896,32.2763054942791],[-106.753641412013,32.2762715708401],[-106.753637599899,32.2762561922563],[-106.753633781293,32.2762407911517],[-106.753630408333,32.276227465245],[-106.753626485512,32.2762143363319],[-106.753619526429,32.276193870299],[-106.753612524171,32.2761732745704],[-106.753609580351,32.2761640314592],[-106.753606284933,32.2761551324554],[-106.753602057826,32.2761459143021],[-106.753597718481,32.2761365559065],[-106.753587669056,32.2761152932291],[-106.753577782305,32.2760938838014],[-106.753570311204,32.276076425694],[-106.753563050339,32.2760589757665],[-106.753558188786,32.2760473242271],[-106.753553283109,32.2760355637389],[-106.753549523439,32.2760252542773],[-106.753546110793,32.2760149253948],[-106.753539154688,32.275992686295],[-106.753532548052,32.2759702933877],[-106.75352805506,32.2759517583113],[-106.753523909859,32.2759333426967],[-106.753514073669,32.2758943676043],[-106.753507787961,32.2758706882704],[-106.753501496541,32.2758469350065],[-106.75349704022,32.2758288867849],[-106.753492820319,32.2758109747026],[-106.753480890734,32.2757706479528],[-106.753475006885,32.2757489943879],[-106.753469601212,32.275727234301],[-106.753465406938,32.2757076176067],[-106.753461262806,32.2756882379005],[-106.753449547866,32.2756473673736],[-106.753443813024,32.2756250124702],[-106.753438252185,32.2756026406395],[-106.753434023025,32.2755838168145],[-106.753429978433,32.2755651590971],[-106.75341819444,32.2755229279401],[-106.753412072699,32.2755002886885],[-106.753406060204,32.2754776318657],[-106.753401022399,32.2754580834643],[-106.753395992196,32.2754385656954],[-106.7533859099,32.2754003707742],[-106.75338021906,32.2753779047632],[-106.753374466979,32.2753554976166],[-106.753369546898,32.2753370805741],[-106.753364556698,32.2753186529885],[-106.753353347026,32.2752773755024],[-106.753349047016,32.2752610942893],[-106.753344741589,32.2752447932568],[-106.753340358186,32.2752270585829],[-106.75333632242,32.2752098005074]]]}},{"type":"Feature","properties":{"id":"parking-263","category":"parking","name":"Wooten Dr"},"geometry":{"type":"Polygon","coordinates":[[[-106.753437150928,32.2751906589495],[-106.753441375547,32.2752071262427],[-106.753447473992,32.2752278563567],[-106.753453418467,32.2752487701609],[-106.753458661492,32.2752693413499],[-106.753463687609,32.2752898484697],[-106.753539474616,32.2755795968991],[-106.753545013558,32.2756003066912],[-106.753550429704,32.2756210782989],[-106.753555781337,32.2756424697387],[-106.753561114667,32.2756638143548],[-106.753634625028,32.2759458338559],[-106.75363710814,32.2759575769463],[-106.753639526917,32.2759690118582],[-106.753643652168,32.2759826594335],[-106.753649103825,32.2759962088277],[-106.753656748547,32.2760149243278],[-106.753664354554,32.2760335488943],[-106.753677722528,32.2760625155161],[-106.753691191522,32.27609170359],[-106.753701291996,32.276117013587],[-106.753707465514,32.2761367071523],[-106.753741137735,32.2762513007022],[-106.753767897244,32.2763457436812],[-106.75377455559,32.2763703702663],[-106.753781203299,32.276394992384],[-106.75378818983,32.2764219516632],[-106.753795011162,32.2764489837493],[-106.753803037436,32.276484861846],[-106.753810294504,32.2765123656673],[-106.753817579754,32.2765399739909],[-106.753823751075,32.2765640614016],[-106.753829801412,32.2765881547056],[-106.753839605197,32.2766271822049],[-106.753846806694,32.2766546149984],[-106.753854219193,32.2766820018567],[-106.753861372387,32.2767072243921],[-106.753868569727,32.276732558581],[-106.753877626339,32.2767694985544],[-106.75388364175,32.2767939897128],[-106.753889648502,32.2768184502423],[-106.753896541208,32.2768449400205],[-106.753903684263,32.2768713963325],[-106.753915039601,32.2769120572077],[-106.753920890693,32.276936777189],[-106.753926798382,32.2769613652731],[-106.753933554386,32.2769882785646],[-106.753940360367,32.2770150139905],[-106.753952944658,32.2770519579171],[-106.753954483658,32.2770616999397],[-106.75395593245,32.2770708705455],[-106.753960735845,32.2770915679169],[-106.753966318692,32.2771125038752],[-106.753967219815,32.2771172765097],[-106.753935272549,32.2771216318936],[-106.753934534384,32.2771177243905],[-106.753929078378,32.2770972641048],[-106.753923995501,32.2770753611637],[-106.753922414715,32.2770653568672],[-106.753921194755,32.2770576373365],[-106.75390897087,32.2770217480423],[-106.753901918603,32.2769940504149],[-106.753895124586,32.2769669803504],[-106.753889178878,32.2769422345917],[-106.753883428882,32.2769179416854],[-106.75387217428,32.2768776420497],[-106.753864974891,32.2768509794356],[-106.753858012785,32.2768242238849],[-106.753851966942,32.2767996038813],[-106.753845952601,32.276775112717],[-106.753836997024,32.276738588094],[-106.753829918784,32.2767136736932],[-106.75382272337,32.2766883016163],[-106.753815249111,32.2766606868328],[-106.753807992313,32.2766330423219],[-106.753798158136,32.2765938913871],[-106.753792120848,32.2765698530426],[-106.753785985334,32.2765459043734],[-106.753778721782,32.2765183789322],[-106.753771348711,32.2764904363678],[-106.753763294147,32.2764544312201],[-106.753756571571,32.2764277874384],[-106.753749634947,32.2764010209557],[-106.753743018679,32.2763765159522],[-106.75373640044,32.2763520380117],[-106.753709711352,32.276257846363],[-106.75367613329,32.276143572588],[-106.753670303397,32.2761249725044],[-106.753660790697,32.2761011383035],[-106.75364759784,32.2760725488596],[-106.753633996714,32.2760430754192],[-106.753626179802,32.2760239358301],[-106.753618511398,32.2760051599983],[-106.753612628125,32.2759905364091],[-106.753607890879,32.2759748693112],[-106.753605261718,32.2759624377843],[-106.753602894138,32.2759512380521],[-106.75352949235,32.2756696392662],[-106.753524130774,32.2756481766183],[-106.753518809554,32.2756269086101],[-106.753513443286,32.2756063252903],[-106.753507905458,32.275585623609],[-106.75343205457,32.2752956319137],[-106.753427011072,32.2752750518116],[-106.753421876558,32.2752549058649],[-106.753416052259,32.2752344154527],[-106.753409866189,32.275213387172],[-106.753405537418,32.2751965126538],[-106.753437150928,32.2751906589495]]]}},{"type":"Feature","properties":{"id":"parking-264","category":"parking","name":"Poe Dr"},"geometry":{"type":"Polygon","coordinates":[[[-106.753318539931,32.277048976606],[-106.753325755008,32.2770562059902],[-106.753342885881,32.2770733703845],[-106.753360569388,32.2770904532103],[-106.753378422624,32.2771077049061],[-106.753393565306,32.2771223908002],[-106.753408310994,32.2771366976915],[-106.753413083845,32.2771409309186],[-106.753414065491,32.2771418360767],[-106.753390267061,32.2771604604765],[-106.753389498816,32.2771597519741],[-106.753384444326,32.2771552682509],[-106.753369225833,32.2771405032946],[-106.753354102365,32.27712583626],[-106.753336272603,32.2771086061119],[-106.753318395926,32.2770913373683],[-106.753301077171,32.2770739834278],[-106.7532938621,32.277066754944],[-106.753318539931,32.277048976606]]]}},{"type":"Feature","properties":{"id":"parking-265","category":"parking","name":"Wimberly St"},"geometry":{"type":"Polygon","coordinates":[[[-106.752442080936,32.2772190809235],[-106.7524424161,32.2772188351871],[-106.752455858691,32.2772095728512],[-106.752469298571,32.2772005891983],[-106.752483774559,32.2771912235437],[-106.752499376587,32.277181998606],[-106.752514725259,32.2771743799786],[-106.75252995763,32.2771680027664],[-106.752544243463,32.2771622732443],[-106.752559297128,32.2771569861821],[-106.752567943314,32.277154425676],[-106.752576397668,32.2771519218477],[-106.752584023782,32.2771499570176],[-106.752592331204,32.277148144595],[-106.752602067893,32.2771467882342],[-106.752609122472,32.2771459042972],[-106.752637395962,32.2771392839774],[-106.752658532162,32.2771354896171],[-106.752678933424,32.2771318280459],[-106.752699290402,32.2771282216609],[-106.752719489892,32.2771245473585],[-106.752739420296,32.2771207812328],[-106.752759575512,32.2771169718218],[-106.752811861152,32.2771075530062],[-106.752833240205,32.2771044863498],[-106.752853461689,32.2771011447234],[-106.752879652318,32.2770958664881],[-106.752906610365,32.2770903786664],[-106.752916581106,32.2770885388563],[-106.752953699397,32.2770816956577],[-106.75297826423,32.2770772851495],[-106.753002738823,32.2770728740942],[-106.753028677844,32.2770681731164],[-106.75305455429,32.2770634832048],[-106.753104368145,32.2770541868463],[-106.753127015295,32.2770496910575],[-106.753150095091,32.2770451096683],[-106.753174957885,32.2770406411179],[-106.753196390314,32.277037056522],[-106.753202641116,32.2770640268797],[-106.753181432468,32.2770675745109],[-106.753157124314,32.2770719425505],[-106.753134377484,32.2770764585826],[-106.753111521427,32.2770809957886],[-106.753061401079,32.2770903492859],[-106.753035428119,32.2770950567186],[-106.75300947106,32.2770997604752],[-106.752984956161,32.2771041789073],[-106.752960476166,32.2771085746492],[-106.752923448006,32.2771154012575],[-106.752913814496,32.277117178399],[-106.75288715547,32.2771226055091],[-106.752860287241,32.2771280199186],[-106.75283902318,32.2771315343444],[-106.752817913545,32.2771345620513],[-106.752766444492,32.2771438342233],[-106.752746445153,32.2771476132537],[-106.75272638961,32.2771514033269],[-106.752705980132,32.2771551154425],[-106.752685580731,32.2771587301141],[-106.752665221886,32.2771623843027],[-106.752645045451,32.2771660061971],[-106.752615808229,32.2771728522108],[-106.75260704676,32.2771739503681],[-106.752598985001,32.2771750727958],[-106.752592747273,32.277176433269],[-106.752586423985,32.2771780637374],[-106.752578593872,32.2771803820053],[-106.752570811454,32.277182686555],[-106.752557338589,32.2771874180976],[-106.752544016654,32.2771927613986],[-106.75253005841,32.2771986050547],[-106.752516808033,32.2772051827094],[-106.752502827046,32.277213448839],[-106.752489106328,32.277222326292],[-106.752476053553,32.2772310504759],[-106.752463191558,32.2772399127853],[-106.752442080936,32.2772190809235]]]}},{"type":"Feature","properties":{"id":"parking-266","category":"parking","name":"Wimberly St"},"geometry":{"type":"Polygon","coordinates":[[[-106.752787507597,32.2770503875012],[-106.752801756949,32.2770476730009],[-106.752823871168,32.2770435554621],[-106.752851227422,32.2770386685069],[-106.752878554094,32.2770338078173],[-106.752920314507,32.2770263680543],[-106.752929333235,32.2770247611057],[-106.752955973029,32.2770197020209],[-106.752982704452,32.2770147038917],[-106.753002928678,32.2770110943792],[-106.753023121395,32.2770075463152],[-106.753073169409,32.2769985583731],[-106.753084739554,32.2769966517543],[-106.753096170755,32.2769947673324],[-106.753125131302,32.276989548357],[-106.753154105144,32.2769840461391],[-106.753169998675,32.2769813006966],[-106.753174528114,32.2769804809002],[-106.753181275242,32.2770073645073],[-106.753176595211,32.2770082119596],[-106.75316085864,32.2770109306238],[-106.753132018405,32.277016407059],[-106.753102610315,32.2770217071823],[-106.753090902291,32.2770236368984],[-106.753079597296,32.2770255000744],[-106.753029744398,32.2770344520695],[-106.753009531531,32.2770380047241],[-106.752989507733,32.2770415773652],[-106.752962979916,32.2770465377088],[-106.752936183169,32.2770516271815],[-106.752926954451,32.277053271041],[-106.752885194027,32.2770607108064],[-106.752857857803,32.2770655733391],[-106.752830663804,32.2770704316923],[-106.752808760618,32.277074510514],[-106.752794585491,32.27707721029],[-106.752787507597,32.2770503875012]]]}},{"type":"Feature","properties":{"id":"parking-267","category":"parking","name":"Wimberly St"},"geometry":{"type":"Polygon","coordinates":[[[-106.752568825063,32.2770923546133],[-106.752578357376,32.277118622926],[-106.752573125013,32.2771199929251],[-106.752554855028,32.2771245523638],[-106.752540064324,32.2771290122787],[-106.752525232532,32.277133914265],[-106.752510036224,32.2771395148349],[-106.75249561379,32.2771456913155],[-106.752482301622,32.2771524207243],[-106.752469010332,32.2771600491993],[-106.752454517589,32.2771688783143],[-106.752440525918,32.2771780950361],[-106.752426933735,32.2771877583898],[-106.752413305474,32.2771976175882],[-106.752391785728,32.2771770912709],[-106.75239203521,32.2771769008887],[-106.752406061032,32.2771667533206],[-106.752420223172,32.2771566854739],[-106.752435169975,32.277146839968],[-106.752450521825,32.277137487066],[-106.752464957048,32.2771292010978],[-106.752480039231,32.2771215772218],[-106.752496303389,32.2771146124075],[-106.75251292355,32.2771084867045],[-106.752528785314,32.2771032451308],[-106.752544876401,32.2770983931463],[-106.752563798348,32.2770936705842],[-106.752568825063,32.2770923546133]]]}},{"type":"Feature","properties":{"id":"parking-268","category":"parking","name":"Sweet Ave"},"geometry":{"type":"Polygon","coordinates":[[[-106.752419344687,32.2773175873449],[-106.752442422186,32.2772983193643],[-106.752449169852,32.2773041518791],[-106.752461438316,32.2773152951047],[-106.752473550459,32.2773265814443],[-106.752496189991,32.2773482215932],[-106.752518842346,32.2773698752146],[-106.752519295902,32.2773703081046],[-106.752519716386,32.2773707113649],[-106.752533767655,32.2773850084955],[-106.752538278194,32.2773898055578],[-106.752512995829,32.2774069602611],[-106.752508705262,32.2774023968053],[-106.75249519632,32.2773886521556],[-106.752495105601,32.2773885641347],[-106.752494655244,32.2773881339375],[-106.752472003961,32.2773664821112],[-106.75244950103,32.2773449721838],[-106.752437667384,32.2773339444685],[-106.752425812885,32.2773231774715],[-106.752419344687,32.2773175873449]]]}},{"type":"Feature","properties":{"id":"parking-269","category":"parking","name":"Gregg St"},"geometry":{"type":"Polygon","coordinates":[[[-106.751857657423,32.2776056288167],[-106.751889568969,32.2775999420574],[-106.751925735782,32.2775931841081],[-106.751961882441,32.277586429836],[-106.751988866846,32.2775814507517],[-106.752015872692,32.2775765103562],[-106.752070172904,32.2775663966237],[-106.752107579624,32.2775596409081],[-106.752144990217,32.2775528184286],[-106.7521723071,32.2775476873732],[-106.752199591884,32.2775425113467],[-106.752251823473,32.2775328611997],[-106.752264696948,32.2775303091544],[-106.752277526947,32.2775277662992],[-106.752317130591,32.2775203407235],[-106.75235682996,32.2775131420223],[-106.752388425591,32.2775071605851],[-106.752409803017,32.277502816076],[-106.752417331514,32.2775295496118],[-106.752395709137,32.2775339446987],[-106.752363726428,32.277539999826],[-106.752323994165,32.2775472031695],[-106.752284690626,32.2775545725407],[-106.752272048319,32.2775570785758],[-106.752258938369,32.277559677557],[-106.752206556173,32.2775693553616],[-106.752179325466,32.2775745212542],[-106.752151879195,32.2775796762738],[-106.752114339211,32.2775865227181],[-106.752077001412,32.2775932655359],[-106.752022743608,32.2776033718878],[-106.751995706998,32.2776083178182],[-106.751968791522,32.277613284906],[-106.75193268621,32.2776200308991],[-106.751896366676,32.2776268174148],[-106.751864301345,32.2776325318427],[-106.751857657423,32.2776056288167]]]}},{"type":"Feature","properties":{"id":"parking-270","category":"parking","name":"Gregg St"},"geometry":{"type":"Polygon","coordinates":[[[-106.751620761358,32.2776494532477],[-106.751627788053,32.277676285323],[-106.751613169403,32.2776790480548],[-106.751587346834,32.2776839286516],[-106.751492060119,32.2777017778261],[-106.751436464994,32.2777119568764],[-106.75136946381,32.2777237919],[-106.751293298807,32.2777390551446],[-106.751237117568,32.277749606195],[-106.751176068262,32.2777607997219],[-106.751107125373,32.2777735991817],[-106.751104871441,32.2777739490267],[-106.751099057129,32.2777469082918],[-106.751100762693,32.2777466435934],[-106.751169201829,32.2777339381256],[-106.751230212937,32.2777227510667],[-106.751286091925,32.2777122571343],[-106.751362455199,32.2776969534253],[-106.751429762865,32.2776850648809],[-106.75148516814,32.2776749199562],[-106.751580349839,32.277657090143],[-106.751606142712,32.2776522159785],[-106.751620761358,32.2776494532477]]]}},{"type":"Feature","properties":{"id":"parking-271","category":"parking","name":"Gregg St"},"geometry":{"type":"Polygon","coordinates":[[[-106.753347175404,32.2773186094841],[-106.753357424513,32.2773446827833],[-106.75335509482,32.2773453432089],[-106.753339232038,32.2773490535384],[-106.75330849841,32.2773553988331],[-106.753278167985,32.2773615170496],[-106.753246218654,32.2773678274922],[-106.75321449342,32.2773741577764],[-106.753166820314,32.2773839795487],[-106.753118939188,32.2773938120521],[-106.753104014235,32.2773968395183],[-106.753089137001,32.2773998577741],[-106.75305882477,32.2774060083323],[-106.753028479663,32.2774121653272],[-106.752990730586,32.2774197632086],[-106.752953010035,32.2774273375169],[-106.752949053705,32.2774281360841],[-106.752945076168,32.277428939245],[-106.752906247706,32.2774367749805],[-106.752867492409,32.277444596885],[-106.752821214468,32.2774540937146],[-106.752774871288,32.2774636972062],[-106.752731911418,32.277472544985],[-106.752688973802,32.2774813872495],[-106.752679848228,32.2774832633595],[-106.752672234828,32.2774565473128],[-106.752681351912,32.277454672139],[-106.752724287399,32.2774458307874],[-106.752767226051,32.277436987605],[-106.752813581942,32.2774273813601],[-106.752859954244,32.2774178652186],[-106.752898769968,32.2774100304499],[-106.752937593122,32.2774021965415],[-106.752941571714,32.2774013924748],[-106.752945548188,32.2774005893183],[-106.752983270856,32.2773930159058],[-106.753020991286,32.27738542265],[-106.753051307758,32.277379272084],[-106.753081621042,32.2773731215234],[-106.753096498272,32.2773701032685],[-106.753111379742,32.2773670840932],[-106.753159194057,32.2773572662885],[-106.753206981668,32.2773474206147],[-106.753238856412,32.2773410608772],[-106.753270766497,32.2773347578077],[-106.753300939974,32.2773286708817],[-106.75333111584,32.2773224405438],[-106.753345669267,32.2773190366538],[-106.753347175404,32.2773186094841]]]}},{"type":"Feature","properties":{"id":"parking-272","category":"parking","name":"Poe Dr"},"geometry":{"type":"Polygon","coordinates":[[[-106.752722488601,32.2753250270544],[-106.752723070491,32.2753273659578],[-106.752731194566,32.275360092656],[-106.752739227426,32.27539244725],[-106.752749969699,32.2754294807116],[-106.752754932118,32.2754505914555],[-106.752759813998,32.2754711496818],[-106.752765147471,32.2754929407516],[-106.752770384164,32.2755141216495],[-106.752783467423,32.2755544691293],[-106.752787673833,32.2755713098851],[-106.75279162893,32.2755876231533],[-106.752797791549,32.2756142358525],[-106.752803932413,32.2756407530412],[-106.752814204672,32.2756849427942],[-106.752819220413,32.2757053228186],[-106.752824299001,32.2757257413723],[-106.752829136346,32.2757445709133],[-106.75283402028,32.2757633786239],[-106.752846569079,32.275809974481],[-106.75285046816,32.2758259434604],[-106.752854334846,32.2758416203672],[-106.752860325785,32.2758652008024],[-106.752866393576,32.2758888566872],[-106.752878375386,32.2759360022245],[-106.752882858907,32.275952844578],[-106.752887366261,32.2759697734147],[-106.752892742203,32.2759898228232],[-106.752898218462,32.2760101604259],[-106.752908228107,32.2760527206575],[-106.752913379013,32.2760721937728],[-106.752918560301,32.2760917858118],[-106.752922210695,32.276104813021],[-106.752926043473,32.276117995525],[-106.752928255004,32.2761257462908],[-106.752930100621,32.276132208859],[-106.752930718872,32.276133632232],[-106.752931705688,32.2761358622005],[-106.75293258257,32.2761377922887],[-106.752933374257,32.2761394810186],[-106.752934111907,32.2761409959055],[-106.752934832046,32.2761424152653],[-106.752935574402,32.2761438210087],[-106.752936379736,32.2761452896313],[-106.752937270586,32.2761468652342],[-106.752938274775,32.2761485882903],[-106.752939434047,32.2761505208613],[-106.752940791215,32.2761527268085],[-106.752942384799,32.2761552609918],[-106.752944252242,32.2761581755698],[-106.752946426725,32.2761615200123],[-106.752948372955,32.2761644766638],[-106.752959720609,32.2761784436155],[-106.752971521448,32.2761929688141],[-106.752980855449,32.2762036871799],[-106.752990794974,32.2762146763958],[-106.752998387227,32.2762233274274],[-106.753007180238,32.2762333490071],[-106.753021297289,32.2762568916563],[-106.753031627782,32.2762814008445],[-106.753036172735,32.2762974402945],[-106.753040450264,32.2763125338603],[-106.753044449294,32.2763279450868],[-106.753048295532,32.2763429844551],[-106.753052069452,32.2763566532896],[-106.753055944137,32.2763706914836],[-106.75309812155,32.2765369511436],[-106.753105324019,32.2765665249842],[-106.753110874756,32.2765895705533],[-106.753116498858,32.2766124444771],[-106.753123347668,32.2766387180291],[-106.753130403031,32.2766652937815],[-106.753141458812,32.2767107943824],[-106.753147774883,32.2767342111706],[-106.753154195007,32.2767580153419],[-106.753160839825,32.2767838694389],[-106.753167292054,32.2768088729504],[-106.753173527713,32.2768279124467],[-106.753181361218,32.2768469852581],[-106.753191289828,32.2768694407009],[-106.753201603338,32.2768916213468],[-106.753208159172,32.2769044295421],[-106.753208334146,32.2769047805689],[-106.753178418577,32.2769152566812],[-106.753171712507,32.2769021550778],[-106.753161096054,32.2768793244961],[-106.753150937396,32.2768563477927],[-106.753142634751,32.2768361332947],[-106.753135878658,32.2768155058975],[-106.753129227923,32.2767897329899],[-106.753122618906,32.2767640167327],[-106.75311623671,32.2767403512944],[-106.753109841546,32.2767166435202],[-106.753098774911,32.276671096965],[-106.753091770514,32.2766447140051],[-106.753084866395,32.2766182269316],[-106.753079188028,32.2765951367771],[-106.75307363078,32.2765720641768],[-106.753066464129,32.2765426308812],[-106.753024375773,32.2763767252854],[-106.753020567185,32.2763629294265],[-106.75301673367,32.2763490407754],[-106.753012840801,32.2763338221225],[-106.753008919858,32.2763187100003],[-106.753004715943,32.2763038740711],[-106.753000578086,32.276289274165],[-106.752991530836,32.2762678081382],[-106.752979596284,32.2762479066063],[-106.752972446284,32.2762397570482],[-106.752964995037,32.2762312650821],[-106.752955019206,32.2762202372289],[-106.752945194836,32.2762089544483],[-106.752933091534,32.2761940588868],[-106.752920875998,32.2761790230815],[-106.752918145058,32.2761748727911],[-106.752915880651,32.276171391624],[-106.752913907191,32.2761683097224],[-106.752912186165,32.2761655731286],[-106.752910682253,32.2761631296753],[-106.752909360131,32.2761609262937],[-106.752908186617,32.276158913514],[-106.752907128521,32.2761570400623],[-106.752906147313,32.2761552492753],[-106.752905214014,32.2761534835495],[-106.752904303914,32.2761516897737],[-106.752903393396,32.2761498202436],[-106.752902457762,32.2761478236518],[-106.752901469117,32.2761456468998],[-106.752900400615,32.2761432341794],[-106.75289909853,32.2761402370843],[-106.752896810179,32.2761322232818],[-106.752894614886,32.2761245292678],[-106.752890765886,32.2761112918142],[-106.752887036442,32.276097981736],[-106.752881809636,32.276078219426],[-106.752876575237,32.2760584273847],[-106.75286657757,32.2760159194104],[-106.752861193459,32.2759959277523],[-106.752855813168,32.2759758585189],[-106.752851299331,32.2759589080624],[-106.752846781125,32.2759419350766],[-106.752834773277,32.2758946850247],[-106.752828704422,32.2758710273389],[-106.752822686355,32.2758473387873],[-106.752818793601,32.2758315537606],[-106.752814954278,32.2758158325527],[-106.752802451008,32.2757694051583],[-106.752797532365,32.2757504623062],[-106.752792664647,32.2757315138399],[-106.752787555692,32.2757109772626],[-106.752782496511,32.2756904188423],[-106.752772185111,32.2756460587915],[-106.752766044256,32.2756195416012],[-106.752759909908,32.2755930487348],[-106.752756002627,32.2755769354874],[-106.752752016588,32.2755609776727],[-106.752738924701,32.2755206031682],[-106.752733476281,32.2754985645444],[-106.752728116747,32.275476666256],[-106.75272320881,32.2754560017132],[-106.752718381191,32.2754354640121],[-106.752707680058,32.2753985737792],[-106.752699535366,32.2753657650927],[-106.752691413489,32.2753330501077],[-106.752690831599,32.2753307112042],[-106.752722488601,32.2753250270544]]]}},{"type":"Feature","properties":{"id":"parking-273","category":"parking","name":"Standley Dr"},"geometry":{"type":"Polygon","coordinates":[[[-106.749594238152,32.2733260047148],[-106.749606479253,32.2733325109896],[-106.749630181353,32.2733447699636],[-106.749651182317,32.2733549797776],[-106.749673168888,32.2733656690841],[-106.749716058538,32.2733886536704],[-106.749737385941,32.2733995412767],[-106.749758958099,32.2734105379373],[-106.749780392493,32.2734213827255],[-106.74980220351,32.2734323802372],[-106.749844351965,32.273454727394],[-106.749862921285,32.2734638248858],[-106.749882176661,32.2734733651768],[-106.74990832075,32.2734868580933],[-106.749933647367,32.2735001386964],[-106.74997503422,32.2735202567277],[-106.749994387063,32.273530531629],[-106.750013013545,32.2735403683948],[-106.750035476719,32.2735518115067],[-106.750058600804,32.273563370141],[-106.750101161697,32.2735857976469],[-106.750120465869,32.2735953223763],[-106.750140221549,32.2736051050495],[-106.750163622499,32.2736168167855],[-106.750187241896,32.2736286791639],[-106.750233308755,32.2736529803263],[-106.750251956683,32.2736626537354],[-106.750270746691,32.2736724898149],[-106.750294792474,32.2736852505372],[-106.750318145192,32.2736976442391],[-106.750360231107,32.2737178351292],[-106.75037961134,32.2737278627533],[-106.75039857449,32.273737714361],[-106.750423365783,32.2737507192135],[-106.750447898561,32.2737636204701],[-106.750617423895,32.2738501536758],[-106.750635386059,32.2738592300108],[-106.750653452695,32.2738683861944],[-106.750678759626,32.2738813294295],[-106.750704082755,32.2738943212956],[-106.750747528236,32.2739169452859],[-106.750766178546,32.2739262596695],[-106.750785208269,32.2739358476122],[-106.750810602315,32.2739489897855],[-106.750835737255,32.2739621140421],[-106.750874072475,32.2739820157063],[-106.750891336593,32.2739892315365],[-106.750911974151,32.273999709529],[-106.750931319405,32.2740095315825],[-106.750948146044,32.2740180748696],[-106.750965243073,32.2740267559679],[-106.751008312022,32.274049606825],[-106.751027503999,32.274059156209],[-106.751047179364,32.2740691618157],[-106.751071344943,32.2740818551754],[-106.751095101718,32.2740943337068],[-106.751137884181,32.274116037592],[-106.751158657108,32.2741269920888],[-106.751179174195,32.2741377509924],[-106.751202261751,32.2741497559786],[-106.751225205596,32.2741616866766],[-106.751392892987,32.2742461383227],[-106.751415774362,32.2742578960771],[-106.751438527943,32.2742695785788],[-106.751458771249,32.274279957038],[-106.751478746304,32.2742901994768],[-106.751519795045,32.274310284969],[-106.751540012139,32.2743207194342],[-106.751559981189,32.2743310250138],[-106.751585422961,32.2743443120386],[-106.751610591717,32.2743575613626],[-106.751653807163,32.2743797765075],[-106.751673666754,32.2743900554479],[-106.751693596014,32.2744004549573],[-106.75171620547,32.2744125546385],[-106.751739299942,32.2744250194446],[-106.75175078354,32.2744319361571],[-106.751761570494,32.274438417334],[-106.751771830053,32.2744445470773],[-106.751782956513,32.274451186532],[-106.751799761097,32.2744626364759],[-106.751816272801,32.2744741047164],[-106.751838338015,32.2744910783679],[-106.751859744685,32.2745083657728],[-106.751897164176,32.2745407867281],[-106.751913409259,32.2745551103916],[-106.751929954961,32.274569855829],[-106.751948842254,32.2745882318515],[-106.751966685176,32.274606447884],[-106.751967752625,32.2746075204583],[-106.751968856364,32.2746086289626],[-106.751976715574,32.2746164510938],[-106.751984678053,32.2746245199227],[-106.751992712216,32.2746328833733],[-106.752001462784,32.2746419925168],[-106.752015868519,32.2746598353076],[-106.75202963644,32.2746769375021],[-106.752045567442,32.2746974455259],[-106.752061426012,32.2747182929335],[-106.75208771162,32.2747556218029],[-106.75209954784,32.2747741241354],[-106.752110905488,32.2747926590325],[-106.752123491018,32.2748147955715],[-106.752136122265,32.2748371366488],[-106.752157624111,32.2748799623993],[-106.752167606915,32.2749015501309],[-106.752177251634,32.274923043609],[-106.752185248124,32.2749417100066],[-106.752193451083,32.274960857174],[-106.752206113932,32.2749960567896],[-106.752175170578,32.2750040909161],[-106.752162756757,32.2749695811294],[-106.752154844151,32.2749511110017],[-106.752146931548,32.2749326408734],[-106.75213743193,32.2749114714844],[-106.752127680111,32.2748903824607],[-106.752106644103,32.2748484855692],[-106.752094340891,32.2748267248824],[-106.75208198261,32.2748049869596],[-106.752070981671,32.274787035045],[-106.752059601607,32.2747692469706],[-106.75203394725,32.2747328138354],[-106.752018476832,32.2747124762341],[-106.752002778904,32.2746922685007],[-106.751989174515,32.2746753685711],[-106.751975542626,32.2746584858845],[-106.751967645116,32.2746502634812],[-106.751959746545,32.2746420410816],[-106.751952012519,32.2746342049241],[-106.751944198136,32.2746264268042],[-106.751943047427,32.274625270688],[-106.751941897785,32.2746241154693],[-106.751924217133,32.2746060656319],[-106.751906048108,32.274588388396],[-106.751890050727,32.2745741313865],[-106.751873962457,32.2745599468847],[-106.751837040012,32.2745279559369],[-106.751816330687,32.2745112312216],[-106.75179516096,32.2744949466345],[-106.751779400509,32.2744839993852],[-106.751763517616,32.2744731779785],[-106.751753217627,32.2744670321617],[-106.751742922923,32.2744608818138],[-106.751732085902,32.2744543692693],[-106.75172125732,32.27444784677],[-106.75169890814,32.2744357848357],[-106.751676506291,32.2744237961569],[-106.751656783558,32.2744135040474],[-106.751637015522,32.274403273441],[-106.751593695738,32.2743810036916],[-106.751568430102,32.274367704245],[-106.751543109691,32.2743544807669],[-106.75152321409,32.274344212771],[-106.751503318493,32.2743339447718],[-106.751462311253,32.2743138789505],[-106.751442051967,32.2743034915369],[-106.751421793747,32.2742931041157],[-106.751399029522,32.274281417144],[-106.751376270565,32.2742697220306],[-106.751208510759,32.2741852336742],[-106.751185371026,32.2741732009388],[-106.751162232365,32.2741611690968],[-106.751141629044,32.2741503654397],[-106.75112105733,32.2741395174629],[-106.751078299339,32.2741178251991],[-106.751054330704,32.2741052356749],[-106.751030362076,32.2740926461461],[-106.751011018837,32.2740828096703],[-106.750991563939,32.2740731296556],[-106.750948372547,32.274050213443],[-106.750931548026,32.2740416701477],[-106.750914722451,32.2740331277561],[-106.750895376132,32.2740233057042],[-106.750875870139,32.2740134022136],[-106.750858463438,32.2740061256205],[-106.750818830502,32.2739855509013],[-106.750793715786,32.2739724373834],[-106.750768538909,32.2739594079797],[-106.750749728463,32.2739499300935],[-106.750730873775,32.2739405137062],[-106.750687266466,32.2739178046754],[-106.750662054047,32.273904870086],[-106.750636820564,32.2738919644345],[-106.750618828439,32.2738828458312],[-106.750600822631,32.2738737480223],[-106.750431052428,32.2737870895051],[-106.750406352504,32.2737741005256],[-106.750381635731,32.2737611350563],[-106.750362756679,32.2737513273038],[-106.750343856555,32.2737415475896],[-106.750301612042,32.2737212797627],[-106.750277650355,32.2737085638016],[-106.750253689736,32.2736958478316],[-106.75023504025,32.2736860851453],[-106.750216344418,32.2736763875733],[-106.750170474504,32.2736521902403],[-106.750147179764,32.2736404907112],[-106.750123863968,32.2736288219241],[-106.750104194504,32.2736190821961],[-106.750084507137,32.2736093677879],[-106.750041868524,32.2735869000007],[-106.750018953064,32.2735754451528],[-106.749996152444,32.2735638311193],[-106.749977272579,32.2735538600755],[-106.749958420104,32.2735438501407],[-106.749917112008,32.2735237705722],[-106.749891424493,32.2735103011024],[-106.749865626374,32.2734969862827],[-106.749846690321,32.2734876043542],[-106.749827700566,32.2734783010968],[-106.749785379631,32.2734558617258],[-106.74976385815,32.2734450109702],[-106.74974235669,32.273434132174],[-106.74972072066,32.2734231032965],[-106.749699093063,32.2734120626577],[-106.749656495119,32.2733892338348],[-106.7496351131,32.2733788379429],[-106.749613730029,32.2733684429534],[-106.749589486067,32.2733559029367],[-106.749577078885,32.2733493089353],[-106.749594238152,32.2733260047148]]]}},{"type":"Feature","properties":{"id":"parking-274","category":"parking","name":"Standley Dr"},"geometry":{"type":"Polygon","coordinates":[[[-106.750495830344,32.2737275375323],[-106.750497036728,32.2737282055369],[-106.750508764092,32.2737346984273],[-106.750520939597,32.2737412229094],[-106.750533256303,32.2737475565389],[-106.750551979947,32.2737570907172],[-106.750570706755,32.2737666203708],[-106.750601709593,32.2737824197737],[-106.75063270823,32.2737982254986],[-106.750668112451,32.2738165822397],[-106.750703628329,32.2738347788994],[-106.750739161592,32.2738524659309],[-106.750774694868,32.2738701529522],[-106.750818802377,32.2738932883516],[-106.750838600337,32.2739033990225],[-106.750858397234,32.2739135087926],[-106.750878098804,32.2739234629164],[-106.750897838301,32.2739333636771],[-106.750946800294,32.2739584350038],[-106.750969587555,32.2739702824976],[-106.750992373765,32.2739821308932],[-106.751011936743,32.273992164909],[-106.751031547131,32.2740021328981],[-106.751075445741,32.2740237403879],[-106.751093573944,32.2740334617278],[-106.751111701085,32.2740431821674],[-106.751136238811,32.2740555998736],[-106.751161032534,32.2740676603258],[-106.751333270751,32.2741569829611],[-106.75135591139,32.2741680165895],[-106.751378508854,32.2741791126134],[-106.751398860045,32.2741894248187],[-106.751419138547,32.2741998374153],[-106.751460416661,32.2742207192581],[-106.751483061443,32.2742319214942],[-106.751505705169,32.2742431237303],[-106.751527902454,32.2742542168068],[-106.751550061833,32.2742653650431],[-106.751585510903,32.2742842823003],[-106.751606490307,32.2742955109688],[-106.751627727753,32.2743063688475],[-106.751652364855,32.2743181078612],[-106.751677001963,32.27432984687],[-106.751715074123,32.2743508811509],[-106.751736548814,32.2743629862384],[-106.751758023515,32.274375092224],[-106.751776725499,32.274386623015],[-106.751795055234,32.2743986026031],[-106.751798243336,32.2744009708381],[-106.751801074212,32.274403046487],[-106.751803595838,32.2744048672373],[-106.751805860443,32.2744064716612],[-106.751807916012,32.2744078992498],[-106.751809814769,32.2744091876737],[-106.751811606828,32.2744103773173],[-106.751813341223,32.2744115049618],[-106.751815069119,32.2744126091839],[-106.751816844853,32.2744137258418],[-106.751818720629,32.2744148889988],[-106.751820751837,32.2744161336071],[-106.751822990682,32.2744174937299],[-106.751825491499,32.2744190052255],[-106.751828309681,32.2744207030463],[-106.751831496364,32.2744226203577],[-106.751848728052,32.2744354863167],[-106.751865968194,32.2744483441231],[-106.751882885136,32.2744609191265],[-106.751899811592,32.2744734859731],[-106.751932933142,32.2744986243696],[-106.751950489486,32.2745139592097],[-106.751967872501,32.2745294318184],[-106.751982795531,32.274543096961],[-106.751997719623,32.2745567611956],[-106.752003439691,32.2745628241886],[-106.752009158698,32.2745688871855],[-106.752016474276,32.2745759160375],[-106.752024060526,32.2745827481102],[-106.752039549941,32.2746001780498],[-106.752055039356,32.2746176070856],[-106.752058307214,32.2746217327155],[-106.752061401543,32.2746259609448],[-106.752072461051,32.2746404810634],[-106.752083521629,32.2746550020786],[-106.752109329105,32.2746901332163],[-106.752135137662,32.2747252643441],[-106.752157241224,32.2747586200121],[-106.752178172868,32.2747925557203],[-106.752180231226,32.2747964137952],[-106.75218204609,32.2747998137933],[-106.752183645348,32.2748028079114],[-106.75218505903,32.2748054519451],[-106.752186317156,32.2748077998864],[-106.752187448692,32.2748099066336],[-106.752188482586,32.274811824379],[-106.752189448874,32.2748136098203],[-106.752190373281,32.2748153079481],[-106.75219126228,32.2748169376756],[-106.752192121233,32.2748185089018],[-106.75219295338,32.2748200315344],[-106.752193761965,32.2748215163827],[-106.752194551284,32.2748229724481],[-106.752195326708,32.2748244114336],[-106.75219608935,32.2748258423531],[-106.752196846713,32.2748272787047],[-106.752197605288,32.2748287421073],[-106.752198377955,32.2748302586633],[-106.752199174408,32.2748318535863],[-106.752200005391,32.2748335502818],[-106.752200880607,32.2748353757669],[-106.752201809739,32.2748373534513],[-106.752202804603,32.2748395085402],[-106.752203879187,32.2748418752483],[-106.752205062485,32.2748445138848],[-106.752206384622,32.2748474973804],[-106.752207879945,32.2748508941394],[-106.752209579635,32.2748547761865],[-106.752211516983,32.2748592128322],[-106.752213722102,32.2748642752035],[-106.752216229346,32.2748700326066],[-106.752231614597,32.274908809882],[-106.752234578511,32.2749161455215],[-106.752237184064,32.2749225978647],[-106.752239469987,32.2749282605506],[-106.752241471822,32.2749332263292],[-106.752243227235,32.2749375879419],[-106.752244771777,32.2749414399424],[-106.75224614417,32.2749448741659],[-106.752247379956,32.2749479833624],[-106.752248512499,32.27495085037],[-106.752249556885,32.2749535157123],[-106.752250527066,32.2749560072914],[-106.752251432761,32.2749583548298],[-106.75225228899,32.2749605871273],[-106.752253104404,32.2749627330089],[-106.752253894023,32.2749648212743],[-106.752254668632,32.2749668825436],[-106.752255437894,32.2749689366193],[-106.752256199671,32.2749709808044],[-106.752256951769,32.2749730024815],[-106.752257690941,32.2749749899395],[-106.752258411823,32.2749769332793],[-106.752259112223,32.2749788198835],[-106.752259788892,32.274980638041],[-106.752260436463,32.2749823769508],[-106.752261053829,32.2749840285007],[-106.752261645282,32.2749856007902],[-106.752261765936,32.2749859204695],[-106.752230956222,32.2749943175264],[-106.752230828028,32.2749939780362],[-106.752230223639,32.2749923697237],[-106.752229595489,32.2749906875534],[-106.752228935007,32.2749889171298],[-106.752228256165,32.2749870899622],[-106.752227554694,32.2749852015584],[-106.752226834904,32.2749832636252],[-106.752226101105,32.2749812878699],[-106.752225355476,32.274979284204],[-106.752224602331,32.2749772652363],[-106.752223839524,32.2749752264663],[-106.752223078929,32.2749732039209],[-106.752222307609,32.2749711615773],[-106.752221511596,32.2749690688279],[-106.752220677978,32.2749668941591],[-106.752219794909,32.2749646069548],[-106.752218848404,32.274962173902],[-106.752217825563,32.2749595652908],[-106.752216714545,32.2749567514068],[-106.752215497059,32.2749536881319],[-106.752214139732,32.2749502908243],[-106.752212610276,32.2749464793471],[-106.752210862379,32.2749421330356],[-106.75220886378,32.2749371762622],[-106.752206581078,32.2749315198759],[-106.752203975537,32.2749250693358],[-106.752200982572,32.2749176625644],[-106.752185720044,32.2748791932323],[-106.75218337945,32.2748738184549],[-106.752181179724,32.2748687713932],[-106.752179248816,32.2748643473474],[-106.752177564182,32.2748605004125],[-106.752176092502,32.2748571558667],[-106.752174803695,32.2748542488962],[-106.752173666599,32.2748517110836],[-106.75217265112,32.2748494749094],[-106.75217172502,32.2748474692551],[-106.752170873237,32.2748456581064],[-106.752170083927,32.2748440108471],[-106.752169343125,32.2748424977717],[-106.752168638982,32.2748410873621],[-106.752167955385,32.2748397454119],[-106.752167276218,32.2748384368128],[-106.752166587508,32.2748371300553],[-106.752165878504,32.2748358008321],[-106.752165147045,32.2748344419369],[-106.752164388828,32.2748330434664],[-106.752163604922,32.2748316063183],[-106.752162774913,32.2748300863826],[-106.752161907384,32.2748284998587],[-106.752161009804,32.2748268539317],[-106.752160065015,32.2748251171049],[-106.752159076207,32.2748232902675],[-106.752158021936,32.2748213347248],[-106.752156867885,32.2748191874834],[-106.752155601167,32.2748168215388],[-106.752154181057,32.2748141667081],[-106.752152578581,32.2748111662895],[-106.752150762642,32.2748077635896],[-106.75214908507,32.2748046200744],[-106.752128807875,32.2747717441466],[-106.752107301635,32.274739291563],[-106.752081881327,32.274704687374],[-106.752056212908,32.2746697468716],[-106.752045296681,32.2746554146701],[-106.752034077852,32.2746406850499],[-106.752031137549,32.2746366681439],[-106.752028687456,32.2746335745942],[-106.752013727849,32.2746167413803],[-106.751999307668,32.2746005147737],[-106.751992581283,32.2745944566823],[-106.751984401281,32.2745865970473],[-106.751978192166,32.2745800147241],[-106.751973204592,32.2745747280228],[-106.751959077488,32.2745617929253],[-106.751944309168,32.2745482705604],[-106.751927188582,32.2745330322901],[-106.751910530371,32.2745184811985],[-106.7518783874,32.274494084743],[-106.751861580324,32.274481606703],[-106.751844642071,32.2744690173518],[-106.751827367817,32.2744561335243],[-106.751811413097,32.2744442202604],[-106.751809596092,32.2744431272147],[-106.751806757676,32.2744414177498],[-106.751804201471,32.2744398722033],[-106.751801873161,32.2744384583242],[-106.75179971839,32.2744371366469],[-106.751797681774,32.2744358740226],[-106.751795719624,32.2744346399618],[-106.751793785063,32.2744334039876],[-106.75179181629,32.2744321239584],[-106.751789757874,32.2744307577071],[-106.75178758208,32.2744292809936],[-106.751785260108,32.2744276686806],[-106.751782755724,32.2744258947581],[-106.751780027339,32.2744239251206],[-106.751777023793,32.2744217220936],[-106.751774522127,32.2744198633856],[-106.751757355781,32.2744086448489],[-106.751739568765,32.2743976785899],[-106.751718659493,32.2743858914161],[-106.751697309384,32.2743738561755],[-106.751660250883,32.2743533815236],[-106.751636537614,32.2743420834576],[-106.751611468386,32.2743301378283],[-106.751589524085,32.274318918404],[-106.751568282765,32.2743075491814],[-106.751533210582,32.2742888333406],[-106.751511456768,32.2742778891143],[-106.751489362734,32.2742668479327],[-106.751466779679,32.2742556761159],[-106.751443998642,32.2742444058769],[-106.751402493784,32.2742234094913],[-106.751382204634,32.2742129915232],[-106.751362125955,32.2742028180213],[-106.751339765849,32.2741918382938],[-106.751316788856,32.274180640056],[-106.751144561259,32.2740913236696],[-106.751119920802,32.2740793374602],[-106.751094783759,32.2740666163992],[-106.751076303142,32.274056706166],[-106.751058695562,32.2740472641376],[-106.751015130105,32.2740258203603],[-106.750995269554,32.2740157252973],[-106.750975567119,32.2740056196836],[-106.750952697869,32.2739937283253],[-106.750930004285,32.2739819291573],[-106.750881261584,32.2739569714904],[-106.750861605105,32.2739471109814],[-106.750841793889,32.2739371013748],[-106.750821930991,32.2739269584951],[-106.75080196909,32.2739167636972],[-106.750758015943,32.273893709749],[-106.75072280519,32.2738761837787],[-106.75068709522,32.2738584081593],[-106.750651330234,32.273840083517],[-106.750615955819,32.2738217428866],[-106.750585065758,32.2738059926425],[-106.750554079949,32.2737902021867],[-106.750535346743,32.2737806680467],[-106.750516563488,32.2737711043411],[-106.750503930611,32.2737646078249],[-106.750491299426,32.2737578389401],[-106.750479370821,32.2737512350152],[-106.750478164437,32.2737505670105],[-106.750495830344,32.2737275375323]]]}},{"type":"Feature","properties":{"id":"parking-275","category":"parking","name":"Sweet Ave"},"geometry":{"type":"Polygon","coordinates":[[[-106.753034834634,32.2796034455392],[-106.753176256843,32.2801581962753],[-106.753150956845,32.2801628505494],[-106.753009534781,32.2796080997839],[-106.753034834634,32.2796034455392]]]}},{"type":"Feature","properties":{"id":"parking-276","category":"parking","name":"Williams Ave"},"geometry":{"type":"Polygon","coordinates":[[[-106.750663406364,32.2792605033756],[-106.750788631464,32.2797296438948],[-106.750757074768,32.279735722181],[-106.750631849826,32.2792665825313],[-106.750663406364,32.2792605033756]]]}},{"type":"Feature","properties":{"id":"parking-278","category":"parking","name":"N Horseshoe"},"geometry":{"type":"Polygon","coordinates":[[[-106.753717177024,32.2828186828438],[-106.753729608023,32.2828623308573],[-106.753598508785,32.282885448831],[-106.753587472797,32.2828421776279],[-106.753717177024,32.2828186828438]]]}},{"type":"Feature","properties":{"id":"parking-279","category":"parking","name":"N Horseshoe"},"geometry":{"type":"Polygon","coordinates":[[[-106.753854245816,32.2827938535577],[-106.753869541125,32.2828384524083],[-106.753729608023,32.2828623308573],[-106.753717177024,32.2828186828438],[-106.753854245816,32.2827938535577]]]}},{"type":"Feature","properties":{"id":"parking-280","category":"parking","name":"S Horsehoe"},"geometry":{"type":"Polygon","coordinates":[[[-106.752750691686,32.2821038015087],[-106.752664758895,32.2821715058943],[-106.752609452139,32.2822508007286],[-106.752571080885,32.2823436506678],[-106.752513984393,32.2823317542432],[-106.752570056468,32.2821954329793],[-106.752652543548,32.2821102580993],[-106.7527259103,32.2820505364696],[-106.752750691686,32.2821038015087]]]}},{"type":"Feature","properties":{"id":"parking-281","category":"parking","name":"N Horseshoe"},"geometry":{"type":"Polygon","coordinates":[[[-106.752993262223,32.2828975668558],[-106.752953424307,32.2829483629108],[-106.752851509161,32.2829233725348],[-106.75276664047,32.2828683031644],[-106.752630754283,32.2827474913346],[-106.752681738506,32.2827065272292],[-106.752717005066,32.2827484899621],[-106.752790103056,32.2828198820198],[-106.75283194919,32.2828517393854],[-106.752868522787,32.2828765859662],[-106.752944313905,32.2828930703643],[-106.752993262223,32.2828975668558]]]}},{"type":"Feature","properties":{"id":"parking-282","category":"parking","name":"N Horseshoe"},"geometry":{"type":"Polygon","coordinates":[[[-106.752743128959,32.2829461547485],[-106.752829989764,32.2829859081069],[-106.752928606489,32.2830074412965],[-106.753082082804,32.28301903657],[-106.753082901786,32.2830410421871],[-106.753008936807,32.2830405693555],[-106.752917503892,32.2830328402778],[-106.752843051415,32.2830229016121],[-106.7527679863,32.2829971684416],[-106.752628184944,32.2829179955359],[-106.752573979232,32.2828782419461],[-106.752526303801,32.282821372184],[-106.752553080249,32.2828053605015],[-106.752619695347,32.2828705123656],[-106.752743128959,32.2829461547485]]]}},{"type":"Feature","properties":{"id":"parking-283","category":"parking","name":"Lot 69"},"geometry":{"type":"Polygon","coordinates":[[[-106.756217747234,32.2755745980089],[-106.756242477165,32.2755336907876],[-106.756332040311,32.2755816477975],[-106.756307540774,32.2756221744307],[-106.756217747234,32.2755745980089]]]}},{"type":"Feature","properties":{"id":"parking-284","category":"parking","name":"Lot 78"},"geometry":{"type":"Polygon","coordinates":[[[-106.747660173961,32.2747057860652],[-106.747679104364,32.2747775137109],[-106.747633478185,32.2747854990673],[-106.747620844836,32.2747264005584],[-106.747620929405,32.2747240021876],[-106.747621449425,32.2747216435865],[-106.747622393528,32.2747193816169],[-106.747623737595,32.2747172704852],[-106.747625450066,32.2747153626234],[-106.747627488716,32.2747137014871],[-106.747629806003,32.274712328749],[-106.747632344788,32.2747112780028],[-106.747635045752,32.2747105729306],[-106.747660173961,32.2747057860652]]]}},{"type":"Feature","properties":{"id":"parking-285","category":"parking","name":"Lot 79T"},"geometry":{"type":"Polygon","coordinates":[[[-106.747871051166,32.2742827443039],[-106.747857985507,32.2742344968583],[-106.747920427637,32.274223090219],[-106.747932913838,32.2742701918787],[-106.747871051166,32.2742827443039]]]}},{"type":"Feature","properties":{"id":"parking-286","category":"parking","name":"Lot 79T"},"geometry":{"type":"Polygon","coordinates":[[[-106.747544311849,32.2737683482516],[-106.747545098774,32.2737686030827],[-106.747545922247,32.2737687468414],[-106.747546762088,32.2737687778034],[-106.74754759812,32.2737686942446],[-106.747548406999,32.2737684980607],[-106.747549168586,32.273768194742],[-106.747549862756,32.2737677924847],[-106.747550473636,32.2737673003697],[-106.74758372501,32.2737274173163],[-106.74771973476,32.2738010780814],[-106.747683446201,32.2738506518681],[-106.747544311849,32.2737683482516]]]}},{"type":"Feature","properties":{"id":"parking-287","category":"parking","name":"Lot 79W"},"geometry":{"type":"Polygon","coordinates":[[[-106.749150500506,32.2748802355518],[-106.74918146815,32.2748358860986],[-106.749230626114,32.2748653358273],[-106.74920018037,32.2749072869958],[-106.749150500506,32.2748802355518]]]}},{"type":"Feature","properties":{"id":"parking-288","category":"parking","name":"Lot 79F"},"geometry":{"type":"Polygon","coordinates":[[[-106.747328609413,32.272123139781],[-106.747335623352,32.2721232348151],[-106.74734255646,32.2721223282037],[-106.747349212503,32.2721204468734],[-106.747355402815,32.2721176429729],[-106.747361965352,32.2721110750576],[-106.747367276401,32.2721037355711],[-106.747384922999,32.2720720208075],[-106.747397561923,32.2721421634905],[-106.747340306993,32.2721495479003],[-106.747328609413,32.272123139781]]]}},{"type":"Feature","properties":{"id":"parking-289","category":"parking","name":"Lot 79G"},"geometry":{"type":"Polygon","coordinates":[[[-106.74796473106,32.2712616250821],[-106.748016227562,32.2711861863916],[-106.748082785028,32.2712200276753],[-106.748031288563,32.2712954663923],[-106.74796473106,32.2712616250821]]]}},{"type":"Feature","properties":{"id":"parking-290","category":"parking","name":"Lot 39"},"geometry":{"type":"Polygon","coordinates":[[[-106.745983256589,32.2805515822767],[-106.746001248857,32.2806165507735],[-106.745935606735,32.2806289475607],[-106.7459147943,32.2805652401018],[-106.745983256589,32.2805515822767]]]}},{"type":"Feature","properties":{"id":"parking-291","category":"parking","name":"Lot 39"},"geometry":{"type":"Polygon","coordinates":[[[-106.744917356552,32.2808230851269],[-106.744903127916,32.2807685776858],[-106.744964972168,32.2807581984407],[-106.744978438691,32.2808115499766],[-106.744917356552,32.2808230851269]]]}},{"type":"Feature","properties":{"id":"parking-292","category":"parking","name":"Lot 16"},"geometry":{"type":"Polygon","coordinates":[[[-106.74961288631,32.2839269978101],[-106.749648620667,32.2839191040729],[-106.74971380178,32.2840238374608],[-106.74964276059,32.2840349336219],[-106.74961288631,32.2839269978101]]]}},{"type":"Feature","properties":{"id":"parking-293","category":"parking","name":"Lot 17"},"geometry":{"type":"Polygon","coordinates":[[[-106.748764898232,32.2827576445779],[-106.748863893982,32.2827382839039],[-106.748782085294,32.2828298378823],[-106.748764898232,32.2827576445779]]]}},{"type":"Feature","properties":{"id":"parking-294","category":"parking","name":"Lot 17N"},"geometry":{"type":"Polygon","coordinates":[[[-106.748862184056,32.2828176701949],[-106.748915493337,32.2827579785962],[-106.748955795386,32.2827826339211],[-106.748897148525,32.2828449060904],[-106.748862184056,32.2828176701949]]]}},{"type":"Feature","properties":{"id":"parking-296","category":"parking","name":"Lot 57"},"geometry":{"type":"Polygon","coordinates":[[[-106.75310796022,32.2801366091996],[-106.753123558542,32.2801972094868],[-106.753078523294,32.2802064877242],[-106.753075221804,32.28020785366],[-106.75304909697,32.2801450090944],[-106.75310796022,32.2801366091996]]]}},{"type":"Feature","properties":{"id":"parking-297","category":"parking","name":"Lot 54"},"geometry":{"type":"Polygon","coordinates":[[[-106.751496012839,32.2800064689497],[-106.75150820635,32.2800541052582],[-106.751412790426,32.280072076645],[-106.751402429969,32.2800203178805],[-106.751496012839,32.2800064689497]]]}},{"type":"Feature","properties":{"id":"parking-298","category":"parking","name":"Lot 100S"},"geometry":{"type":"Polygon","coordinates":[[[-106.750222246255,32.2787026949207],[-106.750230680567,32.2787638127741],[-106.750175769522,32.2787775003909],[-106.750157472274,32.2787141092364],[-106.750222246255,32.2787026949207]]]}},{"type":"Feature","properties":{"id":"parking-299","category":"parking","name":"Lot 100S"},"geometry":{"type":"Polygon","coordinates":[[[-106.748937747569,32.2773973545721],[-106.748946697264,32.2774310170811],[-106.748853568582,32.2774488882078],[-106.748845220202,32.2774151105849],[-106.748937747569,32.2773973545721]]]}},{"type":"Feature","properties":{"id":"parking-301","category":"parking","name":"Lot 3"},"geometry":{"type":"Polygon","coordinates":[[[-106.758231709503,32.2821442374051],[-106.758233671371,32.2821440428253],[-106.758235644327,32.2821441232667],[-106.758237574215,32.2821444762416],[-106.758239411089,32.2821450929327],[-106.758241104958,32.2821459564057],[-106.758242610041,32.2821470433967],[-106.75824388477,32.2821483243119],[-106.758276427384,32.2821870497658],[-106.758294744236,32.2822088460289],[-106.758296034715,32.2822100953151],[-106.758297062831,32.2822115097951],[-106.7582977997,32.2822130499034],[-106.758298225971,32.2822146724289],[-106.758298329714,32.2822163323268],[-106.758298106428,32.2822179836206],[-106.758297564352,32.2822195811844],[-106.758296718094,32.2822210789648],[-106.75829558973,32.2822224380932],[-106.758294211944,32.2822236178544],[-106.758292622788,32.2822245883342],[-106.758290865626,32.2822253204986],[-106.758288990244,32.2822257943063],[-106.758248665913,32.2822329532011],[-106.758246605112,32.2822333023966],[-106.758244504474,32.282233361355],[-106.758242421315,32.282233128042],[-106.758240410879,32.2822326094499],[-106.758238526322,32.2822318188928],[-106.758236819783,32.2822307778052],[-106.758235334945,32.282229513969],[-106.758234113401,32.2822280614873],[-106.75823318722,32.2822264599125],[-106.758232581051,32.2822247506309],[-106.758225343936,32.2821960096737],[-106.758215231981,32.2821558555835],[-106.758215121577,32.2821547142791],[-106.758215236238,32.2821535729708],[-106.75821557296,32.2821524641374],[-106.758216122361,32.2821514184798],[-106.758216868677,32.2821504649209],[-106.758217791889,32.2821496305967],[-106.758218864515,32.2821489372625],[-106.758220059074,32.2821484066734],[-106.758231709503,32.2821442374051]]]}},{"type":"Feature","properties":{"id":"parking-302","category":"parking","name":"Lot 83"},"geometry":{"type":"Polygon","coordinates":[[[-106.742941522774,32.2781758575572],[-106.742954069287,32.2782232922417],[-106.742897193583,32.2782346368348],[-106.742884237633,32.2781872587558],[-106.742941522774,32.2781758575572]]]}},{"type":"Feature","properties":{"id":"parking-303","category":"parking","name":"Lot 69"},"geometry":{"type":"Polygon","coordinates":[[[-106.757037459268,32.2763138674775],[-106.75710115024,32.276327877317],[-106.757064756759,32.2763750209685],[-106.75707509355,32.2763802372871],[-106.75708626414,32.2763840117966],[-106.757097993069,32.2763862518096],[-106.757109990224,32.2763869025759],[-106.757121959336,32.2763859472479],[-106.757133603304,32.2763834104669],[-106.757144636908,32.2763793538026],[-106.757154784701,32.2763738775656],[-106.75716379585,32.2763671180418],[-106.757171449417,32.2763592420601],[-106.75707308982,32.2764919600535],[-106.75707649614,32.2764861925349],[-106.75707873039,32.2764800247887],[-106.757079729827,32.2764736275179],[-106.757079467837,32.2764671784949],[-106.757077950723,32.2764608562619],[-106.757075220849,32.2764548338052],[-106.75707135346,32.2764492794696],[-106.757066456629,32.2764443470386],[-106.75706066487,32.2764401721522],[-106.757054138059,32.2764368705078],[-106.757047058231,32.2764345333639],[-106.757039620015,32.2764332257745],[-106.757032029554,32.2764329838878],[-106.757024497073,32.2764338140749],[-106.757017230508,32.2764356929545],[-106.757010431276,32.276438570116],[-106.757004287883,32.2764423645375],[-106.756998968538,32.2764469718304],[-106.756994623268,32.2764522633289],[-106.756991369105,32.2764580951682],[-106.756985767462,32.2764865739216],[-106.756977423748,32.2765064554655],[-106.756966388885,32.276525368396],[-106.75692943772,32.2765564395633],[-106.756888628371,32.2765838060486],[-106.756844473791,32.276607124888],[-106.75679752755,32.2766261025571],[-106.756748377506,32.2766405022114],[-106.756228892244,32.2767380560704],[-106.756218493918,32.2767014968214],[-106.756215272091,32.2766980610376],[-106.756211419328,32.2766951328221],[-106.756207042239,32.2766927938165],[-106.756202266461,32.2766911111562],[-106.756197226015,32.2766901321026],[-106.756192064364,32.276689884038],[-106.756186926984,32.2766903744961],[-106.756181958164,32.2766915884688],[-106.756177298915,32.2766934938262],[-106.756173081623,32.2766960350243],[-106.756169424786,32.2766991403416],[-106.756166433011,32.276702721879],[-106.756164188542,32.2767066792007],[-106.756172701672,32.2767491946531],[-106.756081982451,32.2767658592686],[-106.756007550757,32.2764776970163],[-106.756039952233,32.276471845816],[-106.756078292714,32.2764923014015],[-106.756159537931,32.2764776786847],[-106.756158759469,32.2764745595786],[-106.756226030833,32.2764621473574],[-106.756213205989,32.2764120492472],[-106.75680580264,32.2763049986465],[-106.756818698771,32.2763487698886],[-106.756819224078,32.2763500763737],[-106.756819998339,32.2763512907724],[-106.756821000125,32.2763523770963],[-106.756822200618,32.2763533075034],[-106.756823566754,32.2763540541691],[-106.756825061269,32.2763545974018],[-106.756826640551,32.2763549211434],[-106.756828261025,32.27635501655],[-106.756829878093,32.276354881095],[-106.756831446128,32.2763545185691],[-106.756832921662,32.2763539390671],[-106.756834261258,32.2763531580948],[-106.756835430014,32.2763521992405],[-106.756836394102,32.2763510878921],[-106.756837126098,32.2763498557246],[-106.756837606023,32.2763485370886],[-106.756837820278,32.276347168113],[-106.756837763775,32.2763457884998],[-106.756837436725,32.2763444361263],[-106.756824804017,32.2763037490789],[-106.756922912691,32.2762808792631],[-106.75699667415,32.2763184638368],[-106.75700165274,32.2763205388622],[-106.757006968,32.276321878425],[-106.757012473214,32.2763224425305],[-106.757018012253,32.2763222173759],[-106.757023428036,32.276321208101],[-106.757028568917,32.2763194432722],[-106.757033290804,32.2763169730702],[-106.757037459268,32.2763138674775]]]}},{"type":"Feature","properties":{"id":"parking-304","category":"parking","name":"East Mesa Parking"},"geometry":{"type":"Polygon","coordinates":[[[-106.737059173033,32.3531188872425],[-106.73711578503,32.3531204551832],[-106.737112992956,32.3531601129375],[-106.737113062924,32.3531622644727],[-106.737113571456,32.3531643728294],[-106.737114504397,32.3531663740311],[-106.737115832739,32.353168207766],[-106.737117514741,32.353169817379],[-106.737119501275,32.353171155262],[-106.737121731555,32.3531721792629],[-106.737124137421,32.3531728589822],[-106.737126645457,32.3531731748628],[-106.737129180169,32.3531731154722],[-106.737131664007,32.3531726829136],[-106.737134021616,32.3531718919076],[-106.737136181928,32.353170764373],[-106.737138078199,32.3531693357395],[-106.737139654351,32.3531676495124],[-106.737140860725,32.3531657572888],[-106.737141661498,32.3531637151214],[-106.737142032572,32.3531615862327],[-106.737144824628,32.353121927576],[-106.737199596833,32.3531259456865],[-106.737254170497,32.353131574336],[-106.737308482907,32.353138807454],[-106.737362466015,32.3531476353835],[-106.737416056021,32.3531580475493],[-106.737404559851,32.3531968100421],[-106.737405385375,32.3532003745564],[-106.737406913334,32.3532037686129],[-106.737409099627,32.3532068913752],[-106.73741188108,32.3532096520009],[-106.737415176518,32.3532119705393],[-106.737418887829,32.3532137788293],[-106.737422908483,32.3532150240734],[-106.737427120353,32.3532156697525],[-106.737431400092,32.3532156974044],[-106.737435623387,32.3532151057058],[-106.737439664961,32.353213912276],[-106.737443409192,32.3532121518319],[-106.737446744795,32.353209875307],[-106.737449574383,32.3532071498143],[-106.737462290774,32.3531688831267],[-106.737847962768,32.3532615231655],[-106.73783520092,32.353299804496],[-106.73783473993,32.3533018056722],[-106.737834673312,32.3533038441026],[-106.737835002897,32.3533058647674],[-106.737835719881,32.3533078108843],[-106.737836803796,32.3533096302254],[-106.737838225689,32.3533112733012],[-106.73783994814,32.3533126960658],[-106.737841922057,32.3533138581261],[-106.737844094154,32.3533147290253],[-106.737846405861,32.3533152837383],[-106.737848793359,32.3533155089842],[-106.737851191796,32.3533153968972],[-106.737853536382,32.3533149513353],[-106.737855762372,32.3533141842729],[-106.737857809317,32.3533131166863],[-106.737859621063,32.3533117776518],[-106.737861148937,32.3533102043333],[-106.737862350663,32.3533084383794],[-106.737863193568,32.353306528616],[-106.737875955405,32.3532682472828],[-106.7382056471,32.353347438864],[-106.738194482034,32.3533809288526],[-106.738193751371,32.3533841512719],[-106.73819367762,32.3533874315724],[-106.738194262403,32.3533906759557],[-106.738195489261,32.3533937870862],[-106.738197321595,32.3533966767245],[-106.738199706881,32.3533992584967],[-106.738202575658,32.3534014578183],[-106.738205843649,32.3534032109845],[-106.738209414958,32.3534044669611],[-106.738213186321,32.3534051873684],[-106.738217047142,32.3534053536956],[-106.738220884758,32.3534049582624],[-106.738224587686,32.3534040150278],[-106.738228046635,32.3534025505685],[-106.738231161962,32.3534006076569],[-106.738233841537,32.3533982425642],[-106.738259487952,32.353371674101],[-106.738263580084,32.3533666421912],[-106.738266645305,32.3533611083207],[-106.738268600487,32.3533552225179],[-106.738269393365,32.3533491446119],[-106.738269002511,32.3533430388218],[-106.738267437311,32.3533370701489],[-106.738264741129,32.3533313998561],[-106.738260985974,32.3533261809781],[-106.738256274605,32.353321555609],[-106.738250734121,32.3533176477115],[-106.738244513835,32.3533145631252],[-106.738237782068,32.3533123859722],[-106.738443036172,32.3533723432806],[-106.738442706684,32.3533723202067],[-106.738442382272,32.3533722529226],[-106.738436275348,32.3533718779551],[-106.738431189579,32.3533715269902],[-106.738430914518,32.3533715487978],[-106.73843063712,32.3533715309332],[-106.738424370326,32.3533720512157],[-106.738419353326,32.3533724367924],[-106.738419140032,32.3533724854162],[-106.738418918074,32.3533725034108],[-106.738412609607,32.3533739680871],[-106.738407871501,32.3533750452014],[-106.738407720945,32.3533751035025],[-106.738407560715,32.3533751410987],[-106.738401277939,32.3533776301723],[-106.738397081553,32.3533792751555],[-106.738396991532,32.353379328713],[-106.738396889751,32.3533793687884],[-106.738390500127,32.3533831298785],[-106.73838729944,32.3533850045841],[-106.738387259242,32.3533850372063],[-106.738387213702,32.353385064438],[-106.738378810056,32.353392064641],[-106.738336824677,32.3534343695739],[-106.738295838542,32.3534773731627],[-106.738293208212,32.3534805984274],[-106.738291253248,32.3534841520552],[-106.738290029427,32.3534879346269],[-106.738289572289,32.3534918377837],[-106.73828989399,32.3534957505512],[-106.73829098649,32.3534995611316],[-106.738292818402,32.3535031623268],[-106.738295337115,32.3535064515299],[-106.738298470931,32.3535093334227],[-106.738302130174,32.3535117280881],[-106.738306212477,32.3535135664801],[-106.738310600684,32.3535147958432],[-106.738315169244,32.3535153823934],[-106.738319789503,32.3535153085919],[-106.738324328667,32.3535145767563],[-106.738328659349,32.3535132072206],[-106.738332656393,32.3535112401504],[-106.738361423997,32.3534948910291],[-106.738552055288,32.3537365609556],[-106.738508223264,32.3537614719733],[-106.738517636055,32.3537734048206],[-106.73851937248,32.35377544709],[-106.738521484609,32.3537772155466],[-106.738523914808,32.353778661714],[-106.7385265938,32.3537797452775],[-106.738529448102,32.3537804340551],[-106.738532397938,32.3537807112207],[-106.738535360389,32.353780568077],[-106.738538253667,32.3537800085482],[-106.738540997102,32.3537790473763],[-106.738690715172,32.3537137445955],[-106.738700070633,32.3537088879801],[-106.738700278067,32.3537087374699],[-106.73870065948,32.3537085375859],[-106.738704157944,32.3537059249103],[-106.738708409298,32.3537028430629],[-106.738708784463,32.3537024691468],[-106.738709432089,32.3537019850516],[-106.738712438908,32.3536988313691],[-106.738715523727,32.3536957594525],[-106.738716007786,32.3536950875052],[-106.738716782207,32.3536942755485],[-106.738718946901,32.3536910006741],[-106.738721237443,32.3536878145947],[-106.738721744988,32.3536867682902],[-106.738722499567,32.3536856254328],[-106.73872381611,32.353682491827],[-106.738725408074,32.3536792056439],[-106.738725825015,32.3536777096692],[-106.738726424013,32.3536762833331],[-106.738727002855,32.3536734799558],[-106.738727930529,32.3536701476469],[-106.73872810668,32.3536681313381],[-106.738728441159,32.3536665139336],[-106.738751967083,32.3538405124642],[-106.73875120734,32.353838522328],[-106.73875064496,32.3538366820354],[-106.738750144787,32.3538357406424],[-106.738749749302,32.3538347068554],[-106.738748549837,32.3538327427729],[-106.738747583854,32.3538309274922],[-106.738746969853,32.3538301569891],[-106.738746439262,32.3538292887635],[-106.738744786629,32.3538274184253],[-106.738743415291,32.3538256976054],[-106.738742739537,32.3538251004961],[-106.738742125945,32.3538244057465],[-106.738740023722,32.3538227021882],[-106.738738261214,32.3538211452162],[-106.738737572547,32.3538207149985],[-106.738736925872,32.353820190826],[-106.738734389318,32.3538187252342],[-106.73873227108,32.3538174023169],[-106.7387316151,32.3538171234826],[-106.738730980962,32.3538167570846],[-106.738728035972,32.3538156033104],[-106.738725618648,32.3538145764556],[-106.738725032421,32.353814426315],[-106.738724453219,32.3538141994903],[-106.738721134165,32.3538134268425],[-106.738718497735,32.3538127507528],[-106.738718010854,32.3538127003322],[-106.738717519378,32.3538125858984],[-106.738713856393,32.3538122655061],[-106.738711114746,32.3538119785196],[-106.738710747212,32.3538119934714],[-106.738710366672,32.3538119606757],[-106.738706359123,32.3538121728057],[-106.738703684419,32.353812282372],[-106.738703444544,32.3538123274919],[-106.738703190688,32.3538123411013],[-106.738698682085,32.353813226146],[-106.738696423447,32.3538136524518],[-106.738696309974,32.3538136916709],[-106.738696185799,32.3538137165018],[-106.738689541983,32.3538160491655],[-106.738667209242,32.3538257917574],[-106.738661412804,32.3538288272823],[-106.738656243949,32.353832590871],[-106.738651828623,32.353836991851],[-106.738648272493,32.3538419224934],[-106.738645664161,32.3538472625095],[-106.738644066675,32.353852881789],[-106.73864351755,32.3538586440081],[-106.738643464677,32.3538768696231],[-106.738643714485,32.3538796598693],[-106.738644476039,32.3538823822983],[-106.73864572986,32.3538849711506],[-106.738647445845,32.3538873607081],[-106.738649581187,32.3538894934185],[-106.738652082477,32.3538913162797],[-106.738654888913,32.3538927844349],[-106.738657932305,32.3538938620746],[-106.738661136006,32.3538945215383],[-106.738664422379,32.3538947486973],[-106.738704487458,32.3538948333608],[-106.738703630112,32.3541856730585],[-106.738656758629,32.3541855732799],[-106.73865423305,32.3541857553171],[-106.738651781705,32.3541863068235],[-106.73864948101,32.3541872121718],[-106.738647400929,32.3541884422318],[-106.738645602887,32.3541899597899],[-106.738644144013,32.3541917195326],[-106.738643066519,32.3541936680872],[-106.738642404083,32.3541957458015],[-106.738642176553,32.3541978894695],[-106.738642391013,32.3542000332288],[-106.738643041809,32.3542021139722],[-106.738644107344,32.3542040668505],[-106.738645556487,32.3542058324622],[-106.738647344335,32.3542073586744],[-106.738649418564,32.35420859699],[-106.738651713109,32.3542095115911],[-106.738654160881,32.3542100738785],[-106.738656686353,32.3542102670098],[-106.738703556786,32.3542103667924],[-106.738702699443,32.3545012055738],[-106.73865906095,32.3545011131112],[-106.738655973533,32.3545013361044],[-106.738652977791,32.3545020105674],[-106.738650166052,32.3545031163017],[-106.738647623131,32.3545046196105],[-106.738645426342,32.3545064742002],[-106.738643642327,32.3545086257017],[-106.738642325975,32.3545110071659],[-106.738641516209,32.3545135462943],[-106.738641238116,32.3545161663328],[-106.738641500827,32.3545187869817],[-106.738642295419,32.354521329815],[-106.738643598098,32.3545237164642],[-106.738645369164,32.3545258749354],[-106.738647555141,32.354527739601],[-106.738650088789,32.3545292539053],[-106.738652894421,32.3545303712453],[-106.738655885799,32.3545310585869],[-106.738658972499,32.354531294636],[-106.738702611006,32.3545313870986],[-106.73870103887,32.3550198411433],[-106.738629924955,32.3550196630317],[-106.738626556065,32.3550199051517],[-106.738623288632,32.3550206392865],[-106.738620220289,32.3550218443154],[-106.738617445403,32.3550234837991],[-106.738615047635,32.3550255069101],[-106.73861309997,32.355027852942],[-106.738611662582,32.3550304495139],[-106.73861077755,32.3550332189043],[-106.738610473111,32.3550360771319],[-106.738610338096,32.3550749905081],[-106.738325885203,32.3550732431894],[-106.738326013838,32.3550360857318],[-106.73832575326,32.3550334650741],[-106.738324959734,32.3550309222349],[-106.738323658114,32.3550285346767],[-106.738321888103,32.3550263752951],[-106.738319703178,32.3550245097181],[-106.738317169517,32.3550229945056],[-106.738314364931,32.3550218762524],[-106.738311374597,32.3550211879969],[-106.738308287877,32.3550209510376],[-106.738305199369,32.3550211722229],[-106.738302203602,32.3550218457759],[-106.738299391837,32.3550229506007],[-106.738296847829,32.3550244530048],[-106.738294649958,32.3550263075924],[-106.738292864852,32.3550284572895],[-106.738291547421,32.3550308387541],[-106.738290736574,32.3550333769824],[-106.738290456345,32.3550359970283],[-106.738290328064,32.3550730255206],[-106.738176310788,32.3550720031718],[-106.738062292505,32.3550729692943],[-106.737948321015,32.3550759228016],[-106.737946502995,32.3550402843684],[-106.737946107359,32.3550376389807],[-106.73794520329,32.3550350857445],[-106.737943814534,32.3550326940101],[-106.737941979688,32.3550305285611],[-106.737939750084,32.3550286514263],[-106.73793718442,32.3550271110783],[-106.737934356247,32.3550259523247],[-106.737931340101,32.3550252055401],[-106.737928221092,32.3550248911376],[-106.737925083201,32.3550250178109],[-106.737922012473,32.3550255825214],[-106.737919094886,32.3550265696052],[-106.737916407858,32.3550279526094],[-106.737914027678,32.3550296924594],[-106.737912017842,32.3550317420137],[-106.73791043436,32.3550340451411],[-106.737909320449,32.3550365376435],[-106.737908706562,32.3550391526663],[-106.737908610375,32.3550418179936],[-106.737910702258,32.3550774111776],[-106.737825180806,32.3550817425624],[-106.73773976625,32.3550873838584],[-106.737654485147,32.355094334963],[-106.737569366165,32.3551025930601],[-106.737563841955,32.3550656919332],[-106.737563171613,32.3550631332816],[-106.737561989891,32.3550607118835],[-106.737560331175,32.355058499754],[-106.737558247893,32.3550565652305],[-106.737555800915,32.3550549657959],[-106.737553064875,32.3550537498613],[-106.737550122843,32.3550529540814],[-106.73754706207,32.3550526024687],[-106.737543976117,32.3550527063855],[-106.737540957394,32.3550532609654],[-106.737538098256,32.355054251422],[-106.737535483536,32.3550556467644],[-106.737533192691,32.3550574042989],[-106.737531295568,32.3550594723503],[-106.737529848144,32.3550617884747],[-106.737528894658,32.3550642812555],[-106.737528463407,32.3550668775336],[-106.737528567771,32.3550694969932],[-106.737534094122,32.3551064035245],[-106.737449156133,32.3551165177421],[-106.73736444824,32.3551279359848],[-106.737279996967,32.3551406518378],[-106.737195830987,32.355154663387],[-106.737187352356,32.3551193843522],[-106.737186473903,32.3551168490484],[-106.737185104391,32.35511447617],[-106.737183282432,32.3551123332063],[-106.737181060414,32.3551104812804],[-106.737178502376,32.3551089742558],[-106.737175681865,32.3551078560387],[-106.737172679791,32.3551071569794],[-106.737169581267,32.3551068983935],[-106.737166475575,32.355107086249],[-106.737163451941,32.355107716594],[-106.73716059739,32.3551087710553],[-106.73715799251,32.3551102195609],[-106.737155713576,32.3551120203312],[-106.737153825117,32.3551141208099],[-106.737152381004,32.355116462169],[-106.737151423374,32.3551189766072],[-106.737150978406,32.3551215927778],[-106.737151060564,32.3551242339677],[-106.737159672766,32.3551610447257],[-106.737062935209,32.3551769950114],[-106.736965794416,32.3551910637252],[-106.736868299231,32.3552032443646],[-106.736770502746,32.3552135295092],[-106.736672453811,32.3552219135587],[-106.736668690291,32.3551855701533],[-106.736668161204,32.3551829965222],[-106.736667124858,32.3551805366773],[-106.736665611391,32.3551782626499],[-106.736663664709,32.3551762392035],[-106.736661342505,32.3551745256375],[-106.736658710918,32.355173171298],[-106.736655846657,32.3551722155704],[-106.736652833805,32.3551716860874],[-106.736649757453,32.3551715996558],[-106.736633054977,32.3551727463138],[-106.736630554759,32.3551731067782],[-106.736628166973,32.3551738284492],[-106.736625961641,32.3551748921176],[-106.736624007643,32.3551762641496],[-106.736622364256,32.3551779028316],[-106.736621080087,32.3551797583743],[-106.736620195216,32.3551817756107],[-106.73661973587,32.3551838922121],[-106.736619716581,32.3551860440914],[-106.736623418719,32.355225214121],[-106.736542515171,32.3552308399086],[-106.736461479823,32.355234869885],[-106.736380356229,32.3552373020784],[-106.736299186891,32.3552381363245],[-106.736218017497,32.3552373715454],[-106.736218022153,32.3552005121731],[-106.736217752067,32.3551978906456],[-106.736216950109,32.355195349629],[-106.736215641118,32.3551929647827],[-106.736213863741,32.3551908099091],[-106.736211672504,32.3551889488289],[-106.736209133594,32.3551874399071],[-106.736206324813,32.355186327936],[-106.736203330272,32.3551856459596],[-106.736200242533,32.3551854170693],[-106.736197155114,32.3551856454136],[-106.736194161489,32.3551863261231],[-106.736191351852,32.3551874372057],[-106.736188812088,32.355188945864],[-106.736186620572,32.3551908058018],[-106.736184841817,32.3551929608558],[-106.73618353178,32.3551953449757],[-106.736182728324,32.3551978858679],[-106.7361824576,32.3552005067745],[-106.736182453529,32.3552372795675],[-106.735810643686,32.3552363187094],[-106.735810648502,32.3551994584336],[-106.735810378434,32.355196837807],[-106.735809576487,32.3551942967877],[-106.735808267507,32.3551919119371],[-106.735806490139,32.3551897570576],[-106.73580429891,32.3551878959702],[-106.735801760007,32.3551863870401],[-106.735798951226,32.3551852741581],[-106.735795957756,32.3551845930698],[-106.735792870012,32.3551843632676],[-106.735789781535,32.3551845925079],[-106.735786787902,32.3551852723059],[-106.735783978265,32.3551863842813],[-106.735781439551,32.3551878920256],[-106.735779246965,32.3551897519604],[-106.7357774682,32.3551919070089],[-106.735776158152,32.3551942911246],[-106.735775354684,32.3551968320143],[-106.735775083949,32.3551994529202],[-106.735775079718,32.3552362266165],[-106.735315976004,32.3552350377215],[-106.735315984105,32.3551919907669],[-106.735315697006,32.35518916278],[-106.735314840866,32.3551864190506],[-106.735313442679,32.3551838406411],[-106.735311544292,32.3551815040473],[-106.735309200265,32.3551794794032],[-106.735306482101,32.3551778259556],[-106.735303469755,32.3551765939001],[-106.735300252666,32.3551758189666],[-106.735296926581,32.3551755242345],[-106.735249513723,32.3551748174313],[-106.735254000125,32.3549580495445],[-106.735297648201,32.3549587004882],[-106.735300740104,32.354958517241],[-106.735303747781,32.354957881591],[-106.735306578889,32.3549568110285],[-106.735309148613,32.3549553401501],[-106.735311378567,32.3549535134479],[-106.735313201044,32.3549513852931],[-106.73531456008,32.3549490208341],[-106.735315414619,32.3549464914748],[-106.735315739581,32.3549438757721],[-106.735315523694,32.3549412513283],[-106.735314774823,32.3549386983775],[-106.735313514632,32.354936294395],[-106.735311781764,32.3549341131836],[-106.735309629694,32.3549322203723],[-106.735307122478,32.3549306734326],[-106.735304336863,32.3549295189653],[-106.735301358043,32.3549287936184],[-106.735298275376,32.3549285177903],[-106.73525462519,32.3549278668549],[-106.735260645431,32.3546370136004],[-106.735302668694,32.3546376401316],[-106.735306042056,32.35463744047],[-106.735309323532,32.3546367469501],[-106.735312412296,32.3546355798003],[-106.7353152161,32.3546339745479],[-106.735317649152,32.3546319811243],[-106.735319636335,32.3546296593406],[-106.735321119589,32.354627079764],[-106.735322051524,32.3546243210377],[-106.735322404957,32.3546214662361],[-106.735322652557,32.3546095374643],[-106.735322335707,32.3546053162391],[-106.735321218277,32.35460119369],[-106.735319330598,32.3545972788238],[-106.735316722092,32.3545936742607],[-106.735313460209,32.3545904762386],[-106.735292985468,32.3545734127231],[-106.735289543645,32.3545709386735],[-106.735289412592,32.3545708697355],[-106.735288976377,32.3545705584732],[-106.735284491133,32.354568270611],[-106.735279641593,32.3545666046204],[-106.735274543787,32.3545656015401],[-106.735269324275,32.3545652852328],[-106.735264111664,32.3545656642222],[-106.735255482731,32.3545653601296],[-106.735248729174,32.354565473591],[-106.735242087908,32.3545665200311],[-106.735235737287,32.35456847261],[-106.735229847023,32.3545712783679],[-106.735224575028,32.354574862746],[-106.735220062093,32.3545791287051],[-106.735216429793,32.354583962145],[-106.735213776254,32.3545892346261],[-106.73521217084,32.3545948042919],[-106.735211656309,32.3546005203694],[-106.735220361563,32.3544477682258],[-106.735223190403,32.3544536382833],[-106.735227101542,32.3544590424317],[-106.735231991158,32.3544638376769],[-106.735237731082,32.3544678982533],[-106.735244169863,32.3544711156201],[-106.735251138123,32.354473406557],[-106.735258450657,32.3544747086474],[-106.735278577704,32.3544754131127],[-106.735283376099,32.3544752620798],[-106.735288089305,32.3544744782783],[-106.735292600556,32.3544730819982],[-106.735296799528,32.3544711052286],[-106.73530058555,32.3544685979583],[-106.735315940501,32.3544566714821],[-106.735318414317,32.3544547518531],[-106.735320466695,32.3544525028679],[-106.735322037429,32.3544499905932],[-106.735323081218,32.3544472873509],[-106.735323566611,32.3544444726246],[-106.735323481304,32.3544416294313],[-106.735322825734,32.3544388398376],[-106.735321620521,32.3544361849302],[-106.735319900087,32.3544337439391],[-106.73531771475,32.3544315879165],[-106.735315128582,32.3544297779415],[-106.735312217317,32.354428369637],[-106.735309065101,32.3544274023606],[-106.735305765583,32.3544269046109],[-106.73526863189,32.3544242815194],[-106.735274809658,32.3543740438495],[-106.735283221989,32.3543240401782],[-106.735293855453,32.3542743427046],[-106.73530669661,32.3542250218238],[-106.735321726712,32.3541761488532],[-106.735338923816,32.3541277933186],[-106.735358263854,32.3540800247539],[-106.735399296803,32.3540928164635],[-106.735402292413,32.3540935074736],[-106.735405384431,32.3540937489932],[-106.735408479324,32.3540935341673],[-106.735411483625,32.3540928687668],[-106.735414308195,32.3540917729755],[-106.735416867153,32.3540902804919],[-106.735419084233,32.3540884348985],[-106.735420892807,32.3540862932678],[-106.735422237957,32.3540839180387],[-106.73542308076,32.3540813815087],[-106.735423395058,32.3540787595335],[-106.735423171709,32.3540761306091],[-106.735422416448,32.3540735740758],[-106.735421154123,32.3540711664948],[-106.735419420178,32.3540689798776],[-106.73541726703,32.3540670807589],[-106.735414760851,32.3540655247986],[-106.735411976266,32.3540643595073],[-106.735371240445,32.3540509010957],[-106.735393983002,32.3540042250955],[-106.73541878974,32.3539583122257],[-106.73544562489,32.3539132293593],[-106.735474449476,32.3538690397745],[-106.735505222404,32.353825807659],[-106.735537900438,32.3537835945036],[-106.73557243609,32.3537424609133],[-106.735607493737,32.3537646231975],[-106.735610134994,32.3537660081851],[-106.735613018439,32.3537669855075],[-106.735616057857,32.3537675257356],[-106.735619160728,32.3537676129925],[-106.735622235661,32.3537672440225],[-106.73562518922,32.3537664300077],[-106.735627932289,32.353765195641],[-106.735630383257,32.3537635782123],[-106.735632469072,32.3537616258006],[-106.735634126299,32.3537593972705],[-106.735635305355,32.3537569586474],[-106.735635971581,32.3537543849183],[-106.735636103064,32.3537517510205],[-106.735635698113,32.353749138127],[-106.735634767768,32.3537466237538],[-106.735633340056,32.3537442835483],[-106.735631457852,32.3537421876893],[-106.735629177798,32.3537403981861],[-106.73559462817,32.3537176684944],[-106.735632149214,32.3536783081482],[-106.735671404416,32.3536401865634],[-106.735712336687,32.3536033571671],[-106.735754886818,32.3535678742966],[-106.735798994521,32.3535337886858],[-106.735844596314,32.3535011501792],[-106.735891624448,32.3534700050303],[-106.735913909821,32.3534952781999],[-106.735916030738,32.3534973100059],[-106.735918516477,32.3534990184473],[-106.735921299856,32.3535003577885],[-106.735924304174,32.3535012895459],[-106.735927447497,32.3535017905869],[-106.735930645805,32.353501845002],[-106.73593381092,32.3535014540328],[-106.735936857889,32.3535006261231],[-106.735939702902,32.3534993841421],[-106.735942268582,32.353497762658],[-106.73594448504,32.3534958052287],[-106.735946293063,32.3534935652913],[-106.735947641978,32.3534911034647],[-106.735954377936,32.3534620822489],[-106.735954925729,32.3534580263387],[-106.735954947292,32.3534578864694],[-106.735954721798,32.353453666697],[-106.735953708406,32.3534495311262],[-106.735951932116,32.3534455851768],[-106.735949438092,32.3534419296815],[-106.73594629164,32.3534386572791],[-106.735943080867,32.3534346816841],[-106.735938810217,32.3534301961198],[-106.735933766245,32.3534263349069],[-106.735928070571,32.3534231913686],[-106.735921864929,32.3534208452233],[-106.735915302614,32.3534193526965],[-106.735908545324,32.3534187519449],[-106.735901762064,32.3534190567467],[-106.735895117484,32.3534202610566],[-106.735888778223,32.3534223335701],[-106.735883465,32.3534249459441],[-106.735884478333,32.3534243017297],[-106.736044662496,32.3533306933847],[-106.736039097348,32.3533340760111],[-106.736034228664,32.35333815759],[-106.736030177035,32.3533428393557],[-106.736027041704,32.3533480036858],[-106.736024902727,32.3533535213077],[-106.73602381144,32.3533592567468],[-106.73602379682,32.353365065596],[-106.736024857037,32.3533708044689],[-106.736026967952,32.3533763300646],[-106.736030076777,32.3533815064079],[-106.736045627581,32.3534036697847],[-106.736048411043,32.3534070112219],[-106.736051775596,32.3534099409816],[-106.736055639054,32.3534123890364],[-106.736059905472,32.3534142944304],[-106.736064470473,32.3534156097679],[-106.736081563934,32.3534192892639],[-106.736084668708,32.3534197345351],[-106.736087815789,32.3534197467569],[-106.736090924437,32.3534193271422],[-106.736093912896,32.3534184859266],[-106.736096701604,32.3534172459627],[-106.736099216359,32.3534156391012],[-106.736101392578,32.3534137079778],[-106.736103172103,32.3534115042219],[-106.73610450849,32.3534090848287],[-106.736105365959,32.3534065139673],[-106.736105721492,32.3534038584631],[-106.736105566971,32.3534011895932],[-106.736104907023,32.3533985776838],[-106.736103756883,32.3533960903146],[-106.736085791876,32.3533649367233],[-106.736188469908,32.3533221514988],[-106.736201495415,32.3533447394396],[-106.736203431171,32.3533439356475],[-106.736189221711,32.3533192924533],[-106.736224067377,32.353304815168],[-106.736238277907,32.3533294583542],[-106.736240213657,32.3533286536597],[-106.736227188138,32.3533060648211],[-106.736289705709,32.3532800905229],[-106.736308770013,32.3533097788557],[-106.736310386464,32.3533118477721],[-106.736312398848,32.353313650019],[-106.736314746313,32.3533151308186],[-106.736317359568,32.3533162471492],[-106.736320159805,32.3533169641427],[-106.736323062979,32.3533172613806],[-106.736325984042,32.3533171292706],[-106.736328834836,32.3533165726619],[-106.73633152939,32.353315608119],[-106.736333988165,32.3533142630042],[-106.736336138081,32.3533125799859],[-106.736337913522,32.353310607115],[-106.736339262746,32.353308404113],[-106.736340144671,32.3533060369731],[-106.736340534175,32.3533035761361],[-106.736340417842,32.3533010956051],[-106.736339800312,32.3532986684119],[-106.736338698981,32.3532963684407],[-106.736320967229,32.3532669220805],[-106.736371644008,32.3532451896861],[-106.736423294682,32.3532251769442],[-106.73647583868,32.3532069166308],[-106.736529192222,32.3531904370253],[-106.736583273635,32.3531757627914],[-106.736637998055,32.3531629186056],[-106.7366932774,32.3531519228437],[-106.736702659232,32.3531894765039],[-106.736703349668,32.3531914299446],[-106.736704410243,32.3531932602079],[-106.736705810938,32.353194916906],[-106.736707513265,32.3531963550953],[-106.73670947133,32.3531975361734],[-106.736711631838,32.3531984278793],[-106.736713936219,32.3531990051876],[-106.736716320645,32.353199253013],[-106.736718721331,32.3531991643869],[-106.736721071353,32.3531987413712],[-106.736723307022,32.3531979950338],[-106.736725367896,32.3531969472524],[-106.736727197815,32.3531956262009],[-106.73672874597,32.3531940672473],[-106.736729971154,32.3531923129374],[-106.736730839623,32.3531904111994],[-106.736731327223,32.3531884144336],[-106.736731421494,32.3531863767988],[-106.736731118485,32.3531843542247],[-106.736721408764,32.3531454905472],[-106.736777115819,32.3531367928066],[-106.736833153868,32.3531297901371],[-106.736889449665,32.3531244936431],[-106.736945933111,32.3531209072021],[-106.737002532002,32.3531190383076],[-106.737059173033,32.3531188872425]],[[-106.737120663297,32.3532410691215],[-106.737118273912,32.3532412839702],[-106.737115959613,32.3532418304083],[-106.737113781937,32.3532426919649],[-106.737111801324,32.3532438467624],[-106.737110071787,32.3532452621257],[-106.737108639864,32.3532468990957],[-106.737107545696,32.3532487142287],[-106.737106818765,32.3532506578095],[-106.737106477911,32.3532526765561],[-106.73710050085,32.3533375823218],[-106.737100556402,32.3533396211819],[-106.737101005935,32.3533416242504],[-106.73710183853,32.3533435365567],[-106.737103029481,32.3533453076931],[-106.737104548768,32.3533468872718],[-106.73710635261,32.3533482339771],[-106.737108394055,32.3533493101127],[-106.737110615573,32.3533500861398],[-106.737112957551,32.3533505406444],[-106.737115355117,32.353350662153],[-106.737117744506,32.3533504473044],[-106.737120058812,32.3533499017681],[-106.737122236486,32.3533490393095],[-106.737124217106,32.3533478854137],[-106.737125946645,32.3533464700502],[-106.737127377502,32.3533448321823],[-106.737128472733,32.353343017045],[-106.737129199664,32.3533410734642],[-106.737129540518,32.3533390547174],[-106.737135517556,32.3532541498525],[-106.737135462004,32.3532521109924],[-106.737135012471,32.353250107924],[-106.737134179871,32.353248194716],[-106.737132988921,32.35324642358],[-106.737131469634,32.3532448440015],[-106.737129665794,32.3532434972966],[-106.737127624356,32.3532424220631],[-106.73712540284,32.3532416460362],[-106.73712306086,32.35324119063],[-106.737120663297,32.3532410691215]],[[-106.736741733023,32.3532640067263],[-106.736739215303,32.3532642635479],[-106.736736788799,32.3532648879708],[-106.736734526712,32.3532658598719],[-106.736732497951,32.3532671510281],[-106.736730763926,32.3532687215211],[-106.736729377502,32.3532705233492],[-106.736728380887,32.3532725022386],[-106.736727804573,32.3532745985499],[-106.736727665211,32.3532767472858],[-106.736727967772,32.3532788843961],[-106.736748555755,32.3533621265376],[-106.736749291386,32.3533641862215],[-106.736750437442,32.3533661063391],[-106.736751957487,32.3533678284109],[-106.73675380768,32.353369300299],[-106.736755930409,32.3533704771335],[-106.736758261728,32.3533713221852],[-106.73676073139,32.3533718122775],[-106.736763262805,32.3533719296689],[-106.736765780528,32.3533716728467],[-106.73676820704,32.3533710493251],[-106.736770469124,32.3533700765215],[-106.736772497891,32.3533687862666],[-106.736774231918,32.353367215773],[-106.736775618337,32.3533654130426],[-106.736776614952,32.3533634341529],[-106.73677719127,32.3533613387432],[-106.736777330631,32.3533591900073],[-106.736777027007,32.3533570529013],[-106.736756438999,32.3532738107646],[-106.736755704426,32.3532717501747],[-106.736754558376,32.353269830959],[-106.736753038332,32.3532681088872],[-106.736751188141,32.353266636999],[-106.736749065415,32.3532654601645],[-106.736746733032,32.3532646142147],[-106.736744264439,32.3532641250199],[-106.736741733023,32.3532640067263]],[[-106.736646033139,32.3533253624517],[-106.736633578908,32.3533445990877],[-106.736656241525,32.3533551705739],[-106.736668695753,32.3533359339357],[-106.736646033139,32.3533253624517]],[[-106.736503502692,32.3533715844878],[-106.736493666715,32.3533918851103],[-106.736517582824,32.3534002341464],[-106.736527418796,32.353379933522],[-106.736503502692,32.3533715844878]],[[-106.736394196346,32.3533763105543],[-106.736391691087,32.3533763157058],[-106.736389222819,32.3533766814532],[-106.73638686373,32.3533773966959],[-106.736384681705,32.3533784404297],[-106.736382738208,32.3533797826567],[-106.736381091468,32.3533813852749],[-106.736379787983,32.3533832012088],[-106.73637886572,32.3533851780051],[-106.736378352,32.353387258742],[-106.736378259252,32.3533893838498],[-106.736378592455,32.3533914910819],[-106.736379341726,32.3533935200525],[-106.736380484438,32.3533954122292],[-106.736419797318,32.3534614453331],[-106.73642047909,32.353463567454],[-106.736421577713,32.3534655590033],[-106.736423060997,32.3534673614852],[-106.736424886167,32.3534689227574],[-106.736426997728,32.3534701970399],[-106.736429334913,32.3534711457874],[-106.736431828516,32.3534717413098],[-106.736434405134,32.353471966755],[-106.73643699036,32.3534718151951],[-106.736439506653,32.3534712905366],[-106.736441879729,32.3534704092993],[-106.736444040666,32.3534691970005],[-106.7364459259,32.3534676881556],[-106.73644748043,32.353465928971],[-106.736448656717,32.3534639701334],[-106.736449422134,32.3534618694867],[-106.736449753635,32.3534596884455],[-106.736449640939,32.3534574910804],[-106.736449088649,32.3534553432086],[-106.736448110903,32.353453306101],[-106.736446737784,32.3534514418691],[-106.736406139931,32.3533831428795],[-106.736404825538,32.3533813325314],[-106.736403169125,32.3533797381416],[-106.736401217676,32.3533784037194],[-106.736399029844,32.3533773696217],[-106.736396666345,32.3533766653754],[-106.736394196346,32.3533763105543]],[[-106.736158421708,32.3534703802612],[-106.736155324009,32.3534704634466],[-106.736152290367,32.3534710018174],[-106.736149412067,32.3534719787887],[-106.736146778199,32.3534733651579],[-106.736144468223,32.3534751191339],[-106.736142550909,32.3534771863408],[-106.736141086489,32.353479505221],[-106.736140119204,32.3534820043581],[-106.736139677339,32.3534846087899],[-106.736139774276,32.3534872382004],[-106.73614040853,32.3534898132329],[-106.736141559498,32.3534922564081],[-106.73618379479,32.3535631987956],[-106.736185429134,32.3535654344861],[-106.73618749443,32.353567395256],[-106.736189930864,32.3535690218139],[-106.736192662737,32.3535702648501],[-106.736195606969,32.3535710859055],[-106.736198675249,32.3535714609705],[-106.736201772957,32.3535713786858],[-106.736204806601,32.3535708403137],[-106.736207683836,32.3535698624435],[-106.736210318769,32.3535684760689],[-106.736212628746,32.3535667220918],[-106.736214544997,32.3535646548879],[-106.736216009417,32.3535623360068],[-106.736216977764,32.3535598368651],[-106.736217419632,32.3535572333349],[-106.736217322687,32.3535546030227],[-106.736216688431,32.3535520279906],[-106.73621553746,32.3535495848163],[-106.73617330215,32.3534786424393],[-106.736171667808,32.3534764067486],[-106.736169601451,32.3534744459826],[-106.736167166083,32.3534728194201],[-106.736164434213,32.3534715763832],[-106.736161489984,32.3534707553271],[-106.736158421708,32.3534703802612]],[[-106.736010607555,32.3535500553572],[-106.736007507482,32.3535500925539],[-106.736004462972,32.3535505858708],[-106.73600156638,32.3535515205224],[-106.735998904676,32.3535528682164],[-106.735996558384,32.3535545871575],[-106.73599459948,32.3535566265652],[-106.735993088187,32.3535589230782],[-106.73599206876,32.3535614079855],[-106.735991573725,32.353564004505],[-106.735991617541,32.3535666350222],[-106.735992198717,32.3535692192784],[-106.735993298771,32.3535716788842],[-106.735994886489,32.3535739382049],[-106.736049668785,32.353638403931],[-106.736051694929,32.3536403946149],[-106.736054097558,32.3536420573796],[-106.736056803081,32.3536433402015],[-106.736059730553,32.3536442055151],[-106.736062790571,32.3536446248057],[-106.736065889585,32.3536445876116],[-106.736068934098,32.3536440942932],[-106.736071830693,32.3536431596401],[-106.736074493466,32.3536418128423],[-106.736076838691,32.3536400930019],[-106.736078797599,32.3536380544948],[-106.736080308887,32.3536357570791],[-106.736081328317,32.3536332730729],[-106.736081823345,32.3536306756513],[-106.736081779527,32.3536280451342],[-106.736081198348,32.3536254608785],[-106.73608009829,32.3536230012734],[-106.736078510569,32.3536207419539],[-106.736023728268,32.353556277142],[-106.736021702122,32.3535542855558],[-106.736019299497,32.3535526227905],[-106.736016593976,32.3535513399677],[-106.736013666513,32.3535504755549],[-106.736010607555,32.3535500553572]],[[-106.737012166248,32.3532784168904],[-106.736994193226,32.3532941991542],[-106.737012786248,32.3533094551474],[-106.73703075927,32.353293672881],[-106.737012166248,32.3532784168904]],[[-106.736854369286,32.3532882961384],[-106.736838614859,32.3533057030605],[-106.736859121882,32.3533190749466],[-106.736874875251,32.3533016689279],[-106.736854369286,32.3532882961384]],[[-106.737226504199,32.3532893510116],[-106.737205893392,32.3533026075025],[-106.737221510812,32.3533201025188],[-106.737242121626,32.3533068469273],[-106.737226504199,32.3532893510116]],[[-106.737484288895,32.3533005795086],[-106.737481229136,32.3533009998704],[-106.737478302446,32.35330186523],[-106.737475597926,32.3533031481875],[-106.737473196122,32.3533048114561],[-106.737471171125,32.3533068024424],[-106.737469584237,32.3533090613874],[-106.737468483967,32.3533115204654],[-106.737442958869,32.3533880839567],[-106.737442377746,32.3533906672868],[-106.737442334484,32.3533932981397],[-106.737442829705,32.3533958944453],[-106.737443849182,32.3533983786996],[-106.737445360635,32.3534006752723],[-106.737447320122,32.3534027130873],[-106.737449665697,32.3534044319603],[-106.737452326954,32.3534057789544],[-106.737455223987,32.3534067128935],[-106.737458268464,32.3534072061617],[-106.737461366802,32.3534072428874],[-106.737464426566,32.3534068225261],[-106.737467353259,32.3534059571668],[-106.737470057782,32.3534046742095],[-106.737472459594,32.3534030118427],[-106.737474484588,32.3534010199547],[-106.737476071477,32.3533987610095],[-106.737477171748,32.3533963019315],[-106.737502696824,32.3533197393354],[-106.73750327794,32.3533171551033],[-106.737503321205,32.3533145251521],[-106.737502824916,32.3533119279491],[-106.737501806501,32.3533094436911],[-106.73750029399,32.353307148025],[-106.737498335562,32.3533051093048],[-106.737495989989,32.3533033904327],[-106.737493327672,32.3533020434436],[-106.737490430641,32.3533011095053],[-106.73748738723,32.3533006162337],[-106.737484288895,32.3533005795086]],[[-106.73737759465,32.3533143003654],[-106.737355390035,32.3533255510197],[-106.737368643327,32.3533443989032],[-106.737390847951,32.3533331491484],[-106.73737759465,32.3533143003654]],[[-106.737575781427,32.3533625109886],[-106.737553207366,32.3533732192924],[-106.737565822781,32.3533923798555],[-106.737588396846,32.3533816715494],[-106.737575781427,32.3533625109886]],[[-106.737819675309,32.3533805879056],[-106.73781727687,32.353380699992],[-106.737814932282,32.3533811455533],[-106.737812706291,32.3533819126149],[-106.737810659344,32.3533829802008],[-106.737808847595,32.3533843192346],[-106.737807319719,32.3533858925524],[-106.737806117991,32.3533876585059],[-106.737805275084,32.3533895682688],[-106.737777990463,32.3534714117257],[-106.73777752947,32.3534734129017],[-106.737777462851,32.353475451332],[-106.737777792431,32.3534774710951],[-106.737778509415,32.3534794172122],[-106.73777959333,32.3534812365538],[-106.737781016293,32.3534828805278],[-106.737782737679,32.3534843023955],[-106.737784711599,32.3534854644566],[-106.737786883699,32.3534863353567],[-106.737789195415,32.3534868909725],[-106.737791582913,32.3534871153176],[-106.737793982417,32.3534870032275],[-106.737796325945,32.3534865576708],[-106.73779855194,32.3534857906094],[-106.737800598889,32.3534847230237],[-106.737802411707,32.3534833848878],[-106.737803938517,32.3534818106723],[-106.737805140247,32.3534800447189],[-106.737805983154,32.3534781349559],[-106.737833267757,32.3533962923952],[-106.737833728744,32.3533942903171],[-106.737833795362,32.3533922518868],[-106.737833466843,32.3533902321197],[-106.737832749859,32.3533882860028],[-106.737831664881,32.3533864666658],[-106.737830242981,32.3533848226882],[-106.737828521597,32.3533834008212],[-106.737826547678,32.3533822387608],[-106.737824374518,32.3533813678654],[-106.737822062804,32.3533808122502],[-106.737819675309,32.3533805879056]],[[-106.7377157447,32.3533961300101],[-106.737693170647,32.3534068383388],[-106.737705786102,32.3534259997893],[-106.737728360158,32.3534152914583],[-106.7377157447,32.3533961300101]],[[-106.737109298921,32.3534196136593],[-106.737106764203,32.3534196730496],[-106.737104280358,32.3534201056077],[-106.737101922742,32.3534208966132],[-106.737099762423,32.3534220241473],[-106.737097865084,32.3534234527842],[-106.73709628999,32.3534251390066],[-106.737095083611,32.3534270312298],[-106.737094281773,32.3534290734009],[-106.737093910696,32.3534312022895],[-106.737091109754,32.3534709926471],[-106.737043567181,32.3534699055329],[-106.736996012146,32.3534704580056],[-106.736948523271,32.3534726506635],[-106.736901178089,32.3534764786981],[-106.736854054126,32.3534819363994],[-106.736807232071,32.3534890135357],[-106.73679748971,32.3534500192246],[-106.73679679927,32.3534480657845],[-106.736795738694,32.353446236424],[-106.736794337989,32.3534445788251],[-106.736792635656,32.3534431406371],[-106.736790677585,32.3534419595605],[-106.73678851707,32.3534410678559],[-106.736786212682,32.3534404905491],[-106.73678382825,32.3534402427251],[-106.736781427562,32.3534403322544],[-106.736779077535,32.3534407552712],[-106.736776841855,32.3534415007077],[-106.736774780976,32.35344254849],[-106.736772951053,32.3534438695422],[-106.736771402894,32.3534454284963],[-106.736770177708,32.3534471828066],[-106.736769309237,32.3534490845448],[-106.736768821637,32.3534510813107],[-106.736768727367,32.3534531189455],[-106.736769030378,32.3534551415193],[-106.736779481921,32.3534968133832],[-106.736728510585,32.3535075950551],[-106.736678159413,32.3535203042649],[-106.736628529204,32.3535349162745],[-106.736579720734,32.353551401837],[-106.736555550753,32.353559939964],[-106.736532040818,32.353569717383],[-106.736509281048,32.3535806985745],[-106.736487355148,32.3535928408294],[-106.736485764598,32.3535904516601],[-106.736439555687,32.3536126493574],[-106.736416639626,32.3535789509598],[-106.736414640806,32.3535765083514],[-106.736412191064,32.3535743813244],[-106.73640935978,32.3535726291332],[-106.73640622477,32.3535713001771],[-106.736402872302,32.3535704329032],[-106.736399398115,32.3535700494881],[-106.736395895771,32.3535701621971],[-106.736392465122,32.3535707670376],[-106.736389199575,32.3535718474162],[-106.736323126232,32.3535992991701],[-106.736321598262,32.3536000662197],[-106.736320229634,32.353601026552],[-106.73631905422,32.3536021565882],[-106.736318102686,32.3536034291548],[-106.73631739717,32.3536048116999],[-106.736316954498,32.3536062716923],[-106.73631678722,32.3536077721078],[-106.736316897264,32.3536092759633],[-106.736317284437,32.3536107471856],[-106.736317937917,32.3536121488409],[-106.736320830231,32.3536171654829],[-106.736299524499,32.3536278659673],[-106.736295747446,32.3536213159897],[-106.736294729366,32.3536198814698],[-106.736293432784,32.3536186202763],[-106.736291898267,32.3536175683267],[-106.736290171679,32.3536167588124],[-106.736288306272,32.353616215878],[-106.73628635738,32.3536159555433],[-106.736284385615,32.353615987495],[-106.736282449398,32.3536163088023],[-106.736280609243,32.3536169111152],[-106.736251984187,32.3536288040934],[-106.736249042733,32.3536302899517],[-106.736246424202,32.3536321605554],[-106.736244198459,32.3536343678372],[-106.736242424684,32.3536368520471],[-106.736241149276,32.3536395480734],[-106.736240405847,32.3536423836388],[-106.736240214188,32.3536452847156],[-106.736240581317,32.3536481728161],[-106.736241494078,32.353650972236],[-106.736242931891,32.3536536091031],[-106.736264100421,32.3536853725939],[-106.736219716884,32.3537077985556],[-106.73617658335,32.3537319187622],[-106.736134790917,32.3537576823605],[-106.736094424301,32.3537850367182],[-106.73605556925,32.353813923788],[-106.736018305133,32.3538442846455],[-106.735982710234,32.3538760558612],[-106.735948859635,32.3539091713125],[-106.735916820961,32.353943561298],[-106.735886662897,32.3539791552104],[-106.735858447736,32.3540158797617],[-106.735832233502,32.3540536571708],[-106.735808075027,32.3540924096689],[-106.735786023944,32.354132056794],[-106.735766123374,32.3541725154113],[-106.735748416435,32.3542137023859],[-106.735706055134,32.3542010800419],[-106.735703466017,32.3542005074193],[-106.735700801321,32.3542003057465],[-106.73569813226,32.3542004801604],[-106.735695535302,32.3542010249554],[-106.735693079434,32.3542019263383],[-106.73569083146,32.3542031597018],[-106.735688854943,32.3542046905312],[-106.735687202785,32.3542064771377],[-106.73568592041,32.3542084706468],[-106.735685042591,32.3542106168139],[-106.735684594508,32.35421285602],[-106.73568458752,32.354215126896],[-106.735685022362,32.3542173681134],[-106.735696951689,32.3542577023469],[-106.73570148532,32.3542760022898],[-106.735704336234,32.3542945458978],[-106.735705488955,32.3543132204999],[-106.73570493545,32.3543319151999],[-106.735702679368,32.3543505172531],[-106.735682922705,32.3544684132368],[-106.735678936646,32.354486966938],[-106.735673258466,32.3545051988826],[-106.735665920519,32.3545229998224],[-106.735656968967,32.3545402604559],[-106.735646457431,32.3545568750604],[-106.735623357712,32.3545901988393],[-106.735622149474,32.3545923480817],[-106.735621397814,32.3545946425671],[-106.735621125737,32.3545970127648],[-106.735621339229,32.3545993865041],[-106.735622033672,32.3546016943606],[-106.735623187431,32.3546038642698],[-106.735624765106,32.3546058332388],[-106.735626720685,32.3546075401193],[-106.735628994406,32.3546089355397],[-106.735631518029,32.3546099746704],[-106.735634215967,32.3546106289434],[-106.735637006295,32.3546108770298],[-106.735678329322,32.3546114935062],[-106.735672254934,32.3549050858895],[-106.735625361812,32.3549043871457],[-106.735622576759,32.3549045313419],[-106.735619852107,32.3549050432588],[-106.735617255791,32.3549059109107],[-106.735614851449,32.3549071133103],[-106.735612698412,32.3549086195663],[-106.73561084855,32.3549103934052],[-106.735609349437,32.3549123904534],[-106.735608236941,32.3549145627749],[-106.735607537329,32.3549168552561],[-106.735607269433,32.3549192128117],[-106.735607133479,32.3549257823832],[-106.735607449903,32.3549301199471],[-106.735608567986,32.3549343615345],[-106.735610461658,32.354938399926],[-106.735613082562,32.354942133399],[-106.73561636433,32.3549454693189],[-106.735620226824,32.3549483232206],[-106.735624570855,32.3549506242402],[-106.73562928774,32.3549523141759],[-106.735634260375,32.3549533501902],[-106.735639363256,32.3549537075143],[-106.735678023216,32.3549538057615],[-106.735681389978,32.3549535619248],[-106.735684656362,32.3549528260664],[-106.735687723675,32.3549516202108],[-106.735690496483,32.3549499798974],[-106.73569289219,32.3549479568495],[-106.735694837809,32.354945611772],[-106.73569627528,32.3549430152325],[-106.735697159337,32.3549402458658],[-106.735697463877,32.3549373894479],[-106.735697601188,32.3548984733524],[-106.736243997652,32.3548998618766],[-106.73624385517,32.3549401506012],[-106.736244088397,32.3549426351902],[-106.736244800452,32.3549450539022],[-106.736245971851,32.3549473400757],[-106.736247571451,32.3549494316033],[-106.736249553258,32.3549512709442],[-106.736251866003,32.3549528077926],[-106.736254444653,32.3549540009142],[-106.736257218914,32.3549548181137],[-106.736260115345,32.3549552353243],[-106.736263052083,32.3549552429412],[-106.736265950502,32.3549548403658],[-106.73626873097,32.3549540378254],[-106.736271318174,32.3549528581564],[-106.736273641097,32.3549513331973],[-106.736275637272,32.3549495037721],[-106.736277250658,32.3549474206001],[-106.736278439061,32.3549451406604],[-106.736279167754,32.3549427263143],[-106.736279419021,32.354940242563],[-106.736279568652,32.3548979174422],[-106.73634204547,32.3548980760727],[-106.73634334772,32.3549398995797],[-106.736343705939,32.3549425108469],[-106.736344592774,32.3549450289893],[-106.736345981266,32.3549473792577],[-106.73634782959,32.3549494896656],[-106.736350080027,32.3549512955026],[-106.73635266641,32.3549527420112],[-106.736355508822,32.354953786211],[-106.73635852209,32.354954395062],[-106.736361613686,32.354954551786],[-106.73636469008,32.3549542504306],[-106.736367658892,32.3549535012725],[-106.736370428862,32.354952325406],[-106.73637291731,32.3549507592237],[-106.736375046932,32.3549488508217],[-106.736376755349,32.3549466572568],[-106.736377988735,32.354944246375],[-106.736378710287,32.3549416895642],[-106.736378898113,32.3549390653693],[-106.736377645784,32.3548988298214],[-106.7364762309,32.3548955961818],[-106.73657468891,32.3548902544391],[-106.736578518972,32.3549312962113],[-106.736578954385,32.3549336393316],[-106.736579817511,32.3549358951266],[-106.736581086805,32.3549380086666],[-106.736582731171,32.3549399268628],[-106.736584709985,32.3549416029757],[-106.736586974142,32.3549429939063],[-106.736589467149,32.3549440656023],[-106.736592127246,32.3549447930502],[-106.736594889518,32.3549451566599],[-106.736597683795,32.3549451476835],[-106.736609441043,32.3549443231296],[-106.736615336936,32.3550017001864],[-106.736600267159,32.3550025799072],[-106.736597136592,32.3550032809952],[-106.736594183601,32.3550044052657],[-106.736591484518,32.3550059217615],[-106.736589112446,32.3550077914213],[-106.736587129798,32.3550099635008],[-106.736585591519,32.3550123809718],[-106.73658453551,32.3550149787553],[-106.736583993272,32.3550176872875],[-106.736583976107,32.3550204343771],[-106.736587561679,32.3550600629965],[-106.736485315568,32.3550655717729],[-106.736382940974,32.3550689138256],[-106.736381659309,32.3550277639197],[-106.736381387015,32.3550261200023],[-106.736380784634,32.355024540487],[-106.736379870478,32.3550230721992],[-106.736378672413,32.3550217601237],[-106.736377226766,32.355020641998],[-106.736375575155,32.3550197519318],[-106.736373768724,32.3550191167831],[-106.736371859635,32.3550187552898],[-106.736369905318,32.3550186780523],[-106.736367965285,32.3550188875468],[-106.736366096875,32.3550193772392],[-106.73636435526,32.3550201324873],[-106.736362792383,32.3550211314465],[-106.736361455897,32.3550223441721],[-106.736360385976,32.3550237335335],[-106.736359613215,32.3550252588296],[-106.736359160743,32.3550268739772],[-106.736359043176,32.3550285311219],[-106.736361648895,32.3551122033806],[-106.736361921189,32.355113847298],[-106.736362523571,32.3551154268134],[-106.736363437727,32.3551168951013],[-106.736364635792,32.3551182071769],[-106.736366081441,32.3551193253027],[-106.736367733053,32.355120215369],[-106.736369539486,32.3551208505177],[-106.736371448578,32.3551212120111],[-106.736373402898,32.3551212892485],[-106.736375342933,32.3551210797539],[-106.736377211344,32.3551205900613],[-106.736378952957,32.3551198339112],[-106.73638051584,32.3551188358537],[-106.736381852327,32.3551176231279],[-106.736382922249,32.3551162337663],[-106.73638369501,32.35511470847],[-106.736384147482,32.3551130933224],[-106.736384263986,32.3551114361818],[-106.736383025804,32.3550716614238],[-106.736485482177,32.3550683127427],[-106.736587809014,32.3550627991454],[-106.736591141691,32.3550996447409],[-106.736591687341,32.3551025339546],[-106.736592785929,32.3551053083044],[-106.736594408353,32.3551078903438],[-106.736596508557,32.3551102108082],[-106.736599029892,32.3551122067869],[-106.736601904061,32.355113822629],[-106.736605053267,32.3551150144441],[-106.73660839022,32.3551157510043],[-106.736611823427,32.3551160101165],[-106.736615261488,32.3551157867222],[-106.736618608805,32.3551150856994],[-106.736621774113,32.3551139272409],[-106.736624671511,32.355112341439],[-106.736627222615,32.3551103727867],[-106.736629356525,32.3551080747663],[-106.7366310162,32.3551055098254],[-106.736632155264,32.3551027475852],[-106.736632743312,32.3550998639179],[-106.73663276377,32.3550969382501],[-106.73662941748,32.3550599348852],[-106.736627870046,32.3550600472733],[-106.736613331451,32.3549196453329],[-106.736614108876,32.3549195873209],[-106.73661132011,32.3548922513983],[-106.736669287462,32.354887990181],[-106.736672077308,32.3549153260982],[-106.73667637135,32.3549150335646],[-106.736675086987,32.3549025677914],[-106.736706456606,32.3548989755414],[-106.736710320253,32.3549278278267],[-106.736710673725,32.3549293523864],[-106.736711316876,32.3549308063862],[-106.736712234624,32.3549321511048],[-106.736713399142,32.3549333487721],[-106.736714781571,32.3549343670329],[-106.736716342449,32.3549351780824],[-106.736718039163,32.3549357604406],[-106.736719824871,32.3549360971531],[-106.736721652783,32.3549361802841],[-106.736723470814,32.3549360055251],[-106.736725231192,32.3549355802753],[-106.73672688403,32.3549349137458],[-106.736728385872,32.3549340259447],[-106.736729694347,32.3549329404836],[-106.736730774548,32.3549316863564],[-106.736731596914,32.3549302988491],[-106.736732138269,32.3549288150267],[-106.736732385018,32.354927275525],[-106.73673232889,32.3549257227625],[-106.736726276073,32.3548805194361],[-106.736826711657,32.3548682977977],[-106.736926881071,32.3548545908645],[-106.737026752458,32.3548394023677],[-106.73712629715,32.3548227369277],[-106.73722548436,32.3548046000755],[-106.737234171679,32.3548449187216],[-106.737234854486,32.3548470300113],[-106.737235957325,32.3548490089108],[-106.737237445879,32.3548507960307],[-106.737239277359,32.3548523374256],[-106.737241395203,32.3548535864179],[-106.737243735465,32.354854506279],[-106.737246227864,32.3548550675194],[-106.737248797946,32.3548552550954],[-106.73725136705,32.354855062096],[-106.737274630428,32.3548515668544],[-106.737281300484,32.3548501441264],[-106.737287666706,32.3548479352601],[-106.737293599704,32.3548449840441],[-106.737298981862,32.3548413495529],[-106.737317061912,32.3548272514833],[-106.737332061675,32.3548168890351],[-106.737348412961,32.3548081212382],[-106.737365880576,32.3548010743574],[-106.737384215376,32.3547958485581],[-106.737403154273,32.3547925197097],[-106.737459668383,32.3547855473848],[-106.737476236799,32.3547843812952],[-106.737492859752,32.3547846669651],[-106.737509358721,32.3547863996731],[-106.737525561496,32.35478956295],[-106.737541295766,32.3547941213881],[-106.73758475274,32.3548088717419],[-106.737592268656,32.3548108402764],[-106.737600059389,32.3548117507844],[-106.737607920818,32.3548115797051],[-106.737616271018,32.3548108205358],[-106.737618722132,32.3548104196585],[-106.737621054483,32.3548096666186],[-106.737623200196,32.3548085842245],[-106.737625093566,32.3548072042949],[-106.73762667957,32.3548055685273],[-106.737627910658,32.3548037258054],[-106.737628748872,32.3548017303867],[-106.737629171161,32.354799642784],[-106.737629162981,32.3547975243791],[-106.737624937998,32.3547576195918],[-106.737711894306,32.3547506665403],[-106.737798977406,32.3547449701121],[-106.737886162864,32.3547405304015],[-106.737888686048,32.3547820515576],[-106.737889087317,32.354784361437],[-106.737889954515,32.3547865784277],[-106.737891258588,32.3547886341018],[-106.737892963084,32.3547904672746],[-106.737895014584,32.3547920231402],[-106.737897352277,32.3547932550379],[-106.737899905832,32.3547941244601],[-106.737902597555,32.3547946064559],[-106.737905347677,32.3547946860024],[-106.737908072252,32.3547943607186],[-106.737910689523,32.3547936408414],[-106.737913119917,32.3547925474208],[-106.737915292428,32.3547911141],[-106.737917139287,32.3547893835277],[-106.737918606585,32.3547874073179],[-106.73791964896,32.3547852460697],[-106.737920234887,32.3547829648379],[-106.737920347731,32.3547806313255],[-106.737918108595,32.354739181219],[-106.73802314031,32.3547360927843],[-106.738128224216,32.354734810458],[-106.738233316771,32.3547353362121],[-106.738233183771,32.3547736660885],[-106.738233466835,32.354776517532],[-106.738234327435,32.3547792846719],[-106.738235739616,32.3547818828353],[-106.738237660463,32.3547842346293],[-106.738240032221,32.3547862690317],[-106.738242783367,32.3547879231901],[-106.738245830766,32.3547891487267],[-106.738249080714,32.3547899072246],[-106.73825243747,32.3547901765084],[-106.738320328929,32.3547905936733],[-106.738324299018,32.3547901246742],[-106.738328165885,32.3547892304033],[-106.738331866915,32.3547879237288],[-106.738335995658,32.35478593721],[-106.738339707217,32.35478342653],[-106.738342910551,32.3547804533668],[-106.738345525306,32.3547770910812],[-106.738347487116,32.3547734228922],[-106.738348748657,32.3547695391678],[-106.738349277507,32.354765535629],[-106.738349062506,32.3547615106204],[-106.73834810738,32.3547575642326],[-106.738346583443,32.3547551279337],[-106.738344611386,32.3547529350645],[-106.738342245705,32.3547510431322],[-106.738339549364,32.3547495042],[-106.738336592705,32.3547483585788],[-106.738333455582,32.3547476375238],[-106.738330222024,32.3547473587466],[-106.738288199398,32.3547472580966],[-106.738288855848,32.3545305076618],[-106.738332493294,32.3545306002565],[-106.73833558178,32.3545303781689],[-106.738338576463,32.3545297037175],[-106.73834138927,32.354528597986],[-106.738343932196,32.3545270946833],[-106.738346128987,32.3545252391971],[-106.73834791301,32.3545230876997],[-106.73834922937,32.3545207062385],[-106.738350039144,32.3545181671119],[-106.738350316187,32.3545155479799],[-106.738350054543,32.3545129264244],[-106.738349259958,32.3545103835891],[-106.738347957287,32.3545079969368],[-106.738346186229,32.3545058384613],[-106.738344000258,32.3545039737904],[-106.738341465554,32.3545024594841],[-106.738338660989,32.354501342133],[-106.738335669614,32.3545006547838],[-106.738332582916,32.3545004187267],[-106.738288944423,32.354500326136],[-106.73828980309,32.3542094873445],[-106.738336673524,32.3542095872635],[-106.738339200162,32.3542094043268],[-106.738341650447,32.3542088528305],[-106.738343951151,32.3542079483896],[-106.738346032299,32.3542067183304],[-106.738347829279,32.3542051998788],[-106.738349289222,32.3542034401354],[-106.738350366722,32.3542014915833],[-106.738351029169,32.3541994147723],[-106.738351255643,32.3541972711089],[-106.738351041186,32.3541951264471],[-106.738350391459,32.354193045698],[-106.73834932593,32.3541910928173],[-106.738347876793,32.354189327202],[-106.738346087893,32.3541878018915],[-106.738344014726,32.3541865626649],[-106.738341719122,32.3541856480623],[-106.738339271353,32.3541850857688],[-106.738336746944,32.3541848926271],[-106.738289875465,32.3541847936139],[-106.738290451145,32.3539899862929],[-106.738285601975,32.3539899753043],[-106.738285666786,32.3539680259202],[-106.73829051595,32.353968036007],[-106.738290726569,32.3538966982535],[-106.73832846057,32.3538967785331],[-106.738332652514,32.3538964773202],[-106.738336718997,32.3538955660431],[-106.738340539044,32.3538940722254],[-106.738343997086,32.3538920405052],[-106.73834699039,32.3538895317038],[-106.738349426926,32.3538866210309],[-106.73835123386,32.3538833971495],[-106.738352357526,32.3538799567648],[-106.738352764482,32.3538764037187],[-106.738352440423,32.3538728435827],[-106.738351397621,32.3538693854324],[-106.738349665314,32.3538661319653],[-106.738347297153,32.3538631812748],[-106.73834436374,32.3538606223704],[-106.738340952612,32.3538585324717],[-106.738319592578,32.3538466359452],[-106.738299491009,32.3538332501041],[-106.738280793979,32.3538184708812],[-106.738263634871,32.3538024050804],[-106.738248135407,32.353785164962],[-106.7382344057,32.3537668763588],[-106.738223255426,32.3537489385082],[-106.738213808823,32.3537303086592],[-106.738206127075,32.3537111029135],[-106.738200255456,32.3536914428452],[-106.738196231806,32.3536714500576],[-106.738195288849,32.3536677877023],[-106.738193625496,32.3536643148174],[-106.738191290099,32.3536611322225],[-106.738188350101,32.3536583343505],[-106.738184893053,32.3536560011267],[-106.738181018136,32.3536542016095],[-106.738176838255,32.3536529885707],[-106.738172476842,32.3536523967045],[-106.738168060419,32.3536524426564],[-106.738163717547,32.3536531268307],[-106.738159575608,32.3536544279919],[-106.738155754459,32.3536563087004],[-106.738152366428,32.3536587144108],[-106.738149509941,32.3536615734963],[-106.738147268493,32.3536648044677],[-106.738145707444,32.3536683114763],[-106.738136532125,32.3536958316522],[-106.737766405973,32.3536069273677],[-106.737778287463,32.3535712855468],[-106.737778851252,32.3535688393631],[-106.73777893244,32.3535663481496],[-106.737778530328,32.3535638795477],[-106.737777653779,32.3535615011613],[-106.737776328634,32.3535592769218],[-106.737774590285,32.3535572680178],[-106.737772485777,32.3535555301818],[-106.737770073793,32.3535541091809],[-106.737767418296,32.3535530453511],[-106.737764592746,32.3535523663653],[-106.737761674808,32.3535520917638],[-106.737758743139,32.3535522284573],[-106.73775587741,32.3535527734322],[-106.737753157221,32.3535537110491],[-106.737750654682,32.3535550157776],[-106.737748440789,32.3535566521712],[-106.737746573738,32.3535585758144],[-106.737745104246,32.353560734204],[-106.737744074492,32.3535630676549],[-106.737732191927,32.3535987094768],[-106.737593344091,32.3535667058806],[-106.73745490507,32.3535334523955],[-106.73731688976,32.3534989516709],[-106.737315621228,32.3535029237939],[-106.737267221105,32.35349368919],[-106.737218402236,32.3534862111779],[-106.737169251806,32.3534805020464],[-106.73711986125,32.3534765740677],[-106.737122951461,32.3534326755841],[-106.737122881493,32.3534305240489],[-106.737122371897,32.3534284156964],[-106.737121438953,32.353426414495],[-106.737120111669,32.3534245807562],[-106.7371184286,32.3534229711474],[-106.73711644206,32.3534216332645],[-106.737114212836,32.3534206092595],[-106.737111806959,32.3534199286383],[-106.737109298921,32.3534196136593]],[[-106.73591860866,32.3536585339796],[-106.735917041826,32.3536804485703],[-106.735942859427,32.3536817785337],[-106.735944426255,32.3536598639428],[-106.73591860866,32.3536585339796]],[[-106.735855297821,32.3537303592171],[-106.735829443926,32.3537309872842],[-106.73583018385,32.3537529326698],[-106.735856037756,32.3537523055044],[-106.735855297821,32.3537303592171]],[[-106.735717833296,32.3537899108868],[-106.735715002471,32.353790032715],[-106.73571222999,32.3537905348976],[-106.735709585907,32.353791404539],[-106.735707139169,32.3537926206313],[-106.735704951225,32.3537941504714],[-106.735703077125,32.3537959568717],[-106.735696969907,32.3538028858267],[-106.735695343472,32.3538051106317],[-106.735694195179,32.3538075401183],[-106.735693557574,32.3538101011117],[-106.7356934515,32.3538127177766],[-106.73569387972,32.3538153107397],[-106.735694829066,32.3538178015912],[-106.735696271515,32.3538201155857],[-106.735698163134,32.3538221834502],[-106.735700447278,32.3538239422735],[-106.735774988979,32.3538720473872],[-106.735777354552,32.3538733369354],[-106.735779930841,32.3538742937926],[-106.735782651847,32.3538748947648],[-106.735785450552,32.3538751238771],[-106.73578825786,32.3538749750825],[-106.735791001546,32.3538744522666],[-106.73579361369,32.3538735701206],[-106.735796029589,32.3538723487343],[-106.735798187785,32.3538708190072],[-106.735800036425,32.3538690199184],[-106.735805130591,32.3538631869963],[-106.735806725296,32.3538609893676],[-106.735807856765,32.353858593313],[-106.735808490311,32.3538560684085],[-106.735808607204,32.3538534886777],[-106.735808204662,32.3538509298863],[-106.735807294773,32.3538484668409],[-106.735805903419,32.3538461715897],[-106.735804072395,32.3538441107082],[-106.735801853024,32.3538423453244],[-106.735728324381,32.3537931441891],[-106.735725964945,32.353791809524],[-106.735723385246,32.3537908102921],[-106.735720652357,32.3537901723886],[-106.735717833296,32.3537899108868]],[[-106.735681025916,32.3539182780422],[-106.735655873808,32.3539233945666],[-106.735661901605,32.3539447442144],[-106.735687053719,32.3539396276887],[-106.735681025916,32.3539182780422]],[[-106.735620593406,32.3540080848146],[-106.735596077123,32.3540150837382],[-106.735604322587,32.3540358927613],[-106.735628837813,32.3540288938402],[-106.735620593406,32.3540080848146]],[[-106.735514945788,32.3540989963162],[-106.735512112665,32.3540990874859],[-106.735509332577,32.3540995599325],[-106.735506676646,32.354100401658],[-106.735504211691,32.3541015907612],[-106.7355020013,32.3541030972361],[-106.735500100512,32.3541048820917],[-106.735498557969,32.3541069018521],[-106.735497412698,32.3541091031582],[-106.735494054318,32.3541172741871],[-106.735493294393,32.3541198113004],[-106.735493061847,32.3541224221389],[-106.735493364757,32.3541250273089],[-106.735494194203,32.3541275483842],[-106.735495524288,32.3541299106113],[-106.735497314256,32.354132042901],[-106.735499511698,32.3541338796204],[-106.73550205045,32.3541353669133],[-106.735504853773,32.3541364590809],[-106.735593021522,32.3541632300789],[-106.735595735224,32.3541638545312],[-106.735598531937,32.3541641071032],[-106.735601339385,32.354163982662],[-106.735604089581,32.3541634832731],[-106.73560671248,32.3541626236358],[-106.735609142312,32.3541614229418],[-106.735611319743,32.3541599120827],[-106.735613188666,32.3541581291518],[-106.735614703626,32.3541561176128],[-106.735615825593,32.3541539299232],[-106.735618608701,32.3541470633721],[-106.735619348614,32.3541445597034],[-106.735619574979,32.3541419858643],[-106.735619281815,32.3541394158291],[-106.735618475913,32.3541369271304],[-106.735617183151,32.3541345909145],[-106.735615440019,32.3541324755813],[-106.735613297847,32.3541306431603],[-106.735610818546,32.3541291475242],[-106.735608075662,32.3541280325801],[-106.735520484265,32.3540999562058],[-106.735517760772,32.3540992885009],[-106.735514945788,32.3540989963162]],[[-106.735518432392,32.354230965403],[-106.735496129928,32.3542420835363],[-106.735509229357,32.3542610142741],[-106.735531531824,32.3542498961385],[-106.735518432392,32.354230965403]],[[-106.735491470181,32.3543318261639],[-106.735470423809,32.354344587131],[-106.73548545763,32.354362451658],[-106.735506504003,32.3543496906884],[-106.735491470181,32.3543318261639]],[[-106.735427245246,32.3544443090322],[-106.735424146258,32.3544443561309],[-106.735421103892,32.3544448593459],[-106.735418210505,32.3544458038921],[-106.735415554122,32.35444715967],[-106.735413216339,32.3544488866841],[-106.735411266995,32.354450931457],[-106.735409765263,32.354453233337],[-106.735408757512,32.3544557209],[-106.735408274156,32.3544583200776],[-106.735408329643,32.3544609505497],[-106.735408921424,32.3544635329639],[-106.735410034204,32.3544659889181],[-106.735411631456,32.354468242798],[-106.735413665014,32.3544702280523],[-106.735416075046,32.3544718826837],[-106.735418785855,32.3544731573821],[-106.735421717544,32.3544740127737],[-106.73542477967,32.3544744239548],[-106.735518197487,32.3544799291013],[-106.735521296476,32.3544798820002],[-106.735524338843,32.3544793787828],[-106.735527232234,32.354478435136],[-106.735529888617,32.3544770793559],[-106.735532226398,32.3544753523395],[-106.735534175735,32.3544733066631],[-106.735535677464,32.3544710047815],[-106.735536685212,32.3544685172175],[-106.735537168569,32.3544659189413],[-106.735537113078,32.3544632884693],[-106.735536520231,32.3544607060599],[-106.73553540851,32.3544582501027],[-106.73553381125,32.3544559953226],[-106.735531777695,32.3544540109721],[-106.735529367656,32.354452355441],[-106.735526656847,32.354451080745],[-106.735523725157,32.3544502253559],[-106.735520663037,32.354449815079],[-106.735427245246,32.3544443090322]],[[-106.735422028827,32.3545760473684],[-106.735418936936,32.3545762306185],[-106.73541593034,32.3545768671689],[-106.735413098179,32.354577936836],[-106.735410528467,32.3545794077165],[-106.735408298528,32.3545812353223],[-106.735406476061,32.3545833634785],[-106.735405117033,32.3545857279385],[-106.735404262495,32.3545882563968],[-106.735403937541,32.3545908730016],[-106.73540415343,32.3545934974454],[-106.7354049023,32.3545960503958],[-106.735406162484,32.3545984534756],[-106.735407895352,32.3546006355878],[-106.735410047416,32.3546025283976],[-106.735412554625,32.3546040753354],[-106.735415340227,32.3546052288986],[-106.735418319037,32.354605954243],[-106.735421402756,32.3546062300641],[-106.735515031439,32.3546076264906],[-106.735518123331,32.3546074432382],[-106.73552113099,32.3546068066812],[-106.735523963151,32.3546057370117],[-106.735526532861,32.3546042661289],[-106.735528762803,32.3546024394229],[-106.735530584205,32.354600311269],[-106.735531944293,32.3545979468036],[-106.735532798822,32.3545954174427],[-106.73553312271,32.3545928008417],[-106.73553290788,32.3545901763941],[-106.735532157944,32.3545876234486],[-106.735530898819,32.3545852203659],[-106.735529165953,32.3545830391573],[-106.735527012825,32.3545811463536],[-106.735524505615,32.3545795994181],[-106.73552172107,32.3545784449514],[-106.735518741198,32.3545777196135],[-106.735515658542,32.3545774437907],[-106.735422028827,32.3545760473684]],[[-106.735466570104,32.3546874487559],[-106.735447971113,32.3547027047264],[-106.735465944398,32.3547184927131],[-106.73548454339,32.35470323674],[-106.735466570104,32.3546874487559]],[[-106.735464015726,32.3548109240474],[-106.735445415647,32.3548261800215],[-106.735463388956,32.354841968008],[-106.735481989036,32.3548267120313],[-106.735464015726,32.3548109240474]],[[-106.735414872225,32.3549217940721],[-106.735411780322,32.3549219773221],[-106.735408772647,32.3549226129747],[-106.735405940475,32.3549236826417],[-106.735403370754,32.3549251535221],[-106.735401140806,32.3549269811277],[-106.735399319394,32.3549291092797],[-106.735397959299,32.3549314737436],[-106.735397104757,32.3549340022017],[-106.735396780865,32.3549366188023],[-106.735396995692,32.35493924325],[-106.735397745628,32.3549417961962],[-106.735399005821,32.3549442001778],[-106.735400737628,32.3549463813921],[-106.735402890763,32.3549482741978],[-106.735405397981,32.3549498211355],[-106.735408183593,32.3549509746987],[-106.73541116242,32.354951700945],[-106.735414245088,32.3549519767703],[-106.735507875185,32.3549533722927],[-106.735510967088,32.3549531890403],[-106.735513973701,32.3549525533894],[-106.735516805873,32.3549514837199],[-106.735519375593,32.3549500128373],[-106.735521605539,32.3549481852295],[-106.735523428011,32.3549460570718],[-106.735524787041,32.3549436926106],[-106.735525641579,32.3549411641517],[-106.73552596653,32.3549385475467],[-106.735525750637,32.3549359231033],[-106.73552500176,32.3549333701538],[-106.735523741564,32.3549309661735],[-106.735522008691,32.354928784965],[-106.735519856617,32.3549268921573],[-106.735517349397,32.3549253452218],[-106.735514563785,32.354924191661],[-106.735511584959,32.3549234654172],[-106.735508501229,32.3549231895984],[-106.735414872225,32.3549217940721]],[[-106.735417530448,32.3550130723258],[-106.735414441932,32.3550132934404],[-106.735411446139,32.355013966023],[-106.735408632213,32.3550150707919],[-106.735406088157,32.3550165731381],[-106.735403889163,32.3550184276801],[-106.735402103994,32.3550205782387],[-106.73540078542,32.3550229587761],[-106.735399973434,32.3550254978926],[-106.735399694188,32.3550281188305],[-106.735399413268,32.355107604129],[-106.735399673767,32.3551102256953],[-106.735400467217,32.3551127694555],[-106.735401768762,32.3551151570446],[-106.735403538706,32.3551173164677],[-106.735405723574,32.3551191820958],[-106.735408257194,32.355120698269],[-106.735411061753,32.355121817489],[-106.735414053132,32.3551225058093],[-106.735417139849,32.3551227428395],[-106.735420228369,32.3551225217248],[-106.735423225228,32.3551218491378],[-106.735426038094,32.3551207443727],[-106.735428583215,32.355119242022],[-106.735430781148,32.3551173874837],[-106.735432567382,32.3551152369206],[-106.735433885956,32.3551128563829],[-106.73543469688,32.3551103172703],[-106.735434977191,32.3551076972301],[-106.735435258076,32.35502821103],[-106.735434997576,32.3550255894637],[-106.735434204126,32.3550230457037],[-106.735432902582,32.3550206581149],[-106.735431132639,32.3550184986922],[-106.735428947773,32.3550166330645],[-106.735426414155,32.3550151168916],[-106.735423608537,32.355013997676],[-106.735420617161,32.3550133093559],[-106.735417530448,32.3550130723258]],[[-106.735795754493,32.3550140042327],[-106.735792666017,32.3550142325711],[-106.735789672394,32.355014913271],[-106.735786862757,32.3550160243446],[-106.735784324053,32.3550175329908],[-106.735782131471,32.3550193929257],[-106.735780352709,32.3550215479742],[-106.735779042664,32.35502393209],[-106.735778239198,32.3550264729797],[-106.735777968463,32.3550290938857],[-106.735777687874,32.3551085791818],[-106.735777957946,32.3551112007104],[-106.735778759891,32.3551137417299],[-106.735780068869,32.3551161265809],[-106.735781846235,32.3551182814608],[-106.735784038524,32.3551201425445],[-106.735786576362,32.355121651479],[-106.735789385137,32.3551227634596],[-106.735792379672,32.3551234454458],[-106.735795467414,32.355123675248],[-106.735798554827,32.3551234460117],[-106.735801548452,32.3551227653116],[-106.735804358092,32.3551216542376],[-106.735806897862,32.3551201455869],[-106.735809089383,32.3551182856557],[-106.735810868151,32.3551161315087],[-106.735812178197,32.3551137473925],[-106.735812981657,32.3551112056008],[-106.735813252396,32.3551085855966],[-106.73581353295,32.355029099399],[-106.735813262882,32.3550264787723],[-106.735812460931,32.3550239368511],[-106.735811151959,32.3550215529022],[-106.735809374589,32.3550193971208],[-106.73580718337,32.3550175369353],[-106.735804644467,32.3550160271034],[-106.735801835695,32.3550149151231],[-106.735798842231,32.3550142340348],[-106.735795754493,32.3550140042327]],[[-106.735548324445,32.3550527127715],[-106.735529987983,32.3550681968118],[-106.735548228968,32.3550837609988],[-106.735566566497,32.3550682778536],[-106.735548324445,32.3550527127715]],[[-106.735664716329,32.3550531376437],[-106.735646379882,32.355068620799],[-106.735664620892,32.3550841858708],[-106.735682958396,32.355068701807],[-106.735664716329,32.3550531376437]],[[-106.736254353976,32.355019259756],[-106.736252446899,32.3550194727291],[-106.736250610334,32.355019956886],[-106.736248896264,32.3550206975968],[-106.73624735451,32.3550216730251],[-106.73624602955,32.3550228559441],[-106.736244959449,32.3550242119369],[-106.736244174811,32.3550257021061],[-106.736243697716,32.355027283078],[-106.736243542802,32.3550289106058],[-106.736243247959,32.3551126057734],[-106.736243406505,32.3551142384056],[-106.736243888855,32.3551158237954],[-106.736244682024,32.3551173178023],[-106.736245762396,32.355118675425],[-106.73624709789,32.3551198580079],[-106.736248651131,32.3551208305231],[-106.736250375222,32.355121565194],[-106.736252222241,32.355122041463],[-106.736254136858,32.3551222442119],[-106.736256064858,32.3551221682387],[-106.736257949941,32.3551218155643],[-106.736259736916,32.3551211972234],[-106.73626137381,32.3551203296497],[-106.736262814014,32.3551192391764],[-106.736264015194,32.3551179566295],[-106.736264942492,32.3551165200209],[-106.736265569567,32.3551149709372],[-106.736265876471,32.3551133536457],[-106.736266172346,32.3550296566704],[-106.736266165736,32.3550280243543],[-106.736265835202,32.355026416735],[-106.736265188421,32.3550248788753],[-106.736264245827,32.3550234566904],[-106.736263032069,32.3550221897666],[-106.736261584534,32.3550211158374],[-106.736259943757,32.3550202645072],[-106.736258156625,32.355019661749],[-106.736256275285,32.3550193235948],[-106.736254353976,32.355019259756]],[[-106.735926521302,32.3550536957951],[-106.735908262821,32.3550692463263],[-106.735926582141,32.3550847443217],[-106.735944840621,32.3550691937879],[-106.735926521302,32.3550536957951]],[[-106.736072089749,32.3550540719138],[-106.736053753377,32.3550695560294],[-106.736071994451,32.3550851201398],[-106.736090282795,32.3550695956236],[-106.736072089749,32.3550540719138]],[[-106.737933464849,32.3534484274604],[-106.737910891872,32.3534591358238],[-106.737923507379,32.3534782972518],[-106.737946080355,32.3534675879844],[-106.737933464849,32.3534484274604]],[[-106.738177360086,32.3534665036785],[-106.738174960583,32.3534666157758],[-106.738172617057,32.3534670613396],[-106.738170391066,32.3534678284076],[-106.738168344122,32.3534688959992],[-106.738166532377,32.3534702350381],[-106.738165004511,32.353471809262],[-106.738163802783,32.3534735743169],[-106.738162959883,32.3534754840822],[-106.73813567556,32.3535573276124],[-106.738135214575,32.3535593287897],[-106.738135147964,32.3535613672201],[-106.738135477552,32.3535633869821],[-106.738136193486,32.3535653340031],[-106.738137278473,32.3535671533373],[-106.738138700376,32.3535687964095],[-106.738140421774,32.353570219174],[-106.7381423957,32.3535713812294],[-106.738144568869,32.3535722521192],[-106.738146880584,32.3535728068266],[-106.73814926809,32.3535730320667],[-106.738151666533,32.353572919974],[-106.738154011124,32.3535724744065],[-106.738156237117,32.3535717073388],[-106.738158284065,32.3535706397473],[-106.738160095811,32.3535693007085],[-106.738161623679,32.3535677264847],[-106.738162825408,32.3535659614298],[-106.738163668309,32.3535640516645],[-106.738190952608,32.3534822081286],[-106.738191413592,32.3534802069511],[-106.738191480202,32.3534781685207],[-106.738191150613,32.3534761487588],[-106.738190433616,32.3534742017422],[-106.738189349692,32.3534723824043],[-106.738187927789,32.3534707393326],[-106.73818620533,32.3534693165729],[-106.738184231405,32.3534681545181],[-106.738182059302,32.3534672836248],[-106.738179747589,32.3534667289181],[-106.738177360086,32.3534665036785]],[[-106.73804543567,32.3534753229113],[-106.738022862699,32.3534860312945],[-106.738035478234,32.353505192711],[-106.738058051203,32.3534944834237],[-106.73804543567,32.3534753229113]],[[-106.738305524691,32.3536568562821],[-106.738301924285,32.3536573058122],[-106.738298470115,32.3536582769452],[-106.738295265072,32.3536597386198],[-106.738292404549,32.35366164808],[-106.738289976424,32.3536639481694],[-106.738288050444,32.3536665691758],[-106.738286687809,32.3536694324017],[-106.738285926313,32.3536724529271],[-106.738285790965,32.353675539569],[-106.738286284453,32.3536785994267],[-106.738291530652,32.3536947663559],[-106.738298502926,32.3537104567408],[-106.738307143186,32.3537255373327],[-106.738317351762,32.3537398479885],[-106.738328701627,32.353752910128],[-106.738328884871,32.3537531019628],[-106.738329061265,32.3537533041952],[-106.738336771741,32.3537606487402],[-106.738341899013,32.3537655556753],[-106.738342041991,32.3537656687543],[-106.73834217335,32.3537657945043],[-106.738351681489,32.3537733304945],[-106.738356429743,32.353777103472],[-106.738356506515,32.35377715458],[-106.738356579071,32.3537772120173],[-106.738372155734,32.3537874616132],[-106.738375300485,32.353789015042],[-106.738378714625,32.3537900840382],[-106.738382293863,32.3537906374408],[-106.738385932922,32.3537906576205],[-106.738389521307,32.3537901450052],[-106.738392951792,32.3537891153415],[-106.738396120414,32.353787597891],[-106.738398933925,32.3537856390089],[-106.738401307643,32.3537832976432],[-106.738403168639,32.3537806444203],[-106.738404463148,32.353777758009],[-106.738405152327,32.3537747251371],[-106.73840521329,32.3537716369795],[-106.738404646533,32.3537685855227],[-106.738403467429,32.3537656635973],[-106.738401712565,32.3537629576389],[-106.738324234556,32.3536647363283],[-106.738321956439,32.3536623282001],[-106.738319222386,32.3536602897902],[-106.73831611454,32.3536586830081],[-106.738312727709,32.3536575543826],[-106.738309161959,32.3536569396002],[-106.738305524691,32.3536568562821]],[[-106.738449044086,32.3538923768739],[-106.738446517452,32.353892558911],[-106.738444066114,32.3538931104133],[-106.738441765419,32.353894014856],[-106.738439685342,32.3538952449126],[-106.738437888369,32.3538967633655],[-106.738436428433,32.3538985231099],[-106.738435350938,32.3539004716629],[-106.7384346885,32.3539025493763],[-106.738434460961,32.3539046921421],[-106.738434676482,32.3539068367997],[-106.738435326209,32.3539089175485],[-106.738436391736,32.3539108704286],[-106.738437840871,32.3539126360429],[-106.738439629771,32.3539141622541],[-106.738441702928,32.3539154005774],[-106.738443998526,32.3539163151782],[-106.738446445227,32.3539168774739],[-106.738448970691,32.3539170706095],[-106.738549176446,32.3539172831506],[-106.738551703081,32.3539171011116],[-106.738554153356,32.3539165496112],[-106.738556454046,32.3539156442647],[-106.738558535185,32.353914414202],[-106.738560332161,32.3539128966492],[-106.738561792094,32.3539111369034],[-106.738562869587,32.3539091883494],[-106.738563532022,32.3539071106354],[-106.738563758491,32.3539049669716],[-106.738563544034,32.353902823212],[-106.738562894304,32.3539007424639],[-106.738561828774,32.3538987895849],[-106.738560379638,32.353897023972],[-106.738558590736,32.3538954977626],[-106.738556517577,32.3538942594412],[-106.738554221978,32.3538933448424],[-106.738551774216,32.3538927825529],[-106.738549249815,32.3538925894153],[-106.738449044086,32.3538923768739]],[[-106.73849737315,32.3539749043385],[-106.738479041651,32.3539903869831],[-106.738497281835,32.3540059471403],[-106.738515613334,32.3539904644931],[-106.73849737315,32.3539749043385]],[[-106.738497009432,32.3540983739025],[-106.738478677908,32.354113856547],[-106.738496917055,32.3541294167078],[-106.738515248578,32.3541139340607],[-106.738497009432,32.3540983739025]],[[-106.73844665029,32.354185126322],[-106.738444123653,32.3541853092609],[-106.738441672307,32.3541858607632],[-106.738439371604,32.3541867652059],[-106.738437291521,32.3541879952625],[-106.73843549348,32.3541895137195],[-106.738434034602,32.3541912734597],[-106.738432957103,32.3541932220125],[-106.738432294658,32.354195298824],[-106.738432067123,32.3541974424916],[-106.738432281582,32.3541995871532],[-106.738432932369,32.3542016669959],[-106.7384339979,32.354203619876],[-106.738435447044,32.354205386392],[-106.738437235945,32.3542069117012],[-106.738439309114,32.3542081509263],[-106.738441603657,32.3542090655312],[-106.738444051428,32.3542096278227],[-106.7384465769,32.3542098209582],[-106.738546782979,32.3542100334982],[-106.738549309621,32.354209851459],[-106.7385517599,32.3542092990569],[-106.738554060602,32.3542083946122],[-106.738556141747,32.3542071645495],[-106.738557938729,32.3542056469968],[-106.738559398667,32.3542038872511],[-106.738560476163,32.3542019386971],[-106.7385611386,32.3541998609832],[-106.73856136507,32.3541977173195],[-106.738561150608,32.3541955726581],[-106.738560500881,32.354193492812],[-106.738559435347,32.3541915399331],[-106.738557986201,32.3541897734185],[-106.738556197298,32.354188248111],[-106.738554124128,32.3541870088879],[-106.738551828526,32.3541860951909],[-106.738549380756,32.3541855329015],[-106.738546855284,32.3541853397681],[-106.73844665029,32.354185126322]],[[-106.738496442825,32.3542904377674],[-106.738478111258,32.3543059195099],[-106.738496350443,32.3543214796699],[-106.73851468201,32.3543059979248],[-106.738496442825,32.3542904377674]],[[-106.738496151429,32.3543892135959],[-106.738477819842,32.3544046953383],[-106.738496059047,32.354420255498],[-106.738514390629,32.3544047728511],[-106.738496151429,32.3543892135959]],[[-106.738448950819,32.3545006661682],[-106.738446024773,32.3545008659853],[-106.738443176347,32.3545014722343],[-106.738440484071,32.3545024674762],[-106.738438022176,32.3545038252698],[-106.738435856335,32.3545055083852],[-106.738434047927,32.3545074714924],[-106.738432643412,32.3545096603008],[-106.738431682845,32.3545120160352],[-106.738431192441,32.3545144736613],[-106.738431185647,32.3545169654884],[-106.738431661042,32.3545194247856],[-106.738432607643,32.3545217848587],[-106.73843399853,32.3545239790753],[-106.738435796206,32.3545259498625],[-106.738437951505,32.3545276423979],[-106.738440405742,32.3545290109149],[-106.738443091781,32.3545300177956],[-106.738445936165,32.3545306362692],[-106.738448862298,32.3545308476937],[-106.738542603496,32.3545310473928],[-106.738545691977,32.3545308243981],[-106.738548686658,32.3545301499418],[-106.7385514984,32.3545290442098],[-106.738554042385,32.3545275408988],[-106.738556239172,32.3545256854089],[-106.738558022132,32.3545235348145],[-106.738559339549,32.354521153347],[-106.738560149317,32.3545186142192],[-106.738560426349,32.3545159941849],[-106.738560164703,32.3545133735317],[-106.738559370113,32.3545108306979],[-106.738558067437,32.3545084440478],[-106.738556296373,32.3545062855753],[-106.738554110398,32.3545044209081],[-106.738551575691,32.354502906606],[-106.738548771118,32.3545017883578],[-106.738545779747,32.3545011019154],[-106.738542693049,32.3545008658635],[-106.738448950819,32.3545006661682]],[[-106.738495495253,32.3546114580792],[-106.738477163627,32.3546269407233],[-106.738495403935,32.3546424999761],[-106.738513735566,32.3546270182312],[-106.738495495253,32.3546114580792]],[[-106.73844836793,32.3546982178179],[-106.738445441872,32.3546984167332],[-106.73844259344,32.3546990229823],[-106.738439901158,32.3547000182241],[-106.738437439257,32.3547013760177],[-106.738435273416,32.3547030600349],[-106.738433465005,32.3547050231421],[-106.738432060487,32.3547072119504],[-106.738431099913,32.354709566783],[-106.738430609508,32.354712024409],[-106.738430602719,32.3547145171379],[-106.738431078115,32.354716976435],[-106.738432024713,32.3547193356062],[-106.738433415608,32.3547215307245],[-106.738435213289,32.3547235015116],[-106.738437368592,32.354725194047],[-106.738439822834,32.3547265625638],[-106.738442508879,32.3547275694445],[-106.738445353265,32.3547281870162],[-106.738448279409,32.3547283993424],[-106.738542020806,32.3547285981382],[-106.738545109293,32.3547283751435],[-106.738548103981,32.3547277006872],[-106.738550916791,32.3547265949509],[-106.738553459719,32.354725091644],[-106.738555656511,32.3547232361542],[-106.738557439475,32.3547210855598],[-106.738558756894,32.3547187040924],[-106.738559566664,32.3547161649646],[-106.738559843697,32.3547135449305],[-106.738559582051,32.3547109242774],[-106.738558787459,32.3547083814436],[-106.73855748478,32.3547059947936],[-106.738555713712,32.3547038363212],[-106.738553527733,32.354701971654],[-106.738550993019,32.3547004573521],[-106.738548188446,32.3546993400058],[-106.738545197063,32.3546986526617],[-106.738542110358,32.3546984166098],[-106.73844836793,32.3546982178179]],[[-106.738494791092,32.3548144970263],[-106.738476459421,32.3548299787684],[-106.738494730445,32.3548455126499],[-106.738513031441,32.3548300562757],[-106.738494791092,32.3548144970263]],[[-106.738308878153,32.3548510166012],[-106.738305790718,32.3548512386842],[-106.738302794952,32.3548519113352],[-106.73829998213,32.3548530161641],[-106.738297438127,32.3548545185683],[-106.738295240259,32.3548563731559],[-106.738293455162,32.3548585237548],[-106.738292137728,32.3548609043177],[-106.738291326888,32.3548634434479],[-106.738291047721,32.3548660634897],[-106.738290785436,32.3549461736891],[-106.738291027438,32.3549486988231],[-106.738291764181,32.3549511544033],[-106.738292975108,32.3549534710673],[-106.738294624802,32.3549555831171],[-106.738296667258,32.3549574312093],[-106.738299044818,32.3549589623579],[-106.738301691386,32.354960135334],[-106.738304532401,32.3549609152542],[-106.738307485937,32.3549612807914],[-106.738310470132,32.3549612223422],[-106.738313401052,32.3549607402315],[-106.738316195901,32.3549598492094],[-106.738318775127,32.3549585739338],[-106.738321067733,32.3549569498515],[-106.738323007038,32.3549550241167],[-106.738324539135,32.3549528492453],[-106.738325621863,32.3549504876277],[-106.738326223704,32.3549480061228],[-106.738326326967,32.3549454733392],[-106.738326604086,32.3548661521978],[-106.738326343503,32.3548635306382],[-106.738325549979,32.3548609877989],[-106.738324248366,32.3548586011424],[-106.738322478358,32.3548564417608],[-106.738320293437,32.3548545761837],[-106.738317760844,32.3548530609671],[-106.738314955196,32.354851941816],[-106.738311964867,32.3548512535605],[-106.738308878153,32.3548510166012]],[[-106.737903555009,32.3548555873905],[-106.737901046571,32.354855601603],[-106.737897578378,32.3548557511975],[-106.737895059676,32.3548560305923],[-106.73789262456,32.3548566406413],[-106.737890331388,32.3548575666891],[-106.737888237416,32.3548587868701],[-106.737886394536,32.3548602694188],[-106.737884847186,32.3548619798933],[-106.737883635503,32.3548638739478],[-106.737882788994,32.3548659063759],[-106.737882326506,32.3548680256995],[-106.73788226158,32.3548701813629],[-106.737887409549,32.3549523566061],[-106.737887802605,32.3549547197262],[-106.73788867221,32.3549569890146],[-106.737889991436,32.3549590960352],[-106.737891720634,32.3549609778121],[-106.737893808489,32.3549625759238],[-106.737896190998,32.35496384282],[-106.737898795711,32.3549647409035],[-106.73790154385,32.3549652416198],[-106.737904353525,32.3549653299543],[-106.737907252379,32.3549652078137],[-106.73791003537,32.3549648777947],[-106.737912707821,32.3549641441763],[-106.737915192293,32.354963029804],[-106.737917411402,32.3549615674438],[-106.737919300579,32.3549598024377],[-106.73792080167,32.3549577873178],[-106.737921869308,32.3549555817814],[-106.737922473042,32.354953252683],[-106.737922594124,32.354950870439],[-106.73791797662,32.3548681610562],[-106.7379176561,32.3548660492706],[-106.737916941781,32.3548640084506],[-106.737915850943,32.3548620908363],[-106.737914411482,32.3548603468232],[-106.737912661887,32.3548588213546],[-106.737910646995,32.3548575539385],[-106.737908417979,32.3548565768432],[-106.737906033414,32.3548559159957],[-106.737903555009,32.3548555873905]],[[-106.737514276056,32.3548848649709],[-106.737511436977,32.3548850382767],[-106.737507284582,32.3548855909247],[-106.737504586702,32.3548861397544],[-106.737502025674,32.354887046088],[-106.737499666184,32.3548882862276],[-106.737497569688,32.3548898292728],[-106.737495789098,32.3548916353378],[-106.737494368789,32.3548936582572],[-106.737493345681,32.3548958482865],[-106.737492746027,32.3548981476062],[-106.737492584392,32.354900498442],[-106.737492865772,32.3549028421544],[-106.737504836879,32.3549797134397],[-106.737505570133,32.3549825126415],[-106.73750686463,32.3549851608694],[-106.737508680632,32.3549875789145],[-106.737510963554,32.3549896921347],[-106.737513645054,32.3549914367627],[-106.73751664198,32.3549927608132],[-106.737519864858,32.354993622245],[-106.737523213675,32.3549939952911],[-106.737526589566,32.3549938695117],[-106.737529887367,32.3549932489205],[-106.737533008359,32.3549921510341],[-106.737535857102,32.3549906095899],[-106.737538347792,32.3549886727174],[-106.737540404236,32.3549863975273],[-106.737541964123,32.3549838537028],[-106.737542980058,32.3549811189857],[-106.73754342167,32.3549782755616],[-106.737543274554,32.3549754109652],[-106.737531829207,32.354898118293],[-106.737531250216,32.3548957531849],[-106.737530235122,32.3548934952784],[-106.737528809741,32.3548914039957],[-106.737527011541,32.3548895314989],[-106.737524884344,32.3548879263183],[-106.737522483611,32.3548866279209],[-106.737519871147,32.3548856703377],[-106.737517110832,32.3548850776719],[-106.737514276056,32.3548848649709]],[[-106.737129655412,32.3549390404675],[-106.73712668755,32.3549391727771],[-106.737123786741,32.3549397232842],[-106.737121034707,32.3549406754401],[-106.737118507811,32.3549420036982],[-106.737116277037,32.3549436708086],[-106.737114403759,32.3549456296383],[-106.73711294187,32.3549478258684],[-106.737111930359,32.3549501989246],[-106.737111399674,32.3549526810511],[-106.737111362196,32.3549552036594],[-106.737111820738,32.354957696395],[-106.737130580961,32.3550357887505],[-106.7371314034,32.3550381817793],[-106.737132678726,32.3550404269599],[-106.73713437155,32.3550424631035],[-106.73713643589,32.3550442353749],[-106.737138816234,32.355045694387],[-106.737141447562,32.3550468016116],[-106.737144256397,32.3550475257679],[-106.737147168264,32.3550478482045],[-106.737150102358,32.3550477584116],[-106.737152980076,32.3550472603001],[-106.737155720745,32.3550463677092],[-106.737158252237,32.3550451034638],[-106.737160502494,32.3550435030141],[-106.737162413318,32.3550416107753],[-106.737163929725,32.3550394765615],[-106.737165012726,32.355037160045],[-106.737165630778,32.3550347235751],[-106.737165768304,32.3550322339486],[-106.737165421416,32.355029758819],[-106.737146528576,32.3549511132474],[-106.737145693233,32.3549486914094],[-106.737144394403,32.3549464219698],[-106.737142669611,32.354944367913],[-106.73714056485,32.3549425867793],[-106.737138139886,32.3549411279394],[-106.737135462933,32.354940031713],[-106.737132608532,32.3549393293769],[-106.737129655412,32.3549390404675]],[[-106.736731411524,32.3549960603833],[-106.736729556513,32.3549962740644],[-106.736727768751,32.3549967445122],[-106.736726095987,32.3549974598184],[-106.736724585914,32.3549983981546],[-106.736723278776,32.3549995350157],[-106.736722209474,32.355000840506],[-106.73672140968,32.3550022766258],[-106.736720899377,32.3550038054206],[-106.736720692151,32.355005384451],[-106.736720795211,32.3550069713026],[-106.736734491746,32.3550944669676],[-106.736734894295,32.3550960292154],[-106.736735597105,32.3550975127457],[-106.736736579771,32.3550988770542],[-106.736737814463,32.3551000834689],[-106.736739269132,32.3551010996469],[-106.736740902189,32.3551018968898],[-106.73674266783,32.3551024537299],[-106.736744518154,32.3551027532171],[-106.736746401062,32.3551027883376],[-106.736748264487,32.3551025583904],[-106.736750058524,32.3551020689793],[-106.736751730121,32.3551013338367],[-106.736753236887,32.3551003729669],[-106.736754533281,32.3550992136008],[-106.736755586535,32.3550978874297],[-106.736756364979,32.3550964324532],[-106.736756848629,32.3550948866261],[-106.736757023913,32.3550932950931],[-106.736756884685,32.3550917002645],[-106.736743216724,32.3550043857629],[-106.736742817416,32.3550028334229],[-106.736742122087,32.3550013579804],[-106.73674115008,32.3549999999437],[-106.736739927096,32.3549987970912],[-106.736738487308,32.3549977817575],[-106.736736869113,32.3549969817517],[-106.736735118315,32.3549964185413],[-106.736733282814,32.3549961090764],[-106.736731411524,32.3549960603833]],[[-106.737005282863,32.3549999778085],[-106.736990408461,32.3550178845787],[-106.737011618121,32.3550304492743],[-106.737026458682,32.3550125723933],[-106.737005282863,32.3549999778085]],[[-106.736862014813,32.35502003423],[-106.736846669414,32.3550376893826],[-106.736867541386,32.3550506873903],[-106.73688289326,32.355033051149],[-106.736862014813,32.35502003423]],[[-106.737381850211,32.3549402504796],[-106.737366602384,32.3549580496134],[-106.737387525945,32.3549709490343],[-106.737402794377,32.354953228279],[-106.737381850211,32.3549402504796]],[[-106.737264732077,32.3549567314953],[-106.737249976343,32.3549747640959],[-106.7372712556,32.3549872256686],[-106.737286010366,32.3549692111062],[-106.737264732077,32.3549567314953]],[[-106.737768193524,32.3549020112904],[-106.737751329906,32.3549186524356],[-106.737770935129,32.3549329664762],[-106.737787798745,32.3549163253285],[-106.737768193524,32.3549020112904]],[[-106.737649996546,32.3549108663154],[-106.737633698605,32.3549277911431],[-106.737653683104,32.3549417069234],[-106.737670025172,32.3549248874386],[-106.737649996546,32.3549108663154]],[[-106.738177814425,32.3548894934662],[-106.738159482684,32.3549049751626],[-106.738177722999,32.3549205353625],[-106.738196053673,32.3549050527658],[-106.738177814425,32.3548894934662]],[[-106.738033497811,32.354890889766],[-106.738015655907,32.3549067780826],[-106.738034375269,32.3549219225025],[-106.738052216105,32.3549060332856],[-106.738033497811,32.354890889766]],[[-106.738448912805,32.3549300541838],[-106.73844584654,32.3549302617587],[-106.738442863314,32.3549308955851],[-106.738440042714,32.354931937318],[-106.738437463214,32.3549333586962],[-106.738435193663,32.3549351206738],[-106.738433297558,32.3549371761089],[-106.738431826658,32.3549394688865],[-106.738430818868,32.3549419348288],[-106.738430303588,32.3549445088892],[-106.738430294246,32.3549471197698],[-106.738430791523,32.354949696222],[-106.738431782286,32.354952167051],[-106.738433237499,32.3549544674362],[-106.738435119623,32.3549565316881],[-106.738437376306,32.3549583058988],[-106.738439946717,32.3549597398005],[-106.738442759467,32.3549607957919],[-106.738445738963,32.354961444405],[-106.738448803292,32.3549616670182],[-106.738539850636,32.3549618951858],[-106.738543085702,32.3549616626049],[-106.738546223669,32.3549609578327],[-106.738549169018,32.3549598001779],[-106.738551833762,32.3549582269571],[-106.73855413634,32.3549562844803],[-106.738556005882,32.3549540316421],[-106.738557386451,32.3549515381013],[-106.738558235951,32.3549488788741],[-106.738558528253,32.3549461343262],[-106.73855825425,32.3549433892663],[-106.738557423945,32.3549407257236],[-106.738556060086,32.3549382247762],[-106.738554206652,32.3549359638125],[-106.738551918186,32.3549340093578],[-106.738549264078,32.3549324224687],[-106.738546326394,32.3549312506254],[-106.738543193512,32.3549305295593],[-106.738539961175,32.3549302814456],[-106.738448912805,32.3549300541838]]]}},{"type":"Feature","properties":{"id":"parking-305","category":"parking","name":"Marriott Parking"},"geometry":{"type":"Polygon","coordinates":[[[-106.763861749468,32.2824142592741],[-106.763872483567,32.2818272198842],[-106.765059511048,32.2816267184406],[-106.765042334523,32.2815695207102],[-106.765418297244,32.2814940157418],[-106.765590403188,32.2821256459915],[-106.763861749468,32.2824142592741]],[[-106.765062743492,32.2820485650061],[-106.765022320302,32.28189140851],[-106.76463569566,32.2819636910435],[-106.764646318973,32.2820025357317],[-106.76412035245,32.2820877588403],[-106.76417331851,32.2822554712745],[-106.764684651906,32.2821579341348],[-106.764676099314,32.2821173124741],[-106.765062743492,32.2820485650061]]]}},{"type":"Feature","properties":{"id":"parking-306","category":"parking","name":""},"geometry":{"type":"Polygon","coordinates":[[[-105.927520561883,32.9175672226953],[-105.927526365886,32.9175676479753],[-105.927532177995,32.9175673121792],[-105.927537859181,32.9175662257697],[-105.927543273573,32.9175644127441],[-105.927548292712,32.917561916958],[-105.927552794493,32.9175587994171],[-105.927556672809,32.9175551319896],[-105.927567183711,32.9175350865289],[-105.927568352065,32.9175324987477],[-105.92756898203,32.917529781526],[-105.927569055148,32.9175270132703],[-105.927568568986,32.9175242751341],[-105.927567537154,32.9175216465086],[-105.927565990385,32.9175192032218],[-105.927563974386,32.9175170184354],[-105.927561547735,32.9175151545228],[-105.927558779733,32.9175136648673],[-105.927555010569,32.917511998587],[-105.927551942974,32.9175108670643],[-105.927548698459,32.9175101706418],[-105.92754536249,32.9175099275753],[-105.927542024857,32.917510143507],[-105.927538772181,32.9175108132498],[-105.927535691127,32.9175119189918],[-105.927532863056,32.9175134320861],[-105.927501803382,32.9175427723133],[-105.927220978803,32.9173135669657],[-105.927255288092,32.9172826345498],[-105.927256731061,32.9172812702852],[-105.927257897762,32.9172797285597],[-105.927258755973,32.9172780498699],[-105.927259285227,32.9172762765464],[-105.927259471458,32.9172744545432],[-105.92725930915,32.9172726307383],[-105.927258804545,32.9172708529419],[-105.927257968174,32.917269165368],[-105.927237616258,32.9172516292371],[-105.927236099303,32.9172501067338],[-105.927234298158,32.9172488224666],[-105.927232266148,32.9172478126442],[-105.927230060898,32.9172471071739],[-105.927227745414,32.917246726959],[-105.927225388088,32.917246681194],[-105.927223054129,32.9172469727525],[-105.927220813063,32.9172475927964],[-105.927218729108,32.9172485225543],[-105.927216860089,32.9172497369256],[-105.927215261734,32.9172511999837],[-105.927213980169,32.917252869464],[-105.92721305085,32.9172546976642],[-105.927212501765,32.9172566323538],[-105.927212347015,32.9172586176592],[-105.927213960597,32.9172164359646],[-105.927221498842,32.9171747141427],[-105.927234854822,32.917134042578],[-105.927234447933,32.9171362725148],[-105.927234477168,32.9171385279256],[-105.927234940603,32.9171407492883],[-105.927235826691,32.917142877958],[-105.927237112121,32.9171448561608],[-105.9272387618,32.9171466315034],[-105.927324286865,32.9172232243959],[-105.927483844416,32.9170941721685],[-105.927482236236,32.9170956929181],[-105.927480949137,32.9170974164934],[-105.927480017497,32.9170992969926],[-105.927479467172,32.917101280376],[-105.927479313321,32.9171033143799],[-105.92747955936,32.9171053412996],[-105.927480201214,32.9171073052146],[-105.927481217692,32.9171091537674],[-105.927482583323,32.9171108345895],[-105.927484259784,32.9171123015914],[-105.92748620125,32.9171135140752],[-105.927488353309,32.9171144403383],[-105.927490656186,32.9171150531733],[-105.927493049,32.9171153361913],[-105.927495463353,32.9171152810997],[-105.927497835088,32.9171148904385],[-105.92750009681,32.9171141748549],[-105.927502186438,32.9171131531261],[-105.927504048273,32.9171118539651],[-105.92753990696,32.9170811148392],[-105.927713768061,32.9172196571929],[-105.92768141352,32.9172481897463],[-105.927679233816,32.9172516442304],[-105.927677774853,32.9172553584802],[-105.927677076573,32.9172592261894],[-105.927677159686,32.9172631382967],[-105.927678020322,32.9172669829724],[-105.927679636423,32.917270651045],[-105.927681959188,32.9172740377828],[-105.927684924817,32.9172770465316],[-105.927688448087,32.9172795923048],[-105.927730750637,32.9173131544611],[-105.927739602979,32.9173262151231],[-105.927745969136,32.9173402694418],[-105.927749698505,32.9173549815696],[-105.927750700398,32.9173700031884],[-105.927748952594,32.9173849753352],[-105.927744494868,32.9173995428136],[-105.927707495938,32.9174425034966],[-105.927676284669,32.9174886172635],[-105.927658093372,32.9175197536781],[-105.927643812187,32.9175523087434],[-105.927633594206,32.9175859329674],[-105.927520561883,32.9175672226953]],[[-105.927603654919,32.9174480927369],[-105.927605739045,32.9174477058408],[-105.927607715173,32.9174470273932],[-105.927657792265,32.9173854418723],[-105.927660267926,32.9173814534001],[-105.927661989746,32.9173771933537],[-105.927662917809,32.9173727599236],[-105.927663030346,32.9173682594628],[-105.9276623227,32.9173637974668],[-105.9276608148,32.9173594794944],[-105.927658539423,32.9173554075307],[-105.927655551816,32.9173516773059],[-105.927627936088,32.9173314460435],[-105.927627079477,32.9173309153951],[-105.927626131538,32.9173305089559],[-105.927625117887,32.9173302385151],[-105.927624066303,32.9173301095548],[-105.927623003494,32.9173301275546],[-105.927621957266,32.9173302907827],[-105.92762095757,32.9173305948074],[-105.927620029023,32.9173310324781],[-105.927619198399,32.917331591239],[-105.927587290642,32.9173568947672],[-105.927586595483,32.9173575413493],[-105.927586030456,32.9173582721319],[-105.927585609525,32.9173590691157],[-105.927585343457,32.9173599115875],[-105.92758523874,32.9173607797252],[-105.927585298661,32.9173616509928],[-105.927585520096,32.9173625028381],[-105.927585899912,32.917363314512],[-105.927586426424,32.9173640652437],[-105.92758708687,32.9173647360631],[-105.927618145768,32.9173916186773],[-105.927619387781,32.9173937798242],[-105.927620231586,32.9173960734066],[-105.927620659194,32.917398447977],[-105.927620660111,32.9174008494018],[-105.927620235597,32.9174032244799],[-105.927619393338,32.9174055182228],[-105.927590226945,32.9174340472505],[-105.927589679645,32.9174357862615],[-105.927589490318,32.9174375794005],[-105.927589664501,32.917439373477],[-105.927590197039,32.9174411161749],[-105.927591073147,32.9174427569569],[-105.927592265194,32.9174442497611],[-105.927593741268,32.9174455494166],[-105.927595457669,32.9174466188379],[-105.927597364257,32.9174474272354],[-105.927599405522,32.9174479510199],[-105.927601522717,32.9174481747097],[-105.927603654919,32.9174480927369]]]}},{"type":"Feature","properties":{"id":"parking-307","category":"parking","name":""},"geometry":{"type":"Polygon","coordinates":[[[-105.92742625691,32.9178161672992],[-105.927657576948,32.9178073341808],[-105.927661446677,32.9178207850912],[-105.927680857297,32.9178626864439],[-105.927706754265,32.9179020146246],[-105.927738667589,32.9179380596237],[-105.927917277398,32.9180988426369],[-105.928230231893,32.9183557423181],[-105.928253059345,32.9183724036254],[-105.928273485382,32.9183911517635],[-105.928279160971,32.9184123102492],[-105.928280678897,32.9184339648303],[-105.928277999542,32.9184555400738],[-105.928271193415,32.9184764599276],[-105.928260443219,32.9184961666637],[-105.928246034181,32.9185141361833],[-105.928228350801,32.918529887928],[-105.928117571905,32.9186311315582],[-105.928073749205,32.9186619729713],[-105.928025556873,32.918687763103],[-105.927973806922,32.9187080666802],[-105.927919373046,32.9187225414724],[-105.927863174564,32.9187309427596],[-105.92764640317,32.9187514015538],[-105.927606194456,32.9187494014259],[-105.927566961148,32.9187417118088],[-105.927529827223,32.918728553832],[-105.926404647055,32.9178096897356],[-105.927375128808,32.9178190039865],[-105.927374379022,32.9178862761441],[-105.927376032795,32.9178895800011],[-105.927378299109,32.9178926140051],[-105.927381119449,32.9178952986492],[-105.927384418167,32.9178975615963],[-105.927388107804,32.9178993440051],[-105.927392091242,32.9179005978313],[-105.927396263816,32.9179012912424],[-105.927400513335,32.9179014050117],[-105.927404728616,32.917900936147],[-105.927408798422,32.917899896986],[-105.927417526194,32.9178963115146],[-105.927425391284,32.9178915100295],[-105.927432156878,32.917885638007],[-105.92743762241,32.9178788698738],[-105.92744162249,32.917871409004],[-105.927444039771,32.9178634787347],[-105.927444800691,32.9178553151409],[-105.927441059529,32.9178415047482],[-105.927434828044,32.9178283498307],[-105.92742625691,32.9178161672992]]]}},{"type":"Feature","properties":{"id":"parking-308","category":"parking","name":""},"geometry":{"type":"Polygon","coordinates":[[[-105.925107407118,32.9186751931481],[-105.925110244601,32.9186787336702],[-105.925113761638,32.9186818097417],[-105.925117852714,32.9186843300094],[-105.925122396215,32.9186862202117],[-105.92512725763,32.9186874240889],[-105.925132291685,32.9186879051926],[-105.925137348745,32.9186876496072],[-105.92514227803,32.9186866650569],[-105.925146935092,32.9186849809247],[-105.925151178617,32.9186826473428],[-105.925153146164,32.9186811113259],[-105.9251547896,32.9186793237736],[-105.925156062771,32.9186773341637],[-105.925156931273,32.9186751947096],[-105.925157372438,32.9186729639676],[-105.925157374285,32.9186707023255],[-105.925156935518,32.9186684720021],[-105.925156069821,32.9186663316483],[-105.925154799434,32.9186643399371],[-105.925096955412,32.9185919413408],[-105.925095502082,32.9185905668681],[-105.925093795592,32.9185894207877],[-105.925091881805,32.9185885338792],[-105.925089819428,32.9185879324464],[-105.925087665066,32.9185876337703],[-105.925085482835,32.9185876470352],[-105.925083334752,32.9185879705988],[-105.925081281791,32.9185885965036],[-105.925079383892,32.9185895059682],[-105.92507769568,32.9185906729831],[-105.925076265388,32.9185920643082],[-105.925075134865,32.9185936385707],[-105.925074336344,32.9185953525693],[-105.925073893535,32.9185971549645],[-105.925073817318,32.9185989943836],[-105.92507411109,32.9186008185324],[-105.925034001625,32.9185190352616],[-105.925036262096,32.9185218952502],[-105.925039042379,32.9185244094075],[-105.925042270022,32.9185265090103],[-105.925045858622,32.9185281397275],[-105.925049713179,32.9185292580271],[-105.925053731164,32.918529833884],[-105.925057807851,32.9185298525977],[-105.925061833116,32.9185293138816],[-105.925065702133,32.9185282309901],[-105.925067707983,32.9185273308241],[-105.925069496745,32.918526150544],[-105.925071016967,32.9185247260871],[-105.925072220377,32.9185231015148],[-105.925073070448,32.9185213245261],[-105.925073542387,32.9185194500648],[-105.92507362102,32.918517534903],[-105.925073305062,32.9185156376528],[-105.925072602861,32.9185138151475],[-105.925071536659,32.9185121242567],[-105.925010002757,32.9184351368233],[-105.925009346123,32.9184343036813],[-105.925008530864,32.9184335765361],[-105.925007580423,32.9184329770912],[-105.925006522536,32.9184325225524],[-105.925005389223,32.9184322274313],[-105.925004212538,32.9184320981237],[-105.925003026673,32.9184321401291],[-105.925001866918,32.9184323517358],[-105.925000766439,32.9184327267175],[-105.924999757351,32.9184332543364],[-105.924998870719,32.9184339184415],[-105.92499813013,32.9184347010586],[-105.924997558126,32.9184355778984],[-105.924997171902,32.9184365246578],[-105.924996982256,32.9184375125081],[-105.924996994635,32.9184385135085],[-105.924997208079,32.9184394978979],[-105.924954683565,32.918347459669],[-105.92495698485,32.9183514370621],[-105.924960013426,32.9183550520301],[-105.924963691591,32.9183582096845],[-105.924967922349,32.9183608286137],[-105.924972596892,32.9183628409015],[-105.924977593527,32.9183641939287],[-105.924982783011,32.9183648530918],[-105.924988030688,32.9183648018088],[-105.924993200775,32.9183640397265],[-105.924998158479,32.9183625881372],[-105.925002775366,32.9183604836795],[-105.925007416303,32.9183579419242],[-105.925009038868,32.9183568910682],[-105.925010447263,32.9183556394617],[-105.925011605025,32.9183542176702],[-105.925012485297,32.9183526607931],[-105.925013066556,32.9183510066488],[-105.925013333686,32.9183492957778],[-105.925013280115,32.9183475714483],[-105.925012906759,32.918345875144],[-105.925012224155,32.9183442492759],[-105.925011248199,32.9183427326613],[-105.924955895929,32.9182708472721],[-105.924954333729,32.9182691316444],[-105.924952472396,32.9182676442891],[-105.924950357772,32.9182664213965],[-105.924948041065,32.9182654937599],[-105.924945580996,32.9182648840764],[-105.924943037386,32.9182646069299],[-105.924940474357,32.9182646697014],[-105.924937954994,32.918265071653],[-105.924935541349,32.9182658012233],[-105.92493329336,32.9182668414341],[-105.924931574937,32.9182677919431],[-105.924929393894,32.9182692372242],[-105.924927534675,32.9182709737131],[-105.924926050923,32.9182729510501],[-105.924924987754,32.918275111639],[-105.924924373194,32.9182773933305],[-105.924924227797,32.9182797303484],[-105.924924552886,32.9182820532597],[-105.924925341214,32.9182842971179],[-105.924885085561,32.9181919834107],[-105.924887402374,32.9181958057406],[-105.924890434763,32.9181992529904],[-105.924894100749,32.9182022302607],[-105.924898300132,32.9182046552293],[-105.924902916606,32.918206463568],[-105.924907823134,32.9182076026434],[-105.924912886176,32.9182080432515],[-105.924917964649,32.9182077724004],[-105.924920942143,32.9182066412043],[-105.924923663393,32.9182051197757],[-105.924926057691,32.9182032476088],[-105.924928062847,32.9182010732376],[-105.92492962412,32.9181986551351],[-105.924930702792,32.9181960554229],[-105.924931268674,32.918193343459],[-105.924931308678,32.9181905895477],[-105.924930820399,32.9181878667265],[-105.924929817476,32.9181852462708],[-105.924928325318,32.9181827967815],[-105.924926384319,32.9181805823895],[-105.924894180974,32.9181387609677],[-105.925323523714,32.9179035789374],[-105.925679629933,32.9183660426345],[-105.925624685581,32.9183961401269],[-105.925634998033,32.9184030934071],[-105.925646425305,32.9184086707681],[-105.925658712327,32.9184127452995],[-105.925671583579,32.9184152279124],[-105.925767351544,32.9184204649682],[-105.925780034863,32.9184205366427],[-105.925792566223,32.9184188864369],[-105.92580461937,32.9184155567895],[-105.925815880716,32.9184106361632],[-105.92582605791,32.9184042518517],[-105.925834884127,32.9183965690895],[-105.925842129828,32.9183877901807],[-105.925847608149,32.9183781418877],[-105.925851173838,32.9183678754288],[-105.925852736102,32.9183572601991],[-105.925847145269,32.9185670044528],[-105.925843880847,32.9185456591327],[-105.925842467894,32.9185384845683],[-105.925839618979,32.9185316209989],[-105.925835416758,32.9185252706359],[-105.925829985642,32.9185196213706],[-105.92582348753,32.9185148413526],[-105.92581611436,32.918511071756],[-105.925808083839,32.9185084231617],[-105.925799634104,32.9185069746414],[-105.925639665912,32.9184893006061],[-105.925637664477,32.9184895785694],[-105.925635744367,32.9184901308826],[-105.925633958028,32.9184909423519],[-105.925632354722,32.9184919905607],[-105.925630978389,32.918493247668],[-105.925629865507,32.9184946785994],[-105.925629048295,32.9184962437606],[-105.925628546151,32.9184979017201],[-105.925628376349,32.9184996065325],[-105.925628540125,32.9185013122106],[-105.925629035513,32.9185029718569],[-105.925657873483,32.9185404224796],[-105.925232775234,32.9187732801603],[-105.925198027202,32.9187281553255],[-105.925167134844,32.9187461952785],[-105.925162239322,32.9187519854664],[-105.925158563635,32.9187583866193],[-105.925156213226,32.918765216853],[-105.925155252954,32.918772282455],[-105.925155710278,32.9187793842049],[-105.925157573104,32.918786320074],[-105.925107407118,32.9186751931481]]]}},{"type":"Feature","properties":{"id":"parking-309","category":"parking","name":""},"geometry":{"type":"Polygon","coordinates":[[[-105.925023784076,32.919388927536],[-105.925059468705,32.9194352704399],[-105.92506095336,32.919436268955],[-105.925061096376,32.9194363387633],[-105.925061204105,32.9194364093816],[-105.925061665237,32.9194366161846],[-105.92506259804,32.9194370712995],[-105.925062911998,32.9194371758196],[-105.925063146834,32.9194372810357],[-105.925063633889,32.9194374157642],[-105.925064365393,32.9194376584392],[-105.925064866483,32.9194377562315],[-105.925065237117,32.9194378581936],[-105.925065653913,32.9194379088746],[-105.925066216972,32.919438018551],[-105.925066931016,32.9194380654958],[-105.925067414071,32.919438124465],[-105.925067720953,32.9194381171468],[-105.925068111113,32.9194381425089],[-105.925178698361,32.9194508789088],[-105.925326815293,32.9196436353473],[-105.92544836943,32.9195764163376],[-105.92556413682,32.9197272489341],[-105.925490968278,32.919767327672],[-105.925494793877,32.9197722955515],[-105.925486184675,32.919777011116],[-105.925440725529,32.9197179766524],[-105.925226246769,32.9198373670925],[-105.925223368706,32.9198402416809],[-105.925221088075,32.9198434758253],[-105.92521946828,32.9198469813169],[-105.925218552432,32.9198506644833],[-105.925218365493,32.919854423489],[-105.925218912109,32.9198581573475],[-105.925220177678,32.9198617659241],[-105.925222128348,32.9198651499357],[-105.925224710993,32.9198682181653],[-105.925227855354,32.9198708865654],[-105.925182859014,32.9198973917864],[-105.925122610653,32.9198220634175],[-105.925087404403,32.9198235319756],[-105.925052393651,32.9198200710393],[-105.925018544605,32.9198117751017],[-105.924986787697,32.919798872928],[-105.924957997297,32.9197817193868],[-105.924769257627,32.9195283478612],[-105.925023784076,32.919388927536]]]}},{"type":"Feature","properties":{"id":"parking-310","category":"parking","name":""},"geometry":{"type":"Polygon","coordinates":[[[-105.927067439753,32.9197925633594],[-105.927043630887,32.9197690656672],[-105.927037258056,32.9197627196565],[-105.927019176131,32.9197447159294],[-105.926985825854,32.9197115085292],[-105.926791391198,32.9195179065581],[-105.926628156717,32.9193582456781],[-105.926466499405,32.9191948904939],[-105.92639320072,32.9191237753972],[-105.926326304211,32.9190483050394],[-105.926266172978,32.9189688870704],[-105.926216279455,32.9188908735004],[-105.926216318004,32.9188908573683],[-105.926260454956,32.9188893196401],[-105.926269581608,32.9188892765461],[-105.926278605392,32.9188881212988],[-105.92630117163,32.9188863076578],[-105.92632415377,32.9188874330666],[-105.926347025877,32.9188914709134],[-105.926368564088,32.9188983269507],[-105.926388628911,32.9189078448111],[-105.926492044714,32.918978476959],[-105.926492743379,32.9189789296538],[-105.926493364788,32.9189794578975],[-105.927062289241,32.9195329764861],[-105.92703592186,32.9195851381553],[-105.927055619198,32.9196031685983],[-105.927059297802,32.919605062808],[-105.92706327975,32.9196064519067],[-105.927067468936,32.919607303182],[-105.927071764934,32.9196075947322],[-105.927076061921,32.9196073199713],[-105.927080256158,32.9196064858454],[-105.927084245999,32.919605112833],[-105.927087934029,32.9196032340477],[-105.92709123241,32.9196008943516],[-105.927098911986,32.9195930507292],[-105.927088582247,32.9195348497625],[-105.927173035023,32.9194721223411],[-105.92748419255,32.919546897115],[-105.92759891536,32.9196594511908],[-105.927641057258,32.9197585664447],[-105.927279086502,32.9200014456937],[-105.927067439753,32.9197925633594]]]}},{"type":"Feature","properties":{"id":"parking-311","category":"parking","name":""},"geometry":{"type":"Polygon","coordinates":[[[-105.922829293883,32.919995848462],[-105.922827181847,32.9199907226676],[-105.922824203678,32.9199859120302],[-105.92282042314,32.9199815213222],[-105.922815923291,32.9199776427418],[-105.922810798978,32.9199743613038],[-105.922805161134,32.9199717476368],[-105.922451501033,32.9197972770039],[-105.922233918131,32.9196972023262],[-105.922029846606,32.9196152108041],[-105.922020320701,32.919613325452],[-105.922010561203,32.9196127380392],[-105.922000813976,32.9196134618356],[-105.921991326061,32.9196154803558],[-105.92198233822,32.9196187410269],[-105.921974075283,32.9196231614761],[-105.921966748289,32.9196286313393],[-105.922055501434,32.9195259989939],[-105.922053755377,32.919534137422],[-105.922053585886,32.9195424062345],[-105.922054995895,32.9195505899156],[-105.922057949837,32.9195584755534],[-105.922062369353,32.9195658573381],[-105.922068140748,32.9195725428934],[-105.922075112843,32.9195783577807],[-105.922083104436,32.9195831500263],[-105.922091905355,32.9195867955359],[-105.922101288218,32.9195891981249],[-105.922111006272,32.9195902958254],[-105.922261920322,32.9196536380596],[-105.922411298945,32.9197158984691],[-105.922575983004,32.9197901157216],[-105.922653054814,32.9198289017396],[-105.922667539873,32.9198327595828],[-105.92268259307,32.9198344762996],[-105.922697773019,32.919834000235],[-105.922886459288,32.9198365619305],[-105.92288954191,32.9198365204001],[-105.9228925769,32.9198360576171],[-105.922895480821,32.9198351841843],[-105.922898178741,32.9198339242536],[-105.922900596761,32.9198323118989],[-105.922902671647,32.9198303884365],[-105.922904348678,32.9198282060258],[-105.922905582737,32.9198258222623],[-105.92290634044,32.9198233019864],[-105.922906732288,32.9197763648322],[-105.923407772594,32.919779343237],[-105.9234062502,32.919961531648],[-105.923085772752,32.9199579218359],[-105.923085546686,32.9199403096208],[-105.923083675318,32.9199386427591],[-105.923081531449,32.919937227681],[-105.923079163082,32.9199360951724],[-105.923076623584,32.9199352697207],[-105.923073966346,32.9199347704028],[-105.923071251201,32.9199346081964],[-105.922930207844,32.9199337784115],[-105.922926476373,32.919933778567],[-105.922922801699,32.9199343244436],[-105.922919294008,32.9199354000978],[-105.922916061417,32.9199369706432],[-105.922913199248,32.9199389912408],[-105.922910796475,32.9199413989991],[-105.922908923934,32.9199441210602],[-105.92290763966,32.9199470755144],[-105.922906982471,32.9199501740898],[-105.922906970894,32.9199533212467],[-105.92290810251,32.9200081411755],[-105.922908196293,32.9200090963984],[-105.922908485845,32.920010022375],[-105.92290896164,32.9200108929291],[-105.922909609881,32.9200116800696],[-105.922910410341,32.9200123602974],[-105.922911338504,32.9200129128076],[-105.922912365562,32.920013321293],[-105.922913461626,32.9200135730505],[-105.922914593576,32.9200136607791],[-105.922988854325,32.9200104283429],[-105.92299863234,32.9201702552833],[-105.922842182721,32.9201766623991],[-105.922829293883,32.919995848462]]]}},{"type":"Feature","properties":{"id":"parking-312","category":"parking","name":""},"geometry":{"type":"Polygon","coordinates":[[[-105.925811990268,32.9203747914486],[-105.92570488104,32.9203077941336],[-105.925704229485,32.9203073217177],[-105.925703656228,32.920306781872],[-105.925703170857,32.920306183639],[-105.925560779477,32.9201254956181],[-105.925558756361,32.9201217425987],[-105.925556043504,32.9201183133289],[-105.925552710077,32.9201152972638],[-105.925548844534,32.920112773989],[-105.925544547136,32.920110809594],[-105.925539929963,32.9201094548692],[-105.925535114775,32.9201087452995],[-105.925530226595,32.9201087001469],[-105.925405948168,32.9201095407654],[-105.925387522952,32.9201083242192],[-105.925369511273,32.9201048308658],[-105.925352307387,32.9200991365767],[-105.925336287198,32.9200913649696],[-105.92532180078,32.9200816864876],[-105.925309162776,32.9200703120617],[-105.925182859014,32.9198973917864],[-105.925227855354,32.9198708865654],[-105.925371173259,32.9200560907488],[-105.925374966681,32.9200596238274],[-105.925379351147,32.9200626309038],[-105.925384225336,32.9200650431799],[-105.925389476119,32.9200668044521],[-105.925394982826,32.920067873827],[-105.92540061938,32.9200682275312],[-105.925406253235,32.9200678562026],[-105.925528946308,32.9200628272418],[-105.925540269782,32.9200617456511],[-105.925551651789,32.9200622035377],[-105.925562801553,32.9200641893254],[-105.925573431645,32.9200676526711],[-105.925583268678,32.9200725044913],[-105.925592059714,32.9200786187835],[-105.925762415711,32.9202951129663],[-105.925763046142,32.9202958071632],[-105.925763797727,32.9202964096935],[-105.925764652348,32.9202969042784],[-105.925765589733,32.9202972791421],[-105.925766585328,32.9202975243016],[-105.925767613492,32.9202976342796],[-105.925768649646,32.9202976054053],[-105.925769668124,32.9202974394156],[-105.925770642183,32.9202971398483],[-105.925771548271,32.9202967147583],[-105.9259350545,32.920204964054],[-105.925935955234,32.9202045407525],[-105.925936923942,32.9202042420717],[-105.925937936007,32.9202040751623],[-105.925938965754,32.9202040435646],[-105.925939989654,32.920204149923],[-105.925940980991,32.9202043896594],[-105.925941915195,32.9202047572994],[-105.925942768773,32.9202052446662],[-105.925943522526,32.9202058390851],[-105.925944155126,32.9202065251708],[-105.925996680886,32.9202744358818],[-105.925997214599,32.9202752650928],[-105.925997572727,32.920276159678],[-105.925997744675,32.920277092557],[-105.925997726267,32.9202780366655],[-105.925997518671,32.9202789640517],[-105.925997126265,32.9202798476738],[-105.9259965609,32.9202806623128],[-105.925995838701,32.9202813845644],[-105.925994982202,32.9202819919427],[-105.925888839207,32.9203426675922],[-105.925887974784,32.9203431018089],[-105.925887041289,32.9203434195177],[-105.925886062272,32.9203436126638],[-105.925885058064,32.9203436767911],[-105.925884055402,32.9203436101653],[-105.92588307673,32.92034341555],[-105.925866980801,32.9203390912923],[-105.925857522038,32.9203460203347],[-105.925859645678,32.9203606246433],[-105.925859691777,32.9203614706258],[-105.925859582857,32.9203623125992],[-105.925859323268,32.9203631307358],[-105.925858918424,32.9203639061125],[-105.925858378017,32.920364619817],[-105.925857714937,32.9203652556509],[-105.925856944208,32.920365798323],[-105.925850394948,32.9203697320062],[-105.925849608681,32.9203701375685],[-105.925848761825,32.9203704455822],[-105.925847871507,32.9203706506811],[-105.925817197881,32.9203757905927],[-105.925816105852,32.9203758950715],[-105.925815007977,32.9203758435283],[-105.925813937394,32.9203756378528],[-105.925812920812,32.9203752835248],[-105.925811990268,32.9203747914486]]]}},{"type":"Feature","properties":{"id":"parking-313","category":"parking","name":""},"geometry":{"type":"Polygon","coordinates":[[[-105.922628366006,32.9205828237482],[-105.922327163744,32.9204197091075],[-105.922029541714,32.9202778994005],[-105.921712330381,32.9201307288013],[-105.921712511108,32.9200033006652],[-105.921712039616,32.9199966344241],[-105.921710612984,32.9199900639677],[-105.921708252225,32.919983689448],[-105.921700277964,32.9199695656792],[-105.921689711583,32.9199567102083],[-105.921676828769,32.9199454574148],[-105.921661964162,32.919936101253],[-105.921645508181,32.9199288862266],[-105.921627888871,32.9199240019299],[-105.921609566587,32.9199215740166],[-105.921598268048,32.9199216868127],[-105.921587161238,32.9199234431415],[-105.921576582072,32.919926791583],[-105.921566848473,32.9199316310722],[-105.921797759453,32.9197867212121],[-105.921788943546,32.919795824005],[-105.921782038466,32.9198060337811],[-105.921777236641,32.9198170678895],[-105.921774670711,32.9198286209775],[-105.921774410287,32.9198403721971],[-105.921776465121,32.9198519978374],[-105.92178077546,32.9198631749067],[-105.921787224834,32.9198735946927],[-105.921795632546,32.9198829690551],[-105.921805766477,32.9198910367716],[-105.921817346248,32.9198975761714],[-105.921830051774,32.9199024051574],[-105.921843530712,32.9199053911454],[-105.921857410221,32.919906451095],[-105.921871305505,32.9199055542374],[-105.921884832624,32.9199027275199],[-105.921897616007,32.9198980484108],[-105.921905639015,32.9198937526836],[-105.921912834727,32.9198885178424],[-105.92191905197,32.919882457114],[-105.921941897598,32.9198565920084],[-105.922146667843,32.9199394349753],[-105.922348049469,32.920027990473],[-105.922545819413,32.9201221587385],[-105.922739756756,32.9202218364081],[-105.922929645955,32.9203269120175],[-105.923115275759,32.9204372687039],[-105.922868225184,32.9207276172339],[-105.922628366006,32.9205828237482]]]}},{"type":"Feature","properties":{"id":"parking-314","category":"parking","name":""},"geometry":{"type":"Polygon","coordinates":[[[-105.922084948092,32.9209668151633],[-105.921882955707,32.9208752159656],[-105.921677436561,32.9207893776214],[-105.921468621207,32.9207093990127],[-105.921256745581,32.9206353673136],[-105.921042046696,32.9205673678992],[-105.921052606037,32.9204780787099],[-105.921052852018,32.9204699688136],[-105.921051681098,32.9204619174107],[-105.921049116156,32.9204540986036],[-105.921043401327,32.9204431107934],[-105.921035929081,32.9204328983912],[-105.921026847295,32.9204236619794],[-105.921012378507,32.9204139550914],[-105.920996290964,32.9204062702243],[-105.920978978493,32.9204007977864],[-105.920960865072,32.920397670552],[-105.9209423952,32.9203969654399],[-105.920908575842,32.9204014934803],[-105.920875602949,32.9204092890593],[-105.921102152102,32.9202325157004],[-105.921094524535,32.9202431951635],[-105.921089212515,32.9202548293842],[-105.921086375592,32.9202670643858],[-105.921086100673,32.9202795297686],[-105.921088397716,32.9202918459126],[-105.921093194335,32.9203036383914],[-105.921100345375,32.9203145488191],[-105.921109635013,32.9203242465785],[-105.921120779939,32.9203324360441],[-105.921133442134,32.9203388692403],[-105.921147236343,32.9203433503702],[-105.921161742876,32.9203457430634],[-105.921176522561,32.9203459749243],[-105.921191124225,32.9203440384535],[-105.921205106071,32.9203399929076],[-105.92121804317,32.920333961614],[-105.921229541387,32.920326126596],[-105.921274421142,32.92028005403],[-105.921484722747,32.9203469611658],[-105.921692552412,32.9204191557634],[-105.921897722232,32.920496572414],[-105.922100047515,32.9205791430132],[-105.922299347876,32.920666791353],[-105.922495442928,32.9207594403243],[-105.922283186374,32.9210640745386],[-105.922084948092,32.9209668151633]]]}},{"type":"Feature","properties":{"id":"parking-315","category":"parking","name":""},"geometry":{"type":"Polygon","coordinates":[[[-105.926755241208,32.9209607273485],[-105.927039805736,32.9207927520469],[-105.927070014294,32.9208291318647],[-105.927070748294,32.9208298696077],[-105.92707162279,32.9208304886797],[-105.92707261219,32.9208309700772],[-105.927073684472,32.9208312992893],[-105.927074809733,32.9208314663191],[-105.927075950569,32.9208314665611],[-105.927077075973,32.9208312999353],[-105.927078148507,32.9208309708537],[-105.927079137129,32.9208304891558],[-105.927275513429,32.9207148696292],[-105.927276307708,32.9207143179914],[-105.927276989009,32.9207136677686],[-105.92727754123,32.9207129369548],[-105.927277951484,32.9207121408468],[-105.927278209002,32.9207113010593],[-105.927278307295,32.9207104374147],[-105.927278244148,32.9207095715497],[-105.927278021619,32.9207087251121],[-105.927277643914,32.920707917952],[-105.927277121649,32.9207071708374],[-105.927231863395,32.9206527176513],[-105.927176762311,32.9206833303193],[-105.926932950623,32.9203711640017],[-105.927105524726,32.9202752843394],[-105.927347544562,32.9205851551979],[-105.92729884492,32.9206122125219],[-105.927362373917,32.9207158017558],[-105.927365401153,32.920719835084],[-105.927369210726,32.9207233663403],[-105.927373686482,32.9207262888157],[-105.927378694025,32.9207285128878],[-105.927389663636,32.9207309732823],[-105.927400962842,32.9207318825752],[-105.927412284871,32.9207312165288],[-105.927423324938,32.9207289923918],[-105.927433782375,32.9207252716109],[-105.927443375614,32.9207201553599],[-105.927500320314,32.9208480285073],[-105.927493652801,32.9208430109736],[-105.927486164069,32.9208388985041],[-105.927478025914,32.9208357853264],[-105.92746942412,32.9208337431597],[-105.927460555252,32.9208328175999],[-105.92745218824,32.9208332550116],[-105.92744402864,32.9208348751822],[-105.927436309703,32.9208376318216],[-105.927429250906,32.9208414452383],[-105.927423054718,32.9208462077423],[-105.927417898055,32.9208517818191],[-105.927413929042,32.9208580091389],[-105.927411259522,32.9208647114397],[-105.927410600403,32.9208722142925],[-105.927411302387,32.9208797143457],[-105.927413347929,32.9208870375118],[-105.927416690608,32.920894012334],[-105.927476779313,32.9209666338634],[-105.927215974491,32.9211205849218],[-105.926892395758,32.9213115902402],[-105.926690243652,32.9210591473619],[-105.926760271788,32.921019258201],[-105.92678947251,32.921002861929],[-105.926789972849,32.9210025809679],[-105.92676924521,32.9209776032691],[-105.926755241208,32.9209607273485]]]}},{"type":"Feature","properties":{"id":"parking-316","category":"parking","name":""},"geometry":{"type":"Polygon","coordinates":[[[-105.927460555252,32.9208328175999],[-105.92746942412,32.9208337431597],[-105.927478025914,32.9208357853264],[-105.927486164069,32.9208388985041],[-105.927493652801,32.9208430109736],[-105.927500320314,32.9208480285073],[-105.9276324514,32.9210186826848],[-105.927596869854,32.9210350708121],[-105.927584396114,32.9210534672676],[-105.927588443258,32.9210778823858],[-105.927594820814,32.9211112689405],[-105.927595825687,32.9211617401518],[-105.927581494321,32.9212035400345],[-105.927532307905,32.9212447522202],[-105.927523855966,32.9212945371318],[-105.927509648454,32.921302469443],[-105.92747599547,32.9212959078832],[-105.927447103737,32.9212798953971],[-105.927431123493,32.9212878231247],[-105.927420389886,32.9213151885772],[-105.927379343478,32.9213333417353],[-105.927215974491,32.9211205849218],[-105.927476779313,32.9209666338634],[-105.927416690608,32.920894012334],[-105.927413347929,32.9208870375118],[-105.927411302387,32.9208797143457],[-105.927410600403,32.9208722142925],[-105.927411259522,32.9208647114397],[-105.927413929042,32.9208580091389],[-105.927417898055,32.9208517818191],[-105.927423054718,32.9208462077423],[-105.927429250906,32.9208414452383],[-105.927436309703,32.9208376318216],[-105.92744402864,32.9208348751822],[-105.92745218824,32.9208332550116],[-105.927460555252,32.9208328175999]]]}},{"type":"Feature","properties":{"id":"parking-317","category":"parking","name":""},"geometry":{"type":"Polygon","coordinates":[[[-105.926681147705,32.921334130273],[-105.926673500398,32.9213336361591],[-105.92666586408,32.9213342368254],[-105.926658455861,32.921335914798],[-105.926651490827,32.9213386219376],[-105.926524881533,32.9211785281617],[-105.92654635478,32.9211669526653],[-105.926548433873,32.9211656234217],[-105.926550236992,32.9211640328516],[-105.926551716945,32.9211622214126],[-105.926552838285,32.9211602341017],[-105.926553570889,32.921158122242],[-105.926553896384,32.9211559389906],[-105.926553806016,32.9211537402346],[-105.926553303861,32.9211515809929],[-105.926552401479,32.9211495163034],[-105.926551122199,32.9211475994311],[-105.926541383777,32.9211358737282],[-105.926587946581,32.9211082331382],[-105.926839356823,32.9214259935982],[-105.926605240627,32.9215560234019],[-105.9265666603,32.9215072467857],[-105.926676692497,32.9214478692689],[-105.926689414535,32.9214391766233],[-105.926700257568,32.9214288306756],[-105.926708924397,32.9214171147161],[-105.926715175414,32.9214043518619],[-105.926718839339,32.9213908933618],[-105.926719814321,32.9213771095812],[-105.926718074395,32.9213633782957],[-105.926715744547,32.921357215867],[-105.926712216736,32.9213514714677],[-105.926707591931,32.9213463121868],[-105.926702001115,32.9213418835484],[-105.926695604201,32.9213383140178],[-105.926688586866,32.9213357041718],[-105.926681147705,32.921334130273]]]}},{"type":"Feature","properties":{"id":"parking-318","category":"parking","name":""},"geometry":{"type":"Polygon","coordinates":[[[-105.926482495324,32.9219636118315],[-105.926478561444,32.9219630903442],[-105.926474579617,32.9219631106982],[-105.926470652496,32.9219636704537],[-105.92643116469,32.9219858871116],[-105.926429190832,32.9219838548169],[-105.926077831124,32.9215254033153],[-105.926083597734,32.9215118023928],[-105.926073720066,32.9214983899784],[-105.926055668667,32.9214966163013],[-105.926042994377,32.9214801540552],[-105.926092229271,32.9214540346545],[-105.926156834997,32.9214176595195],[-105.926192638881,32.9214642287439],[-105.926231066897,32.9214426081908],[-105.926193790601,32.9213954796708],[-105.926375978104,32.921292976273],[-105.926531197032,32.9214948367999],[-105.926491303388,32.9215172823811],[-105.926489090594,32.9215186230007],[-105.926487180373,32.9215202610865],[-105.926485626358,32.9215221489836],[-105.926484475796,32.921524231806],[-105.926483762049,32.9215264492214],[-105.926483504598,32.9215287372543],[-105.926483712242,32.9215310282945],[-105.926484378805,32.9215332564967],[-105.92648548314,32.9215353568784],[-105.926486995529,32.921537268944],[-105.926488870202,32.9215389357633],[-105.926491053872,32.9215403103061],[-105.926493482532,32.9215413518271],[-105.926496085726,32.9215420303853],[-105.926498787611,32.9215423259455],[-105.926501510165,32.9215422301898],[-105.926504173189,32.9215417456158],[-105.926506700718,32.9215408864555],[-105.926509017811,32.9215396786662],[-105.9265666603,32.9215072467857],[-105.926605240627,32.9215560234019],[-105.926545481032,32.921589645572],[-105.926543520932,32.9215911807275],[-105.926541888164,32.9215929674229],[-105.926540628878,32.9215949579836],[-105.926539775356,32.9215970956816],[-105.926539353466,32.921599323772],[-105.926539373061,32.9216015791564],[-105.926539834359,32.9216038014164],[-105.926540724754,32.9216059291989],[-105.926542019871,32.9216079029239],[-105.926543683551,32.9216096692931],[-105.926545669995,32.9216111794923],[-105.92654792589,32.9216123928037],[-105.926550387214,32.9216132738926],[-105.926552988822,32.9216138009477],[-105.926555657,32.9216139575465],[-105.926558319052,32.9216137407954],[-105.926560902252,32.9216131559169],[-105.926563335975,32.9216122189602],[-105.92660485389,32.9215888595543],[-105.926828775207,32.9218844987444],[-105.926786492416,32.9219079428157],[-105.926784456189,32.9219089475357],[-105.926782652049,32.9219102278965],[-105.926781129312,32.921911747053],[-105.926779933044,32.9219134618365],[-105.926779097641,32.9219153218369],[-105.926778646818,32.9219172748126],[-105.926778593614,32.9219192630838],[-105.92677894037,32.9219212307468],[-105.926779675533,32.9219231209599],[-105.926780778987,32.921924878663],[-105.926782218836,32.9219264541761],[-105.926783954618,32.9219278014042],[-105.92678593408,32.9219288823377],[-105.926788102803,32.9219296661756],[-105.926790396724,32.9219301284043],[-105.926792749592,32.9219302580312],[-105.926807482275,32.9219293790235],[-105.926858361847,32.9219243857978],[-105.926862724646,32.9219242735339],[-105.926865786644,32.9219237485022],[-105.926690046594,32.9220069127277],[-105.92669731231,32.92200180314],[-105.926703699228,32.9219960789751],[-105.926708991839,32.9219896098206],[-105.926713070929,32.9219825423572],[-105.926715841821,32.9219750377573],[-105.926717244015,32.9219672672016],[-105.926717808629,32.9219587207585],[-105.926716955399,32.9219501922908],[-105.926714701903,32.9219418468684],[-105.926711090319,32.9219338469193],[-105.92670619171,32.9219263504374],[-105.926686902456,32.9219021222145],[-105.926684949795,32.9219007284336],[-105.926682745851,32.9218996333913],[-105.926680353587,32.9218988706159],[-105.926677841356,32.9218984610251],[-105.926675283957,32.9218984174371],[-105.926672755163,32.9218987400427],[-105.926670327715,32.9218994200125],[-105.926668072248,32.9219004385918],[-105.926582842131,32.9219462698171],[-105.926580748917,32.9219482428902],[-105.926579050391,32.9219504694809],[-105.926577790588,32.921952894695],[-105.926577000744,32.921955456391],[-105.926576699259,32.9219580923942],[-105.926576894938,32.9219607341928],[-105.926577582668,32.9219633177475],[-105.92657874558,32.9219657771854],[-105.926603040687,32.9219959376126],[-105.926609648122,32.922001607921],[-105.926617180464,32.9220063869653],[-105.926625472371,32.9220101679084],[-105.926634339176,32.9220128664074],[-105.926643870987,32.9220146955138],[-105.926470687386,32.9220163746486],[-105.926476220813,32.9220154267797],[-105.926481525773,32.9220137965791],[-105.926486485591,32.9220115198157],[-105.926490989947,32.9220086485068],[-105.926494938112,32.9220052446141],[-105.926498042987,32.9220005769587],[-105.926500231767,32.9219955543391],[-105.926501449467,32.9219903019595],[-105.926501665661,32.9219849541052],[-105.926500874517,32.9219796442236],[-105.926499760365,32.921976420208],[-105.926498044615,32.9219733885164],[-105.926495772947,32.9219706304266],[-105.926493004985,32.9219682155295],[-105.926489813201,32.9219662080384],[-105.926486278668,32.9219646595642],[-105.926482495324,32.9219636118315]]]}},{"type":"Feature","properties":{"id":"parking-319","category":"parking","name":""},"geometry":{"type":"Polygon","coordinates":[[[-105.926874309988,32.9214666763617],[-105.926909565535,32.9215112492429],[-105.926815984124,32.9215639007945],[-105.926814795448,32.9215647048076],[-105.926813790092,32.9215656698103],[-105.926812999162,32.9215667679281],[-105.926812445237,32.9215679649518],[-105.926812146625,32.921569224858],[-105.926812113089,32.9215705088957],[-105.926812343697,32.921571779188],[-105.92681283218,32.9215729960407],[-105.926813563698,32.9215741233446],[-105.926922397851,32.9217117203444],[-105.926934593913,32.9217271397178],[-105.926949625336,32.9217461428488],[-105.926950577569,32.9217471453759],[-105.926951722821,32.9217479932969],[-105.926953023763,32.9217486612657],[-105.926954443051,32.9217491275433],[-105.926955936893,32.9217493793917],[-105.926957460417,32.9217494076771],[-105.926958966573,32.9217492131797],[-105.926960409367,32.9217488011913],[-105.926961744916,32.9217481842233],[-105.927037768325,32.9217054112078],[-105.927055046556,32.9217272544034],[-105.927055998789,32.9217282569297],[-105.927057144042,32.9217291048497],[-105.927058444985,32.9217297728175],[-105.927059864273,32.9217302390938],[-105.927061358115,32.9217304909409],[-105.927062881639,32.921730519225],[-105.927064387795,32.9217303247264],[-105.927065830588,32.9217299127368],[-105.927067166135,32.9217292957677],[-105.927042158866,32.9217459328892],[-105.92703259752,32.9217316358269],[-105.926955072852,32.9217738368423],[-105.926966569669,32.9217883715697],[-105.926922026115,32.9218134330356],[-105.926885533704,32.9217672959937],[-105.926876917487,32.9217721432927],[-105.926873046547,32.9217672501864],[-105.926810141801,32.9218019077019],[-105.926649106995,32.9215933819077],[-105.926874309988,32.9214666763617]]]}},{"type":"Feature","properties":{"id":"parking-320","category":"parking","name":""},"geometry":{"type":"Polygon","coordinates":[[[-105.92616730714,32.9192548384265],[-105.926242767277,32.9193119574219],[-105.926228626239,32.9193075625251],[-105.926218539914,32.919308056722],[-105.92621370468,32.9193093391433],[-105.926205097549,32.9193138022668],[-105.926188280349,32.9193226195244],[-105.926167775977,32.9193333705483],[-105.926148546365,32.9193434521488],[-105.926100080778,32.9193688629811],[-105.926096563997,32.9193727441171],[-105.926094703875,32.9193773699016],[-105.926094465104,32.9193798121861],[-105.926095396979,32.9193846327742],[-105.926096544562,32.9193868847699],[-105.926098109813,32.9193889484755],[-105.926100051221,32.9193907723824],[-105.926109898859,32.9194035606937],[-105.92611567719,32.9194110648913],[-105.926122750596,32.9194202497422],[-105.925888208019,32.9195487486499],[-105.925783680139,32.9194130051111],[-105.926018263138,32.9192845055991],[-105.926048366238,32.9193216978934],[-105.926054786786,32.9193246029122],[-105.926061974431,32.9193256116864],[-105.92606916403,32.9193246167255],[-105.926075592868,32.9193217242657],[-105.926088092279,32.9193159636665],[-105.926105171193,32.9193080939624],[-105.926157367526,32.9192840400423],[-105.926163672537,32.9192799172387],[-105.926168148104,32.9192743468584],[-105.92616955169,32.919271186173],[-105.926170349583,32.9192678787329],[-105.92616730714,32.9192548384265]]]}},{"type":"Feature","properties":{"id":"parking-321","category":"parking","name":""},"geometry":{"type":"Polygon","coordinates":[[[-105.925118944327,32.921808968686],[-105.925124085788,32.9217865414369],[-105.925124584956,32.9217792681342],[-105.925123641642,32.9217720262514],[-105.9251223292,32.9217695348493],[-105.925120533721,32.9217672685367],[-105.925118305218,32.9217652932729],[-105.925115711907,32.9217636669486],[-105.92511282739,32.9217624375491],[-105.92510648336,32.9217619611552],[-105.925100123666,32.9217622602448],[-105.92509388198,32.9217633288528],[-105.925061469548,32.9217815641075],[-105.924663068421,32.9212742951251],[-105.92481905472,32.9211845769637],[-105.925218859086,32.9216959602858],[-105.925178449122,32.9217191390489],[-105.925176459692,32.9217207931406],[-105.925174824305,32.9217227033541],[-105.925173588064,32.9217248157001],[-105.925172784326,32.9217270725519],[-105.925172436847,32.9217294099454],[-105.925172554414,32.9217317638776],[-105.92517313406,32.9217340685114],[-105.925174159982,32.9217362597798],[-105.925175602462,32.9217382771868],[-105.925217806425,32.9217906554045],[-105.925111496966,32.9218192917593],[-105.925118944327,32.921808968686]]]}},{"type":"Feature","properties":{"id":"parking-322","category":"parking","name":""},"geometry":{"type":"Polygon","coordinates":[[[-105.920386656857,32.9201895029416],[-105.920349630942,32.9202549082654],[-105.920222984911,32.9202039080992],[-105.920313594067,32.9200408694455],[-105.920847395519,32.9202579243748],[-105.920800332486,32.9202880531058],[-105.920789226142,32.9202971750442],[-105.920776776606,32.920308106007],[-105.92075857183,32.9203256146696],[-105.920756003493,32.9203282491967],[-105.920386656857,32.9201895029416]]]}},{"type":"Feature","properties":{"id":"parking-323","category":"parking","name":""},"geometry":{"type":"Polygon","coordinates":[[[-104.263889337434,32.4414743426239],[-104.263889173206,32.4414734925141],[-104.263888855213,32.4414726724369],[-104.263888389338,32.4414719050254],[-104.263887786838,32.4414712102928],[-104.263887064421,32.4414706020268],[-104.263886238698,32.441470098522],[-104.263885329647,32.441469710011],[-104.263884360412,32.4414694476786],[-104.263883355323,32.4414693173181],[-104.263882337721,32.441469321101],[-104.263842106834,32.4414721847226],[-104.263833860145,32.4414732123031],[-104.263825942711,32.4414754189814],[-104.263818585593,32.4414787407813],[-104.263812004703,32.4414830774233],[-104.263806395207,32.4414883048584],[-104.263801920017,32.4414942669724],[-104.263799187938,32.4414998202028],[-104.263790214779,32.441369182345],[-104.263791058314,32.4413753681159],[-104.263793066165,32.4413813567684],[-104.263796188589,32.4413869924398],[-104.263800341656,32.4413921268425],[-104.26380541663,32.4413966275269],[-104.263811281156,32.4414003724898],[-104.263817782094,32.4414032664488],[-104.263824748839,32.4414052345831],[-104.263831998643,32.4414062226177],[-104.263839340662,32.4414062059031],[-104.263854387656,32.4414051368318],[-104.26385939454,32.4414044052635],[-104.263864174948,32.4414029470262],[-104.263868584343,32.4414008076255],[-104.263872489507,32.4413980498763],[-104.263875770503,32.4413947611466],[-104.263878329478,32.4413910399723],[-104.263880087435,32.4413869978091],[-104.26388099169,32.4413827582491],[-104.263881013907,32.4413784497764],[-104.263858950701,32.4411528861448],[-104.263862153699,32.4411524254561],[-104.263883402594,32.441151061111],[-104.263884656387,32.4411637485957],[-104.264470438915,32.4411221069861],[-104.264475296777,32.4411713667616],[-104.264475468648,32.4411722079751],[-104.264475778301,32.4411730207065],[-104.264476232626,32.4411737816225],[-104.264476821332,32.4411744752332],[-104.26447752891,32.4411750814586],[-104.264478338592,32.4411755892147],[-104.264479231562,32.4411759837791],[-104.264480185697,32.4411762557866],[-104.26448465829,32.4411762271423],[-104.264489058039,32.4411755445789],[-104.264493253677,32.44117423037],[-104.264497119959,32.4411723231132],[-104.26450054081,32.4411698795831],[-104.264503414662,32.4411669739138],[-104.264505655649,32.4411636913063],[-104.264507196743,32.4411601307831],[-104.264507992014,32.4411563989122],[-104.264508013172,32.4411525736882],[-104.264506394587,32.4411454623611],[-104.264503427174,32.4411386714755],[-104.264499192009,32.4411323826333],[-104.26449380233,32.4411267653206],[-104.264487402635,32.4411219696811],[-104.26448016549,32.4411181264656],[-104.264472284327,32.4411153360989],[-104.264463972263,32.4411136740712],[-104.264455340896,32.4411131908295],[-104.264589686181,32.4411029924506],[-104.264587096577,32.4411041363382],[-104.264580966647,32.4411079842445],[-104.264575621613,32.4411125973774],[-104.264571193677,32.4411178624149],[-104.264567790906,32.4411236512285],[-104.264565498345,32.4411298190975],[-104.264564372438,32.4411362163422],[-104.264564439042,32.4411426819812],[-104.264566879198,32.4411677466237],[-104.264567043432,32.4411685967329],[-104.264567362512,32.4411694159241],[-104.264567828412,32.441170182432],[-104.264568430916,32.4411708771615],[-104.264569153355,32.4411714845223],[-104.264569979079,32.4411719880228],[-104.26457088817,32.4411723747262],[-104.264571856341,32.4411726370365],[-104.264572861428,32.4411727673915],[-104.264573879027,32.4411727636029],[-104.264658723897,32.4411529414968],[-104.264686066221,32.4414609680546],[-104.26435866935,32.4414872119333],[-104.264354396334,32.4414419753755],[-104.264354236393,32.4414411235306],[-104.264353920522,32.4414403034879],[-104.264353457812,32.4414395370296],[-104.264352858576,32.4414388387441],[-104.264352138282,32.4414382305143],[-104.264351314741,32.441437724342],[-104.264350407853,32.4414373340652],[-104.264349440823,32.4414370681646],[-104.264348435772,32.4414369360052],[-104.264347419313,32.4414369362034],[-104.264331270174,32.4414380339338],[-104.264330156683,32.4414381921876],[-104.264329091734,32.4414385125963],[-104.264328109557,32.4414389857819],[-104.264327239204,32.4414395959736],[-104.264326506581,32.4414403255475],[-104.26432593452,32.4414411514218],[-104.264325540583,32.4414420486283],[-104.264325335969,32.4414429911966],[-104.26432532773,32.441443948583],[-104.264329989039,32.4414932954221],[-104.263894223874,32.441524272764],[-104.263889337434,32.4414743426239]],[[-104.263992477881,32.4413959683192],[-104.263993588283,32.4413958055115],[-104.26399464904,32.4413954823347],[-104.263995626987,32.4413950081834],[-104.263996494152,32.4413943979438],[-104.26399722355,32.4413936701242],[-104.263997792385,32.4413928460038],[-104.263998185263,32.4413919487817],[-104.263998387694,32.4413910088845],[-104.263998395877,32.4413900542021],[-104.263994256239,32.4413462100317],[-104.264487978573,32.4413111126046],[-104.264492367084,32.4413572913671],[-104.264492532004,32.4413581586179],[-104.264492858209,32.4413589923475],[-104.264493336625,32.4413597698724],[-104.264493955899,32.4413604756861],[-104.264494699537,32.4413610860865],[-104.264495548645,32.4413615899563],[-104.264496480157,32.4413619725057],[-104.264497473013,32.4413622243866],[-104.264498499735,32.4413623379527],[-104.264499535879,32.4413623128183],[-104.264504429885,32.4413614919873],[-104.26450908717,32.4413599749817],[-104.264513371704,32.4413578074421],[-104.26451715877,32.441355052318],[-104.264520334928,32.441351791671],[-104.264522809905,32.4413481178455],[-104.264524510078,32.4413441396777],[-104.26452538607,32.4413399754024],[-104.264525411871,32.4413357445243],[-104.264522830512,32.4413086345926],[-104.264518899168,32.4412672560318],[-104.264518896612,32.4412672271398],[-104.264518078328,32.441263087538],[-104.264516431701,32.4412590971643],[-104.264514006632,32.4412554046706],[-104.26451087525,32.4412521148801],[-104.264507128951,32.4412493266088],[-104.264502876536,32.4412471209145],[-104.264498244183,32.4412455619986],[-104.264493364886,32.4412446943344],[-104.264488383703,32.4412445454545],[-104.26448735515,32.4412446608701],[-104.264486361895,32.4412449120847],[-104.264485428483,32.4412452949774],[-104.264484579597,32.4412457991181],[-104.264483834666,32.4412464112888],[-104.264483215282,32.4412471165027],[-104.264482734636,32.4412478951322],[-104.264482406958,32.4412487284677],[-104.264482239083,32.44124959588],[-104.264482236816,32.4412504749201],[-104.264486689379,32.4412974174605],[-104.264283573164,32.4413118569483],[-104.264278919967,32.4412625778562],[-104.264278759004,32.4412617241919],[-104.264278442111,32.4412609023297],[-104.264277977336,32.4412601331336],[-104.264277375975,32.4412594348143],[-104.264276652494,32.4412588265338],[-104.264275825768,32.4412583203108],[-104.264274916756,32.4412579300001],[-104.264273945417,32.4412576667358],[-104.264272938203,32.4412575363449],[-104.264271918478,32.4412575400976],[-104.264255774641,32.4412586883931],[-104.264254664282,32.4412588494006],[-104.264253603527,32.4412591725797],[-104.2642526245,32.4412596476176],[-104.264251757338,32.4412602578591],[-104.264251029006,32.4412609856972],[-104.264250459072,32.4412618116047],[-104.264250067319,32.4412627061405],[-104.264249863828,32.4412636460216],[-104.264249856691,32.4412646016222],[-104.264254513213,32.4413139222418],[-104.26399297456,32.441332515003],[-104.263988321542,32.4412832350051],[-104.263988160561,32.4412823822418],[-104.26398784367,32.4412815603789],[-104.263987378878,32.4412807920833],[-104.26398677754,32.4412800928613],[-104.26398605408,32.4412794836779],[-104.263985227316,32.4412789792556],[-104.263984318305,32.4412785889429],[-104.263983346967,32.4412783256764],[-104.263982339793,32.4412781934806],[-104.263981320028,32.4412781990335],[-104.263978496987,32.4412783997419],[-104.263973490111,32.4412791313153],[-104.263968709712,32.4412805895571],[-104.263964300325,32.4412827289616],[-104.263960395208,32.4412854849114],[-104.2639571142,32.4412887745449],[-104.263954556274,32.4412924966392],[-104.263952798342,32.4412965379024],[-104.263951894091,32.4413007774632],[-104.263951870835,32.441305085018],[-104.263956023696,32.4413475499255],[-104.26395856561,32.4413735421402],[-104.263959300227,32.4413773747773],[-104.263960734484,32.441381060668],[-104.263962830952,32.4413845126666],[-104.263965539429,32.4413876443277],[-104.263968791486,32.4413903761313],[-104.263972507749,32.4413926428105],[-104.263976597977,32.4413943897464],[-104.263980958978,32.441395571132],[-104.263985485018,32.4413961600542],[-104.263992477881,32.4413959683192]]]}},{"type":"Feature","properties":{"id":"parking-324","category":"parking","name":""},"geometry":{"type":"Polygon","coordinates":[[[-104.264861447759,32.4424346280729],[-104.264858680718,32.4424072528511],[-104.264855912615,32.4423798776124],[-104.264853145617,32.4423525005878],[-104.264850378599,32.4423251244643],[-104.26484761052,32.442297748324],[-104.264844843486,32.4422703731017],[-104.264842075429,32.4422429960598],[-104.264838117565,32.4422038377727],[-104.26484211394,32.4422102066895],[-104.264843659225,32.4422127104993],[-104.264845652062,32.4422149752248],[-104.264848040475,32.4422169468509],[-104.264850766069,32.4422185730647],[-104.264853759543,32.4422198140042],[-104.264856947109,32.4422206405555],[-104.264860248481,32.4422210289125],[-104.264863579811,32.4422209723434],[-104.264893703366,32.4422184187809],[-104.264919918386,32.4424912951179],[-104.264881930185,32.4424945135945],[-104.264879457979,32.4424949082918],[-104.264877103486,32.4424956564754],[-104.264874934141,32.4424967375697],[-104.264873017638,32.4424981192824],[-104.264871408088,32.4424997582874],[-104.264870156496,32.4425016076034],[-104.264869297034,32.4425036118689],[-104.264868857581,32.4425057120168],[-104.264868849065,32.4425078460079],[-104.264861447759,32.4424346280729]]]}},{"type":"Feature","properties":{"id":"parking-325","category":"parking","name":""},"geometry":{"type":"Polygon","coordinates":[[[-104.265134590138,32.4430996506042],[-104.265132116,32.4430889788391],[-104.265127636618,32.4430787893813],[-104.265121271623,32.4430693482904],[-104.265113186686,32.4430609070241],[-104.265103597044,32.4430536871665],[-104.265092754782,32.4430478784244],[-104.265080946749,32.4430436367916],[-104.265068484224,32.4430410708611],[-104.265055696302,32.443040252541],[-104.265042920745,32.4430411979757],[-104.265004593184,32.4430445112128],[-104.264991965234,32.4430465318926],[-104.264979914218,32.4430503171142],[-104.264968779543,32.4430557595268],[-104.264958877175,32.4430627054282],[-104.264950485727,32.4430709590526],[-104.264943842068,32.4430802888134],[-104.26493913386,32.4430904280863],[-104.264936493834,32.4431010940538],[-104.264935995652,32.4431119822295],[-104.264920120161,32.4429476008212],[-104.264924599515,32.4429540080057],[-104.264932909533,32.4429623175901],[-104.264942741883,32.4429693294073],[-104.264953820152,32.4429748479562],[-104.264965830919,32.4429787168232],[-104.26497843529,32.4429808260774],[-104.264991283656,32.4429811179127],[-104.265036959601,32.442978666172],[-104.265037077681,32.4429786635256],[-104.265049753893,32.4429778842256],[-104.265062229215,32.4429753562282],[-104.265074057716,32.4429711473372],[-104.265084925442,32.4429653680097],[-104.265094546146,32.4429581742208],[-104.265102664776,32.442949753994],[-104.265109069149,32.4429403284868],[-104.265113587882,32.4429301492532],[-104.265116102402,32.4429194840073],[-104.265116547021,32.4429086130179],[-104.265108153884,32.4428174336909],[-104.265261706825,32.4428069622415],[-104.265277668162,32.4429761370673],[-104.265183814118,32.4429823645045],[-104.265185824701,32.4430015221853],[-104.265279477484,32.4429953096066],[-104.265293868734,32.4431478356769],[-104.265140299589,32.4431578074009],[-104.265134590138,32.4430996506042]]]}},{"type":"Feature","properties":{"id":"parking-326","category":"parking","name":""},"geometry":{"type":"Polygon","coordinates":[[[-104.265133466131,32.4432756454844],[-104.26513346218,32.4432755832106],[-104.265133142894,32.4432733665125],[-104.265132368196,32.443271165175],[-104.265131165021,32.4432691085539],[-104.265129568283,32.4432672530997],[-104.265127623523,32.4432656554307],[-104.265125388272,32.4432643588297],[-104.265122925454,32.4432634030583],[-104.265120307835,32.4432628154106],[-104.265117610583,32.4432626105958],[-104.265115050707,32.4432627839207],[-104.265114911113,32.443262797949],[-104.26509613686,32.4432640716728],[-104.26509220753,32.4432225876758],[-104.265128428398,32.4432201193748],[-104.265131745475,32.4432191627618],[-104.265134833182,32.4432177562326],[-104.265137606623,32.4432159408248],[-104.265139991412,32.4432137631512],[-104.265141922411,32.4432112843966],[-104.26514334824,32.4432085686672],[-104.265144228958,32.4432056919707],[-104.265144542629,32.4432027333037],[-104.265141848557,32.443174207875],[-104.266340011128,32.4430944341404],[-104.266342860666,32.4430559051815],[-104.265866263546,32.443086204368],[-104.265834374089,32.4427482286068],[-104.266321195789,32.4427151639495],[-104.266319502464,32.4426972383794],[-104.266159408329,32.4427081129623],[-104.26612651396,32.4423598583],[-104.266277461599,32.4423496060045],[-104.266257982501,32.442152034409],[-104.266348176238,32.4421465211625],[-104.266667305081,32.4421261538816],[-104.266877175802,32.4421124796597],[-104.26690561694,32.4423809359026],[-104.266913893757,32.4424609071311],[-104.266956401096,32.4428656523844],[-104.266973101216,32.4430279909265],[-104.266888318103,32.4430341578449],[-104.266446094292,32.4430628998969],[-104.266466856717,32.4433342087323],[-104.266366975892,32.4433397037495],[-104.266360446631,32.4432531737303],[-104.266360434354,32.4432531032108],[-104.266360118142,32.4432512300795],[-104.266359430862,32.4432493565113],[-104.266358401893,32.4432475974746],[-104.266357057902,32.4432459975686],[-104.266355431954,32.443244600592],[-104.266353565912,32.4432434369575],[-104.266351505834,32.4432425398492],[-104.266349305472,32.443241930851],[-104.266347017675,32.4432416243198],[-104.266344864686,32.4432416192493],[-104.26634470283,32.4432416302234],[-104.26513816111,32.443325418387],[-104.265133466131,32.4432756454844]]]}},{"type":"Feature","properties":{"id":"parking-327","category":"parking","name":"Lot 29"},"geometry":{"type":"Polygon","coordinates":[[[-106.742279360702,32.2849385854861],[-106.742778349227,32.2848446228672],[-106.742801767527,32.2849343635266],[-106.742478740452,32.2849946502198],[-106.742470881692,32.2849645354379],[-106.742411720088,32.2849750707575],[-106.742294336572,32.2849959744142],[-106.742279360702,32.2849385854861]]]}},{"type":"Feature","properties":{"id":"parking-331","category":"parking","name":"Lot 44"},"geometry":{"type":"Polygon","coordinates":[[[-106.748408539384,32.2802110281255],[-106.748419668973,32.2802538719667],[-106.747860402556,32.2803587182795],[-106.747849273216,32.2803158743873],[-106.748408539384,32.2802110281255]]]}},{"type":"Feature","properties":{"id":"parking-332","category":"parking","name":"Lot 55"},"geometry":{"type":"Polygon","coordinates":[[[-106.751262085577,32.2790789251853],[-106.751307857022,32.2792496876141],[-106.751242866568,32.2792617427624],[-106.751198848345,32.2790904764289],[-106.751262085577,32.2790789251853]]]}},{"type":"Feature","properties":{"id":"parking-333","category":"parking","name":""},"geometry":{"type":"Polygon","coordinates":[[[-106.591459664811,31.8073502025826],[-106.591498673408,31.8073889350923],[-106.591499037866,31.8073892434769],[-106.591499455996,31.8073894994055],[-106.591499916147,31.8073896938901],[-106.591500407747,31.8073898242532],[-106.59150091705,31.8073898860221],[-106.591501432434,31.807389878326],[-106.591501938051,31.8073897994035],[-106.591502423355,31.8073896537926],[-106.591502874623,31.8073894433339],[-106.591512163699,31.8073851450644],[-106.591522160127,31.8073822050084],[-106.591532588539,31.8073807032746],[-106.591543166038,31.8073806821108],[-106.591553603225,31.8073821395875],[-106.591563614801,31.8073850394912],[-106.591572929027,31.8073892995735],[-106.591573381835,31.8073895076065],[-106.591573868204,31.8073896515123],[-106.591574375451,31.8073897286192],[-106.591574889829,31.8073897344544],[-106.591575399724,31.8073896699511],[-106.591575890358,31.8073895378546],[-106.591576350125,31.8073893409018],[-106.591576766364,31.8073890827346],[-106.591621207201,31.8073567122286],[-106.591636109982,31.8073713971603],[-106.591655084297,31.8073900946771],[-106.591674059681,31.80740879309],[-106.591693034012,31.8074274906009],[-106.591712009407,31.8074461881061],[-106.591730983753,31.8074648856111],[-106.591749959163,31.8074835831103],[-106.591768934581,31.8075022806066],[-106.591787910007,31.8075209781],[-106.591806884381,31.8075396746914],[-106.591812600014,31.8075453063343],[-106.59182579241,31.8075584219661],[-106.59184467095,31.8075771900615],[-106.591863549501,31.807595959056],[-106.591882427001,31.8076147271484],[-106.591901305568,31.8076334961371],[-106.591920184139,31.8076522642209],[-106.591939061661,31.8076710323046],[-106.591957940251,31.8076898012845],[-106.591903665287,31.8077293353001],[-106.591938643003,31.8077641090993],[-106.591882784796,31.8078047955167],[-106.591899239043,31.807821153841],[-106.591826387033,31.8078742188793],[-106.59182244111,31.8078776504993],[-106.591819255475,31.8078816122169],[-106.591816925792,31.8078859820146],[-106.591815522345,31.8078906298257],[-106.591815087913,31.8078954130302],[-106.591815634642,31.8079001881885],[-106.591817147214,31.8079048110328],[-106.591819580752,31.8079091409823],[-106.591822858728,31.8079130465606],[-106.591874452944,31.8079643406196],[-106.591892560207,31.8079801434249],[-106.591983824186,31.8080708751475],[-106.592005367767,31.8080922660879],[-106.592026582738,31.8081133305065],[-106.592029023307,31.8081115381257],[-106.592008391366,31.8080910520827],[-106.591986271112,31.8080690881621],[-106.592011377825,31.8080508035083],[-106.592020941233,31.8080438392589],[-106.59202472804,31.8080410809008],[-106.592036857409,31.8080322454646],[-106.592037094074,31.8080322673769],[-106.592048590388,31.8080333557828],[-106.592085536815,31.808070086851],[-106.592096059623,31.8080623687093],[-106.592107514627,31.8080539662016],[-106.592102963767,31.8080494417194],[-106.592098782871,31.8080452851324],[-106.592094600916,31.8080411276463],[-106.592090421081,31.8080369719581],[-106.592086240189,31.8080328162727],[-106.592082059292,31.8080286587833],[-106.592077879457,31.8080245030947],[-106.592073698563,31.8080203465069],[-106.592070440984,31.8080171074074],[-106.592070906007,31.8080074446735],[-106.59207095025,31.8080074129871],[-106.592087071818,31.807995669816],[-106.592104955641,31.8079826429687],[-106.59210911533,31.8079796130267],[-106.592131158838,31.8079635571356],[-106.592153202335,31.8079475003388],[-106.592162400205,31.807940801327],[-106.592175245827,31.8079314444401],[-106.592185500202,31.8079239750435],[-106.592197289308,31.8079153876357],[-106.592204323587,31.8079102637968],[-106.592219332782,31.8078993308274],[-106.59222963034,31.8078918306455],[-106.592241376252,31.8078832749173],[-106.592254339833,31.8078738320218],[-106.59226341971,31.8078672181014],[-106.592272219397,31.8078608087702],[-106.592285463165,31.8078511621837],[-106.592293711946,31.8078451538877],[-106.592307506608,31.8078351053602],[-106.592318641564,31.8078269950178],[-106.592329550043,31.807819048533],[-106.592338582509,31.8078124690081],[-106.592351593475,31.8078029926038],[-106.592364747691,31.8077934111889],[-106.592373636895,31.8077869357689],[-106.592384668611,31.8077789005587],[-106.592395680311,31.8077708798322],[-106.592409597141,31.8077607425759],[-106.592417723716,31.8077548229897],[-106.592432562218,31.8077440140188],[-106.592439767114,31.8077387661435],[-106.592454132659,31.807728302078],[-106.592461810507,31.8077227101953],[-106.592477238875,31.807711472117],[-106.59249986054,31.8076949943066],[-106.592515786078,31.8076833941136],[-106.592527940634,31.8076745405241],[-106.592537674601,31.8076674504084],[-106.59253917608,31.8076664822039],[-106.59254080171,31.8076656706014],[-106.592543286855,31.8076648016681],[-106.592545909591,31.8076642967447],[-106.592548593929,31.8076641713684],[-106.592551263839,31.8076644293515],[-106.592553847472,31.80766506277],[-106.592556269774,31.8076660537873],[-106.592558463042,31.8076673737236],[-106.592560365891,31.8076689875691],[-106.592628089985,31.8077367892514],[-106.592954318326,31.8080611136854],[-106.592909144495,31.8080940187664],[-106.592887100039,31.808110075696],[-106.592865057685,31.8081261317141],[-106.592843013215,31.808142188636],[-106.592820969792,31.8081582455513],[-106.592798926359,31.8081743015609],[-106.592776882922,31.8081903584685],[-106.592754839473,31.8082064144705],[-106.592732796021,31.8082224713705],[-106.59271075256,31.8082385282668],[-106.592688709089,31.8082545842573],[-106.59266666561,31.8082706402441],[-106.592644622127,31.8082866971289],[-106.592622578636,31.80830275401],[-106.592600535134,31.8083188099853],[-106.592578491628,31.8083348668587],[-106.592556448111,31.8083509228264],[-106.592534404589,31.8083669796922],[-106.59251236106,31.8083830365543],[-106.59249031752,31.8083990925106],[-106.592468273976,31.808415149365],[-106.592446230424,31.8084312062156],[-106.592424186864,31.8084472630624],[-106.592402143294,31.8084633190035],[-106.592402066399,31.80846337513],[-106.592400111326,31.808465073313],[-106.592398526879,31.8084670320591],[-106.592397362482,31.8084691926097],[-106.592396651697,31.8084714908375],[-106.592396416453,31.8084738590388],[-106.592396661769,31.8084762259475],[-106.592397382108,31.8084785221297],[-106.592398556093,31.8084806790963],[-106.592400147579,31.8084826329075],[-106.59242473346,31.8085078253473],[-106.592355091811,31.8085591142631],[-106.591823397973,31.8080305207177],[-106.591805290712,31.8080147179027],[-106.591640373056,31.8078507602497],[-106.591358397512,31.8075715519096],[-106.591353046644,31.8075608477098],[-106.591349495668,31.8075496146615],[-106.591348908741,31.8075468256608],[-106.591347801011,31.8075379752761],[-106.591347805247,31.8075290741073],[-106.591348032805,31.8075263325287],[-106.591350034854,31.8075152929358],[-106.591353752274,31.8075045797518],[-106.591359117115,31.8074943834661],[-106.591366034987,31.8074848856197],[-106.591366311315,31.8074844925387],[-106.591366507253,31.8074840663018],[-106.591366616505,31.807483618651],[-106.591366638059,31.8074831613142],[-106.591366570908,31.807482707823],[-106.591366416153,31.8074822698995],[-106.591366177003,31.8074818592602],[-106.591365863009,31.8074814876047],[-106.591329286165,31.8074451684155],[-106.591459664811,31.8073502025826]]]}},{"type":"Feature","properties":{"id":"parking-334","category":"parking","name":""},"geometry":{"type":"Polygon","coordinates":[[[-106.591616234296,31.8083809078861],[-106.591631184579,31.8083829133432],[-106.591645581268,31.8083868855918],[-106.591659065953,31.8083927263815],[-106.59167130752,31.8084002913907],[-106.5916820011,31.8084093938362],[-106.591700303112,31.8084275889675],[-106.592051620478,31.8087768588758],[-106.591993886385,31.8088205375735],[-106.59198744623,31.8088252575431],[-106.591984884209,31.8088259111106],[-106.591982484026,31.8088269168981],[-106.591980314234,31.8088282476637],[-106.591857526725,31.8089176846348],[-106.591855881001,31.8089190699106],[-106.591854485222,31.8089206412149],[-106.591853367783,31.8089223650998],[-106.591852550739,31.8089242072328],[-106.591847041742,31.8089282482465],[-106.591775404138,31.8089797767066],[-106.591402893122,31.8086134415347],[-106.591393918105,31.8086029418757],[-106.591386987123,31.8085913778674],[-106.591382267049,31.8085790358766],[-106.591379877287,31.8085662177301],[-106.591379876032,31.8085532398499],[-106.591382240302,31.8085404585602],[-106.591386925685,31.808528147265],[-106.591393815004,31.8085166093273],[-106.591402739247,31.8085061266023],[-106.591413480733,31.8084969567238],[-106.591439882245,31.8084777252905],[-106.591461925987,31.8084616695149],[-106.591506013445,31.8084295570504],[-106.591528057164,31.8084135012634],[-106.591546065442,31.8084003839678],[-106.591558290344,31.808392801103],[-106.591571763653,31.808386940281],[-106.591586152147,31.8083829458026],[-106.591601098152,31.8083809187416],[-106.591616234296,31.8083809078861]],[[-106.591615300842,31.8084458277698],[-106.591614291132,31.8084458286756],[-106.591613294591,31.8084459639339],[-106.5916123355,31.8084462307734],[-106.591611438122,31.8084466210119],[-106.591610622495,31.8084471264782],[-106.591609833939,31.8084478131599],[-106.591609195748,31.808448604964],[-106.591608730016,31.808449478381],[-106.591608449327,31.8084504090251],[-106.591608362014,31.8084513653061],[-106.591608471147,31.8084523201581],[-106.591608774506,31.8084532447251],[-106.591609260371,31.8084541110787],[-106.591609915968,31.8084548921954],[-106.591629816553,31.8084746767586],[-106.591641380796,31.8084861733011],[-106.591642093843,31.8084867801908],[-106.591642908964,31.8084872848883],[-106.591643808153,31.808487673913],[-106.591644768147,31.80848793921],[-106.591645765678,31.8084880727243],[-106.591646774332,31.808488071821],[-106.591647769818,31.8084879365654],[-106.591648729968,31.8084876706246],[-106.591649628399,31.8084872794811],[-106.59165044297,31.8084867740174],[-106.591651232583,31.8084860873326],[-106.591651869717,31.8084852955311],[-106.591652335446,31.808484421212],[-106.591652616141,31.8084834923718],[-106.591652702394,31.8084825351916],[-106.591652593258,31.8084815794378],[-106.591652290958,31.80848065577],[-106.591651805092,31.8084797894165],[-106.591651148438,31.8084790083029],[-106.591630577885,31.8084585572103],[-106.591619684665,31.8084477271967],[-106.591618971619,31.8084471203069],[-106.591618155443,31.8084466156121],[-106.591617256253,31.8084462265872],[-106.59161629732,31.8084459621891],[-106.591615300842,31.8084458277698]],[[-106.591707594346,31.8085375851213],[-106.591706585691,31.808537586025],[-106.591705589149,31.8085377212839],[-106.591704630055,31.8085379872223],[-106.591703731623,31.8085383783662],[-106.591702917052,31.8085388838302],[-106.591702128496,31.8085395705125],[-106.591701490305,31.8085403623171],[-106.591701024577,31.8085412366363],[-106.591700743885,31.8085421663786],[-106.591700657629,31.8085431226569],[-106.591700766766,31.8085440784106],[-106.591701069067,31.8085450020783],[-106.591701555989,31.8085458684288],[-106.591702211588,31.8085466495449],[-106.591719280773,31.8085636186505],[-106.591739969036,31.8085841866632],[-106.591777725458,31.8086217237726],[-106.591778438507,31.8086223306615],[-106.591779254686,31.8086228353553],[-106.591780152821,31.8086232243818],[-106.591781113869,31.808623488773],[-106.591782109293,31.8086236231938],[-106.591783119005,31.8086236222866],[-106.591784115548,31.8086234870271],[-106.59178507464,31.8086232201862],[-106.591785972019,31.8086228299465],[-106.591786787647,31.8086223244791],[-106.591787577259,31.8086216377934],[-106.591788213337,31.8086208459941],[-106.591788680125,31.8086199725737],[-106.591788960816,31.8086190428312],[-106.591789048124,31.8086180856481],[-106.591788938989,31.8086171307964],[-106.591788635628,31.8086162062298],[-106.59178814976,31.8086153398769],[-106.59178749416,31.8086145587612],[-106.591733105292,31.8085604870134],[-106.591711979232,31.8085394845421],[-106.591711266184,31.8085388776528],[-106.591710450006,31.8085383729586],[-106.591709550816,31.8085379839344],[-106.591708591878,31.8085377186351],[-106.591707594346,31.8085375851213]],[[-106.591470415419,31.8085506258328],[-106.591469417821,31.8085507610927],[-106.591468459781,31.8085510270265],[-106.591467561349,31.8085514181687],[-106.59146674572,31.8085519236341],[-106.591465956102,31.8085526094158],[-106.591465320025,31.8085534021155],[-106.591464853238,31.8085542764367],[-106.5914645736,31.8085552061756],[-106.591464486286,31.8085561624566],[-106.591464595417,31.8085571173087],[-106.591464898775,31.808558041876],[-106.591465384639,31.8085589082302],[-106.591466040236,31.8085596893476],[-106.591497503996,31.8085909704913],[-106.591498286933,31.8085916268005],[-106.591499190882,31.8085921610243],[-106.591500188313,31.8085925542961],[-106.591501249624,31.8085927985779],[-106.591502345208,31.8085928849299],[-106.591503260734,31.8085928337695],[-106.59150415896,31.8085926735219],[-106.591505021933,31.8085924051371],[-106.591505829614,31.8085920358844],[-106.591506567236,31.8085915712149],[-106.591507356843,31.8085908827272],[-106.591507995029,31.8085900891197],[-106.591508460753,31.8085892129973],[-106.591508739331,31.8085882823592],[-106.591508825579,31.8085873233753],[-106.591508713272,31.8085863667279],[-106.591508407795,31.8085854403625],[-106.591507918762,31.808584574017],[-106.591507259996,31.8085837929083],[-106.5914758079,31.8085525243627],[-106.591475094853,31.8085519174722],[-106.59147427868,31.8085514136784],[-106.591473380543,31.8085510237477],[-106.591472419497,31.8085507593542],[-106.591471424078,31.8085506258329],[-106.591470415419,31.8085506258328]],[[-106.591563719655,31.8086423823798],[-106.591562709943,31.8086423832853],[-106.591561713399,31.808642518543],[-106.591560755359,31.8086427844775],[-106.591559856926,31.8086431756204],[-106.591559041297,31.8086436810864],[-106.591558252739,31.8086443677678],[-106.591557615602,31.8086451595688],[-106.591557148816,31.8086460338903],[-106.591556869175,31.8086469627275],[-106.591556781865,31.8086479199104],[-106.591556891001,31.8086488756643],[-106.591557194356,31.8086497993295],[-106.591557680222,31.8086506656833],[-106.59155833582,31.8086514468002],[-106.591566289494,31.8086593543329],[-106.591572558724,31.8086655869897],[-106.591633849661,31.8087265211123],[-106.59163456271,31.8087271280019],[-106.591635378885,31.8087276317947],[-106.591636277025,31.8087280217242],[-106.591637237017,31.8087282861192],[-106.591638233495,31.8087284196364],[-106.591639243211,31.8087284196323],[-106.591640239755,31.8087282843738],[-106.591641198849,31.8087280175341],[-106.591642096229,31.8087276272953],[-106.591642911859,31.8087271218289],[-106.591643700417,31.8087264351469],[-106.59164433755,31.8087256424436],[-106.591644804339,31.8087247690237],[-106.591645083976,31.8087238392843],[-106.591645171289,31.8087228830033],[-106.591645062155,31.8087219281514],[-106.591644759851,31.8087210035817],[-106.591644272928,31.8087201372311],[-106.591643617329,31.8087193561147],[-106.59160586092,31.8086818189659],[-106.59158036421,31.8086564718759],[-106.59157973665,31.8086558476199],[-106.591568103486,31.8086442818084],[-106.591567390439,31.8086436749183],[-106.591566574261,31.8086431702232],[-106.591565676126,31.8086427811952],[-106.591564716131,31.8086425158976],[-106.591563719655,31.8086423823798]],[[-106.591843940244,31.8086731373206],[-106.591842931584,31.8086731373235],[-106.591841936097,31.8086732725806],[-106.591840975948,31.8086735394248],[-106.591840077513,31.8086739296677],[-106.591839262941,31.8086744351326],[-106.591838473329,31.8086751218186],[-106.591837836195,31.8086759136209],[-106.591837370467,31.8086767879407],[-106.591837089776,31.8086777176832],[-106.591837002465,31.8086786739644],[-106.5918371116,31.8086796288161],[-106.591837414962,31.8086805533825],[-106.591837900831,31.8086814197353],[-106.591838556432,31.8086822008507],[-106.591869252862,31.8087127173205],[-106.59187631399,31.8087197379269],[-106.591914071579,31.8087572749915],[-106.59191478463,31.8087578818795],[-106.591915599754,31.8087583865753],[-106.591916498948,31.808758775598],[-106.591917458945,31.8087590408929],[-106.591918456479,31.808759174405],[-106.591919465136,31.8087591734996],[-106.591920460624,31.8087590382418],[-106.591921420777,31.808758772299],[-106.591922319209,31.8087583811535],[-106.591923133781,31.8087578756881],[-106.591923923397,31.8087571899036],[-106.591924560528,31.8087563971988],[-106.591925026255,31.8087555228788],[-106.591925306945,31.8087545931361],[-106.591925393199,31.8087536368577],[-106.591925284063,31.8087526820061],[-106.591924981756,31.8087517574371],[-106.591924495886,31.8087508910847],[-106.591923839228,31.8087501099726],[-106.591878642065,31.8087051763143],[-106.591848325135,31.8086750358346],[-106.591847612085,31.8086744289462],[-106.591846796965,31.808673925152],[-106.591845897769,31.8086735352268],[-106.591844937777,31.8086732708333],[-106.591843940244,31.8086731373206]],[[-106.591700064439,31.8087779338323],[-106.591699054726,31.8087779347388],[-106.591698059237,31.8087780699949],[-106.591697099087,31.8087783368379],[-106.59169620065,31.8087787270798],[-106.591695386077,31.8087792325438],[-106.591694596462,31.8087799192289],[-106.591693959326,31.8087807110306],[-106.591693493596,31.8087815853498],[-106.591693212901,31.8087825141901],[-106.591693126648,31.8087834713702],[-106.591693235785,31.808784427124],[-106.59169353809,31.8087853516935],[-106.59169402501,31.8087862171421],[-106.591694680611,31.8087869982582],[-106.591727204592,31.8088193326585],[-106.591770195728,31.8088620724834],[-106.591770908779,31.8088626793723],[-106.5917717239,31.8088631831669],[-106.591772623098,31.8088635730926],[-106.591773584148,31.8088638374838],[-106.591774579571,31.8088639710027],[-106.591775589289,31.8088639709975],[-106.591776585835,31.808863835738],[-106.591777544929,31.8088635688972],[-106.59177844231,31.8088631786575],[-106.59177925794,31.8088626731902],[-106.591780047555,31.8088619865046],[-106.591780683631,31.8088611938034],[-106.59178115042,31.808860320383],[-106.591781430056,31.8088593906434],[-106.591781517367,31.8088584343623],[-106.591781408232,31.8088574795106],[-106.59178110487,31.8088565549441],[-106.591780619001,31.8088556885911],[-106.5917799634,31.8088549074754],[-106.591742205824,31.8088173703715],[-106.591737465192,31.8088126569808],[-106.591704449336,31.8087798332532],[-106.591703736287,31.8087792263639],[-106.591702920107,31.8087787216697],[-106.591702020914,31.8087783326455],[-106.591701060917,31.808778067349],[-106.591700064439,31.8087779338323]]]}},{"type":"Feature","properties":{"id":"parking-335","category":"parking","name":""},"geometry":{"type":"Polygon","coordinates":[[[-106.584064286717,32.0230786902714],[-106.584161507963,32.0232638415121],[-106.584136710592,32.0232738376732],[-106.584270712994,32.0235290336392],[-106.584286651877,32.0235852702354],[-106.584283671577,32.0235857957817],[-106.584300250679,32.0236442872438],[-106.584303230981,32.0236437616972],[-106.584310432067,32.0236691672972],[-106.584308739888,32.0240124252395],[-106.584302469127,32.0240123245214],[-106.584302415639,32.0240232484833],[-106.584302727239,32.0240265531279],[-106.584303705446,32.0240297631196],[-106.584305320271,32.0240327829361],[-106.584307523745,32.0240355216117],[-106.584310249933,32.0240378972472],[-106.584313418129,32.024039841511],[-106.584316932834,32.0240412933254],[-106.584320690153,32.0240422123788],[-106.584324577758,32.0240425683027],[-106.584438917798,32.0240443998413],[-106.584452814479,32.0240446229432],[-106.584452793624,32.0240487897792],[-106.58445276702,32.0240542878358],[-106.584452739357,32.0240597858951],[-106.584452711694,32.0240652839545],[-106.58445268509,32.024070782011],[-106.584452657427,32.0240762800703],[-106.584452630819,32.0240817772249],[-106.584452603156,32.0240872752843],[-106.584452576552,32.0240927733408],[-106.584452548889,32.0240982714001],[-106.584452522285,32.0241037694566],[-106.584452494622,32.0241092675159],[-106.584452468014,32.0241147646705],[-106.584452440351,32.0241202627298],[-106.584452413747,32.0241257607863],[-106.584452387142,32.0241312588427],[-106.584452359479,32.024136756902],[-106.584452332875,32.0241422549585],[-106.584452305212,32.0241477530177],[-106.584452278605,32.0241532501723],[-106.584452250942,32.0241587482315],[-106.584452224337,32.024164246288],[-106.584452196674,32.0241697443473],[-106.584452179943,32.0241732978799],[-106.58445217007,32.0241752424037],[-106.584452142407,32.0241807404629],[-106.584452114744,32.0241862385222],[-106.584452088137,32.0241917356767],[-106.584452061532,32.0241972337331],[-106.584452033869,32.0242027317923],[-106.584452007265,32.0242082298487],[-106.584451979602,32.0242137279079],[-106.584451951939,32.0242192259671],[-106.584451925331,32.0242247231216],[-106.584451898727,32.024230221178],[-106.584451871064,32.0242357192372],[-106.58445184446,32.0242412172936],[-106.584451816797,32.0242467153528],[-106.584451790193,32.0242522134092],[-106.58445176253,32.0242577114683],[-106.584451735922,32.0242632086228],[-106.584451708259,32.024268706682],[-106.584451681655,32.0242742047383],[-106.58445165505,32.0242797027947],[-106.584451628446,32.024285200851],[-106.584451614708,32.0242878299276],[-106.584433853763,32.0242875692147],[-106.584315537452,32.0242858311291],[-106.58431185318,32.0242860807463],[-106.584308274602,32.0242868658137],[-106.584304909612,32.0242881625976],[-106.584301858642,32.0242899320515],[-106.584299213605,32.024292121623],[-106.584297053658,32.0242946652646],[-106.584295445219,32.0242974861399],[-106.584294433504,32.0243005002527],[-106.584294051004,32.0243036173276],[-106.584294307966,32.0243067435398],[-106.584295197696,32.0243097851092],[-106.584296693397,32.0243126510146],[-106.584298750293,32.0243152547915],[-106.584301304582,32.0243175190445],[-106.584304282973,32.0243193763243],[-106.584307594213,32.0243207691498],[-106.584311138637,32.0243216562961],[-106.584314811349,32.0243220127866],[-106.584358811418,32.024322658902],[-106.584358709517,32.0243432775207],[-106.584358587665,32.0243680214853],[-106.584358465807,32.024392763646],[-106.584358362276,32.0244138079658],[-106.58431900462,32.0244132298823],[-106.584315940418,32.024413397596],[-106.584312946506,32.0244139718815],[-106.584310095884,32.0244149399197],[-106.584307460454,32.0244162780718],[-106.584305107843,32.0244179509854],[-106.584303096125,32.02441991702],[-106.584301475942,32.0244221282414],[-106.58430028626,32.0244245286291],[-106.584299557562,32.0244270576754],[-106.584299309731,32.0244296521947],[-106.584299001299,32.0244922250677],[-106.584274867917,32.0244918710976],[-106.584245831629,32.0244914443637],[-106.584216794282,32.024491017626],[-106.584187757994,32.0244905908789],[-106.584158720647,32.0244901641279],[-106.58412968436,32.0244897373674],[-106.584100648073,32.0244893106003],[-106.584071610727,32.0244888838293],[-106.58404257444,32.0244884570489],[-106.584013537094,32.0244880302646],[-106.583984500811,32.0244876043728],[-106.583955464528,32.0244871784744],[-106.583926427183,32.0244867516701],[-106.583897390901,32.0244863257583],[-106.583868354615,32.024485898938],[-106.583839317271,32.0244854721139],[-106.583810280989,32.0244850461822],[-106.583781243645,32.0244846193447],[-106.583752207364,32.0244841933997],[-106.583723171082,32.024483767448],[-106.583694133739,32.0244833405906],[-106.583665097458,32.0244829146256],[-106.583640590352,32.0244825543028],[-106.583641829352,32.0244213210096],[-106.583641580977,32.0244182209286],[-106.583640703001,32.0244152036749],[-106.583639219054,32.0244123629841],[-106.583637176023,32.0244097826094],[-106.583634636656,32.0244075426551],[-106.583631675309,32.0244057114698],[-106.583628385334,32.0244043420202],[-106.583624864291,32.0244034791445],[-106.58362122025,32.0244031469099],[-106.583579278282,32.0244025302998],[-106.583579695854,32.0243819162624],[-106.583580195881,32.0243571794201],[-106.583580696963,32.0243324416731],[-106.583581200786,32.024307583966],[-106.583636044173,32.0243083903089],[-106.583637310078,32.0243083220419],[-106.583638548908,32.0243080860926],[-106.583639727869,32.0243076888606],[-106.583640819475,32.024307141241],[-106.583641796244,32.0243064550307],[-106.583642634944,32.0243056465252],[-106.583643313427,32.0243047383302],[-106.583643815883,32.0243037503291],[-106.583644130763,32.0243027087074],[-106.583644248623,32.0243016369394],[-106.583644852874,32.0242717788305],[-106.583644722148,32.024269885183],[-106.583644252796,32.0242680312081],[-106.583643453441,32.0242662592723],[-106.583642344354,32.0242646126137],[-106.583640951077,32.0242631281429],[-106.583639306561,32.0242618427511],[-106.583637450079,32.0242607842939],[-106.583635424074,32.0242599797168],[-106.58363447654,32.024259677367],[-106.583640857444,32.0242241518502],[-106.583645438947,32.0241986439679],[-106.583649872053,32.0241739617148],[-106.5836589094,32.0241753169459],[-106.583668088151,32.0241753784787],[-106.583677149979,32.0241741415815],[-106.583685841997,32.0241716429957],[-106.583693920966,32.0241679519057],[-106.583701163884,32.0241631717153],[-106.583707365855,32.0241574355428],[-106.583712353841,32.0241509034805],[-106.583715989822,32.0241437589771],[-106.583718171827,32.0241361998176],[-106.583718837109,32.0241284390156],[-106.583718612918,32.0241063132762],[-106.583718309478,32.0241035019483],[-106.583717444207,32.0241007768774],[-106.583716041738,32.024098216464],[-106.583714144693,32.0240958972576],[-106.583711807309,32.0240938867578],[-106.583709098617,32.0240922452105],[-106.583706100306,32.0240910202014],[-106.583702897198,32.0240902475833],[-106.583699586769,32.0240899496472],[-106.583650399347,32.0240895766966],[-106.583650628632,32.0240695935819],[-106.583650903509,32.0240455409713],[-106.583651179441,32.0240214874559],[-106.583651454318,32.0239974348451],[-106.58365173025,32.0239733813295],[-106.583652006185,32.0239493287157],[-106.583652282124,32.0239252770037],[-106.583652558056,32.0239012234879],[-106.583652833991,32.0238771708738],[-106.583653109926,32.0238531182597],[-106.583653337481,32.023833242475],[-106.583695597811,32.0238335578911],[-106.583698004671,32.0238334171753],[-106.583700352089,32.0238329411087],[-106.583702573427,32.0238321451991],[-106.583704609466,32.0238310476402],[-106.583706404217,32.0238296810479],[-106.583707908053,32.0238280816287],[-106.583709080908,32.0238262936812],[-106.583709890142,32.0238243668958],[-106.583710311596,32.0238223536464],[-106.583710336999,32.0238203080687],[-106.583709963379,32.0238182869904],[-106.583709840063,32.0238178535006],[-106.583709062118,32.0238158542298],[-106.583707891924,32.0238139957857],[-106.583706365679,32.0238123339909],[-106.583704529077,32.0238109165258],[-106.583702433085,32.0238097856457],[-106.583700140286,32.0238089745563],[-106.583697718516,32.0238085065285],[-106.583695237696,32.0238083949067],[-106.583692770886,32.0238086440083],[-106.583651225435,32.0238159991799],[-106.583646341455,32.0237980642038],[-106.583639777286,32.0237739637446],[-106.58363321312,32.0237498632849],[-106.583626650016,32.023725762822],[-106.583620085857,32.0237016623614],[-106.583614650412,32.0236817040672],[-106.58364857641,32.0236748487635],[-106.58365163684,32.0236742310275],[-106.583654543371,32.0236732123505],[-106.583657223043,32.0236718163738],[-106.583659610347,32.0236700784439],[-106.58366164298,32.023668042016],[-106.58366327138,32.0236657604326],[-106.583664452341,32.0236632888234],[-106.583665159624,32.0236606894886],[-106.583665372297,32.0236580292238],[-106.58366508742,32.0236553729737],[-106.583664310532,32.0236527883661],[-106.583662424604,32.0236503203158],[-106.58366007608,32.0236481538154],[-106.583657334006,32.0236463527182],[-106.583654274786,32.0236449673296],[-106.583650983251,32.0236440362081],[-106.583647555833,32.0236435852552],[-106.583644086802,32.0236436286533],[-106.583640675663,32.0236441643369],[-106.583637418697,32.0236451767202],[-106.583604870104,32.0236570240261],[-106.583595269767,32.0236384773378],[-106.583583552139,32.0236158406862],[-106.583571833454,32.0235932031343],[-106.583562011385,32.0235742295255],[-106.583602071557,32.0235593077351],[-106.583605191044,32.023557751868],[-106.583607951149,32.0235557658377],[-106.583610271638,32.0235534111844],[-106.583612081821,32.0235507539328],[-106.583613332234,32.0235478744822],[-106.583613982948,32.0235448559125],[-106.583614016291,32.0235417875584],[-106.583613432586,32.0235387587072],[-106.583612245923,32.0235358595119],[-106.583593684612,32.0235004952007],[-106.583615652241,32.0234916393764],[-106.583641902185,32.0234810577698],[-106.583668153178,32.0234704752532],[-106.583694404168,32.023459893633],[-106.583720654094,32.0234493120102],[-106.583746904013,32.023438730382],[-106.583773154982,32.0234281478437],[-106.58379940489,32.0234175662046],[-106.58382565585,32.0234069845574],[-106.583851905745,32.0233964029076],[-106.583878156693,32.0233858212495],[-106.583904406576,32.0233752395888],[-106.583930657508,32.0233646570181],[-106.583956907379,32.0233540753466],[-106.583983158303,32.0233434936669],[-106.584009408161,32.0233329119846],[-106.584031188603,32.0233241314391],[-106.584048798041,32.0233576673353],[-106.58405046948,32.0233602486825],[-106.584052621629,32.0233625618009],[-106.584055192852,32.023364541916],[-106.584058114143,32.0233661359974],[-106.58406130594,32.0233672982576],[-106.584064680266,32.0233679991658],[-106.584068143891,32.0233682191255],[-106.584071603627,32.023367951167],[-106.584074964228,32.0233672036583],[-106.584078132602,32.0233659957846],[-106.584081022066,32.0233643620465],[-106.584083555495,32.0233623459383],[-106.584085661104,32.0233600026651],[-106.584087283023,32.0233573982128],[-106.584088374924,32.0233546021499],[-106.584088908506,32.0233516921144],[-106.584088869235,32.0233487475118],[-106.584088256342,32.0233458477115],[-106.584087089177,32.0233430738335],[-106.584011260652,32.0231986636838],[-106.584009670007,32.0231961741171],[-106.584007632443,32.0231939292405],[-106.584005200052,32.0231919884424],[-106.584002434411,32.0231904011651],[-106.583999406595,32.0231892069049],[-106.583996192933,32.0231884352236],[-106.583992875017,32.023188107552],[-106.583989538624,32.0231882308794],[-106.583986267377,32.0231888031817],[-106.583983144855,32.0231898089066],[-106.583953031344,32.0232019475168],[-106.583949911875,32.0232035033923],[-106.583947151788,32.02320548943],[-106.583944832375,32.0232078440868],[-106.583943021149,32.023210501346],[-106.583941770751,32.0232133807999],[-106.58394112005,32.0232163993713],[-106.583941086718,32.0232194677256],[-106.58394167149,32.0232224965725],[-106.583942857101,32.0232253957676],[-106.583961770826,32.0232592484172],[-106.583939803287,32.0232681043011],[-106.58391355238,32.0232786859719],[-106.583887302525,32.0232892676344],[-106.583861051609,32.0232998501962],[-106.583834801742,32.0233104318479],[-106.583808551869,32.0233210134942],[-106.583782300935,32.0233315960398],[-106.58375605105,32.0233421776753],[-106.583729800104,32.02335276021],[-106.583703550207,32.0233633418347],[-106.583677300303,32.023373923454],[-106.583651049335,32.0233845050706],[-106.58362479942,32.023395086679],[-106.583598548443,32.0234056691867],[-106.583572298516,32.0234162507843],[-106.583546047524,32.0234268323794],[-106.583519797584,32.0234374139661],[-106.583518430424,32.0234349526665],[-106.583515669466,32.0234299823364],[-106.583512909571,32.0234250129054],[-106.583510149675,32.0234200434743],[-106.583507388718,32.023415073144],[-106.583504628823,32.0234101037128],[-106.583501868929,32.0234051342815],[-106.583499109031,32.0234001639482],[-106.583496349137,32.0233951945168],[-106.583494265901,32.0233914444798],[-106.583491835619,32.0233924222172],[-106.583484088085,32.0233955343046],[-106.58345213516,32.0233380030906],[-106.583462301247,32.0233338916536],[-106.583458863639,32.0233277019275],[-106.583456102691,32.023322732498],[-106.583453342802,32.0233177630655],[-106.583450582913,32.023312793633],[-106.583447821962,32.0233078233013],[-106.583445062074,32.0233028538686],[-106.583442302186,32.0232978844359],[-106.583439542295,32.0232929141012],[-106.583436776013,32.0232879329605],[-106.583463018467,32.0232773396858],[-106.583489270482,32.0232667572032],[-106.583515520376,32.0232561756228],[-106.583541770265,32.0232455940369],[-106.583568020148,32.0232350124456],[-106.58359427108,32.0232244299443],[-106.583620522009,32.0232138483394],[-106.583646771873,32.0232032667319],[-106.583673021731,32.023192685119],[-106.583699272639,32.023182102596],[-106.583725522485,32.0231715209722],[-106.583751773384,32.0231609393403],[-106.583778023218,32.0231503577058],[-106.583804274104,32.023139776063],[-106.583830523926,32.0231291944176],[-106.583856774797,32.0231186118622],[-106.583883024607,32.023108030206],[-106.583906016439,32.0230987612702],[-106.583923625791,32.0231322980874],[-106.583925298284,32.0231348803355],[-106.583927448305,32.0231371925599],[-106.583930020577,32.0231391726749],[-106.583932941859,32.0231407667593],[-106.58393613365,32.0231419299247],[-106.583939506905,32.0231426299371],[-106.583942972641,32.0231428507966],[-106.583946431308,32.0231425819425],[-106.583949790843,32.02314183444],[-106.583952960269,32.0231406265666],[-106.583955850787,32.0231389928285],[-106.583958383154,32.0231369767255],[-106.583960489823,32.0231346343535],[-106.583962110679,32.0231320290036],[-106.58396320364,32.0231292329389],[-106.583963737225,32.0231263229038],[-106.5839636969,32.0231233783038],[-106.583963085071,32.0231204785],[-106.583961916854,32.0231177046234],[-106.583965066192,32.0231165040179],[-106.583970823594,32.0231143098652],[-106.583976582054,32.0231121157095],[-106.583982339456,32.0231099215564],[-106.583988097912,32.0231077264982],[-106.583993855313,32.0231055323445],[-106.583999612714,32.0231033381906],[-106.584005370114,32.0231011440364],[-106.584011127514,32.0230989498819],[-106.584016884914,32.0230967557271],[-106.584022643368,32.0230945606674],[-106.584028400768,32.0230923665122],[-106.584034158167,32.0230901723567],[-106.584039916624,32.0230879781981],[-106.584045674022,32.023085784042],[-106.58405143142,32.0230835898857],[-106.584057189874,32.0230813948245],[-106.584062947271,32.0230792006677],[-106.584064286717,32.0230786902714]],[[-106.584120152477,32.0234304972651],[-106.584116815016,32.0234306205986],[-106.584113543762,32.0234311929043],[-106.584110421233,32.0234321986323],[-106.584107301762,32.0234337554135],[-106.584104541665,32.0234357396509],[-106.584102222257,32.0234380961142],[-106.584100411028,32.0234407524737],[-106.584099161691,32.0234436319262],[-106.584098509938,32.023446651403],[-106.584098475553,32.02344971976],[-106.584099060328,32.0234527477042],[-106.584100247006,32.0234556468948],[-106.584118221075,32.0234898780873],[-106.584096253496,32.0234987339983],[-106.5840700036,32.0235093156986],[-106.584043752639,32.0235198973962],[-106.584017502731,32.0235304790857],[-106.583991252817,32.0235410607697],[-106.583965001842,32.023551643353],[-106.583953613697,32.0235562342516],[-106.583938751916,32.0235622250262],[-106.583912500928,32.0235728075987],[-106.58388625099,32.0235833892611],[-106.583860001045,32.0235939709181],[-106.583838219465,32.0236027514371],[-106.583820610056,32.0235692155128],[-106.583819019409,32.0235667259438],[-106.583816982901,32.0235644810616],[-106.583814549445,32.0235625402628],[-106.583811783797,32.0235609529814],[-106.583808755971,32.0235597587168],[-106.583805542297,32.0235589870309],[-106.583802224369,32.0235586593544],[-106.583798887961,32.0235587826768],[-106.583795615642,32.0235593549771],[-106.583792494164,32.0235603606945],[-106.583741647568,32.0235808576187],[-106.583738528086,32.0235824143909],[-106.583735767977,32.0235843986203],[-106.583733448555,32.0235867550769],[-106.583731636254,32.0235894114339],[-106.583730386904,32.0235922908829],[-106.583729735137,32.0235953103578],[-106.583729701798,32.0235983787118],[-106.583730286563,32.0236014066577],[-106.583731472172,32.0236043058546],[-106.583747009454,32.0236339555423],[-106.583750821315,32.0236332808106],[-106.583779254215,32.0236282464341],[-106.58380768817,32.0236232120485],[-106.583836121066,32.0236181785612],[-106.583864553959,32.0236131450676],[-106.583892987904,32.0236081106629],[-106.583921420788,32.0236030762547],[-106.583949853671,32.0235980427419],[-106.583966732487,32.0235950544938],[-106.583978287607,32.0235930083182],[-106.584006720481,32.0235879738909],[-106.584035153355,32.0235829403591],[-106.584035880882,32.0235859228325],[-106.584037194081,32.0235913055251],[-106.58403850728,32.0235966882177],[-106.584039804361,32.0236020051139],[-106.58403982048,32.0236020709102],[-106.584041133683,32.0236074545046],[-106.584042446883,32.0236128371971],[-106.584043760083,32.0236182198895],[-106.584045073286,32.0236236034839],[-106.584046386486,32.0236289861763],[-106.584047299934,32.0236327329718],[-106.584050559534,32.023632156189],[-106.58406128098,32.0236302583096],[-106.584072002424,32.0236283595273],[-106.584075733875,32.0236276985262],[-106.58408272387,32.0236264616461],[-106.584093445312,32.023624562862],[-106.584104166757,32.0236226649789],[-106.58410285355,32.0236172813852],[-106.584101541405,32.0236118986906],[-106.584100228202,32.0236065159987],[-106.584098914995,32.0236011324049],[-106.584097601792,32.023595749713],[-106.584096680828,32.0235919740769],[-106.58409628859,32.0235903670211],[-106.584094975384,32.0235849834273],[-106.584093662181,32.0235796007354],[-106.584092348979,32.0235742180434],[-106.584092020146,32.0235728714699],[-106.58412045301,32.0235678379191],[-106.584120880715,32.0235695909892],[-106.584122193919,32.0235749736809],[-106.584123507123,32.0235803563726],[-106.58412482033,32.0235857399661],[-106.584125117999,32.0235869585517],[-106.584126133535,32.0235911226577],[-106.584127446739,32.0235965053493],[-106.584128759947,32.0236018889427],[-106.584130073152,32.0236072716343],[-106.584131386357,32.0236126543258],[-106.584132599633,32.0236176305234],[-106.584133410035,32.02361748679],[-106.584144131478,32.0236155889035],[-106.584142818269,32.0236102053102],[-106.584141505064,32.0236048226188],[-106.584140191858,32.0235994399274],[-106.584138878653,32.0235940572359],[-106.584137565444,32.0235886736425],[-106.584136650929,32.0235849250467],[-106.584136252239,32.023583290951],[-106.584134939034,32.0235779082595],[-106.584133625826,32.0235725246661],[-106.584132312622,32.0235671419746],[-106.58413198485,32.0235657963003],[-106.584155680134,32.0235616013637],[-106.584160349449,32.023580745433],[-106.58416355832,32.0235938993178],[-106.584164470038,32.0235965854817],[-106.584165866059,32.0235991179484],[-106.584167713336,32.0236014336718],[-106.584169966137,32.0236034750508],[-106.584172568172,32.0236051917272],[-106.584175455769,32.0236065414795],[-106.584178555763,32.0236074920319],[-106.584181793955,32.0236080174249],[-106.584185089849,32.0236081070477],[-106.584188360859,32.0236077575103],[-106.584195429141,32.0236065068892],[-106.584198658239,32.023605693885],[-106.58420169312,32.0236044556954],[-106.584204457673,32.0236028231855],[-106.584206879002,32.0236008380349],[-106.584208896953,32.0235985518105],[-106.584210458798,32.0235960214709],[-106.584211526664,32.0235933120529],[-106.584212070105,32.0235904939849],[-106.584212078793,32.0235876385442],[-106.584211549816,32.0235848178908],[-106.584208013093,32.0235723394929],[-106.584207311757,32.0235698656235],[-106.584138538177,32.0234410542794],[-106.58413694858,32.0234385638098],[-106.584134909953,32.0234363198401],[-106.584132477552,32.0234343790446],[-106.584129711899,32.0234327908682],[-106.58412668407,32.0234315957093],[-106.584123469343,32.0234308249361],[-106.584120152477,32.0234304972651]],[[-106.584193779023,32.0236666626041],[-106.584192162601,32.0236666993318],[-106.584190574528,32.0236669632638],[-106.584189062418,32.0236674470593],[-106.584187664332,32.0236681370896],[-106.584186420426,32.0236690134071],[-106.584185366609,32.0236700524678],[-106.584184529245,32.0236712262432],[-106.584183934679,32.0236725012937],[-106.584183597604,32.0236738424063],[-106.584183526353,32.0236752116793],[-106.584183726086,32.0236765730231],[-106.584194283368,32.0237198517718],[-106.584170589104,32.023724046713],[-106.584170261331,32.0237227010389],[-106.584168948122,32.0237173183479],[-106.584167634913,32.0237119356568],[-106.584166321701,32.0237065520639],[-106.584165008492,32.0237011693728],[-106.584163695284,32.0236957866817],[-106.584162382076,32.0236904039906],[-106.584161068865,32.0236850203976],[-106.584159755657,32.0236796377065],[-106.584158442449,32.0236742550153],[-106.584146910597,32.0236762966365],[-106.584148322678,32.0236820867264],[-106.584149635885,32.0236874694177],[-106.584150949093,32.0236928521089],[-106.584152262304,32.023698235702],[-106.584153575511,32.0237036183933],[-106.584154888719,32.0237090010844],[-106.584156201927,32.0237143837756],[-106.584157515139,32.0237197673687],[-106.584158828347,32.0237251500598],[-106.584159057245,32.0237260883353],[-106.584130624337,32.023731122797],[-106.584102190364,32.0237361563531],[-106.584073756391,32.0237411908047],[-106.584045324529,32.0237462243426],[-106.58401689055,32.0237512587815],[-106.584001423038,32.0237539971009],[-106.583988457623,32.0237562923095],[-106.583960023638,32.0237613267357],[-106.583931590707,32.0237663611528],[-106.583903157774,32.0237713955635],[-106.583874724835,32.023776429066],[-106.583846291895,32.023781463464],[-106.583817857894,32.0237864978585],[-106.583789424948,32.0237915322438],[-106.583788144802,32.0237917583823],[-106.583787618084,32.0237918932498],[-106.583787126565,32.0237921010787],[-106.583786681875,32.0237923773287],[-106.58378630092,32.0237927129365],[-106.583785991073,32.0237930979617],[-106.583785762885,32.0237935224555],[-106.583785622663,32.0237939737749],[-106.583785574591,32.0237944383803],[-106.583785355012,32.0238389865402],[-106.583785533366,32.0238408764547],[-106.5837860937,32.0238427130537],[-106.583787018869,32.0238444395625],[-106.583788279047,32.0238460055532],[-106.58378984019,32.0238473642166],[-106.583791653447,32.0238484741937],[-106.583793664713,32.0238493031585],[-106.583795815671,32.0238498269132],[-106.583798039564,32.0238500275955],[-106.583870816107,32.0238510968927],[-106.5838728589,32.0238509859928],[-106.58387485518,32.0238506019393],[-106.583876755233,32.0238499565879],[-106.583878511474,32.0238490644943],[-106.583880080586,32.0238479501238],[-106.583881421371,32.0238466379362],[-106.583882502203,32.0238451649928],[-106.583883295679,32.0238435647358],[-106.583883780777,32.0238418787083],[-106.583883946003,32.0238401484277],[-106.583884162796,32.0237963046597],[-106.583908295994,32.0237966587054],[-106.583937332063,32.0237970855181],[-106.583966369187,32.0237975114195],[-106.583995405255,32.0237979382188],[-106.584007436389,32.0237981148741],[-106.584024441324,32.0237983650116],[-106.584053478452,32.0237987917948],[-106.584082514521,32.0237992185743],[-106.58411155165,32.0237996453443],[-106.58414058772,32.0238000721104],[-106.584169623786,32.023800497968],[-106.584193884033,32.0238008543304],[-106.584193670765,32.0238441704771],[-106.584193862349,32.0238462028565],[-106.584194464475,32.0238481764324],[-106.584195458932,32.0238500317274],[-106.584196814824,32.0238517156108],[-106.584198492792,32.023853175876],[-106.584200440807,32.0238543693689],[-106.584202603691,32.0238552610608],[-106.584204915703,32.023855822264],[-106.584207305862,32.0238560387352],[-106.584207441378,32.0238560410838],[-106.584209636581,32.0238559207578],[-106.584211784147,32.0238555092433],[-106.584213825879,32.0238548148109],[-106.584215714211,32.0238538574277],[-106.58421740052,32.0238526579656],[-106.584218842576,32.0238512481023],[-106.584220004515,32.0238496640085],[-106.584220855776,32.0238479436444],[-106.584221378523,32.0238461321521],[-106.584221555974,32.0238442719653],[-106.58422238554,32.0236759191897],[-106.584222258786,32.0236745396157],[-106.584221861156,32.0236731977333],[-106.584221203369,32.0236719304924],[-106.584220305674,32.0236707748175],[-106.584219191479,32.0236697631153],[-106.584217893709,32.0236689250618],[-106.584216448438,32.0236682822076],[-106.584214895965,32.0236678542881],[-106.584213280793,32.0236676520091],[-106.584193779023,32.0236666626041]],[[-106.584207327598,32.0239250079254],[-106.584205132389,32.0239251273494],[-106.584202984825,32.0239255397657],[-106.58420094203,32.0239262332988],[-106.584199054761,32.0239271924828],[-106.584197368447,32.0239283910428],[-106.584195927445,32.0239298000011],[-106.584194764449,32.0239313849994],[-106.584193913184,32.0239331044614],[-106.584193391497,32.0239349168526],[-106.584193212987,32.0239367770422],[-106.584193055671,32.0239686776838],[-106.584193001582,32.023979731521],[-106.584192787452,32.0240231017828],[-106.584192980091,32.0240251332575],[-106.584193581164,32.024027107738],[-106.584194575625,32.0240289639348],[-106.584195931517,32.0240306469163],[-106.584197609489,32.0240321071815],[-106.584199558566,32.0240333006716],[-106.58420172145,32.0240341914615],[-106.584204032412,32.0240347535693],[-106.584206423634,32.0240349700377],[-106.58420655915,32.0240349723863],[-106.58420875542,32.0240348529594],[-106.584210900869,32.0240344405486],[-106.584212943667,32.0240337470154],[-106.584214831996,32.0240327878284],[-106.584216518312,32.0240315892682],[-106.584217960373,32.0240301803068],[-106.584219121253,32.0240285953139],[-106.584219973577,32.0240268758489],[-106.584220495261,32.0240250625557],[-106.584220672715,32.0240232032709],[-106.584220931449,32.0239708364322],[-106.584221099283,32.0239368785275],[-106.584220907698,32.0239348461483],[-106.584220305574,32.0239328734744],[-106.58421931111,32.0239310163758],[-106.584217954161,32.0239293333974],[-106.584216277249,32.0239278731296],[-106.584214328174,32.0239266796398],[-106.584212165292,32.02392578885],[-106.584209854333,32.0239252267423],[-106.584207463113,32.023925010274],[-106.584207327598,32.0239250079254]],[[-106.584321595489,32.0241066823608],[-106.584318786382,32.0241068358735],[-106.58431604109,32.0241073626048],[-106.584313428384,32.0241082506488],[-106.584311013813,32.0241094763831],[-106.584308857613,32.0241110098864],[-106.584307013637,32.0241128131369],[-106.584305527238,32.0241148400181],[-106.584304437405,32.0241170399207],[-106.584303770405,32.0241193586616],[-106.584303542962,32.0241217366712],[-106.584303238319,32.0241836033491],[-106.58430304005,32.0242237474692],[-106.584303285571,32.0242263470015],[-106.58430405591,32.0242288711947],[-106.584305327507,32.0242312452529],[-106.584307061994,32.0242333989292],[-106.584309207259,32.0242352665221],[-106.584311700642,32.0242367931808],[-106.584314466811,32.0242379331069],[-106.584317423066,32.0242386513443],[-106.584320481466,32.0242389282829],[-106.584322552305,32.0242389589002],[-106.584325360358,32.0242388053901],[-106.58432810565,32.0242382777567],[-106.584330719422,32.0242373906115],[-106.584333133996,32.0242361648768],[-106.584335290198,32.0242346313731],[-106.58433713418,32.0242328290242],[-106.584338619521,32.0242308021455],[-106.584339710414,32.0242286022397],[-106.584340377417,32.0242262844006],[-106.584340604856,32.024223905489],[-106.584340829844,32.0241782975844],[-106.584340856819,32.024172899638],[-106.584341108782,32.0241218937866],[-106.58434086326,32.0241192942542],[-106.58434009292,32.0241167700613],[-106.584338822383,32.0241143960005],[-106.584337086839,32.0241122423274],[-106.584334941576,32.0241103747349],[-106.584332447138,32.0241088480795],[-106.584329682034,32.0241077090528],[-106.58432672578,32.0241069899138],[-106.584323667384,32.0241067129752],[-106.584321595489,32.0241066823608]],[[-106.5842064197,32.0241091153014],[-106.584204223428,32.0241092347283],[-106.584202077977,32.024109647139],[-106.584200035177,32.0241103406721],[-106.584198146847,32.0241112998589],[-106.584196460529,32.0241124984188],[-106.584195018466,32.0241139073799],[-106.584193857584,32.0241154923726],[-106.584193005259,32.0241172118374],[-106.584192482516,32.0241190251332],[-106.584192305061,32.024120884418],[-106.584192115014,32.0241595160295],[-106.584165167665,32.0241591198483],[-106.584136131482,32.0241586930886],[-106.584107094241,32.0241582663251],[-106.584105967772,32.0241582494507],[-106.584078058058,32.0241578395521],[-106.584049021876,32.0241574127724],[-106.584019984635,32.0241569859888],[-106.583990948456,32.0241565600978],[-106.583961911215,32.024156133301],[-106.583932875037,32.0241557073966],[-106.583903838855,32.0241552805837],[-106.583874801619,32.0241548546688],[-106.583845765438,32.0241544278426],[-106.58381672926,32.0241540019116],[-106.583793608093,32.0241536623215],[-106.583792020436,32.0241537512786],[-106.583790471684,32.0241540592952],[-106.583789003102,32.0241545799493],[-106.58378765698,32.0241552977974],[-106.583786531495,32.0241561359195],[-106.583785570593,32.0241571097954],[-106.583784796427,32.0241581977212],[-106.583784230073,32.0241593725845],[-106.583783880963,32.0241606082053],[-106.583783760631,32.0241618738887],[-106.583783739855,32.0241660704871],[-106.583784068451,32.0241696880478],[-106.583785095416,32.0241732108747],[-106.583786790756,32.0241765425435],[-106.583789111797,32.0241795920744],[-106.583791991539,32.024182275767],[-106.58379535244,32.0241845216732],[-106.58379910429,32.0241862677994],[-106.583803144226,32.0241874666154],[-106.583879344038,32.0242041081324],[-106.583905234201,32.0242084078779],[-106.58393153945,32.0242101063456],[-106.584184416727,32.0242138208123],[-106.584196850226,32.0242140036044],[-106.584200424592,32.0242138083942],[-106.58420391889,32.0242131371913],[-106.584207244259,32.024212008268],[-106.584210318219,32.0242104479967],[-106.584213062575,32.0242084962671],[-106.584215409751,32.02420620196],[-106.584217300671,32.0242036229526],[-106.584218687927,32.024200822503],[-106.584219537899,32.02419787195],[-106.584219826506,32.0241948444109],[-106.584220190354,32.024120985906],[-106.58421999771,32.0241189535295],[-106.584219396643,32.0241169808529],[-106.584218403236,32.0241151237517],[-106.584217046284,32.0241134407733],[-106.584215369365,32.0241119796037],[-106.584213420286,32.0241107861139],[-106.5842112574,32.0241098953242],[-106.584208946437,32.0241093332165],[-106.584206555212,32.0241091167482],[-106.5842064197,32.0241091153014]],[[-106.583732551329,32.0242786433452],[-106.583732174458,32.0243548576472],[-106.583732352277,32.0243568918671],[-106.583732923722,32.024358872741],[-106.583733872722,32.0243607470991],[-106.583735172616,32.0243624617993],[-106.583736790424,32.0243639718333],[-106.583738680467,32.0243652340302],[-106.583740788632,32.024366215162],[-106.583743059773,32.0243668883167],[-106.583745431353,32.0243672329153],[-106.583747835593,32.0243672419209],[-106.583750210027,32.024366913694],[-106.583752487993,32.0243662574291],[-106.583754606037,32.0243652913312],[-106.583756508149,32.0243640426047],[-106.583758140458,32.0243625447617],[-106.583759457592,32.0243608385071],[-106.5837604269,32.0243589708257],[-106.583761016815,32.0243569941109],[-106.583761214825,32.0243549616077],[-106.583761425079,32.0243125103949],[-106.583784720972,32.0243128522367],[-106.583813757203,32.0243132790765],[-106.583842793431,32.0243137050078],[-106.583871830721,32.0243141318315],[-106.583900866949,32.0243145577495],[-106.583929904239,32.02431498456],[-106.583958940471,32.0243154113666],[-106.583987976703,32.0243158381665],[-106.583991096727,32.0243158840643],[-106.584017013994,32.024316264957],[-106.584046050224,32.0243166908418],[-106.584075086453,32.0243171167199],[-106.584104123745,32.0243175434904],[-106.584133159978,32.0243179702571],[-106.58416219727,32.0243183970144],[-106.584181682862,32.0243186829836],[-106.584181471856,32.0243614570786],[-106.584181472183,32.0243615472679],[-106.584181665872,32.0243635760339],[-106.584182252115,32.0243655478478],[-106.584183212736,32.0243674131528],[-106.58418452319,32.0243691178996],[-106.584186146259,32.0243706170912],[-106.584188038386,32.024371868453],[-106.584190147575,32.0243728387518],[-106.584192417618,32.0243735001767],[-106.584194783877,32.0243738366638],[-106.584197183854,32.024373837555],[-106.584199551915,32.024373503925],[-106.584201821395,32.0243728440669],[-106.584203933073,32.0243718752725],[-106.584205826706,32.0243706256598],[-106.584207451601,32.0243691287324],[-106.584208763443,32.0243674251929],[-106.584209727462,32.0243655611297],[-106.584210315267,32.0243635889279],[-106.584210512224,32.0243615609363],[-106.584210886695,32.0242856695213],[-106.58399173024,32.0242824507431],[-106.583732551329,32.0242786433452]]]}},{"type":"Feature","properties":{"id":"parking-336","category":"parking","name":""},"geometry":{"type":"Polygon","coordinates":[[[-106.384538592261,32.0457064969086],[-106.384555855272,32.0457214438694],[-106.384576001111,32.0457388860398],[-106.384596144838,32.0457563273074],[-106.384616289634,32.0457737694725],[-106.384636434436,32.0457912107324],[-106.384656578186,32.0458086519902],[-106.384676723005,32.0458260941454],[-106.384696866771,32.0458435353967],[-106.384717011605,32.0458609775454],[-106.384737155386,32.0458784187901],[-106.384757300235,32.0458958609323],[-106.38477744509,32.0459133021693],[-106.384797588894,32.0459307434041],[-106.384817733766,32.0459481855365],[-106.384837877586,32.0459656267649],[-106.384858022473,32.0459830688907],[-106.384878167366,32.0460005101114],[-106.384898311209,32.0460179513299],[-106.384918456119,32.0460353934459],[-106.384938599976,32.0460528346579],[-106.384958744902,32.0460702767674],[-106.384978889834,32.0460877179717],[-106.384999034773,32.0461051591728],[-106.385019178661,32.0461226003717],[-106.385039323617,32.0461400424681],[-106.385059467521,32.0461574836604],[-106.385079612492,32.0461749257503],[-106.385099756411,32.0461923669361],[-106.385119901397,32.0462098090195],[-106.385136650369,32.0462243109074],[-106.385112291441,32.0462447207822],[-106.385110033941,32.0462469553983],[-106.385108238545,32.0462494736214],[-106.385106952802,32.0462522068563],[-106.385106212607,32.0462550811085],[-106.385106036909,32.0462580196963],[-106.385106429825,32.0462609432476],[-106.385107382768,32.0462637724043],[-106.385108868096,32.0462664314358],[-106.385110847581,32.0462688482306],[-106.385022122921,32.0463313860166],[-106.385022146114,32.0463190533681],[-106.385019791224,32.0463068846928],[-106.385015121205,32.0462952046087],[-106.385008262532,32.0462843295489],[-106.384999398827,32.0462745506322],[-106.384988768732,32.0462661309599],[-106.384985970874,32.046264548393],[-106.384982909935,32.0462633665511],[-106.38497966538,32.0462626169163],[-106.384976319829,32.0462623174386],[-106.384972962244,32.0462624761405],[-106.38496967839,32.0462630893229],[-106.384966551901,32.0462641415646],[-106.38496366427,32.0462656048198],[-106.384961092744,32.0462674420282],[-106.384959141445,32.0462690765501],[-106.384935244643,32.0462890989824],[-106.384918268795,32.0462744006946],[-106.384922515118,32.0462708426773],[-106.384927117858,32.0462669866525],[-106.38493171954,32.0462631315306],[-106.38493632122,32.0462592755066],[-106.384940922901,32.0462554203843],[-106.384942205787,32.0462543448522],[-106.384945524581,32.0462515643599],[-106.38495012626,32.0462477083354],[-106.38495472794,32.0462438532127],[-106.384961074683,32.0462385360509],[-106.384947493796,32.0462267770629],[-106.384947132093,32.0462270804874],[-106.384942530413,32.0462309356099],[-106.384937928735,32.0462347916341],[-106.384933327056,32.0462386476582],[-106.384928725375,32.0462425027802],[-106.384928656629,32.0462425596733],[-106.384924123695,32.046246358804],[-106.384919522014,32.0462502139256],[-106.384914919274,32.0462540699501],[-106.384910317592,32.0462579250715],[-106.384905715911,32.0462617810945],[-106.384904687909,32.046262642604],[-106.384884317116,32.0462450050138],[-106.384863946331,32.0462273674203],[-106.384868193713,32.0462238094037],[-106.384872795394,32.0462199533819],[-106.384877397075,32.04621609736],[-106.384881998756,32.0462122422399],[-106.384886600436,32.0462083862176],[-106.384888011294,32.0462072041253],[-106.384891202117,32.0462045310972],[-106.384895803796,32.0462006750746],[-106.384900405476,32.0461968199537],[-106.384906752218,32.0461915018928],[-106.384893171346,32.0461797438007],[-106.384892809642,32.046180047225],[-106.384888207963,32.0461839023456],[-106.384883606284,32.0461877583679],[-106.384879004604,32.0461916134881],[-106.384874463209,32.0461954189394],[-106.384874402925,32.0461954695101],[-106.384869801244,32.04619932463],[-106.384865199562,32.0462031797497],[-106.384860596823,32.0462070357723],[-106.384855995142,32.0462108917936],[-106.384851393461,32.0462147478147],[-106.38485036546,32.0462156093237],[-106.384829994688,32.0461979717246],[-106.384809623923,32.0461803341222],[-106.384813871304,32.0461767752054],[-106.384818472986,32.0461729200876],[-106.384823074667,32.0461690640677],[-106.384827676348,32.0461652089494],[-106.384832278028,32.0461613529291],[-106.384833816857,32.0461600633748],[-106.384836879707,32.0461574969087],[-106.384841481388,32.04615364179],[-106.384846083066,32.0461497857692],[-106.384852429809,32.0461444686127],[-106.384838848951,32.0461327105148],[-106.384838487246,32.046133013037],[-106.384833885568,32.0461368690576],[-106.384829283888,32.046140724176],[-106.38482468221,32.0461445801962],[-106.384820268787,32.0461482790849],[-106.38482008053,32.0461484362162],[-106.384815478849,32.0461522913341],[-106.384810877169,32.0461561473539],[-106.384806275488,32.0461600024715],[-106.384801673807,32.0461638584908],[-106.384797072124,32.0461677136081],[-106.384796043066,32.0461685760197],[-106.384775672314,32.0461509384117],[-106.384755301571,32.0461333008003],[-106.384759548951,32.0461297418854],[-106.384764150632,32.0461258858676],[-106.384768752314,32.0461220307514],[-106.384773353994,32.0461181747333],[-106.384777955675,32.0461143196168],[-106.384779621417,32.0461129235037],[-106.384782557355,32.0461104635983],[-106.384787160092,32.0461066075785],[-106.384791761772,32.0461027524616],[-106.384798107456,32.046097435309],[-106.384784527671,32.0460856772039],[-106.384784165966,32.046085979726],[-106.384779564288,32.0460898357446],[-106.384774961551,32.0460936917641],[-106.384770359871,32.0460975468805],[-106.384766072301,32.046101138307],[-106.38476575819,32.0461014019967],[-106.384761156511,32.0461052580146],[-106.384756554829,32.0461091131304],[-106.384751953149,32.046112969148],[-106.384747351468,32.0461168251654],[-106.384742749786,32.0461206802807],[-106.384741720726,32.04612154179],[-106.384721349995,32.0461039041731],[-106.384701205109,32.0460864629277],[-106.384681061289,32.046069021678],[-106.384660916416,32.0460515795243],[-106.384640772611,32.046034138268],[-106.384620627754,32.0460166961077],[-106.384564631453,32.0459682133177],[-106.384544260791,32.0459505756717],[-106.384523890136,32.0459329380224],[-106.384503519489,32.0459153003697],[-106.38448314885,32.0458976627137],[-106.384462778219,32.0458800250543],[-106.384442407595,32.0458623873916],[-106.38442203698,32.0458447497255],[-106.384401666372,32.0458271120561],[-106.384384690694,32.0458124136953],[-106.384416312309,32.045785920137],[-106.384506426923,32.045732603256],[-106.384509878088,32.0457305558818],[-106.384538592261,32.0457064969086]]]}},{"type":"Feature","properties":{"id":"parking-337","category":"parking","name":""},"geometry":{"type":"Polygon","coordinates":[[[-106.384306276835,32.0456728018921],[-106.384306236595,32.0456728010328],[-106.384301921563,32.045672812819],[-106.384301916418,32.045671464479],[-106.384301896742,32.0456659664976],[-106.384301876007,32.0456604685173],[-106.384301856331,32.0456549705358],[-106.384301835596,32.0456494725555],[-106.38430181592,32.045643974574],[-106.384301795185,32.0456384765937],[-106.384301775509,32.0456329786122],[-106.384301754774,32.0456274806318],[-106.384301735098,32.0456219826503],[-106.384301714363,32.04561648467],[-106.384301694687,32.0456109866885],[-106.384301673952,32.0456054887081],[-106.384301654276,32.0455999907266],[-106.384301633541,32.0455944927462],[-106.384301613865,32.0455889947647],[-106.38430159313,32.0455834967843],[-106.384301572395,32.0455779988039],[-106.38430155166,32.0455725008235],[-106.384301530925,32.0455670028431],[-106.384316198841,32.0455669629534],[-106.384320910192,32.0455707766206],[-106.384320916869,32.0455724487422],[-106.384320937605,32.0455779467226],[-106.384320958341,32.045583444703],[-106.384320978019,32.0455889426845],[-106.384320998755,32.0455944406649],[-106.384321018432,32.0455999386464],[-106.384321039168,32.0456054366268],[-106.384321058845,32.0456109346083],[-106.384321079581,32.0456164325887],[-106.384321099258,32.0456219305701],[-106.384321119994,32.0456274285505],[-106.384321139672,32.045632926532],[-106.384321160408,32.0456384245123],[-106.384321180085,32.0456439224938],[-106.384321200821,32.0456494204741],[-106.384321220498,32.0456549184556],[-106.384321241234,32.0456604164359],[-106.384321260912,32.0456659144174],[-106.384321281648,32.0456714123977],[-106.384321306356,32.0456781802536],[-106.384321258645,32.0456781388166],[-106.384318746319,32.0456762799499],[-106.38431591685,32.0456747839842],[-106.3843128423,32.0456736887232],[-106.38430960107,32.0456730229446],[-106.384306276835,32.0456728018921]]]}},{"type":"Feature","properties":{"id":"parking-338","category":"parking","name":"Unnamed Lot"},"geometry":{"type":"Polygon","coordinates":[[[-106.584477601011,32.0242448633964],[-106.584477628672,32.0242393653373],[-106.584477655275,32.0242338672809],[-106.584477682937,32.0242283692217],[-106.584477709539,32.0242228711653],[-106.584477737201,32.0242173731061],[-106.584477763807,32.0242118759516],[-106.584477791468,32.0242063778924],[-106.584477818071,32.024200879836],[-106.584477845733,32.0241953817768],[-106.584477872335,32.0241898837203],[-106.584477899997,32.0241843856611],[-106.5844779266,32.0241788876047],[-106.584477954264,32.0241733904474],[-106.584477980867,32.0241678923909],[-106.584478008528,32.0241623943317],[-106.584478035131,32.0241568962752],[-106.584478062793,32.024151398216],[-106.584478089395,32.0241459001595],[-106.584478117057,32.0241404021003],[-106.584478143663,32.0241349049457],[-106.584478171324,32.0241294068864],[-106.584478197927,32.0241239088299],[-106.584478225588,32.0241184107707],[-106.584478252191,32.0241129127142],[-106.584478279853,32.0241074146549],[-106.584478306459,32.0241019175003],[-106.58447833412,32.024096419441],[-106.584478360723,32.0240909213845],[-106.584478388384,32.0240854233252],[-106.584478414987,32.0240799252687],[-106.584478442649,32.0240744272093],[-106.584478469251,32.0240689291528],[-106.584478496916,32.0240634319954],[-106.584478523519,32.0240579339389],[-106.584478550122,32.0240524358823],[-106.584478576724,32.0240469378258],[-106.584478585696,32.0240450365956],[-106.584776530038,32.0240498098063],[-106.584771171984,32.0242925217999],[-106.584477387983,32.0242882084003],[-106.584477411612,32.0242833488974],[-106.584477438215,32.0242778508411],[-106.584477465877,32.0242723527819],[-106.584477492479,32.0242668547256],[-106.584477520141,32.0242613566664],[-106.584477546744,32.0242558586101],[-106.584477574405,32.0242503605509],[-106.584477601011,32.0242448633964]],[[-106.58451355317,32.0241097612665],[-106.58451176546,32.0241098588775],[-106.584510018844,32.0241101944817],[-106.584508356692,32.0241107589459],[-106.584506819189,32.0241115395375],[-106.584505447545,32.0241125154041],[-106.584504273431,32.0241136621108],[-106.584503328508,32.0241149525171],[-106.584502634884,32.0241163522925],[-106.58450221043,32.0241178271176],[-106.584502065602,32.0241193408889],[-106.58450196908,32.0241734768274],[-106.584501865222,32.0242320032371],[-106.584502021564,32.0242336578124],[-106.584502512263,32.0242352637051],[-106.584503320215,32.0242367749635],[-106.584504424076,32.0242381447448],[-106.584505789825,32.0242393334553],[-106.584507376045,32.0242403051282],[-106.584509137105,32.024241030121],[-106.584511017877,32.0242414869336],[-106.584512964324,32.0242416630817],[-106.584618819883,32.0242433093978],[-106.584629800188,32.024242710426],[-106.584640530631,32.0242406501317],[-106.584650743558,32.0242371797275],[-106.584660184158,32.0242323882722],[-106.58466861466,32.0242263936405],[-106.584675823884,32.0242193470073],[-106.58468163144,32.0242114247193],[-106.584685893011,32.024202823772],[-106.584688501401,32.0241937609045],[-106.584689390742,32.0241844635698],[-106.584689102762,32.0241707716744],[-106.584688141616,32.0241606115945],[-106.58468513198,32.0241507437248],[-106.584680161734,32.0241414627546],[-106.584673382215,32.0241330451678],[-106.584664993367,32.0241257438709],[-106.584655246884,32.0241197764591],[-106.584644434541,32.0241153207386],[-106.584632878653,32.0241125102421],[-106.584620923591,32.0241114297411],[-106.58451355317,32.0241097612665]]]}},{"type":"Feature","properties":{"id":"parking-339","category":"parking","name":"Lot 40"},"geometry":{"type":"Polygon","coordinates":[[[-106.745803730481,32.2800617586113],[-106.745548782561,32.2801160391607],[-106.745545915977,32.2801138462725],[-106.74554265896,32.2801120878073],[-106.745539104129,32.2801108112001],[-106.745535349339,32.2801100512391],[-106.745531634677,32.2801098376455],[-106.74553149875,32.2801098300622],[-106.745527658549,32.2801101526637],[-106.745477128238,32.2801210974479],[-106.745464618016,32.2800464565962],[-106.745034891722,32.2784215111794],[-106.744987846983,32.2782454917448],[-106.745104943913,32.2782263101887],[-106.745241902213,32.2782058033719],[-106.745355568755,32.2781797295204],[-106.74540297239,32.2783640381751],[-106.745454513297,32.2785581229324],[-106.745588617191,32.2790740836307],[-106.745727793235,32.2795871878872],[-106.745841553642,32.2800155595244],[-106.745798523498,32.2800254973761],[-106.745795101336,32.2800265569647],[-106.745791935455,32.2800280863162],[-106.745789114804,32.2800300444977],[-106.745786719756,32.2800323743767],[-106.745784815786,32.2800350125663],[-106.745783456622,32.2800378830996],[-106.745782682172,32.2800409064567],[-106.745782513202,32.2800439968797],[-106.745782953493,32.2800470686773],[-106.745783991953,32.2800500344132],[-106.745785599463,32.2800528103289],[-106.745787729958,32.2800553199475],[-106.745790323602,32.2800574922572],[-106.74579330893,32.2800592653104],[-106.745796600745,32.2800605898397],[-106.745800106484,32.2800614283302],[-106.745803730481,32.2800617586113]]]}},{"type":"Feature","properties":{"id":"parking-340","category":"parking","name":"Lot 96"},"geometry":{"type":"Polygon","coordinates":[[[-106.743968305088,32.2739886569607],[-106.74431035274,32.273936515282],[-106.744671645605,32.2753053553704],[-106.744427554798,32.2753548888134],[-106.744443101233,32.2754094931118],[-106.744250137906,32.2754442060355],[-106.743968305088,32.2739886569607]]]}},{"type":"Feature","properties":{"id":"parking-341","category":"parking","name":"Gregg St"},"geometry":{"type":"Polygon","coordinates":[[[-106.752776145808,32.2775048032484],[-106.7544493377,32.2771721226361],[-106.75445618597,32.2771989886327],[-106.752779890991,32.2775253849308],[-106.752776145808,32.2775048032484]]]}},{"type":"Feature","properties":{"id":"parking-342","category":"parking","name":"S Horsehoe"},"geometry":{"type":"Polygon","coordinates":[[[-106.752698094164,32.2819617422785],[-106.752607613694,32.2820179417204],[-106.752539365608,32.2820831631703],[-106.752475362458,32.2821610153153],[-106.752427686542,32.2822576395254],[-106.75240486494,32.2823753503256],[-106.752374133699,32.2823735886095],[-106.752379358161,32.2823189271022],[-106.752398298453,32.2822493574663],[-106.752423115565,32.2821935907934],[-106.752466219621,32.2821196042156],[-106.752525160846,32.2820461696663],[-106.752613939567,32.2819745643442],[-106.752685903355,32.2819338107369],[-106.752698094164,32.2819617422785]]]}},{"type":"Feature","properties":{"id":"parking-343","category":"parking","name":"Sweet Ave"},"geometry":{"type":"Polygon","coordinates":[[[-106.753340850295,32.2810162224699],[-106.753357032644,32.2811721266945],[-106.753381850928,32.2813206535802],[-106.753383156351,32.2814393650456],[-106.753360328632,32.2817377285489],[-106.753336419769,32.2817402272928],[-106.753343332441,32.2816555398495],[-106.753356380135,32.2814956835369],[-106.753357032964,32.2813355618776],[-106.753330256247,32.2811688135843],[-106.75331654116,32.2810175260421],[-106.753340850295,32.2810162224699]]]}},{"type":"Feature","properties":{"id":"parking-346","category":"parking","name":"Burrell College Parking"},"geometry":{"type":"Polygon","coordinates":[[[-106.736412493121,32.2773998363123],[-106.736566486938,32.2771708486711],[-106.736604642311,32.2771880074014],[-106.736615635977,32.2771923841424],[-106.736628063362,32.2771859357769],[-106.736657346554,32.2771453169237],[-106.737110673067,32.2773568413306],[-106.737076633863,32.2774019752896],[-106.736989456906,32.2774553587204],[-106.736965438205,32.2774922173474],[-106.736724904431,32.2773746144064],[-106.736743734937,32.277326757831],[-106.73665357428,32.2772840046329],[-106.736642175783,32.2773024266018],[-106.736695054897,32.2773304500583],[-106.73652352607,32.2775797367656],[-106.736486648251,32.2775624964335],[-106.736474774505,32.2775589167062],[-106.736461731015,32.2775678890224],[-106.736453480474,32.2775927606548],[-106.736460654608,32.2776291581301],[-106.736513997404,32.2777840008307],[-106.736570052474,32.2777721518193],[-106.736590231752,32.2778200186002],[-106.736645726128,32.2778944253311],[-106.736712992771,32.2779432406627],[-106.736643484865,32.2780460821424],[-106.736560522637,32.2779873157308],[-106.736518170976,32.2779428008916],[-106.736470274019,32.2778792601758],[-106.736440565313,32.2778119625931],[-106.736381146881,32.2776152817564],[-106.736377197762,32.2775921958939],[-106.736391342946,32.2775372255289],[-106.73644115272,32.277450603298],[-106.736450796182,32.2774498266305],[-106.736463884202,32.2774348793399],[-106.736462618274,32.2774240393834],[-106.736412493121,32.2773998363123]]]}},{"type":"Feature","properties":{"id":"parking-347","category":"parking","name":"Burrell College Parking"},"geometry":{"type":"Polygon","coordinates":[[[-106.738235436629,32.2771416285294],[-106.738236804408,32.2771670844722],[-106.737671600924,32.2772885749404],[-106.73736094341,32.2773452708398],[-106.737282937129,32.2773695693613],[-106.73725592619,32.2773885936391],[-106.737230897168,32.2774062214048],[-106.736923759714,32.2778427675834],[-106.736895642073,32.2778347051651],[-106.737086880211,32.2775541449086],[-106.737185762529,32.2774215864083],[-106.737211322595,32.2773873218474],[-106.737237761335,32.2773657123586],[-106.737273357639,32.2773418002626],[-106.737357276018,32.2773183347948],[-106.738235436629,32.2771416285294]]]}},{"type":"Feature","properties":{"id":"parking-348","category":"parking","name":"Lot 47"},"geometry":{"type":"Polygon","coordinates":[[[-106.74943043547,32.2802509076579],[-106.749443683455,32.2802974325208],[-106.748952026696,32.2803832892135],[-106.74894053722,32.2803410754373],[-106.74943043547,32.2802509076579]]]}},{"type":"Feature","properties":{"id":"parking-349","category":"parking","name":"Facilities And Services Special Use Parking"},"geometry":{"type":"Polygon","coordinates":[[[-106.745353944488,32.2769157125347],[-106.745193569977,32.2765215870288],[-106.745367975773,32.2764391939344],[-106.745578244287,32.2767938187219],[-106.745353944488,32.2769157125347]]]}},{"type":"Feature","properties":{"id":"parking-350","category":"parking","name":"Lot 81"},"geometry":{"type":"Polygon","coordinates":[[[-106.746339637496,32.2765094583907],[-106.746253318239,32.2763762398303],[-106.746251014901,32.2763688771037],[-106.74625208367,32.2763616210738],[-106.746252449662,32.2763555312006],[-106.746255813474,32.2763484600517],[-106.746384470618,32.2762915306737],[-106.746481995259,32.2764519258379],[-106.746339637496,32.2765094583907]]]}},{"type":"Feature","properties":{"id":"parking-352","category":"parking","name":"Facilities And Services Special Use Parking"},"geometry":{"type":"Polygon","coordinates":[[[-106.746161640841,32.2765574656033],[-106.746111101732,32.2765026400599],[-106.746256594578,32.2764388951795],[-106.746290884423,32.2764952906213],[-106.746161640841,32.2765574656033]]]}},{"type":"Feature","properties":{"id":"parking-353","category":"parking","name":"Facilities And Services Special Use Parking"},"geometry":{"type":"Polygon","coordinates":[[[-106.745124219779,32.2763001130787],[-106.745105471206,32.2762275465193],[-106.745198054011,32.2761991700568],[-106.745226011457,32.2762771621376],[-106.745124219779,32.2763001130787]]]}},{"type":"Feature","properties":{"id":"parking-355","category":"parking","name":"Facilities And Services Special Use Parking"},"geometry":{"type":"Polygon","coordinates":[[[-106.744911577174,32.2754566560569],[-106.744830538468,32.2751993500265],[-106.744982268923,32.2751768628704],[-106.74505066791,32.2754364738921],[-106.744911577174,32.2754566560569]]]}},{"type":"Feature","properties":{"id":"parking-356","category":"parking","name":"Lot 17"},"geometry":{"type":"Polygon","coordinates":[[[-106.748719798198,32.282693710679],[-106.748748399038,32.2826883426085],[-106.748774929531,32.2828255119867],[-106.748732327716,32.2828368849023],[-106.748703178811,32.2826961364698],[-106.748719798198,32.282693710679]]]}},{"type":"Feature","properties":{"id":"parking-357","category":"parking","name":"Parking lot"},"geometry":{"type":"Polygon","coordinates":[[[-106.726688730323,32.2837651981637],[-106.726324952514,32.2832025973536],[-106.726295305806,32.2831592766481],[-106.726205231919,32.2831867433093],[-106.726177725947,32.2831477659628],[-106.726199126251,32.2830818830734],[-106.726260567918,32.2830102053499],[-106.726315931898,32.2829335082385],[-106.726416196385,32.2830236557081],[-106.726374808334,32.2830628640574],[-106.726362639983,32.283072650016],[-106.72639748299,32.2831185250026],[-106.726624085037,32.2833419310838],[-106.726731452814,32.2834663959967],[-106.726792173048,32.2835740089914],[-106.726840525757,32.2836809156057],[-106.726851679873,32.2837262386896],[-106.726785000347,32.2837421809732],[-106.726688730323,32.2837651981637]]]}},{"type":"Feature","properties":{"id":"parking-358","category":"parking","name":"Parking lot"},"geometry":{"type":"Polygon","coordinates":[[[-106.7349646043,32.2718730903234],[-106.734875132487,32.2718934145028],[-106.734837741705,32.271788406799],[-106.734776313377,32.2718008275934],[-106.734609389168,32.2712509487115],[-106.734656127323,32.2712407867072],[-106.734588560306,32.271003304413],[-106.734654792678,32.2709901221461],[-106.734669481396,32.2710206090139],[-106.734678410118,32.2710326704736],[-106.734691376684,32.2710443115031],[-106.734711680062,32.2710523034146],[-106.734738984783,32.2710570388987],[-106.734776312678,32.2710578696405],[-106.735147553695,32.2709822185773],[-106.735225984767,32.2711972097753],[-106.735153795871,32.2712123190443],[-106.735114168621,32.2711177130155],[-106.735099900008,32.2711085562388],[-106.735078380127,32.2711003697514],[-106.735046757473,32.2710916980788],[-106.735013426405,32.271095310856],[-106.734761542582,32.2711548273851],[-106.734743492809,32.2711724017271],[-106.734738227634,32.2711921446709],[-106.734736518425,32.2712152685614],[-106.734743609517,32.271234480687],[-106.734821984065,32.2712196049379],[-106.73487617106,32.2713839427524],[-106.734816240397,32.2713994827543],[-106.734811872433,32.2714035227716],[-106.734811391594,32.2714089813839],[-106.734815003533,32.2714135239425],[-106.734821163426,32.2714152075949],[-106.734881988541,32.2714015869182],[-106.734936503744,32.2715669190922],[-106.734880767469,32.2715823492275],[-106.73487541398,32.2715878556264],[-106.734875230098,32.271594982029],[-106.734880294467,32.2716006806036],[-106.734888441149,32.2716025141747],[-106.734943367791,32.2715877364825],[-106.734988064007,32.2717232908995],[-106.734965939045,32.2717296933707],[-106.73497887835,32.2717621250078],[-106.734929285653,32.271776295127],[-106.7349646043,32.2718730903234]]]}},{"type":"Feature","properties":{"id":"parking-359","category":"parking","name":"Lot 48"},"geometry":{"type":"Polygon","coordinates":[[[-106.748790816843,32.2800284820252],[-106.749725405809,32.2798463261274],[-106.749739954461,32.2799029393878],[-106.749744700527,32.2799020981137],[-106.749749231916,32.2799006336047],[-106.749753437364,32.279898583277],[-106.749757212048,32.2798959971476],[-106.749760460777,32.2798929396251],[-106.749763105407,32.2798894867746],[-106.749765078469,32.2798857245396],[-106.749766332695,32.2798817450964],[-106.749766835726,32.2798776486792],[-106.74976657431,32.2798735354463],[-106.749660778066,32.2794787066272],[-106.749710596069,32.2794716039968],[-106.749719169335,32.2795040937099],[-106.749724291322,32.2795094728546],[-106.749730382493,32.2795140671564],[-106.749737277607,32.2795177501075],[-106.749744790338,32.2795204223391],[-106.749752717529,32.2795220125064],[-106.7497608445,32.279522477268],[-106.749768950369,32.2795218039702],[-106.749776817609,32.2795200115109],[-106.749784232036,32.2795171467326],[-106.749790992374,32.2795132879914],[-106.749796917668,32.2795085406189],[-106.749801846188,32.2795030315153],[-106.749805644997,32.2794969109148],[-106.749808210966,32.2794903442654],[-106.749801417226,32.2794555892679],[-106.7498013812,32.2794554081374],[-106.749970051139,32.2794246229984],[-106.749977972174,32.2794568284856],[-106.749980625939,32.2794612370741],[-106.74998411911,32.2794652004297],[-106.749988350214,32.2794686053203],[-106.749993197687,32.2794713530228],[-106.749998523088,32.279473364722],[-106.750004172173,32.2794745833098],[-106.750009982317,32.279474972454],[-106.750015785731,32.2794745219964],[-106.75002141687,32.2794732434149],[-106.750026711395,32.2794711752381],[-106.750031518881,32.2794683757806],[-106.750035699639,32.2794649258606],[-106.750039134261,32.279460926057],[-106.750041722515,32.2794564894989],[-106.750043390798,32.279451745443],[-106.750044091026,32.2794468302601],[-106.750043801683,32.2794418856269],[-106.750036491494,32.2794124707736],[-106.750109487741,32.279398869423],[-106.750216306926,32.2793789662696],[-106.750237629608,32.279374993006],[-106.750426635294,32.2793397761506],[-106.750435333712,32.279372587281],[-106.750438823971,32.2793771774255],[-106.750443156244,32.2793812177084],[-106.750448211019,32.2793845967731],[-106.750453851915,32.2793872240725],[-106.750459924608,32.2793890280695],[-106.750466263214,32.2793899589177],[-106.750472695614,32.2793899911451],[-106.750479047705,32.2793891245399],[-106.75048981717,32.2794290602383],[-106.750483511154,32.2794311649099],[-106.750477704567,32.2794341297763],[-106.750472556183,32.2794378703357],[-106.750468208762,32.2794422850148],[-106.750464783705,32.279447249778],[-106.750462373689,32.2794526289798],[-106.750461047955,32.2794582726379],[-106.750460840685,32.2794640254974],[-106.750461759494,32.2794697278997],[-106.750468796141,32.2794970542107],[-106.749851454439,32.2796111814592],[-106.749844984033,32.2795846717572],[-106.749842719345,32.2795795852339],[-106.749839500272,32.279574884875],[-106.749835415625,32.2795706974906],[-106.749830575382,32.2795671389848],[-106.749825111705,32.2795643044312],[-106.749819173648,32.279562272603],[-106.749812922874,32.2795610978737],[-106.749806530478,32.2795608129347],[-106.749800169543,32.2795614252177],[-106.749794014077,32.2795629178007],[-106.749788230531,32.2795652503431],[-106.749782977795,32.2795683590865],[-106.749778399783,32.2795721595886],[-106.74977461907,32.279576547651],[-106.749771739043,32.2795814047215],[-106.749769839653,32.2795865979109],[-106.749768971087,32.279591986331],[-106.74976915801,32.2795974219799],[-106.74978615062,32.2796751668761],[-106.749788321648,32.2796804034792],[-106.74979149273,32.2796852573448],[-106.749795575002,32.2796895917424],[-106.749800454208,32.2796932853737],[-106.74980599176,32.2796962323679],[-106.749812032216,32.2796983512714],[-106.749818405389,32.2796995814313],[-106.749824929548,32.2796998874926],[-106.749831423121,32.2796992620574],[-106.749837701486,32.2796977229915],[-106.749843588649,32.279695312477],[-106.74984891725,32.2796920988156],[-106.749853538102,32.2796881727834],[-106.749857320172,32.2796836449256],[-106.749860156944,32.2796786437276],[-106.749861968509,32.279673310195],[-106.749862703671,32.2796677942388],[-106.749862342049,32.2796622510589],[-106.749856331221,32.2796337897259],[-106.75047415625,32.279519690299],[-106.750479564882,32.2795385961179],[-106.750481574925,32.2795437016759],[-106.750484567104,32.2795484489121],[-106.750488455735,32.2795527001821],[-106.75049312976,32.279556336881],[-106.750498455908,32.2795592549214],[-106.750504284036,32.2795613710258],[-106.750510447144,32.2795626254316],[-106.750516771992,32.2795629818493],[-106.750523075929,32.2795624301805],[-106.75052918176,32.2795609873609],[-106.75054709819,32.2796108223577],[-106.750540133741,32.2796119186613],[-106.750533493247,32.279614012035],[-106.750527373836,32.2796170421753],[-106.750521956542,32.2796209181791],[-106.750517401038,32.2796255257798],[-106.750513842459,32.2796307282616],[-106.750511386126,32.2796363727935],[-106.750510105424,32.2796422904376],[-106.750510037617,32.27964830789],[-106.750532698046,32.2797342344023],[-106.750537098801,32.2797389489985],[-106.75054233564,32.2797430001221],[-106.750548272091,32.279746280993],[-106.750554752699,32.2797487074528],[-106.750561609377,32.279750215234],[-106.750568662494,32.2797507644651],[-106.750575727257,32.2797503414488],[-106.750582615831,32.2797489586539],[-106.750582733171,32.2797494478966],[-106.750597280696,32.2798005435053],[-106.750522167188,32.2798133391541],[-106.750531136583,32.2798583621353],[-106.748835986363,32.2801672201118],[-106.748790816843,32.2800284820252]],[[-106.749913206076,32.2798102228702],[-106.75046122249,32.2797062002964],[-106.750463176035,32.2797048830596],[-106.750464836195,32.2797033027417],[-106.750466155447,32.2797015046237],[-106.750467093742,32.279699542074],[-106.750467623792,32.2796974720175],[-106.750467731066,32.2796953549362],[-106.750467411664,32.2796932539755],[-106.750466674417,32.2796912304267],[-106.750465543001,32.2796893428164],[-106.750464047446,32.2796876469408],[-106.750462234735,32.2796861922158],[-106.750460156066,32.2796850226294],[-106.750457872128,32.2796841704079],[-106.750455451005,32.2796836614353],[-106.749908329276,32.2797876155084],[-106.749901858834,32.2797611049086],[-106.749899594138,32.2797560183865],[-106.749896375057,32.2797513180293],[-106.749892289337,32.2797471306512],[-106.749887449083,32.2797435721477],[-106.749881985393,32.2797407375968],[-106.749876048385,32.2797387057673],[-106.749869797598,32.279737531041],[-106.749863404128,32.2797372461092],[-106.749857043181,32.2797378583952],[-106.749850887705,32.2797393509809],[-106.749845105211,32.2797416835218],[-106.749839852466,32.2797447922676],[-106.749835273387,32.2797485927759],[-106.749831492669,32.2797529808399],[-106.749828613701,32.2797578379074],[-106.749826714316,32.2797630319993],[-106.749825845747,32.2797684195178],[-106.749826032679,32.2797738560682],[-106.749843025367,32.279851600052],[-106.749845195341,32.2798568366581],[-106.749848366432,32.279861690522],[-106.749852449776,32.2798660249134],[-106.749857328995,32.2798697185423],[-106.749862866559,32.2798726655338],[-106.749868907028,32.2798747844343],[-106.749875279152,32.2798760145954],[-106.749881804386,32.2798763206495],[-106.749888297976,32.2798756961131],[-106.749894576347,32.2798741561424],[-106.749900462458,32.2798717456295],[-106.749905792129,32.2798685319615],[-106.749910411926,32.2798646059315],[-106.749914194005,32.2798600789739],[-106.749917030779,32.2798550777746],[-106.749918843401,32.2798497433354],[-106.74991957856,32.279844227379],[-106.749919216935,32.2798386841995],[-106.749913206076,32.2798102228702]]]}}]}