{"//":["Made by tools/build_places.py. Do not edit by hand: edit data/source/parks.json or data/source/food.json","(parking lots are downloaded from NMSU Facilities GIS), then run python tools/build_places.py","Format: GeoJSON. One Feature per place: a Point where it is, and properties in the same shape as a building","record in data/buildings.geojson, plus: category (\"park\", \"food\" or \"parking\"), kind (e.g. \"Coffee\"),","insideName (food: the building it is inside, or null), permit and campus (parking: e.g. \"Purple · South Campus Resident\").","A missing fact is null, and the app shows \"Unknown\" for it: nothing is guessed."],"type":"FeatureCollection","features":[{"type":"Feature","properties":{"id":"park-527603","code":"","name":"Preciado Park","aka":["Outdoor Spaces"],"address":null,"propertyNumber":null,"built":null,"floors":[],"floorsSource":"","kind":"Outdoor Spaces","nmsuUrl":"https://map.nmsu.edu/?id=1888#!m/527603","photos":[],"source":"Location from NMSU's official campus map (map.nmsu.edu). Outline from OpenStreetMap (way 51543909).","floorImages":{},"postedImages":{},"description":[],"doors":[],"codeSource":"","category":"park","insideName":null,"permit":null,"campus":null},"geometry":{"type":"Point","coordinates":[-106.751343,32.278271]}},{"type":"Feature","properties":{"id":"park-527602","code":"","name":"Pride Field","aka":["Outdoor Spaces"],"address":null,"propertyNumber":null,"built":null,"floors":[],"floorsSource":"","kind":"Outdoor Spaces","nmsuUrl":"https://map.nmsu.edu/?id=1888#!m/527602","photos":[],"source":"Location from NMSU's official campus map (map.nmsu.edu).","floorImages":{},"postedImages":{},"description":[],"doors":[],"codeSource":"","category":"park","insideName":null,"permit":null,"campus":null},"geometry":{"type":"Point","coordinates":[-106.754425,32.282249]}},{"type":"Feature","properties":{"id":"park-527604","code":"","name":"Alumni Pond","aka":["Outdoor Spaces"],"address":null,"propertyNumber":null,"built":null,"floors":[],"floorsSource":"","kind":"Outdoor Spaces","nmsuUrl":"https://map.nmsu.edu/?id=1888#!m/527604","photos":[],"source":"Location from NMSU's official campus map (map.nmsu.edu). Outline from OpenStreetMap (way 82002944).","floorImages":{},"postedImages":{},"description":[],"doors":[],"codeSource":"","category":"park","insideName":null,"permit":null,"campus":null},"geometry":{"type":"Point","coordinates":[-106.745255,32.283398]}},{"type":"Feature","properties":{"id":"park-528759","code":"","name":"Turtle Pond","aka":["Outdoor Spaces"],"address":null,"propertyNumber":null,"built":null,"floors":[],"floorsSource":"","kind":"Outdoor Spaces","nmsuUrl":"https://map.nmsu.edu/?id=1888#!m/528759","photos":[],"source":"Location from NMSU's official campus map (map.nmsu.edu). Outline from OpenStreetMap (way 81814497).","floorImages":{},"postedImages":{},"description":[],"doors":[],"codeSource":"","category":"park","insideName":null,"permit":null,"campus":null},"geometry":{"type":"Point","coordinates":[-106.75602,32.28112]}},{"type":"Feature","properties":{"id":"park-568698","code":"","name":"Desert Sculpture Garden","aka":["Green Spaces"],"address":null,"propertyNumber":null,"built":null,"floors":[],"floorsSource":"","kind":"Green Spaces","nmsuUrl":"https://map.nmsu.edu/?id=1888#!m/568698","photos":[],"source":"Location from NMSU's official campus map (map.nmsu.edu). Outline from OpenStreetMap (way 1005468391).","floorImages":{},"postedImages":{},"description":[],"doors":[],"codeSource":"","category":"park","insideName":null,"permit":null,"campus":null},"geometry":{"type":"Point","coordinates":[-106.749786,32.283325]}},{"type":"Feature","properties":{"id":"park-531879","code":"","name":"Community Garden","aka":["Green Spaces"],"address":null,"propertyNumber":null,"built":null,"floors":[],"floorsSource":"","kind":"Green Spaces","nmsuUrl":"https://map.nmsu.edu/?id=1888#!m/531879","photos":[],"source":"Location from NMSU's official campus map (map.nmsu.edu).","floorImages":{},"postedImages":{},"description":[],"doors":[],"codeSource":"","category":"park","insideName":null,"permit":null,"campus":null},"geometry":{"type":"Point","coordinates":[-106.750656,32.273735]}},{"type":"Feature","properties":{"id":"park-635851","code":"","name":"Jose Fernandez Memorial Garden","aka":["Green Spaces"],"address":null,"propertyNumber":null,"built":null,"floors":[],"floorsSource":"","kind":"Green Spaces","nmsuUrl":"https://map.nmsu.edu/?id=1888#!m/635851","photos":[],"source":"Location from NMSU's official campus map (map.nmsu.edu).","floorImages":{},"postedImages":{},"description":[],"doors":[],"codeSource":"","category":"park","insideName":null,"permit":null,"campus":null},"geometry":{"type":"Point","coordinates":[-106.764687,32.280872]}},{"type":"Feature","properties":{"id":"park-527598","code":"","name":"Pat & Lou Sisbarro Field","aka":["Outdoor Spaces"],"address":null,"propertyNumber":null,"built":null,"floors":[],"floorsSource":"","kind":"Outdoor Spaces","nmsuUrl":"https://map.nmsu.edu/?id=1888#!m/527598","photos":[],"source":"Location from NMSU's official campus map (map.nmsu.edu). Outline from OpenStreetMap (way 436921420).","floorImages":{},"postedImages":{},"description":[],"doors":[],"codeSource":"","category":"park","insideName":null,"permit":null,"campus":null},"geometry":{"type":"Point","coordinates":[-106.73864,32.280739]}},{"type":"Feature","properties":{"id":"park-527605","code":"","name":"Pete's Hideout","aka":["Outdoor Spaces"],"address":null,"propertyNumber":null,"built":null,"floors":[],"floorsSource":"","kind":"Outdoor Spaces","nmsuUrl":"https://map.nmsu.edu/?id=1888#!m/527605","photos":[],"source":"Location from NMSU's official campus map (map.nmsu.edu).","floorImages":{},"postedImages":{},"description":[],"doors":[],"codeSource":"","category":"park","insideName":null,"permit":null,"campus":null},"geometry":{"type":"Point","coordinates":[-106.752365,32.276936]}},{"type":"Feature","properties":{"id":"park-535106","code":"","name":"Upper Intramural Field","aka":["Outdoor Spaces"],"address":null,"propertyNumber":null,"built":null,"floors":[],"floorsSource":"","kind":"Outdoor Spaces","nmsuUrl":"https://map.nmsu.edu/?id=1888#!m/535106","photos":[],"source":"Location from NMSU's official campus map (map.nmsu.edu).","floorImages":{},"postedImages":{},"description":[],"doors":[],"codeSource":"","category":"park","insideName":null,"permit":null,"campus":null},"geometry":{"type":"Point","coordinates":[-106.746643,32.27845]}},{"type":"Feature","properties":{"id":"park-535107","code":"","name":"Lower Intramural Field","aka":["Outdoor Spaces"],"address":null,"propertyNumber":null,"built":null,"floors":[],"floorsSource":"","kind":"Outdoor Spaces","nmsuUrl":"https://map.nmsu.edu/?id=1888#!m/535107","photos":[],"source":"Location from NMSU's official campus map (map.nmsu.edu).","floorImages":{},"postedImages":{},"description":[],"doors":[],"codeSource":"","category":"park","insideName":null,"permit":null,"campus":null},"geometry":{"type":"Point","coordinates":[-106.748756,32.276543]}},{"type":"Feature","properties":{"id":"park-567653","code":"","name":"Outdoor Basketball","aka":["Outdoor Spaces"],"address":null,"propertyNumber":null,"built":null,"floors":[],"floorsSource":"","kind":"Outdoor Spaces","nmsuUrl":"https://map.nmsu.edu/?id=1888#!m/567653","photos":[],"source":"Location from NMSU's official campus map (map.nmsu.edu).","floorImages":{},"postedImages":{},"description":[],"doors":[],"codeSource":"","category":"park","insideName":null,"permit":null,"campus":null},"geometry":{"type":"Point","coordinates":[-106.751289,32.278748]}},{"type":"Feature","properties":{"id":"food-527454","code":"","name":"Einstein Bros Bagels","aka":["Einstein Bros","Einstein Brothers Bagels","Einsteins"],"address":null,"propertyNumber":null,"built":null,"floors":[],"floorsSource":"","kind":"Cafe","nmsuUrl":"https://map.nmsu.edu/?id=1888#!m/527454","photos":[],"source":"Listed on NMSU Dining's Where to Eat page (dining.nmsu.edu); location from NMSU's campus map.","floorImages":{},"postedImages":{},"description":[],"doors":[],"codeSource":"","category":"food","insideName":"Corbett Center Student Union","permit":null,"campus":null},"geometry":{"type":"Point","coordinates":[-106.747917,32.282944]}},{"type":"Feature","properties":{"id":"food-527480","code":"","name":"Taos Restaurant","aka":["Taos"],"address":null,"propertyNumber":null,"built":null,"floors":[],"floorsSource":"","kind":"Dining hall","nmsuUrl":"https://map.nmsu.edu/?id=1888#!m/527480","photos":[],"source":"Listed on NMSU Dining's Where to Eat page (dining.nmsu.edu); location from NMSU's campus map.","floorImages":{},"postedImages":{},"description":[],"doors":[],"codeSource":"","category":"food","insideName":"Corbett Center Student Union","permit":null,"campus":null},"geometry":{"type":"Point","coordinates":[-106.747559,32.282848]}},{"type":"Feature","properties":{"id":"food-wow","code":"","name":"WOW","aka":[],"address":null,"propertyNumber":null,"built":null,"floors":[],"floorsSource":"","kind":"Restaurant","nmsuUrl":null,"photos":[],"source":"Listed on NMSU Dining's Where to Eat page (dining.nmsu.edu); placed at the building it is inside (NMSU Office of Space Planning).","floorImages":{},"postedImages":{},"description":[],"doors":[],"codeSource":"","category":"food","insideName":"Corbett Center Student Union","permit":null,"campus":null},"geometry":{"type":"Point","coordinates":[-106.7477095,32.2828941]}},{"type":"Feature","properties":{"id":"food-ramshi","code":"","name":"Ramshi","aka":[],"address":null,"propertyNumber":null,"built":null,"floors":[],"floorsSource":"","kind":"Restaurant","nmsuUrl":null,"photos":[],"source":"Listed on NMSU Dining's Where to Eat page (dining.nmsu.edu); placed at the building it is inside (NMSU Office of Space Planning).","floorImages":{},"postedImages":{},"description":[],"doors":[],"codeSource":"","category":"food","insideName":"Corbett Center Student Union","permit":null,"campus":null},"geometry":{"type":"Point","coordinates":[-106.7477095,32.2828941]}},{"type":"Feature","properties":{"id":"food-mediterranean","code":"","name":"Mediterranean","aka":["Mediterranean Grill"],"address":null,"propertyNumber":null,"built":null,"floors":[],"floorsSource":"","kind":"Restaurant","nmsuUrl":null,"photos":[],"source":"Listed on NMSU Dining's Where to Eat page (dining.nmsu.edu); placed at the building it is inside (NMSU Office of Space Planning).","floorImages":{},"postedImages":{},"description":[],"doors":[],"codeSource":"","category":"food","insideName":"Corbett Center Student Union","permit":null,"campus":null},"geometry":{"type":"Point","coordinates":[-106.7477095,32.2828941]}},{"type":"Feature","properties":{"id":"food-531041","code":"","name":"Pete's Patio","aka":["Petes Patio","Pete's Patio Bar"],"address":null,"propertyNumber":null,"built":null,"floors":[],"floorsSource":"","kind":"Restaurant","nmsuUrl":"https://map.nmsu.edu/?id=1888#!m/531041","photos":[],"source":"Listed on NMSU Dining's Where to Eat page (dining.nmsu.edu); location from NMSU's campus map.","floorImages":{},"postedImages":{},"description":[],"doors":[],"codeSource":"","category":"food","insideName":"Corbett Center Student Union","permit":null,"campus":null},"geometry":{"type":"Point","coordinates":[-106.747276,32.282932]}},{"type":"Feature","properties":{"id":"food-527482","code":"","name":"Wild Blue Modern Japanese Kitchen","aka":["Wild Blue Sushi","Wild Blue"],"address":null,"propertyNumber":null,"built":null,"floors":[],"floorsSource":"","kind":"Restaurant","nmsuUrl":"https://map.nmsu.edu/?id=1888#!m/527482","photos":[],"source":"Listed on NMSU Dining's Where to Eat page (dining.nmsu.edu); location from NMSU's campus map.","floorImages":{},"postedImages":{},"description":[],"doors":[],"codeSource":"","category":"food","insideName":"Corbett Center Student Union","permit":null,"campus":null},"geometry":{"type":"Point","coordinates":[-106.747932,32.28281]}},{"type":"Feature","properties":{"id":"food-527458","code":"","name":"Bookstore Cafe","aka":["Starbucks","Bookstore Cafe","Starbucks at the Bookstore","Bookstore Coffee"],"address":null,"propertyNumber":null,"built":null,"floors":[],"floorsSource":"","kind":"Coffee","nmsuUrl":"https://map.nmsu.edu/?id=1888#!m/527458","photos":[],"source":"Listed on NMSU Dining's Where to Eat page (dining.nmsu.edu); location from NMSU's campus map.","floorImages":{},"postedImages":{},"description":[],"doors":[],"codeSource":"","category":"food","insideName":"NMSU Bookstore","permit":null,"campus":null},"geometry":{"type":"Point","coordinates":[-106.75013,32.284851]}},{"type":"Feature","properties":{"id":"food-527474","code":"","name":"Panda Express","aka":["Panda"],"address":null,"propertyNumber":null,"built":null,"floors":[],"floorsSource":"","kind":"Restaurant","nmsuUrl":"https://map.nmsu.edu/?id=1888#!m/527474","photos":[],"source":"Listed on NMSU Dining's Where to Eat page (dining.nmsu.edu); location from NMSU's campus map.","floorImages":{},"postedImages":{},"description":[],"doors":[],"codeSource":"","category":"food","insideName":"NMSU Bookstore","permit":null,"campus":null},"geometry":{"type":"Point","coordinates":[-106.750496,32.284916]}},{"type":"Feature","properties":{"id":"food-527490","code":"","name":"Alma's Kitchen","aka":["Almas Kitchen"],"address":null,"propertyNumber":null,"built":null,"floors":[],"floorsSource":"","kind":"Restaurant","nmsuUrl":"https://map.nmsu.edu/?id=1888#!m/527490","photos":[],"source":"Listed on NMSU Dining's Where to Eat page (dining.nmsu.edu); location from NMSU's campus map.","floorImages":{},"postedImages":{},"description":[],"doors":[],"codeSource":"","category":"food","insideName":"Frenger Food Court","permit":null,"campus":null},"geometry":{"type":"Point","coordinates":[-106.750496,32.281242]}},{"type":"Feature","properties":{"id":"food-527488","code":"","name":"Coffee Haus","aka":["Coffee House","Coffeehaus"],"address":null,"propertyNumber":null,"built":null,"floors":[],"floorsSource":"","kind":"Coffee","nmsuUrl":"https://map.nmsu.edu/?id=1888#!m/527488","photos":[],"source":"Listed on NMSU Dining's Where to Eat page (dining.nmsu.edu); location from NMSU's campus map.","floorImages":{},"postedImages":{},"description":[],"doors":[],"codeSource":"","category":"food","insideName":"Frenger Food Court","permit":null,"campus":null},"geometry":{"type":"Point","coordinates":[-106.750641,32.281208]}},{"type":"Feature","properties":{"id":"food-568589","code":"","name":"Gila Grill","aka":[],"address":null,"propertyNumber":null,"built":null,"floors":[],"floorsSource":"","kind":"Restaurant","nmsuUrl":"https://map.nmsu.edu/?id=1888#!m/568589","photos":[],"source":"Listed on NMSU Dining's Where to Eat page (dining.nmsu.edu); location from NMSU's campus map.","floorImages":{},"postedImages":{},"description":[],"doors":[],"codeSource":"","category":"food","insideName":"Health and Social Services Building","permit":null,"campus":null},"geometry":{"type":"Point","coordinates":[-106.751572,32.28339]}},{"type":"Feature","properties":{"id":"food-527456","code":"","name":"Einstein Bros Bagels (Health and Social Services)","aka":["Einstein Bros Bagels","Einstein Bros","Einstein Brothers Bagels","Einsteins"],"address":null,"propertyNumber":null,"built":null,"floors":[],"floorsSource":"","kind":"Cafe","nmsuUrl":"https://map.nmsu.edu/?id=1888#!m/527456","photos":[],"source":"Listed on NMSU Dining's Where to Eat page (dining.nmsu.edu); location from NMSU's campus map.","floorImages":{},"postedImages":{},"description":[],"doors":[],"codeSource":"","category":"food","insideName":"Health and Social Services Building","permit":null,"campus":null},"geometry":{"type":"Point","coordinates":[-106.751556,32.283352]}},{"type":"Feature","properties":{"id":"food-527460","code":"","name":"Zuhl Fuel","aka":["Starbucks","Zuhl Fuel Starbucks"],"address":null,"propertyNumber":null,"built":null,"floors":[],"floorsSource":"","kind":"Coffee","nmsuUrl":"https://map.nmsu.edu/?id=1888#!m/527460","photos":[],"source":"Listed on NMSU Dining's Where to Eat page (dining.nmsu.edu); location from NMSU's campus map.","floorImages":{},"postedImages":{},"description":[],"doors":[],"codeSource":"","category":"food","insideName":"Zuhl Library","permit":null,"campus":null},"geometry":{"type":"Point","coordinates":[-106.749947,32.281429]}},{"type":"Feature","properties":{"id":"food-527478","code":"","name":"Subway","aka":["Subway Sandwiches"],"address":null,"propertyNumber":null,"built":null,"floors":[],"floorsSource":"","kind":"Restaurant","nmsuUrl":"https://map.nmsu.edu/?id=1888#!m/527478","photos":[],"source":"Listed on NMSU Dining's Where to Eat page (dining.nmsu.edu); location from NMSU's campus map.","floorImages":{},"postedImages":{},"description":[],"doors":[],"codeSource":"","category":"food","insideName":"O'Donnell Hall","permit":null,"campus":null},"geometry":{"type":"Point","coordinates":[-106.751961,32.279205]}},{"type":"Feature","properties":{"id":"food-la-jefa","code":"","name":"La Jefa","aka":["La Jefa NMSU"],"address":null,"propertyNumber":null,"built":null,"floors":[],"floorsSource":"","kind":"Restaurant","nmsuUrl":null,"photos":[],"source":"Listed on NMSU Dining's Where to Eat page (dining.nmsu.edu); placed at the building it is inside (NMSU Office of Space Planning).","floorImages":{},"postedImages":{},"description":[],"doors":[],"codeSource":"","category":"food","insideName":"Gerald Thomas Hall","permit":null,"campus":null},"geometry":{"type":"Point","coordinates":[-106.7569609,32.2811321]}},{"type":"Feature","properties":{"id":"food-527476","code":"","name":"1888 Taphouse & Kitchen","aka":["1888 Taphouse","Taphouse and Kitchen","1888 Tap House"],"address":null,"propertyNumber":null,"built":null,"floors":[],"floorsSource":"","kind":"Restaurant","nmsuUrl":"https://map.nmsu.edu/?id=1888#!m/527476","photos":[],"source":"Listed on NMSU Dining's Where to Eat page (dining.nmsu.edu); location from NMSU's campus map.","floorImages":{},"postedImages":{},"description":[],"doors":[],"codeSource":"","category":"food","insideName":"NMSU Golf Course Clubhouse","permit":null,"campus":null},"geometry":{"type":"Point","coordinates":[-106.725784,32.286484]}},{"type":"Feature","properties":{"id":"parking-1","code":"","name":"Lot 79H","aka":["Las Cruces main campus"],"address":"4303 Sam Steele Way, Las Cruces, NM","propertyNumber":null,"built":null,"floors":[],"floorsSource":"","kind":"Parking lot","nmsuUrl":null,"photos":[],"source":"Lot outline, name and permit from NMSU Facilities GIS (Parking layer).","floorImages":{},"postedImages":{},"description":[],"doors":[],"codeSource":"","category":"parking","insideName":null,"permit":"Purple · South Campus Resident","campus":"Las Cruces main campus"},"geometry":{"type":"Point","coordinates":[-106.7475811,32.2711504]}},{"type":"Feature","properties":{"id":"parking-2","code":"","name":"Lot H19","aka":["Las Cruces main campus"],"address":" , Las Cruces, NM","propertyNumber":null,"built":null,"floors":[],"floorsSource":"","kind":"Parking lot","nmsuUrl":null,"photos":[],"source":"Lot outline, name and permit from NMSU Facilities GIS (Parking layer).","floorImages":{},"postedImages":{},"description":[],"doors":[],"codeSource":"","category":"parking","insideName":null,"permit":"Purple · South Campus Resident","campus":"Las Cruces main campus"},"geometry":{"type":"Point","coordinates":[-106.7501784,32.2725679]}},{"type":"Feature","properties":{"id":"parking-3","code":"","name":"Lot H15","aka":["Las Cruces main campus"],"address":" , Las Cruces, NM","propertyNumber":null,"built":null,"floors":[],"floorsSource":"","kind":"Parking lot","nmsuUrl":null,"photos":[],"source":"Lot outline, name and permit from NMSU Facilities GIS (Parking layer).","floorImages":{},"postedImages":{},"description":[],"doors":[],"codeSource":"","category":"parking","insideName":null,"permit":"Purple · South Campus Resident","campus":"Las Cruces main campus"},"geometry":{"type":"Point","coordinates":[-106.7507951,32.2728807]}},{"type":"Feature","properties":{"id":"parking-4","code":"","name":"Lot H12","aka":["Las Cruces main campus"],"address":" , Las Cruces, NM","propertyNumber":null,"built":null,"floors":[],"floorsSource":"","kind":"Parking lot","nmsuUrl":null,"photos":[],"source":"Lot outline, name and permit from NMSU Facilities GIS (Parking layer).","floorImages":{},"postedImages":{},"description":[],"doors":[],"codeSource":"","category":"parking","insideName":null,"permit":"Purple · South Campus Resident","campus":"Las Cruces main campus"},"geometry":{"type":"Point","coordinates":[-106.7501782,32.27313]}},{"type":"Feature","properties":{"id":"parking-5","code":"","name":"Lot H11","aka":["Las Cruces main campus"],"address":" , Las Cruces, NM","propertyNumber":null,"built":null,"floors":[],"floorsSource":"","kind":"Parking lot","nmsuUrl":null,"photos":[],"source":"Lot outline, name and permit from NMSU Facilities GIS (Parking layer).","floorImages":{},"postedImages":{},"description":[],"doors":[],"codeSource":"","category":"parking","insideName":null,"permit":"Purple · South Campus Resident","campus":"Las Cruces main campus"},"geometry":{"type":"Point","coordinates":[-106.7514067,32.2731997]}},{"type":"Feature","properties":{"id":"parking-6","code":"","name":"Lot 79","aka":["Las Cruces main campus"],"address":"1335 Standley Dr, Las Cruces, NM","propertyNumber":null,"built":null,"floors":[],"floorsSource":"","kind":"Parking lot","nmsuUrl":null,"photos":[],"source":"Lot outline, name and permit from NMSU Facilities GIS (Parking layer).","floorImages":{},"postedImages":{},"description":[],"doors":[],"codeSource":"","category":"parking","insideName":null,"permit":"Orange · All Permits Valid","campus":"Las Cruces main campus"},"geometry":{"type":"Point","coordinates":[-106.7489905,32.2733261]}},{"type":"Feature","properties":{"id":"parking-7","code":"","name":"Lot H7","aka":["Las Cruces main campus"],"address":" , Las Cruces, NM","propertyNumber":null,"built":null,"floors":[],"floorsSource":"","kind":"Parking lot","nmsuUrl":null,"photos":[],"source":"Lot outline, name and permit from NMSU Facilities GIS (Parking layer).","floorImages":{},"postedImages":{},"description":[],"doors":[],"codeSource":"","category":"parking","insideName":null,"permit":"Purple · South Campus Resident","campus":"Las Cruces main campus"},"geometry":{"type":"Point","coordinates":[-106.7520182,32.2735092]}},{"type":"Feature","properties":{"id":"parking-8","code":"","name":"Lot H8","aka":["Las Cruces main campus"],"address":" , Las Cruces, NM","propertyNumber":null,"built":null,"floors":[],"floorsSource":"","kind":"Parking lot","nmsuUrl":null,"photos":[],"source":"Lot outline, name and permit from NMSU Facilities GIS (Parking layer).","floorImages":{},"postedImages":{},"description":[],"doors":[],"codeSource":"","category":"parking","insideName":null,"permit":"Purple · South Campus Resident","campus":"Las Cruces main campus"},"geometry":{"type":"Point","coordinates":[-106.7507064,32.2735844]}},{"type":"Feature","properties":{"id":"parking-9","code":"","name":"Lot H6","aka":["Las Cruces main campus"],"address":" , Las Cruces, NM","propertyNumber":null,"built":null,"floors":[],"floorsSource":"","kind":"Parking lot","nmsuUrl":null,"photos":[],"source":"Lot outline, name and permit from NMSU Facilities GIS (Parking layer).","floorImages":{},"postedImages":{},"description":[],"doors":[],"codeSource":"","category":"parking","insideName":null,"permit":"Purple · South Campus Resident","campus":"Las Cruces main campus"},"geometry":{"type":"Point","coordinates":[-106.7512631,32.2736591]}},{"type":"Feature","properties":{"id":"parking-10","code":"","name":"Lot H3","aka":["Las Cruces main campus"],"address":" , Las Cruces, NM","propertyNumber":null,"built":null,"floors":[],"floorsSource":"","kind":"Parking lot","nmsuUrl":null,"photos":[],"source":"Lot outline, name and permit from NMSU Facilities GIS (Parking layer).","floorImages":{},"postedImages":{},"description":[],"doors":[],"codeSource":"","category":"parking","insideName":null,"permit":"Purple · South Campus Resident","campus":"Las Cruces main campus"},"geometry":{"type":"Point","coordinates":[-106.7528681,32.2737899]}},{"type":"Feature","properties":{"id":"parking-11","code":"","name":"Lot H4","aka":["Las Cruces main campus"],"address":" , Las Cruces, NM","propertyNumber":null,"built":null,"floors":[],"floorsSource":"","kind":"Parking lot","nmsuUrl":null,"photos":[],"source":"Lot outline, name and permit from NMSU Facilities GIS (Parking layer).","floorImages":{},"postedImages":{},"description":[],"doors":[],"codeSource":"","category":"parking","insideName":null,"permit":"Purple · South Campus Resident","campus":"Las Cruces main campus"},"geometry":{"type":"Point","coordinates":[-106.7519064,32.2740132]}},{"type":"Feature","properties":{"id":"parking-12","code":"","name":"Lot 79T","aka":["Las Cruces main campus"],"address":"3640 Research Dr, Las Cruces, NM","propertyNumber":null,"built":null,"floors":[],"floorsSource":"","kind":"Parking lot","nmsuUrl":null,"photos":[],"source":"Lot outline, name and permit from NMSU Facilities GIS (Parking layer).","floorImages":{},"postedImages":{},"description":[],"doors":[],"codeSource":"","category":"parking","insideName":null,"permit":"Purple · South Campus Resident","campus":"Las Cruces main campus"},"geometry":{"type":"Point","coordinates":[-106.7476167,32.2741146]}},{"type":"Feature","properties":{"id":"parking-13","code":"","name":"Lot 78","aka":["Las Cruces main campus"],"address":"3540 Research Rd, Las Cruces, NM","propertyNumber":null,"built":null,"floors":[],"floorsSource":"","kind":"Parking lot","nmsuUrl":null,"photos":[],"source":"Lot outline, name and permit from NMSU Facilities GIS (Parking layer).","floorImages":{},"postedImages":{},"description":[],"doors":[],"codeSource":"","category":"parking","insideName":null,"permit":"Orange · All Permits Valid","campus":"Las Cruces main campus"},"geometry":{"type":"Point","coordinates":[-106.7480558,32.2749221]}},{"type":"Feature","properties":{"id":"parking-14","code":"","name":"Lot 99","aka":["Las Cruces main campus"],"address":"1340 Wells St, Las Cruces, NM","propertyNumber":null,"built":null,"floors":[],"floorsSource":"","kind":"Parking lot","nmsuUrl":null,"photos":[],"source":"Lot outline, name and permit from NMSU Facilities GIS (Parking layer).","floorImages":{},"postedImages":{},"description":[],"doors":[],"codeSource":"","category":"parking","insideName":null,"permit":"Brown · Free Parking","campus":"Las Cruces main campus"},"geometry":{"type":"Point","coordinates":[-106.7487518,32.2752822]}},{"type":"Feature","properties":{"id":"parking-15","code":"","name":"Arrowhead Park Parking","aka":["Las Cruces main campus"],"address":" , Las Cruces, NM","propertyNumber":null,"built":null,"floors":[],"floorsSource":"","kind":"Parking lot","nmsuUrl":null,"photos":[],"source":"Lot outline, name and permit from NMSU Facilities GIS (Parking layer).","floorImages":{},"postedImages":{},"description":[],"doors":[],"codeSource":"","category":"parking","insideName":null,"permit":"Non NMSU Parking","campus":"Las Cruces main campus"},"geometry":{"type":"Point","coordinates":[-106.7401232,32.2756076]}},{"type":"Feature","properties":{"id":"parking-16","code":"","name":"Lot 71","aka":["DACC Espina campus (Las Cruces)"],"address":"980 Agriculture Way, Las Cruces, NM","propertyNumber":null,"built":null,"floors":[],"floorsSource":"","kind":"Parking lot","nmsuUrl":null,"photos":[],"source":"Lot outline, name and permit from NMSU Facilities GIS (Parking layer).","floorImages":{},"postedImages":{},"description":[],"doors":[],"codeSource":"","category":"parking","insideName":null,"permit":"Blue · DACC","campus":"DACC Espina campus (Las Cruces)"},"geometry":{"type":"Point","coordinates":[-106.755217,32.2768844]}},{"type":"Feature","properties":{"id":"parking-17","code":"","name":"Lot 104","aka":["Las Cruces main campus"],"address":"715 Sam Steele Way, Las Cruces, NM","propertyNumber":null,"built":null,"floors":[],"floorsSource":"","kind":"Parking lot","nmsuUrl":null,"photos":[],"source":"Lot outline, name and permit from NMSU Facilities GIS (Parking layer).","floorImages":{},"postedImages":{},"description":[],"doors":[],"codeSource":"","category":"parking","insideName":null,"permit":"Brown · Free Parking","campus":"Las Cruces main campus"},"geometry":{"type":"Point","coordinates":[-106.759187,32.2768853]}},{"type":"Feature","properties":{"id":"parking-18","code":"","name":"Lot 86","aka":["Las Cruces main campus"],"address":"1803 Wells St, Las Cruces, NM","propertyNumber":null,"built":null,"floors":[],"floorsSource":"","kind":"Parking lot","nmsuUrl":null,"photos":[],"source":"Lot outline, name and permit from NMSU Facilities GIS (Parking layer).","floorImages":{},"postedImages":{},"description":[],"doors":[],"codeSource":"","category":"parking","insideName":null,"permit":"Brown · Free Parking","campus":"Las Cruces main campus"},"geometry":{"type":"Point","coordinates":[-106.7421264,32.2780471]}},{"type":"Feature","properties":{"id":"parking-19","code":"","name":"Lot 60","aka":["Las Cruces main campus"],"address":" , Las Cruces, NM","propertyNumber":null,"built":null,"floors":[],"floorsSource":"","kind":"Parking lot","nmsuUrl":null,"photos":[],"source":"Lot outline, name and permit from NMSU Facilities GIS (Parking layer).","floorImages":{},"postedImages":{},"description":[],"doors":[],"codeSource":"","category":"parking","insideName":null,"permit":"Special · Designated for Special Use/Permit","campus":"Las Cruces main campus"},"geometry":{"type":"Point","coordinates":[-106.7531604,32.2790896]}},{"type":"Feature","properties":{"id":"parking-20","code":"","name":"Unnamed","aka":["Las Cruces main campus"],"address":" , Las Cruces, NM","propertyNumber":null,"built":null,"floors":[],"floorsSource":"","kind":"Parking lot","nmsuUrl":null,"photos":[],"source":"Lot outline, name and permit from NMSU Facilities GIS (Parking layer).","floorImages":{},"postedImages":{},"description":[],"doors":[],"codeSource":"","category":"parking","insideName":null,"permit":"Special · Designated for Special Use/Permit","campus":"Las Cruces main campus"},"geometry":{"type":"Point","coordinates":[-106.7544664,32.2793702]}},{"type":"Feature","properties":{"id":"parking-21","code":"","name":"Lot 63","aka":["Las Cruces main campus"],"address":"2990 Knox St, Las Cruces, NM","propertyNumber":null,"built":null,"floors":[],"floorsSource":"","kind":"Parking lot","nmsuUrl":null,"photos":[],"source":"Lot outline, name and permit from NMSU Facilities GIS (Parking layer).","floorImages":{},"postedImages":{},"description":[],"doors":[],"codeSource":"","category":"parking","insideName":null,"permit":"Special · Designated for Special Use/Permit","campus":"Las Cruces main campus"},"geometry":{"type":"Point","coordinates":[-106.757879,32.2801261]}},{"type":"Feature","properties":{"id":"parking-22","code":"","name":"Lot 47","aka":["Las Cruces main campus"],"address":"3090 Breland Dr, Las Cruces, NM","propertyNumber":null,"built":null,"floors":[],"floorsSource":"","kind":"Parking lot","nmsuUrl":null,"photos":[],"source":"Lot outline, name and permit from NMSU Facilities GIS (Parking layer).","floorImages":{},"postedImages":{},"description":[],"doors":[],"codeSource":"","category":"parking","insideName":null,"permit":"Crimson · Faculty/Staff","campus":"Las Cruces main campus"},"geometry":{"type":"Point","coordinates":[-106.7491936,32.2804061]}},{"type":"Feature","properties":{"id":"parking-23","code":"","name":"Unnamed","aka":["Las Cruces main campus"],"address":" , Las Cruces, NM","propertyNumber":null,"built":null,"floors":[],"floorsSource":"","kind":"Parking lot","nmsuUrl":null,"photos":[],"source":"Lot outline, name and permit from NMSU Facilities GIS (Parking layer).","floorImages":{},"postedImages":{},"description":[],"doors":[],"codeSource":"","category":"parking","insideName":null,"permit":"Special · Designated for Special Use/Permit","campus":"Las Cruces main campus"},"geometry":{"type":"Point","coordinates":[-106.7632734,32.2803785]}},{"type":"Feature","properties":{"id":"parking-24","code":"","name":"Lot 57","aka":["Las Cruces main campus"],"address":"3045 Sweet Ave, Las Cruces, NM","propertyNumber":null,"built":null,"floors":[],"floorsSource":"","kind":"Parking lot","nmsuUrl":null,"photos":[],"source":"Lot outline, name and permit from NMSU Facilities GIS (Parking layer).","floorImages":{},"postedImages":{},"description":[],"doors":[],"codeSource":"","category":"parking","insideName":null,"permit":"Crimson · Faculty/Staff","campus":"Las Cruces main campus"},"geometry":{"type":"Point","coordinates":[-106.7528379,32.2800413]}},{"type":"Feature","properties":{"id":"parking-25","code":"","name":"Lot 64","aka":["Las Cruces main campus"],"address":"2955 Knox St, Las Cruces, NM","propertyNumber":null,"built":null,"floors":[],"floorsSource":"","kind":"Parking lot","nmsuUrl":null,"photos":[],"source":"Lot outline, name and permit from NMSU Facilities GIS (Parking layer).","floorImages":{},"postedImages":{},"description":[],"doors":[],"codeSource":"","category":"parking","insideName":null,"permit":"Pink · Metered/Visitor Parking","campus":"Las Cruces main campus"},"geometry":{"type":"Point","coordinates":[-106.7565801,32.2806758]}},{"type":"Feature","properties":{"id":"parking-26","code":"","name":"Lot 103","aka":["Las Cruces main campus"],"address":"2900 Knox St, Las Cruces, NM","propertyNumber":null,"built":null,"floors":[],"floorsSource":"","kind":"Parking lot","nmsuUrl":null,"photos":[],"source":"Lot outline, name and permit from NMSU Facilities GIS (Parking layer).","floorImages":{},"postedImages":{},"description":[],"doors":[],"codeSource":"","category":"parking","insideName":null,"permit":"Crimson · Faculty/Staff","campus":"Las Cruces main campus"},"geometry":{"type":"Point","coordinates":[-106.758234,32.2805754]}},{"type":"Feature","properties":{"id":"parking-27","code":"","name":"Lot 42","aka":["Las Cruces main campus"],"address":"3060 Andrew Wall Pl, Las Cruces, NM","propertyNumber":null,"built":null,"floors":[],"floorsSource":"","kind":"Parking lot","nmsuUrl":null,"photos":[],"source":"Lot outline, name and permit from NMSU Facilities GIS (Parking layer).","floorImages":{},"postedImages":{},"description":[],"doors":[],"codeSource":"","category":"parking","insideName":null,"permit":"Green · Commuter Student","campus":"Las Cruces main campus"},"geometry":{"type":"Point","coordinates":[-106.7467335,32.2810435]}},{"type":"Feature","properties":{"id":"parking-28","code":"","name":"Lot 35","aka":["Las Cruces main campus"],"address":"3110 Arrowhead Dr, Las Cruces, NM","propertyNumber":null,"built":null,"floors":[],"floorsSource":"","kind":"Parking lot","nmsuUrl":null,"photos":[],"source":"Lot outline, name and permit from NMSU Facilities GIS (Parking layer).","floorImages":{},"postedImages":{},"description":[],"doors":[],"codeSource":"","category":"parking","insideName":null,"permit":"Brown · Free Parking","campus":"Las Cruces main campus"},"geometry":{"type":"Point","coordinates":[-106.7407237,32.2813921]}},{"type":"Feature","properties":{"id":"parking-29","code":"","name":"Lot 39","aka":["Las Cruces main campus"],"address":"3120 Locust St, Las Cruces, NM","propertyNumber":null,"built":null,"floors":[],"floorsSource":"","kind":"Parking lot","nmsuUrl":null,"photos":[],"source":"Lot outline, name and permit from NMSU Facilities GIS (Parking layer).","floorImages":{},"postedImages":{},"description":[],"doors":[],"codeSource":"","category":"parking","insideName":null,"permit":"Orange · All Permits Valid","campus":"Las Cruces main campus"},"geometry":{"type":"Point","coordinates":[-106.7449882,32.2805614]}},{"type":"Feature","properties":{"id":"parking-30","code":"","name":"Lot 1","aka":["Las Cruces main campus"],"address":"715 College Dr, Las Cruces, NM","propertyNumber":null,"built":null,"floors":[],"floorsSource":"","kind":"Parking lot","nmsuUrl":null,"photos":[],"source":"Lot outline, name and permit from NMSU Facilities GIS (Parking layer).","floorImages":{},"postedImages":{},"description":[],"doors":[],"codeSource":"","category":"parking","insideName":null,"permit":"Special · Designated for Special Use/Permit","campus":"Las Cruces main campus"},"geometry":{"type":"Point","coordinates":[-106.7603925,32.281818]}},{"type":"Feature","properties":{"id":"parking-31","code":"","name":"Las Cruces Convention Center Parking","aka":["Las Cruces main campus"],"address":" , Las Cruces, NM","propertyNumber":null,"built":null,"floors":[],"floorsSource":"","kind":"Parking lot","nmsuUrl":null,"photos":[],"source":"Lot outline, name and permit from NMSU Facilities GIS (Parking layer).","floorImages":{},"postedImages":{},"description":[],"doors":[],"codeSource":"","category":"parking","insideName":null,"permit":"Non NMSU Parking","campus":"Las Cruces main campus"},"geometry":{"type":"Point","coordinates":[-106.7625868,32.2818104]}},{"type":"Feature","properties":{"id":"parking-32","code":"","name":"Lot 5","aka":["Las Cruces main campus"],"address":"2765 S Espina St, Las Cruces, NM","propertyNumber":null,"built":null,"floors":[],"floorsSource":"","kind":"Parking lot","nmsuUrl":null,"photos":[],"source":"Lot outline, name and permit from NMSU Facilities GIS (Parking layer).","floorImages":{},"postedImages":{},"description":[],"doors":[],"codeSource":"","category":"parking","insideName":null,"permit":"Crimson · Faculty/Staff","campus":"Las Cruces main campus"},"geometry":{"type":"Point","coordinates":[-106.7554904,32.2829363]}},{"type":"Feature","properties":{"id":"parking-33","code":"","name":"Lot 33","aka":["Las Cruces main campus"],"address":"1805 Stewart St, Las Cruces, NM","propertyNumber":null,"built":null,"floors":[],"floorsSource":"","kind":"Parking lot","nmsuUrl":null,"photos":[],"source":"Lot outline, name and permit from NMSU Facilities GIS (Parking layer).","floorImages":{},"postedImages":{},"description":[],"doors":[],"codeSource":"","category":"parking","insideName":null,"permit":"Orange · All Permits Valid","campus":"Las Cruces main campus"},"geometry":{"type":"Point","coordinates":[-106.7416124,32.2825247]}},{"type":"Feature","properties":{"id":"parking-34","code":"","name":"Lot 3","aka":["Las Cruces main campus"],"address":"2770 Knox St, Las Cruces, NM","propertyNumber":null,"built":null,"floors":[],"floorsSource":"","kind":"Parking lot","nmsuUrl":null,"photos":[],"source":"Lot outline, name and permit from NMSU Facilities GIS (Parking layer).","floorImages":{},"postedImages":{},"description":[],"doors":[],"codeSource":"","category":"parking","insideName":null,"permit":"Orange · All Permits Valid","campus":"Las Cruces main campus"},"geometry":{"type":"Point","coordinates":[-106.7589615,32.2824566]}},{"type":"Feature","properties":{"id":"parking-35","code":"","name":"Lot 4","aka":["Las Cruces main campus"],"address":"2735 Knox St, Las Cruces, NM","propertyNumber":null,"built":null,"floors":[],"floorsSource":"","kind":"Parking lot","nmsuUrl":null,"photos":[],"source":"Lot outline, name and permit from NMSU Facilities GIS (Parking layer).","floorImages":{},"postedImages":{},"description":[],"doors":[],"codeSource":"","category":"parking","insideName":null,"permit":"Orange · All Permits Valid","campus":"Las Cruces main campus"},"geometry":{"type":"Point","coordinates":[-106.757631,32.2832379]}},{"type":"Feature","properties":{"id":"parking-36","code":"","name":"Lot 10","aka":["Las Cruces main campus"],"address":"1210 E University Ave, Las Cruces, NM","propertyNumber":null,"built":null,"floors":[],"floorsSource":"","kind":"Parking lot","nmsuUrl":null,"photos":[],"source":"Lot outline, name and permit from NMSU Facilities GIS (Parking layer).","floorImages":{},"postedImages":{},"description":[],"doors":[],"codeSource":"","category":"parking","insideName":null,"permit":"Crimson · Faculty/Staff","campus":"Las Cruces main campus"},"geometry":{"type":"Point","coordinates":[-106.7534479,32.2841267]}},{"type":"Feature","properties":{"id":"parking-37","code":"","name":"Lot H1","aka":["Las Cruces main campus"],"address":" , Las Cruces, NM","propertyNumber":null,"built":null,"floors":[],"floorsSource":"","kind":"Parking lot","nmsuUrl":null,"photos":[],"source":"Lot outline, name and permit from NMSU Facilities GIS (Parking layer).","floorImages":{},"postedImages":{},"description":[],"doors":[],"codeSource":"","category":"parking","insideName":null,"permit":"Purple · South Campus Resident","campus":"Las Cruces main campus"},"geometry":{"type":"Point","coordinates":[-106.7535052,32.2745262]}},{"type":"Feature","properties":{"id":"parking-38","code":"","name":"Lot 79F","aka":["Las Cruces main campus"],"address":"1502 Center Dr, Las Cruces, NM","propertyNumber":null,"built":null,"floors":[],"floorsSource":"","kind":"Parking lot","nmsuUrl":null,"photos":[],"source":"Lot outline, name and permit from NMSU Facilities GIS (Parking layer).","floorImages":{},"postedImages":{},"description":[],"doors":[],"codeSource":"","category":"parking","insideName":null,"permit":"Purple · South Campus Resident","campus":"Las Cruces main campus"},"geometry":{"type":"Point","coordinates":[-106.7472082,32.2720846]}},{"type":"Feature","properties":{"id":"parking-39","code":"","name":"Lot H17","aka":["Las Cruces main campus"],"address":" , Las Cruces, NM","propertyNumber":null,"built":null,"floors":[],"floorsSource":"","kind":"Parking lot","nmsuUrl":null,"photos":[],"source":"Lot outline, name and permit from NMSU Facilities GIS (Parking layer).","floorImages":{},"postedImages":{},"description":[],"doors":[],"codeSource":"","category":"parking","insideName":null,"permit":"Purple · South Campus Resident","campus":"Las Cruces main campus"},"geometry":{"type":"Point","coordinates":[-106.7504635,32.2727131]}},{"type":"Feature","properties":{"id":"parking-40","code":"","name":"Lot H5","aka":["Las Cruces main campus"],"address":" , Las Cruces, NM","propertyNumber":null,"built":null,"floors":[],"floorsSource":"","kind":"Parking lot","nmsuUrl":null,"photos":[],"source":"Lot outline, name and permit from NMSU Facilities GIS (Parking layer).","floorImages":{},"postedImages":{},"description":[],"doors":[],"codeSource":"","category":"parking","insideName":null,"permit":"Purple · South Campus Resident","campus":"Las Cruces main campus"},"geometry":{"type":"Point","coordinates":[-106.7522793,32.2736439]}},{"type":"Feature","properties":{"id":"parking-41","code":"","name":"Lot H9","aka":["Las Cruces main campus"],"address":" , Las Cruces, NM","propertyNumber":null,"built":null,"floors":[],"floorsSource":"","kind":"Parking lot","nmsuUrl":null,"photos":[],"source":"Lot outline, name and permit from NMSU Facilities GIS (Parking layer).","floorImages":{},"postedImages":{},"description":[],"doors":[],"codeSource":"","category":"parking","insideName":null,"permit":"Purple · South Campus Resident","campus":"Las Cruces main campus"},"geometry":{"type":"Point","coordinates":[-106.7516754,32.2733323]}},{"type":"Feature","properties":{"id":"parking-42","code":"","name":"Lot H13","aka":["Las Cruces main campus"],"address":" , Las Cruces, NM","propertyNumber":null,"built":null,"floors":[],"floorsSource":"","kind":"Parking lot","nmsuUrl":null,"photos":[],"source":"Lot outline, name and permit from NMSU Facilities GIS (Parking layer).","floorImages":{},"postedImages":{},"description":[],"doors":[],"codeSource":"","category":"parking","insideName":null,"permit":"Purple · South Campus Resident","campus":"Las Cruces main campus"},"geometry":{"type":"Point","coordinates":[-106.7510636,32.2730255]}},{"type":"Feature","properties":{"id":"parking-43","code":"","name":"Arrowhead Park Parking","aka":["Las Cruces main campus"],"address":" , Las Cruces, NM","propertyNumber":null,"built":null,"floors":[],"floorsSource":"","kind":"Parking lot","nmsuUrl":null,"photos":[],"source":"Lot outline, name and permit from NMSU Facilities GIS (Parking layer).","floorImages":{},"postedImages":{},"description":[],"doors":[],"codeSource":"","category":"parking","insideName":null,"permit":"Non NMSU Parking","campus":"Las Cruces main campus"},"geometry":{"type":"Point","coordinates":[-106.7387539,32.2737217]}},{"type":"Feature","properties":{"id":"parking-44","code":"","name":"Lot 98","aka":["Las Cruces main campus"],"address":"3500 S Espina St, Las Cruces, NM","propertyNumber":null,"built":null,"floors":[],"floorsSource":"","kind":"Parking lot","nmsuUrl":null,"photos":[],"source":"Lot outline, name and permit from NMSU Facilities GIS (Parking layer).","floorImages":{},"postedImages":{},"description":[],"doors":[],"codeSource":"","category":"parking","insideName":null,"permit":"Blue · DACC","campus":"Las Cruces main campus"},"geometry":{"type":"Point","coordinates":[-106.7543959,32.2743103]}},{"type":"Feature","properties":{"id":"parking-45","code":"","name":"Lot H10","aka":["Las Cruces main campus"],"address":" , Las Cruces, NM","propertyNumber":null,"built":null,"floors":[],"floorsSource":"","kind":"Parking lot","nmsuUrl":null,"photos":[],"source":"Lot outline, name and permit from NMSU Facilities GIS (Parking layer).","floorImages":{},"postedImages":{},"description":[],"doors":[],"codeSource":"","category":"parking","insideName":null,"permit":"Purple · South Campus Resident","campus":"Las Cruces main campus"},"geometry":{"type":"Point","coordinates":[-106.7504439,32.2734335]}},{"type":"Feature","properties":{"id":"parking-46","code":"","name":"Lot 79E","aka":["Las Cruces main campus"],"address":"3652 Research Dr, Las Cruces, NM","propertyNumber":null,"built":null,"floors":[],"floorsSource":"","kind":"Parking lot","nmsuUrl":null,"photos":[],"source":"Lot outline, name and permit from NMSU Facilities GIS (Parking layer).","floorImages":{},"postedImages":{},"description":[],"doors":[],"codeSource":"","category":"parking","insideName":null,"permit":"Purple · South Campus Resident","campus":"Las Cruces main campus"},"geometry":{"type":"Point","coordinates":[-106.7479526,32.2728339]}},{"type":"Feature","properties":{"id":"parking-47","code":"","name":"Lot 77B","aka":["Las Cruces main campus"],"address":"1622 Standley Dr, Las Cruces, NM","propertyNumber":null,"built":null,"floors":[],"floorsSource":"","kind":"Parking lot","nmsuUrl":null,"photos":[],"source":"Lot outline, name and permit from NMSU Facilities GIS (Parking layer).","floorImages":{},"postedImages":{},"description":[],"doors":[],"codeSource":"","category":"parking","insideName":null,"permit":"Crimson · Faculty/Staff","campus":"Las Cruces main campus"},"geometry":{"type":"Point","coordinates":[-106.7457413,32.2733911]}},{"type":"Feature","properties":{"id":"parking-48","code":"","name":"Usda Parking","aka":["Las Cruces main campus"],"address":" , Las Cruces, NM","propertyNumber":null,"built":null,"floors":[],"floorsSource":"","kind":"Parking lot","nmsuUrl":null,"photos":[],"source":"Lot outline, name and permit from NMSU Facilities GIS (Parking layer).","floorImages":{},"postedImages":{},"description":[],"doors":[],"codeSource":"","category":"parking","insideName":null,"permit":"Non NMSU Parking","campus":"Las Cruces main campus"},"geometry":{"type":"Point","coordinates":[-106.7644581,32.2801526]}},{"type":"Feature","properties":{"id":"parking-50","code":"","name":"Lot 15","aka":["Las Cruces main campus"],"address":"2710 Jordan Rd, Las Cruces, NM","propertyNumber":null,"built":null,"floors":[],"floorsSource":"","kind":"Parking lot","nmsuUrl":null,"photos":[],"source":"Lot outline, name and permit from NMSU Facilities GIS (Parking layer).","floorImages":{},"postedImages":{},"description":[],"doors":[],"codeSource":"","category":"parking","insideName":null,"permit":"Pink · Metered/Visitor Parking","campus":"Las Cruces main campus"},"geometry":{"type":"Point","coordinates":[-106.7502325,32.2843649]}},{"type":"Feature","properties":{"id":"parking-51","code":"","name":"Lot 20","aka":["Las Cruces main campus"],"address":" , Las Cruces, NM","propertyNumber":null,"built":null,"floors":[],"floorsSource":"","kind":"Parking lot","nmsuUrl":null,"photos":[],"source":"Lot outline, name and permit from NMSU Facilities GIS (Parking layer).","floorImages":{},"postedImages":{},"description":[],"doors":[],"codeSource":"","category":"parking","insideName":null,"permit":"Special · Designated for Special Use/Permit","campus":"Las Cruces main campus"},"geometry":{"type":"Point","coordinates":[-106.7475579,32.2854353]}},{"type":"Feature","properties":{"id":"parking-52","code":"","name":"Lot 22","aka":["Las Cruces main campus"],"address":"1740 E University Ave, Las Cruces, NM","propertyNumber":null,"built":null,"floors":[],"floorsSource":"","kind":"Parking lot","nmsuUrl":null,"photos":[],"source":"Lot outline, name and permit from NMSU Facilities GIS (Parking layer).","floorImages":{},"postedImages":{},"description":[],"doors":[],"codeSource":"","category":"parking","insideName":null,"permit":"Yellow · North Campus Resident","campus":"Las Cruces main campus"},"geometry":{"type":"Point","coordinates":[-106.7460844,32.2856786]}},{"type":"Feature","properties":{"id":"parking-53","code":"","name":"Lot 21","aka":["Las Cruces main campus"],"address":" , Las Cruces, NM","propertyNumber":null,"built":null,"floors":[],"floorsSource":"","kind":"Parking lot","nmsuUrl":null,"photos":[],"source":"Lot outline, name and permit from NMSU Facilities GIS (Parking layer).","floorImages":{},"postedImages":{},"description":[],"doors":[],"codeSource":"","category":"parking","insideName":null,"permit":"Special · Designated for Special Use/Permit","campus":"Las Cruces main campus"},"geometry":{"type":"Point","coordinates":[-106.7467713,32.2853806]}},{"type":"Feature","properties":{"id":"parking-54","code":"","name":"Lot 27","aka":["Las Cruces main campus"],"address":"1770 Barbara Hubbard Way, Las Cruces, NM","propertyNumber":null,"built":null,"floors":[],"floorsSource":"","kind":"Parking lot","nmsuUrl":null,"photos":[],"source":"Lot outline, name and permit from NMSU Facilities GIS (Parking layer).","floorImages":{},"postedImages":{},"description":[],"doors":[],"codeSource":"","category":"parking","insideName":null,"permit":"Yellow · North Campus Resident","campus":"Las Cruces main campus"},"geometry":{"type":"Point","coordinates":[-106.7440468,32.2852722]}},{"type":"Feature","properties":{"id":"parking-55","code":"","name":"Lot 29","aka":["Las Cruces main campus"],"address":"1800 Barbara Hubbard Way, Las Cruces, NM","propertyNumber":null,"built":null,"floors":[],"floorsSource":"","kind":"Parking lot","nmsuUrl":null,"photos":[],"source":"Lot outline, name and permit from NMSU Facilities GIS (Parking layer).","floorImages":{},"postedImages":{},"description":[],"doors":[],"codeSource":"","category":"parking","insideName":null,"permit":"Orange · All Permits Valid","campus":"Las Cruces main campus"},"geometry":{"type":"Point","coordinates":[-106.7427336,32.2852185]}},{"type":"Feature","properties":{"id":"parking-56","code":"","name":"Lot 88","aka":["Las Cruces main campus"],"address":"1813 Wells St, Las Cruces, NM","propertyNumber":null,"built":null,"floors":[],"floorsSource":"","kind":"Parking lot","nmsuUrl":null,"photos":[],"source":"Lot outline, name and permit from NMSU Facilities GIS (Parking layer).","floorImages":{},"postedImages":{},"description":[],"doors":[],"codeSource":"","category":"parking","insideName":null,"permit":"Orange · All Permits Valid","campus":"Las Cruces main campus"},"geometry":{"type":"Point","coordinates":[-106.7401551,32.2781312]}},{"type":"Feature","properties":{"id":"parking-57","code":"","name":"Lot 100","aka":["Las Cruces main campus"],"address":"3125 Williams Ave, Las Cruces, NM","propertyNumber":null,"built":null,"floors":[],"floorsSource":"","kind":"Parking lot","nmsuUrl":null,"photos":[],"source":"Lot outline, name and permit from NMSU Facilities GIS (Parking layer).","floorImages":{},"postedImages":{},"description":[],"doors":[],"codeSource":"","category":"parking","insideName":null,"permit":"Orange · All Permits Valid","campus":"Las Cruces main campus"},"geometry":{"type":"Point","coordinates":[-106.7491234,32.2794614]}},{"type":"Feature","properties":{"id":"parking-58","code":"","name":"Lot 79W","aka":["Las Cruces main campus"],"address":"3543 Williams Ave, Las Cruces, NM","propertyNumber":null,"built":null,"floors":[],"floorsSource":"","kind":"Parking lot","nmsuUrl":null,"photos":[],"source":"Lot outline, name and permit from NMSU Facilities GIS (Parking layer).","floorImages":{},"postedImages":{},"description":[],"doors":[],"codeSource":"","category":"parking","insideName":null,"permit":"Purple · South Campus Resident","campus":"Las Cruces main campus"},"geometry":{"type":"Point","coordinates":[-106.7488832,32.2743669]}},{"type":"Feature","properties":{"id":"parking-59","code":"","name":"Wells St","aka":["Las Cruces main campus"],"address":" , Las Cruces, NM","propertyNumber":null,"built":null,"floors":[],"floorsSource":"","kind":"Parking lot","nmsuUrl":null,"photos":[],"source":"Lot outline, name and permit from NMSU Facilities GIS (Parking layer).","floorImages":{},"postedImages":{},"description":[],"doors":[],"codeSource":"","category":"parking","insideName":null,"permit":"Pink · Metered/Visitor Parking","campus":"Las Cruces main campus"},"geometry":{"type":"Point","coordinates":[-106.746947,32.2762463]}},{"type":"Feature","properties":{"id":"parking-60","code":"","name":"Lot 81","aka":["Las Cruces main campus"],"address":" , Las Cruces, NM","propertyNumber":null,"built":null,"floors":[],"floorsSource":"","kind":"Parking lot","nmsuUrl":null,"photos":[],"source":"Lot outline, name and permit from NMSU Facilities GIS (Parking layer).","floorImages":{},"postedImages":{},"description":[],"doors":[],"codeSource":"","category":"parking","insideName":null,"permit":"Orange · All Permits Valid","campus":"Las Cruces main campus"},"geometry":{"type":"Point","coordinates":[-106.746601,32.2762171]}},{"type":"Feature","properties":{"id":"parking-61","code":"","name":"Lot 95","aka":["Las Cruces main campus"],"address":"3525 Research Dr, Las Cruces, NM","propertyNumber":null,"built":null,"floors":[],"floorsSource":"","kind":"Parking lot","nmsuUrl":null,"photos":[],"source":"Lot outline, name and permit from NMSU Facilities GIS (Parking layer).","floorImages":{},"postedImages":{},"description":[],"doors":[],"codeSource":"","category":"parking","insideName":null,"permit":"Crimson · Faculty/Staff","campus":"Las Cruces main campus"},"geometry":{"type":"Point","coordinates":[-106.7473736,32.2753206]}},{"type":"Feature","properties":{"id":"parking-62","code":"","name":"Burrell College Parking","aka":["Las Cruces main campus"],"address":" , Las Cruces, NM","propertyNumber":null,"built":null,"floors":[],"floorsSource":"","kind":"Parking lot","nmsuUrl":null,"photos":[],"source":"Lot outline, name and permit from NMSU Facilities GIS (Parking layer).","floorImages":{},"postedImages":{},"description":[],"doors":[],"codeSource":"","category":"parking","insideName":null,"permit":"Non NMSU Parking","campus":"Las Cruces main campus"},"geometry":{"type":"Point","coordinates":[-106.7367745,32.2784097]}},{"type":"Feature","properties":{"id":"parking-63","code":"","name":"Burrell College Parking","aka":["Las Cruces main campus"],"address":" , Las Cruces, NM","propertyNumber":null,"built":null,"floors":[],"floorsSource":"","kind":"Parking lot","nmsuUrl":null,"photos":[],"source":"Lot outline, name and permit from NMSU Facilities GIS (Parking layer).","floorImages":{},"postedImages":{},"description":[],"doors":[],"codeSource":"","category":"parking","insideName":null,"permit":"Non NMSU Parking","campus":"Las Cruces main campus"},"geometry":{"type":"Point","coordinates":[-106.7383442,32.2778497]}},{"type":"Feature","properties":{"id":"parking-64","code":"","name":"Burrell College Parking","aka":["Las Cruces main campus"],"address":" , Las Cruces, NM","propertyNumber":null,"built":null,"floors":[],"floorsSource":"","kind":"Parking lot","nmsuUrl":null,"photos":[],"source":"Lot outline, name and permit from NMSU Facilities GIS (Parking layer).","floorImages":{},"postedImages":{},"description":[],"doors":[],"codeSource":"","category":"parking","insideName":null,"permit":"Non NMSU Parking","campus":"Las Cruces main campus"},"geometry":{"type":"Point","coordinates":[-106.7375749,32.2766569]}},{"type":"Feature","properties":{"id":"parking-65","code":"","name":"Facilities And Services Special Use Parking","aka":["Las Cruces main campus"],"address":" , Las Cruces, NM","propertyNumber":null,"built":null,"floors":[],"floorsSource":"","kind":"Parking lot","nmsuUrl":null,"photos":[],"source":"Lot outline, name and permit from NMSU Facilities GIS (Parking layer).","floorImages":{},"postedImages":{},"description":[],"doors":[],"codeSource":"","category":"parking","insideName":null,"permit":"Special · Designated for Special Use/Permit","campus":"Las Cruces main campus"},"geometry":{"type":"Point","coordinates":[-106.7464642,32.2760272]}},{"type":"Feature","properties":{"id":"parking-66","code":"","name":"Lot 8","aka":["Las Cruces main campus"],"address":"1180 E University Ave, Las Cruces, NM","propertyNumber":null,"built":null,"floors":[],"floorsSource":"","kind":"Parking lot","nmsuUrl":null,"photos":[],"source":"Lot outline, name and permit from NMSU Facilities GIS (Parking layer).","floorImages":{},"postedImages":{},"description":[],"doors":[],"codeSource":"","category":"parking","insideName":null,"permit":"Crimson · Faculty/Staff","campus":"Las Cruces main campus"},"geometry":{"type":"Point","coordinates":[-106.7540543,32.284113]}},{"type":"Feature","properties":{"id":"parking-67","code":"","name":"Lot 12","aka":["Las Cruces main campus"],"address":"1260 E University Ave, Las Cruces, NM","propertyNumber":null,"built":null,"floors":[],"floorsSource":"","kind":"Parking lot","nmsuUrl":null,"photos":[],"source":"Lot outline, name and permit from NMSU Facilities GIS (Parking layer).","floorImages":{},"postedImages":{},"description":[],"doors":[],"codeSource":"","category":"parking","insideName":null,"permit":"Crimson · Faculty/Staff","campus":"Las Cruces main campus"},"geometry":{"type":"Point","coordinates":[-106.7527641,32.2835438]}},{"type":"Feature","properties":{"id":"parking-68","code":"","name":"Lot 7","aka":["Las Cruces main campus"],"address":"1090 E University Ave, Las Cruces, NM","propertyNumber":null,"built":null,"floors":[],"floorsSource":"","kind":"Parking lot","nmsuUrl":null,"photos":[],"source":"Lot outline, name and permit from NMSU Facilities GIS (Parking layer).","floorImages":{},"postedImages":{},"description":[],"doors":[],"codeSource":"","category":"parking","insideName":null,"permit":"Crimson · Faculty/Staff","campus":"Las Cruces main campus"},"geometry":{"type":"Point","coordinates":[-106.7544872,32.2838518]}},{"type":"Feature","properties":{"id":"parking-69","code":"","name":"Lot 9","aka":["Las Cruces main campus"],"address":"1200 E University Ave, Las Cruces, NM","propertyNumber":null,"built":null,"floors":[],"floorsSource":"","kind":"Parking lot","nmsuUrl":null,"photos":[],"source":"Lot outline, name and permit from NMSU Facilities GIS (Parking layer).","floorImages":{},"postedImages":{},"description":[],"doors":[],"codeSource":"","category":"parking","insideName":null,"permit":"Crimson · Faculty/Staff","campus":"Las Cruces main campus"},"geometry":{"type":"Point","coordinates":[-106.7534643,32.2836387]}},{"type":"Feature","properties":{"id":"parking-70","code":"","name":"Lot 16","aka":["Las Cruces main campus"],"address":"2720 Jordan Rd, Las Cruces, NM","propertyNumber":null,"built":null,"floors":[],"floorsSource":"","kind":"Parking lot","nmsuUrl":null,"photos":[],"source":"Lot outline, name and permit from NMSU Facilities GIS (Parking layer).","floorImages":{},"postedImages":{},"description":[],"doors":[],"codeSource":"","category":"parking","insideName":null,"permit":"Orange · All Permits Valid","campus":"Las Cruces main campus"},"geometry":{"type":"Point","coordinates":[-106.7501543,32.2840294]}},{"type":"Feature","properties":{"id":"parking-71","code":"","name":"Lot 14","aka":["Las Cruces main campus"],"address":"2730 Jordan Rd, Las Cruces, NM","propertyNumber":null,"built":null,"floors":[],"floorsSource":"","kind":"Parking lot","nmsuUrl":null,"photos":[],"source":"Lot outline, name and permit from NMSU Facilities GIS (Parking layer).","floorImages":{},"postedImages":{},"description":[],"doors":[],"codeSource":"","category":"parking","insideName":null,"permit":"Crimson · Faculty/Staff","campus":"Las Cruces main campus"},"geometry":{"type":"Point","coordinates":[-106.7513341,32.2841741]}},{"type":"Feature","properties":{"id":"parking-72","code":"","name":"Lot 18","aka":["Las Cruces main campus"],"address":" , Las Cruces, NM","propertyNumber":null,"built":null,"floors":[],"floorsSource":"","kind":"Parking lot","nmsuUrl":null,"photos":[],"source":"Lot outline, name and permit from NMSU Facilities GIS (Parking layer).","floorImages":{},"postedImages":{},"description":[],"doors":[],"codeSource":"","category":"parking","insideName":null,"permit":"Special · Designated for Special Use/Permit","campus":"Las Cruces main campus"},"geometry":{"type":"Point","coordinates":[-106.748593,32.2852627]}},{"type":"Feature","properties":{"id":"parking-73","code":"","name":"Lot 23","aka":["Las Cruces main campus"],"address":"2625 Locust St, Las Cruces, NM","propertyNumber":null,"built":null,"floors":[],"floorsSource":"","kind":"Parking lot","nmsuUrl":null,"photos":[],"source":"Lot outline, name and permit from NMSU Facilities GIS (Parking layer).","floorImages":{},"postedImages":{},"description":[],"doors":[],"codeSource":"","category":"parking","insideName":null,"permit":"Yellow · North Campus Resident","campus":"Las Cruces main campus"},"geometry":{"type":"Point","coordinates":[-106.7466905,32.2851694]}},{"type":"Feature","properties":{"id":"parking-74","code":"","name":"Lot 43","aka":["Las Cruces main campus"],"address":"3062 Locust St, Las Cruces, NM","propertyNumber":null,"built":null,"floors":[],"floorsSource":"","kind":"Parking lot","nmsuUrl":null,"photos":[],"source":"Lot outline, name and permit from NMSU Facilities GIS (Parking layer).","floorImages":{},"postedImages":{},"description":[],"doors":[],"codeSource":"","category":"parking","insideName":null,"permit":"Crimson · Faculty/Staff","campus":"Las Cruces main campus"},"geometry":{"type":"Point","coordinates":[-106.7472231,32.281024]}},{"type":"Feature","properties":{"id":"parking-75","code":"","name":"Lot 79K","aka":["Las Cruces main campus"],"address":" , Las Cruces, NM","propertyNumber":null,"built":null,"floors":[],"floorsSource":"","kind":"Parking lot","nmsuUrl":null,"photos":[],"source":"Lot outline, name and permit from NMSU Facilities GIS (Parking layer).","floorImages":{},"postedImages":{},"description":[],"doors":[],"codeSource":"","category":"parking","insideName":null,"permit":"Purple · South Campus Resident","campus":"Las Cruces main campus"},"geometry":{"type":"Point","coordinates":[-106.7479682,32.2733705]}},{"type":"Feature","properties":{"id":"parking-76","code":"","name":"Lot 102","aka":["Las Cruces main campus"],"address":" , Las Cruces, NM","propertyNumber":null,"built":null,"floors":[],"floorsSource":"","kind":"Parking lot","nmsuUrl":null,"photos":[],"source":"Lot outline, name and permit from NMSU Facilities GIS (Parking layer).","floorImages":{},"postedImages":{},"description":[],"doors":[],"codeSource":"","category":"parking","insideName":null,"permit":"Special · Designated for Special Use/Permit","campus":"Las Cruces main campus"},"geometry":{"type":"Point","coordinates":[-106.7428339,32.2836033]}},{"type":"Feature","properties":{"id":"parking-77","code":"","name":"Golf Course Parking","aka":["Las Cruces main campus"],"address":" , Las Cruces, NM","propertyNumber":null,"built":null,"floors":[],"floorsSource":"","kind":"Parking lot","nmsuUrl":null,"photos":[],"source":"Lot outline, name and permit from NMSU Facilities GIS (Parking layer).","floorImages":{},"postedImages":{},"description":[],"doors":[],"codeSource":"","category":"parking","insideName":null,"permit":null,"campus":"Las Cruces main campus"},"geometry":{"type":"Point","coordinates":[-106.725494,32.2860416]}},{"type":"Feature","properties":{"id":"parking-78","code":"","name":"Unnamed","aka":["Las Cruces main campus"],"address":" , Las Cruces, NM","propertyNumber":null,"built":null,"floors":[],"floorsSource":"","kind":"Parking lot","nmsuUrl":null,"photos":[],"source":"Lot outline, name and permit from NMSU Facilities GIS (Parking layer).","floorImages":{},"postedImages":{},"description":[],"doors":[],"codeSource":"","category":"parking","insideName":null,"permit":null,"campus":"Las Cruces main campus"},"geometry":{"type":"Point","coordinates":[-106.7279368,32.2828621]}},{"type":"Feature","properties":{"id":"parking-79","code":"","name":"Lot 1","aka":["Las Cruces main campus"],"address":"715 College Dr, Las Cruces, NM","propertyNumber":null,"built":null,"floors":[],"floorsSource":"","kind":"Parking lot","nmsuUrl":null,"photos":[],"source":"Lot outline, name and permit from NMSU Facilities GIS (Parking layer).","floorImages":{},"postedImages":{},"description":[],"doors":[],"codeSource":"","category":"parking","insideName":null,"permit":"Orange · All Permits Valid","campus":"Las Cruces main campus"},"geometry":{"type":"Point","coordinates":[-106.7606086,32.2814669]}},{"type":"Feature","properties":{"id":"parking-80","code":"","name":"Unnamed","aka":["Las Cruces main campus"],"address":" , Las Cruces, NM","propertyNumber":null,"built":null,"floors":[],"floorsSource":"","kind":"Parking lot","nmsuUrl":null,"photos":[],"source":"Lot outline, name and permit from NMSU Facilities GIS (Parking layer).","floorImages":{},"postedImages":{},"description":[],"doors":[],"codeSource":"","category":"parking","insideName":null,"permit":"Orange · All Permits Valid","campus":"Las Cruces main campus"},"geometry":{"type":"Point","coordinates":[-106.759995,32.281649]}},{"type":"Feature","properties":{"id":"parking-81","code":"","name":"Lot 2","aka":["Las Cruces main campus"],"address":" , Las Cruces, NM","propertyNumber":null,"built":null,"floors":[],"floorsSource":"","kind":"Parking lot","nmsuUrl":null,"photos":[],"source":"Lot outline, name and permit from NMSU Facilities GIS (Parking layer).","floorImages":{},"postedImages":{},"description":[],"doors":[],"codeSource":"","category":"parking","insideName":null,"permit":"Pink · Metered/Visitor Parking","campus":"Las Cruces main campus"},"geometry":{"type":"Point","coordinates":[-106.7597662,32.2814986]}},{"type":"Feature","properties":{"id":"parking-82","code":"","name":"Knox St","aka":["Las Cruces main campus"],"address":" , Las Cruces, NM","propertyNumber":null,"built":null,"floors":[],"floorsSource":"","kind":"Parking lot","nmsuUrl":null,"photos":[],"source":"Lot outline, name and permit from NMSU Facilities GIS (Parking layer).","floorImages":{},"postedImages":{},"description":[],"doors":[],"codeSource":"","category":"parking","insideName":null,"permit":"Orange · All Permits Valid","campus":"Las Cruces main campus"},"geometry":{"type":"Point","coordinates":[-106.7578397,32.2823353]}},{"type":"Feature","properties":{"id":"parking-83","code":"","name":"Knox St","aka":["Las Cruces main campus"],"address":" , Las Cruces, NM","propertyNumber":null,"built":null,"floors":[],"floorsSource":"","kind":"Parking lot","nmsuUrl":null,"photos":[],"source":"Lot outline, name and permit from NMSU Facilities GIS (Parking layer).","floorImages":{},"postedImages":{},"description":[],"doors":[],"codeSource":"","category":"parking","insideName":null,"permit":"Orange · All Permits Valid","campus":"Las Cruces main campus"},"geometry":{"type":"Point","coordinates":[-106.7581049,32.2827674]}},{"type":"Feature","properties":{"id":"parking-84","code":"","name":"Knox St","aka":["Las Cruces main campus"],"address":" , Las Cruces, NM","propertyNumber":null,"built":null,"floors":[],"floorsSource":"","kind":"Parking lot","nmsuUrl":null,"photos":[],"source":"Lot outline, name and permit from NMSU Facilities GIS (Parking layer).","floorImages":{},"postedImages":{},"description":[],"doors":[],"codeSource":"","category":"parking","insideName":null,"permit":"Orange · All Permits Valid","campus":"Las Cruces main campus"},"geometry":{"type":"Point","coordinates":[-106.7582523,32.2833245]}},{"type":"Feature","properties":{"id":"parking-85","code":"","name":"Knox St","aka":["Las Cruces main campus"],"address":" , Las Cruces, NM","propertyNumber":null,"built":null,"floors":[],"floorsSource":"","kind":"Parking lot","nmsuUrl":null,"photos":[],"source":"Lot outline, name and permit from NMSU Facilities GIS (Parking layer).","floorImages":{},"postedImages":{},"description":[],"doors":[],"codeSource":"","category":"parking","insideName":null,"permit":"Orange · All Permits Valid","campus":"Las Cruces main campus"},"geometry":{"type":"Point","coordinates":[-106.7583457,32.2832135]}},{"type":"Feature","properties":{"id":"parking-86","code":"","name":"Knox St","aka":["Las Cruces main campus"],"address":" , Las Cruces, NM","propertyNumber":null,"built":null,"floors":[],"floorsSource":"","kind":"Parking lot","nmsuUrl":null,"photos":[],"source":"Lot outline, name and permit from NMSU Facilities GIS (Parking layer).","floorImages":{},"postedImages":{},"description":[],"doors":[],"codeSource":"","category":"parking","insideName":null,"permit":"Orange · All Permits Valid","campus":"Las Cruces main campus"},"geometry":{"type":"Point","coordinates":[-106.7581643,32.2825292]}},{"type":"Feature","properties":{"id":"parking-87","code":"","name":"Knox St","aka":["Las Cruces main campus"],"address":" , Las Cruces, NM","propertyNumber":null,"built":null,"floors":[],"floorsSource":"","kind":"Parking lot","nmsuUrl":null,"photos":[],"source":"Lot outline, name and permit from NMSU Facilities GIS (Parking layer).","floorImages":{},"postedImages":{},"description":[],"doors":[],"codeSource":"","category":"parking","insideName":null,"permit":"Orange · All Permits Valid","campus":"Las Cruces main campus"},"geometry":{"type":"Point","coordinates":[-106.7578685,32.2818681]}},{"type":"Feature","properties":{"id":"parking-88","code":"","name":"Knox St","aka":["Las Cruces main campus"],"address":" , Las Cruces, NM","propertyNumber":null,"built":null,"floors":[],"floorsSource":"","kind":"Parking lot","nmsuUrl":null,"photos":[],"source":"Lot outline, name and permit from NMSU Facilities GIS (Parking layer).","floorImages":{},"postedImages":{},"description":[],"doors":[],"codeSource":"","category":"parking","insideName":null,"permit":"Orange · All Permits Valid","campus":"Las Cruces main campus"},"geometry":{"type":"Point","coordinates":[-106.7579858,32.2818507]}},{"type":"Feature","properties":{"id":"parking-90","code":"","name":"Frenger St","aka":["Las Cruces main campus"],"address":" , Las Cruces, NM","propertyNumber":null,"built":null,"floors":[],"floorsSource":"","kind":"Parking lot","nmsuUrl":null,"photos":[],"source":"Lot outline, name and permit from NMSU Facilities GIS (Parking layer).","floorImages":{},"postedImages":{},"description":[],"doors":[],"codeSource":"","category":"parking","insideName":null,"permit":"Turquoise · Motorcycle Parking","campus":"Las Cruces main campus"},"geometry":{"type":"Point","coordinates":[-106.7564815,32.2804162]}},{"type":"Feature","properties":{"id":"parking-91","code":"","name":"Frenger St","aka":["Las Cruces main campus"],"address":" , Las Cruces, NM","propertyNumber":null,"built":null,"floors":[],"floorsSource":"","kind":"Parking lot","nmsuUrl":null,"photos":[],"source":"Lot outline, name and permit from NMSU Facilities GIS (Parking layer).","floorImages":{},"postedImages":{},"description":[],"doors":[],"codeSource":"","category":"parking","insideName":null,"permit":"Orange · All Permits Valid","campus":"Las Cruces main campus"},"geometry":{"type":"Point","coordinates":[-106.7568353,32.2803162]}},{"type":"Feature","properties":{"id":"parking-92","code":"","name":"Frenger St","aka":["Las Cruces main campus"],"address":" , Las Cruces, NM","propertyNumber":null,"built":null,"floors":[],"floorsSource":"","kind":"Parking lot","nmsuUrl":null,"photos":[],"source":"Lot outline, name and permit from NMSU Facilities GIS (Parking layer).","floorImages":{},"postedImages":{},"description":[],"doors":[],"codeSource":"","category":"parking","insideName":null,"permit":"Orange · All Permits Valid","campus":"Las Cruces main campus"},"geometry":{"type":"Point","coordinates":[-106.7570581,32.2802022]}},{"type":"Feature","properties":{"id":"parking-93","code":"","name":"Knox St","aka":["Las Cruces main campus"],"address":" , Las Cruces, NM","propertyNumber":null,"built":null,"floors":[],"floorsSource":"","kind":"Parking lot","nmsuUrl":null,"photos":[],"source":"Lot outline, name and permit from NMSU Facilities GIS (Parking layer).","floorImages":{},"postedImages":{},"description":[],"doors":[],"codeSource":"","category":"parking","insideName":null,"permit":"Orange · All Permits Valid","campus":"Las Cruces main campus"},"geometry":{"type":"Point","coordinates":[-106.7574149,32.2796706]}},{"type":"Feature","properties":{"id":"parking-94","code":"","name":"Knox St","aka":["Las Cruces main campus"],"address":" , Las Cruces, NM","propertyNumber":null,"built":null,"floors":[],"floorsSource":"","kind":"Parking lot","nmsuUrl":null,"photos":[],"source":"Lot outline, name and permit from NMSU Facilities GIS (Parking layer).","floorImages":{},"postedImages":{},"description":[],"doors":[],"codeSource":"","category":"parking","insideName":null,"permit":"Orange · All Permits Valid","campus":"Las Cruces main campus"},"geometry":{"type":"Point","coordinates":[-106.7572013,32.2791757]}},{"type":"Feature","properties":{"id":"parking-95","code":"","name":"Knox St","aka":["Las Cruces main campus"],"address":" , Las Cruces, NM","propertyNumber":null,"built":null,"floors":[],"floorsSource":"","kind":"Parking lot","nmsuUrl":null,"photos":[],"source":"Lot outline, name and permit from NMSU Facilities GIS (Parking layer).","floorImages":{},"postedImages":{},"description":[],"doors":[],"codeSource":"","category":"parking","insideName":null,"permit":"Orange · All Permits Valid","campus":"Las Cruces main campus"},"geometry":{"type":"Point","coordinates":[-106.7568885,32.2777778]}},{"type":"Feature","properties":{"id":"parking-96","code":"","name":"Knox St","aka":["Las Cruces main campus"],"address":" , Las Cruces, NM","propertyNumber":null,"built":null,"floors":[],"floorsSource":"","kind":"Parking lot","nmsuUrl":null,"photos":[],"source":"Lot outline, name and permit from NMSU Facilities GIS (Parking layer).","floorImages":{},"postedImages":{},"description":[],"doors":[],"codeSource":"","category":"parking","insideName":null,"permit":"Orange · All Permits Valid","campus":"Las Cruces main campus"},"geometry":{"type":"Point","coordinates":[-106.7570057,32.2777304]}},{"type":"Feature","properties":{"id":"parking-97","code":"","name":"Gregg St","aka":["Las Cruces main campus"],"address":" , Las Cruces, NM","propertyNumber":null,"built":null,"floors":[],"floorsSource":"","kind":"Parking lot","nmsuUrl":null,"photos":[],"source":"Lot outline, name and permit from NMSU Facilities GIS (Parking layer).","floorImages":{},"postedImages":{},"description":[],"doors":[],"codeSource":"","category":"parking","insideName":null,"permit":"Orange · All Permits Valid","campus":"Las Cruces main campus"},"geometry":{"type":"Point","coordinates":[-106.7560586,32.2768997]}},{"type":"Feature","properties":{"id":"parking-98","code":"","name":"Gregg St","aka":["Las Cruces main campus"],"address":" , Las Cruces, NM","propertyNumber":null,"built":null,"floors":[],"floorsSource":"","kind":"Parking lot","nmsuUrl":null,"photos":[],"source":"Lot outline, name and permit from NMSU Facilities GIS (Parking layer).","floorImages":{},"postedImages":{},"description":[],"doors":[],"codeSource":"","category":"parking","insideName":null,"permit":"Orange · All Permits Valid","campus":"Las Cruces main campus"},"geometry":{"type":"Point","coordinates":[-106.7562084,32.2767872]}},{"type":"Feature","properties":{"id":"parking-99","code":"","name":"Gregg St","aka":["Las Cruces main campus"],"address":" , Las Cruces, NM","propertyNumber":null,"built":null,"floors":[],"floorsSource":"","kind":"Parking lot","nmsuUrl":null,"photos":[],"source":"Lot outline, name and permit from NMSU Facilities GIS (Parking layer).","floorImages":{},"postedImages":{},"description":[],"doors":[],"codeSource":"","category":"parking","insideName":null,"permit":"Orange · All Permits Valid","campus":"Las Cruces main campus"},"geometry":{"type":"Point","coordinates":[-106.7573646,32.2761214]}},{"type":"Feature","properties":{"id":"parking-100","code":"","name":"Gregg St","aka":["Las Cruces main campus"],"address":" , Las Cruces, NM","propertyNumber":null,"built":null,"floors":[],"floorsSource":"","kind":"Parking lot","nmsuUrl":null,"photos":[],"source":"Lot outline, name and permit from NMSU Facilities GIS (Parking layer).","floorImages":{},"postedImages":{},"description":[],"doors":[],"codeSource":"","category":"parking","insideName":null,"permit":"Orange · All Permits Valid","campus":"Las Cruces main campus"},"geometry":{"type":"Point","coordinates":[-106.7574141,32.2762263]}},{"type":"Feature","properties":{"id":"parking-101","code":"","name":"Lot 70","aka":["DACC Espina campus (Las Cruces)"],"address":"850 Agriculture Way, Las Cruces, NM","propertyNumber":null,"built":null,"floors":[],"floorsSource":"","kind":"Parking lot","nmsuUrl":null,"photos":[],"source":"Lot outline, name and permit from NMSU Facilities GIS (Parking layer).","floorImages":{},"postedImages":{},"description":[],"doors":[],"codeSource":"","category":"parking","insideName":null,"permit":"Blue · DACC","campus":"DACC Espina campus (Las Cruces)"},"geometry":{"type":"Point","coordinates":[-106.7563571,32.2754908]}},{"type":"Feature","properties":{"id":"parking-102","code":"","name":"Lot 69","aka":["Las Cruces main campus"],"address":"850 Agriculture Way, Las Cruces, NM","propertyNumber":null,"built":null,"floors":[],"floorsSource":"","kind":"Parking lot","nmsuUrl":null,"photos":[],"source":"Lot outline, name and permit from NMSU Facilities GIS (Parking layer).","floorImages":{},"postedImages":{},"description":[],"doors":[],"codeSource":"","category":"parking","insideName":null,"permit":"Turquoise · Motorcycle Parking","campus":"Las Cruces main campus"},"geometry":{"type":"Point","coordinates":[-106.7561939,32.2764411]}},{"type":"Feature","properties":{"id":"parking-103","code":"","name":"Lot 71","aka":["DACC Espina campus (Las Cruces)"],"address":"980 Agriculture Way, Las Cruces, NM","propertyNumber":null,"built":null,"floors":[],"floorsSource":"","kind":"Parking lot","nmsuUrl":null,"photos":[],"source":"Lot outline, name and permit from NMSU Facilities GIS (Parking layer).","floorImages":{},"postedImages":{},"description":[],"doors":[],"codeSource":"","category":"parking","insideName":null,"permit":"Orange · All Permits Valid","campus":"DACC Espina campus (Las Cruces)"},"geometry":{"type":"Point","coordinates":[-106.7552648,32.2769597]}},{"type":"Feature","properties":{"id":"parking-104","code":"","name":"Lot 75N","aka":["Las Cruces main campus"],"address":"975 Gregg St, Las Cruces, NM","propertyNumber":null,"built":null,"floors":[],"floorsSource":"","kind":"Parking lot","nmsuUrl":null,"photos":[],"source":"Lot outline, name and permit from NMSU Facilities GIS (Parking layer).","floorImages":{},"postedImages":{},"description":[],"doors":[],"codeSource":"","category":"parking","insideName":null,"permit":"Crimson · Faculty/Staff","campus":"Las Cruces main campus"},"geometry":{"type":"Point","coordinates":[-106.7558013,32.2780524]}},{"type":"Feature","properties":{"id":"parking-105","code":"","name":"Lot 72","aka":["Las Cruces main campus"],"address":"3205 S Espina St, Las Cruces, NM","propertyNumber":null,"built":null,"floors":[],"floorsSource":"","kind":"Parking lot","nmsuUrl":null,"photos":[],"source":"Lot outline, name and permit from NMSU Facilities GIS (Parking layer).","floorImages":{},"postedImages":{},"description":[],"doors":[],"codeSource":"","category":"parking","insideName":null,"permit":"Crimson · Faculty/Staff","campus":"Las Cruces main campus"},"geometry":{"type":"Point","coordinates":[-106.7544745,32.2780097]}},{"type":"Feature","properties":{"id":"parking-106","code":"","name":"Lot 72","aka":["Las Cruces main campus"],"address":"3205 S Espina St, Las Cruces, NM","propertyNumber":null,"built":null,"floors":[],"floorsSource":"","kind":"Parking lot","nmsuUrl":null,"photos":[],"source":"Lot outline, name and permit from NMSU Facilities GIS (Parking layer).","floorImages":{},"postedImages":{},"description":[],"doors":[],"codeSource":"","category":"parking","insideName":null,"permit":"Turquoise · Motorcycle Parking","campus":"Las Cruces main campus"},"geometry":{"type":"Point","coordinates":[-106.7541513,32.277604]}},{"type":"Feature","properties":{"id":"parking-107","code":"","name":"Lot 73","aka":["Las Cruces main campus"],"address":"1105 Gregg St, Las Cruces, NM","propertyNumber":null,"built":null,"floors":[],"floorsSource":"","kind":"Parking lot","nmsuUrl":null,"photos":[],"source":"Lot outline, name and permit from NMSU Facilities GIS (Parking layer).","floorImages":{},"postedImages":{},"description":[],"doors":[],"codeSource":"","category":"parking","insideName":null,"permit":"Crimson · Faculty/Staff","campus":"Las Cruces main campus"},"geometry":{"type":"Point","coordinates":[-106.7531811,32.2776688]}},{"type":"Feature","properties":{"id":"parking-108","code":"","name":"Lot 56","aka":["Las Cruces main campus"],"address":"3135 Sweet Ave, Las Cruces, NM","propertyNumber":null,"built":null,"floors":[],"floorsSource":"","kind":"Parking lot","nmsuUrl":null,"photos":[],"source":"Lot outline, name and permit from NMSU Facilities GIS (Parking layer).","floorImages":{},"postedImages":{},"description":[],"doors":[],"codeSource":"","category":"parking","insideName":null,"permit":"Crimson · Faculty/Staff","campus":"Las Cruces main campus"},"geometry":{"type":"Point","coordinates":[-106.752046,32.2786476]}},{"type":"Feature","properties":{"id":"parking-109","code":"","name":"Lot 55","aka":["Las Cruces main campus"],"address":"3120 Williams Ave, Las Cruces, NM","propertyNumber":null,"built":null,"floors":[],"floorsSource":"","kind":"Parking lot","nmsuUrl":null,"photos":[],"source":"Lot outline, name and permit from NMSU Facilities GIS (Parking layer).","floorImages":{},"postedImages":{},"description":[],"doors":[],"codeSource":"","category":"parking","insideName":null,"permit":"Green · Commuter Student","campus":"Las Cruces main campus"},"geometry":{"type":"Point","coordinates":[-106.751121,32.2793518]}},{"type":"Feature","properties":{"id":"parking-110","code":"","name":"Lot 66","aka":["Las Cruces main campus"],"address":" , Las Cruces, NM","propertyNumber":null,"built":null,"floors":[],"floorsSource":"","kind":"Parking lot","nmsuUrl":null,"photos":[],"source":"Lot outline, name and permit from NMSU Facilities GIS (Parking layer).","floorImages":{},"postedImages":{},"description":[],"doors":[],"codeSource":"","category":"parking","insideName":null,"permit":"Crimson · Faculty/Staff","campus":"Las Cruces main campus"},"geometry":{"type":"Point","coordinates":[-106.7557234,32.2795465]}},{"type":"Feature","properties":{"id":"parking-111","code":"","name":"Lot 59","aka":["Las Cruces main campus"],"address":"3070 Sweet Ave, Las Cruces, NM","propertyNumber":null,"built":null,"floors":[],"floorsSource":"","kind":"Parking lot","nmsuUrl":null,"photos":[],"source":"Lot outline, name and permit from NMSU Facilities GIS (Parking layer).","floorImages":{},"postedImages":{},"description":[],"doors":[],"codeSource":"","category":"parking","insideName":null,"permit":"Crimson · Faculty/Staff","campus":"Las Cruces main campus"},"geometry":{"type":"Point","coordinates":[-106.7534482,32.2797028]}},{"type":"Feature","properties":{"id":"parking-112","code":"","name":"Lot 58","aka":["Las Cruces main campus"],"address":"3020 Sweet Ave, Las Cruces, NM","propertyNumber":null,"built":null,"floors":[],"floorsSource":"","kind":"Parking lot","nmsuUrl":null,"photos":[],"source":"Lot outline, name and permit from NMSU Facilities GIS (Parking layer).","floorImages":{},"postedImages":{},"description":[],"doors":[],"codeSource":"","category":"parking","insideName":null,"permit":"Crimson · Faculty/Staff","campus":"Las Cruces main campus"},"geometry":{"type":"Point","coordinates":[-106.7536859,32.2806274]}},{"type":"Feature","properties":{"id":"parking-113","code":"","name":"Lot 58","aka":["Las Cruces main campus"],"address":"3020 Sweet Ave, Las Cruces, NM","propertyNumber":null,"built":null,"floors":[],"floorsSource":"","kind":"Parking lot","nmsuUrl":null,"photos":[],"source":"Lot outline, name and permit from NMSU Facilities GIS (Parking layer).","floorImages":{},"postedImages":{},"description":[],"doors":[],"codeSource":"","category":"parking","insideName":null,"permit":"Turquoise · Motorcycle Parking","campus":"Las Cruces main campus"},"geometry":{"type":"Point","coordinates":[-106.7539232,32.2807241]}},{"type":"Feature","properties":{"id":"parking-114","code":"","name":"Lot 58","aka":["Las Cruces main campus"],"address":"3020 Sweet Ave, Las Cruces, NM","propertyNumber":null,"built":null,"floors":[],"floorsSource":"","kind":"Parking lot","nmsuUrl":null,"photos":[],"source":"Lot outline, name and permit from NMSU Facilities GIS (Parking layer).","floorImages":{},"postedImages":{},"description":[],"doors":[],"codeSource":"","category":"parking","insideName":null,"permit":"Turquoise · Motorcycle Parking","campus":"Las Cruces main campus"},"geometry":{"type":"Point","coordinates":[-106.7534562,32.2805265]}},{"type":"Feature","properties":{"id":"parking-115","code":"","name":"Lot 52","aka":["Las Cruces main campus"],"address":"3030 Williams Ave, Las Cruces, NM","propertyNumber":null,"built":null,"floors":[],"floorsSource":"","kind":"Parking lot","nmsuUrl":null,"photos":[],"source":"Lot outline, name and permit from NMSU Facilities GIS (Parking layer).","floorImages":{},"postedImages":{},"description":[],"doors":[],"codeSource":"","category":"parking","insideName":null,"permit":"Crimson · Faculty/Staff","campus":"Las Cruces main campus"},"geometry":{"type":"Point","coordinates":[-106.7513131,32.280772]}},{"type":"Feature","properties":{"id":"parking-116","code":"","name":"Lot 54","aka":["Las Cruces main campus"],"address":"3090 Williams Ave, Las Cruces, NM","propertyNumber":null,"built":null,"floors":[],"floorsSource":"","kind":"Parking lot","nmsuUrl":null,"photos":[],"source":"Lot outline, name and permit from NMSU Facilities GIS (Parking layer).","floorImages":{},"postedImages":{},"description":[],"doors":[],"codeSource":"","category":"parking","insideName":null,"permit":"Crimson · Faculty/Staff","campus":"Las Cruces main campus"},"geometry":{"type":"Point","coordinates":[-106.7511574,32.2800315]}},{"type":"Feature","properties":{"id":"parking-117","code":"","name":"Lot 50","aka":["Las Cruces main campus"],"address":" , Las Cruces, NM","propertyNumber":null,"built":null,"floors":[],"floorsSource":"","kind":"Parking lot","nmsuUrl":null,"photos":[],"source":"Lot outline, name and permit from NMSU Facilities GIS (Parking layer).","floorImages":{},"postedImages":{},"description":[],"doors":[],"codeSource":"","category":"parking","insideName":null,"permit":"Crimson · Faculty/Staff","campus":"Las Cruces main campus"},"geometry":{"type":"Point","coordinates":[-106.7508307,32.2808461]}},{"type":"Feature","properties":{"id":"parking-118","code":"","name":"Williams Ave","aka":["Las Cruces main campus"],"address":" , Las Cruces, NM","propertyNumber":null,"built":null,"floors":[],"floorsSource":"","kind":"Parking lot","nmsuUrl":null,"photos":[],"source":"Lot outline, name and permit from NMSU Facilities GIS (Parking layer).","floorImages":{},"postedImages":{},"description":[],"doors":[],"codeSource":"","category":"parking","insideName":null,"permit":"Orange · All Permits Valid","campus":"Las Cruces main campus"},"geometry":{"type":"Point","coordinates":[-106.7509595,32.2804554]}},{"type":"Feature","properties":{"id":"parking-119","code":"","name":"Williams Ave","aka":["Las Cruces main campus"],"address":" , Las Cruces, NM","propertyNumber":null,"built":null,"floors":[],"floorsSource":"","kind":"Parking lot","nmsuUrl":null,"photos":[],"source":"Lot outline, name and permit from NMSU Facilities GIS (Parking layer).","floorImages":{},"postedImages":{},"description":[],"doors":[],"codeSource":"","category":"parking","insideName":null,"permit":"Orange · All Permits Valid","campus":"Las Cruces main campus"},"geometry":{"type":"Point","coordinates":[-106.7508366,32.2803517]}},{"type":"Feature","properties":{"id":"parking-120","code":"","name":"Williams Ave","aka":["Las Cruces main campus"],"address":" , Las Cruces, NM","propertyNumber":null,"built":null,"floors":[],"floorsSource":"","kind":"Parking lot","nmsuUrl":null,"photos":[],"source":"Lot outline, name and permit from NMSU Facilities GIS (Parking layer).","floorImages":{},"postedImages":{},"description":[],"doors":[],"codeSource":"","category":"parking","insideName":null,"permit":"Orange · All Permits Valid","campus":"Las Cruces main campus"},"geometry":{"type":"Point","coordinates":[-106.7509517,32.2807786]}},{"type":"Feature","properties":{"id":"parking-121","code":"","name":"Williams Ave","aka":["Las Cruces main campus"],"address":" , Las Cruces, NM","propertyNumber":null,"built":null,"floors":[],"floorsSource":"","kind":"Parking lot","nmsuUrl":null,"photos":[],"source":"Lot outline, name and permit from NMSU Facilities GIS (Parking layer).","floorImages":{},"postedImages":{},"description":[],"doors":[],"codeSource":"","category":"parking","insideName":null,"permit":"Orange · All Permits Valid","campus":"Las Cruces main campus"},"geometry":{"type":"Point","coordinates":[-106.7510164,32.2810045]}},{"type":"Feature","properties":{"id":"parking-122","code":"","name":"Williams Ave","aka":["Las Cruces main campus"],"address":" , Las Cruces, NM","propertyNumber":null,"built":null,"floors":[],"floorsSource":"","kind":"Parking lot","nmsuUrl":null,"photos":[],"source":"Lot outline, name and permit from NMSU Facilities GIS (Parking layer).","floorImages":{},"postedImages":{},"description":[],"doors":[],"codeSource":"","category":"parking","insideName":null,"permit":"Orange · All Permits Valid","campus":"Las Cruces main campus"},"geometry":{"type":"Point","coordinates":[-106.7511247,32.2810674]}},{"type":"Feature","properties":{"id":"parking-123","code":"","name":"Lot 49","aka":["Las Cruces main campus"],"address":" , Las Cruces, NM","propertyNumber":null,"built":null,"floors":[],"floorsSource":"","kind":"Parking lot","nmsuUrl":null,"photos":[],"source":"Lot outline, name and permit from NMSU Facilities GIS (Parking layer).","floorImages":{},"postedImages":{},"description":[],"doors":[],"codeSource":"","category":"parking","insideName":null,"permit":"Pink · Metered/Visitor Parking","campus":"Las Cruces main campus"},"geometry":{"type":"Point","coordinates":[-106.7508739,32.2811679]}},{"type":"Feature","properties":{"id":"parking-124","code":"","name":"Lot 44","aka":["Las Cruces main campus"],"address":"3090 Breland Dr, Las Cruces, NM","propertyNumber":null,"built":null,"floors":[],"floorsSource":"","kind":"Parking lot","nmsuUrl":null,"photos":[],"source":"Lot outline, name and permit from NMSU Facilities GIS (Parking layer).","floorImages":{},"postedImages":{},"description":[],"doors":[],"codeSource":"","category":"parking","insideName":null,"permit":"Crimson · Faculty/Staff","campus":"Las Cruces main campus"},"geometry":{"type":"Point","coordinates":[-106.7479469,32.2802669]}},{"type":"Feature","properties":{"id":"parking-125","code":"","name":"Lot 44","aka":["Las Cruces main campus"],"address":"3090 Breland Dr, Las Cruces, NM","propertyNumber":null,"built":null,"floors":[],"floorsSource":"","kind":"Parking lot","nmsuUrl":null,"photos":[],"source":"Lot outline, name and permit from NMSU Facilities GIS (Parking layer).","floorImages":{},"postedImages":{},"description":[],"doors":[],"codeSource":"","category":"parking","insideName":null,"permit":"Turquoise · Motorcycle Parking","campus":"Las Cruces main campus"},"geometry":{"type":"Point","coordinates":[-106.7477614,32.2802463]}},{"type":"Feature","properties":{"id":"parking-126","code":"","name":"Lot 45","aka":["Las Cruces main campus"],"address":"3030 Breland Dr, Las Cruces, NM","propertyNumber":null,"built":null,"floors":[],"floorsSource":"","kind":"Parking lot","nmsuUrl":null,"photos":[],"source":"Lot outline, name and permit from NMSU Facilities GIS (Parking layer).","floorImages":{},"postedImages":{},"description":[],"doors":[],"codeSource":"","category":"parking","insideName":null,"permit":"Crimson · Faculty/Staff","campus":"Las Cruces main campus"},"geometry":{"type":"Point","coordinates":[-106.749027,32.2818081]}},{"type":"Feature","properties":{"id":"parking-127","code":"","name":"Lot 17N","aka":["Las Cruces main campus"],"address":"3020 Jordan Rd, Las Cruces, NM","propertyNumber":null,"built":null,"floors":[],"floorsSource":"","kind":"Parking lot","nmsuUrl":null,"photos":[],"source":"Lot outline, name and permit from NMSU Facilities GIS (Parking layer).","floorImages":{},"postedImages":{},"description":[],"doors":[],"codeSource":"","category":"parking","insideName":null,"permit":"Pink · Metered/Visitor Parking","campus":"Las Cruces main campus"},"geometry":{"type":"Point","coordinates":[-106.7492194,32.2826842]}},{"type":"Feature","properties":{"id":"parking-128","code":"","name":"Lot 17","aka":["Las Cruces main campus"],"address":"3030 Breland Dr, Las Cruces, NM","propertyNumber":null,"built":null,"floors":[],"floorsSource":"","kind":"Parking lot","nmsuUrl":null,"photos":[],"source":"Lot outline, name and permit from NMSU Facilities GIS (Parking layer).","floorImages":{},"postedImages":{},"description":[],"doors":[],"codeSource":"","category":"parking","insideName":null,"permit":"Crimson · Faculty/Staff","campus":"Las Cruces main campus"},"geometry":{"type":"Point","coordinates":[-106.7488707,32.2824951]}},{"type":"Feature","properties":{"id":"parking-129","code":"","name":"Lot 19","aka":["Las Cruces main campus"],"address":"2730 Locust St, Las Cruces, NM","propertyNumber":null,"built":null,"floors":[],"floorsSource":"","kind":"Parking lot","nmsuUrl":null,"photos":[],"source":"Lot outline, name and permit from NMSU Facilities GIS (Parking layer).","floorImages":{},"postedImages":{},"description":[],"doors":[],"codeSource":"","category":"parking","insideName":null,"permit":"Turquoise · Motorcycle Parking","campus":"Las Cruces main campus"},"geometry":{"type":"Point","coordinates":[-106.7473785,32.284713]}},{"type":"Feature","properties":{"id":"parking-130","code":"","name":"Lot 19","aka":["Las Cruces main campus"],"address":"2730 Locust St, Las Cruces, NM","propertyNumber":null,"built":null,"floors":[],"floorsSource":"","kind":"Parking lot","nmsuUrl":null,"photos":[],"source":"Lot outline, name and permit from NMSU Facilities GIS (Parking layer).","floorImages":{},"postedImages":{},"description":[],"doors":[],"codeSource":"","category":"parking","insideName":null,"permit":"Yellow · North Campus Resident","campus":"Las Cruces main campus"},"geometry":{"type":"Point","coordinates":[-106.7478703,32.284644]}},{"type":"Feature","properties":{"id":"parking-131","code":"","name":"Lot 7A","aka":["Las Cruces main campus"],"address":" , Las Cruces, NM","propertyNumber":null,"built":null,"floors":[],"floorsSource":"","kind":"Parking lot","nmsuUrl":null,"photos":[],"source":"Lot outline, name and permit from NMSU Facilities GIS (Parking layer).","floorImages":{},"postedImages":{},"description":[],"doors":[],"codeSource":"","category":"parking","insideName":null,"permit":"Crimson · Faculty/Staff","campus":"Las Cruces main campus"},"geometry":{"type":"Point","coordinates":[-106.7545515,32.2841455]}},{"type":"Feature","properties":{"id":"parking-132","code":"","name":"Lot 7B","aka":["Las Cruces main campus"],"address":" , Las Cruces, NM","propertyNumber":null,"built":null,"floors":[],"floorsSource":"","kind":"Parking lot","nmsuUrl":null,"photos":[],"source":"Lot outline, name and permit from NMSU Facilities GIS (Parking layer).","floorImages":{},"postedImages":{},"description":[],"doors":[],"codeSource":"","category":"parking","insideName":null,"permit":"Crimson · Faculty/Staff","campus":"Las Cruces main campus"},"geometry":{"type":"Point","coordinates":[-106.7547071,32.2841557]}},{"type":"Feature","properties":{"id":"parking-133","code":"","name":"Lot 16","aka":["Las Cruces main campus"],"address":"2720 Jordan Rd, Las Cruces, NM","propertyNumber":null,"built":null,"floors":[],"floorsSource":"","kind":"Parking lot","nmsuUrl":null,"photos":[],"source":"Lot outline, name and permit from NMSU Facilities GIS (Parking layer).","floorImages":{},"postedImages":{},"description":[],"doors":[],"codeSource":"","category":"parking","insideName":null,"permit":"Crimson · Faculty/Staff","campus":"Las Cruces main campus"},"geometry":{"type":"Point","coordinates":[-106.7498852,32.2836319]}},{"type":"Feature","properties":{"id":"parking-134","code":"","name":"Lot 16","aka":["Las Cruces main campus"],"address":"2720 Jordan Rd, Las Cruces, NM","propertyNumber":null,"built":null,"floors":[],"floorsSource":"","kind":"Parking lot","nmsuUrl":null,"photos":[],"source":"Lot outline, name and permit from NMSU Facilities GIS (Parking layer).","floorImages":{},"postedImages":{},"description":[],"doors":[],"codeSource":"","category":"parking","insideName":null,"permit":"Turquoise · Motorcycle Parking","campus":"Las Cruces main campus"},"geometry":{"type":"Point","coordinates":[-106.7497227,32.2841939]}},{"type":"Feature","properties":{"id":"parking-135","code":"","name":"Lot 27","aka":["Las Cruces main campus"],"address":"1770 Barbara Hubbard Way, Las Cruces, NM","propertyNumber":null,"built":null,"floors":[],"floorsSource":"","kind":"Parking lot","nmsuUrl":null,"photos":[],"source":"Lot outline, name and permit from NMSU Facilities GIS (Parking layer).","floorImages":{},"postedImages":{},"description":[],"doors":[],"codeSource":"","category":"parking","insideName":null,"permit":"Pink · Metered/Visitor Parking","campus":"Las Cruces main campus"},"geometry":{"type":"Point","coordinates":[-106.7437537,32.2846509]}},{"type":"Feature","properties":{"id":"parking-136","code":"","name":"Lot 23","aka":["Las Cruces main campus"],"address":"2625 Locust St, Las Cruces, NM","propertyNumber":null,"built":null,"floors":[],"floorsSource":"","kind":"Parking lot","nmsuUrl":null,"photos":[],"source":"Lot outline, name and permit from NMSU Facilities GIS (Parking layer).","floorImages":{},"postedImages":{},"description":[],"doors":[],"codeSource":"","category":"parking","insideName":null,"permit":"Turquoise · Motorcycle Parking","campus":"Las Cruces main campus"},"geometry":{"type":"Point","coordinates":[-106.7459698,32.2851715]}},{"type":"Feature","properties":{"id":"parking-137","code":"","name":"Lot 27","aka":["Las Cruces main campus"],"address":"1770 Barbara Hubbard Way, Las Cruces, NM","propertyNumber":null,"built":null,"floors":[],"floorsSource":"","kind":"Parking lot","nmsuUrl":null,"photos":[],"source":"Lot outline, name and permit from NMSU Facilities GIS (Parking layer).","floorImages":{},"postedImages":{},"description":[],"doors":[],"codeSource":"","category":"parking","insideName":null,"permit":"Turquoise · Motorcycle Parking","campus":"Las Cruces main campus"},"geometry":{"type":"Point","coordinates":[-106.744111,32.2846702]}},{"type":"Feature","properties":{"id":"parking-138","code":"","name":"Lot 31","aka":["Las Cruces main campus"],"address":"2900 Arrowhead Dr, Las Cruces, NM","propertyNumber":null,"built":null,"floors":[],"floorsSource":"","kind":"Parking lot","nmsuUrl":null,"photos":[],"source":"Lot outline, name and permit from NMSU Facilities GIS (Parking layer).","floorImages":{},"postedImages":{},"description":[],"doors":[],"codeSource":"","category":"parking","insideName":null,"permit":"Orange · All Permits Valid","campus":"Las Cruces main campus"},"geometry":{"type":"Point","coordinates":[-106.7412307,32.284459]}},{"type":"Feature","properties":{"id":"parking-139","code":"","name":"Lot 31","aka":["Las Cruces main campus"],"address":"2900 Arrowhead Dr, Las Cruces, NM","propertyNumber":null,"built":null,"floors":[],"floorsSource":"","kind":"Parking lot","nmsuUrl":null,"photos":[],"source":"Lot outline, name and permit from NMSU Facilities GIS (Parking layer).","floorImages":{},"postedImages":{},"description":[],"doors":[],"codeSource":"","category":"parking","insideName":null,"permit":"Special · Designated for Special Use/Permit","campus":"Las Cruces main campus"},"geometry":{"type":"Point","coordinates":[-106.7415531,32.284575]}},{"type":"Feature","properties":{"id":"parking-140","code":"","name":"Lot 32","aka":["Las Cruces main campus"],"address":"3000 Arrowhead Dr, Las Cruces, NM","propertyNumber":null,"built":null,"floors":[],"floorsSource":"","kind":"Parking lot","nmsuUrl":null,"photos":[],"source":"Lot outline, name and permit from NMSU Facilities GIS (Parking layer).","floorImages":{},"postedImages":{},"description":[],"doors":[],"codeSource":"","category":"parking","insideName":null,"permit":"Orange · All Permits Valid","campus":"Las Cruces main campus"},"geometry":{"type":"Point","coordinates":[-106.7412235,32.2838086]}},{"type":"Feature","properties":{"id":"parking-141","code":"","name":"Lot 30","aka":["Las Cruces main campus"],"address":" , Las Cruces, NM","propertyNumber":null,"built":null,"floors":[],"floorsSource":"","kind":"Parking lot","nmsuUrl":null,"photos":[],"source":"Lot outline, name and permit from NMSU Facilities GIS (Parking layer).","floorImages":{},"postedImages":{},"description":[],"doors":[],"codeSource":"","category":"parking","insideName":null,"permit":"Brown · Free Parking","campus":"Las Cruces main campus"},"geometry":{"type":"Point","coordinates":[-106.7404065,32.2843014]}},{"type":"Feature","properties":{"id":"parking-142","code":"","name":"Lot 30","aka":["Las Cruces main campus"],"address":"3005 Arrowhead Dr, Las Cruces, NM","propertyNumber":null,"built":null,"floors":[],"floorsSource":"","kind":"Parking lot","nmsuUrl":null,"photos":[],"source":"Lot outline, name and permit from NMSU Facilities GIS (Parking layer).","floorImages":{},"postedImages":{},"description":[],"doors":[],"codeSource":"","category":"parking","insideName":null,"permit":"Brown · Free Parking","campus":"Las Cruces main campus"},"geometry":{"type":"Point","coordinates":[-106.7391809,32.2837567]}},{"type":"Feature","properties":{"id":"parking-143","code":"","name":"Lot 30","aka":["Las Cruces main campus"],"address":" , Las Cruces, NM","propertyNumber":null,"built":null,"floors":[],"floorsSource":"","kind":"Parking lot","nmsuUrl":null,"photos":[],"source":"Lot outline, name and permit from NMSU Facilities GIS (Parking layer).","floorImages":{},"postedImages":{},"description":[],"doors":[],"codeSource":"","category":"parking","insideName":null,"permit":"Brown · Free Parking","campus":"Las Cruces main campus"},"geometry":{"type":"Point","coordinates":[-106.7402425,32.285612]}},{"type":"Feature","properties":{"id":"parking-144","code":"","name":"Lot 83","aka":["Las Cruces main campus"],"address":" , Las Cruces, NM","propertyNumber":null,"built":null,"floors":[],"floorsSource":"","kind":"Parking lot","nmsuUrl":null,"photos":[],"source":"Lot outline, name and permit from NMSU Facilities GIS (Parking layer).","floorImages":{},"postedImages":{},"description":[],"doors":[],"codeSource":"","category":"parking","insideName":null,"permit":"Orange · All Permits Valid","campus":"Las Cruces main campus"},"geometry":{"type":"Point","coordinates":[-106.7427298,32.2781816]}},{"type":"Feature","properties":{"id":"parking-145","code":"","name":"Lot 38","aka":["Las Cruces main campus"],"address":" , Las Cruces, NM","propertyNumber":null,"built":null,"floors":[],"floorsSource":"","kind":"Parking lot","nmsuUrl":null,"photos":[],"source":"Lot outline, name and permit from NMSU Facilities GIS (Parking layer).","floorImages":{},"postedImages":{},"description":[],"doors":[],"codeSource":"","category":"parking","insideName":null,"permit":"Orange · All Permits Valid","campus":"Las Cruces main campus"},"geometry":{"type":"Point","coordinates":[-106.7437903,32.2820554]}},{"type":"Feature","properties":{"id":"parking-146","code":"","name":"Lot 89","aka":["Las Cruces main campus"],"address":" , Las Cruces, NM","propertyNumber":null,"built":null,"floors":[],"floorsSource":"","kind":"Parking lot","nmsuUrl":null,"photos":[],"source":"Lot outline, name and permit from NMSU Facilities GIS (Parking layer).","floorImages":{},"postedImages":{},"description":[],"doors":[],"codeSource":"","category":"parking","insideName":null,"permit":"Orange · All Permits Valid","campus":"Las Cruces main campus"},"geometry":{"type":"Point","coordinates":[-106.7439402,32.2783422]}},{"type":"Feature","properties":{"id":"parking-147","code":"","name":"Lot 38","aka":["Las Cruces main campus"],"address":" , Las Cruces, NM","propertyNumber":null,"built":null,"floors":[],"floorsSource":"","kind":"Parking lot","nmsuUrl":null,"photos":[],"source":"Lot outline, name and permit from NMSU Facilities GIS (Parking layer).","floorImages":{},"postedImages":{},"description":[],"doors":[],"codeSource":"","category":"parking","insideName":null,"permit":"Turquoise · Motorcycle Parking","campus":"Las Cruces main campus"},"geometry":{"type":"Point","coordinates":[-106.7439897,32.2825211]}},{"type":"Feature","properties":{"id":"parking-148","code":"","name":"Lot 41","aka":["Las Cruces main campus"],"address":"3020 Andrew Wall Pl, Las Cruces, NM","propertyNumber":null,"built":null,"floors":[],"floorsSource":"","kind":"Parking lot","nmsuUrl":null,"photos":[],"source":"Lot outline, name and permit from NMSU Facilities GIS (Parking layer).","floorImages":{},"postedImages":{},"description":[],"doors":[],"codeSource":"","category":"parking","insideName":null,"permit":"Crimson · Faculty/Staff","campus":"Las Cruces main campus"},"geometry":{"type":"Point","coordinates":[-106.7470708,32.281963]}},{"type":"Feature","properties":{"id":"parking-149","code":"","name":"Lot 41","aka":["Las Cruces main campus"],"address":"3020 Andrew Wall Pl, Las Cruces, NM","propertyNumber":null,"built":null,"floors":[],"floorsSource":"","kind":"Parking lot","nmsuUrl":null,"photos":[],"source":"Lot outline, name and permit from NMSU Facilities GIS (Parking layer).","floorImages":{},"postedImages":{},"description":[],"doors":[],"codeSource":"","category":"parking","insideName":null,"permit":"Turquoise · Motorcycle Parking","campus":"Las Cruces main campus"},"geometry":{"type":"Point","coordinates":[-106.7471599,32.2816448]}},{"type":"Feature","properties":{"id":"parking-150","code":"","name":"Lot 41","aka":["Las Cruces main campus"],"address":"3020 Andrew Wall Pl, Las Cruces, NM","propertyNumber":null,"built":null,"floors":[],"floorsSource":"","kind":"Parking lot","nmsuUrl":null,"photos":[],"source":"Lot outline, name and permit from NMSU Facilities GIS (Parking layer).","floorImages":{},"postedImages":{},"description":[],"doors":[],"codeSource":"","category":"parking","insideName":null,"permit":"Green · Commuter Student","campus":"Las Cruces main campus"},"geometry":{"type":"Point","coordinates":[-106.7467528,32.2820452]}},{"type":"Feature","properties":{"id":"parking-152","code":"","name":"Lot 100S","aka":["Las Cruces main campus"],"address":"3305 Williams Ave, Las Cruces, NM","propertyNumber":null,"built":null,"floors":[],"floorsSource":"","kind":"Parking lot","nmsuUrl":null,"photos":[],"source":"Lot outline, name and permit from NMSU Facilities GIS (Parking layer).","floorImages":{},"postedImages":{},"description":[],"doors":[],"codeSource":"","category":"parking","insideName":null,"permit":"Green · Commuter Student","campus":"Las Cruces main campus"},"geometry":{"type":"Point","coordinates":[-106.7496831,32.2787642]}},{"type":"Feature","properties":{"id":"parking-153","code":"","name":"Lot 100S","aka":["Las Cruces main campus"],"address":"3305 Williams Ave, Las Cruces, NM","propertyNumber":null,"built":null,"floors":[],"floorsSource":"","kind":"Parking lot","nmsuUrl":null,"photos":[],"source":"Lot outline, name and permit from NMSU Facilities GIS (Parking layer).","floorImages":{},"postedImages":{},"description":[],"doors":[],"codeSource":"","category":"parking","insideName":null,"permit":"Green · Commuter Student","campus":"Las Cruces main campus"},"geometry":{"type":"Point","coordinates":[-106.7495329,32.2780827]}},{"type":"Feature","properties":{"id":"parking-154","code":"","name":"Lot 100S","aka":["Las Cruces main campus"],"address":"3305 Williams Ave, Las Cruces, NM","propertyNumber":null,"built":null,"floors":[],"floorsSource":"","kind":"Parking lot","nmsuUrl":null,"photos":[],"source":"Lot outline, name and permit from NMSU Facilities GIS (Parking layer).","floorImages":{},"postedImages":{},"description":[],"doors":[],"codeSource":"","category":"parking","insideName":null,"permit":"Green · Commuter Student","campus":"Las Cruces main campus"},"geometry":{"type":"Point","coordinates":[-106.7493987,32.277546]}},{"type":"Feature","properties":{"id":"parking-155","code":"","name":"Lot 100S","aka":["Las Cruces main campus"],"address":"3305 Williams Ave, Las Cruces, NM","propertyNumber":null,"built":null,"floors":[],"floorsSource":"","kind":"Parking lot","nmsuUrl":null,"photos":[],"source":"Lot outline, name and permit from NMSU Facilities GIS (Parking layer).","floorImages":{},"postedImages":{},"description":[],"doors":[],"codeSource":"","category":"parking","insideName":null,"permit":"Purple · South Campus Resident","campus":"Las Cruces main campus"},"geometry":{"type":"Point","coordinates":[-106.7495829,32.2782646]}},{"type":"Feature","properties":{"id":"parking-156","code":"","name":"Lot 100S","aka":["Las Cruces main campus"],"address":"3305 Williams Ave, Las Cruces, NM","propertyNumber":null,"built":null,"floors":[],"floorsSource":"","kind":"Parking lot","nmsuUrl":null,"photos":[],"source":"Lot outline, name and permit from NMSU Facilities GIS (Parking layer).","floorImages":{},"postedImages":{},"description":[],"doors":[],"codeSource":"","category":"parking","insideName":null,"permit":"Purple · South Campus Resident","campus":"Las Cruces main campus"},"geometry":{"type":"Point","coordinates":[-106.7496655,32.2777339]}},{"type":"Feature","properties":{"id":"parking-157","code":"","name":"Lot 100S","aka":["Las Cruces main campus"],"address":"3305 Williams Ave, Las Cruces, NM","propertyNumber":null,"built":null,"floors":[],"floorsSource":"","kind":"Parking lot","nmsuUrl":null,"photos":[],"source":"Lot outline, name and permit from NMSU Facilities GIS (Parking layer).","floorImages":{},"postedImages":{},"description":[],"doors":[],"codeSource":"","category":"parking","insideName":null,"permit":"Yellow · North Campus Resident","campus":"Las Cruces main campus"},"geometry":{"type":"Point","coordinates":[-106.7498643,32.2785357]}},{"type":"Feature","properties":{"id":"parking-158","code":"","name":"Lot 100S","aka":["Las Cruces main campus"],"address":"3305 Williams Ave, Las Cruces, NM","propertyNumber":null,"built":null,"floors":[],"floorsSource":"","kind":"Parking lot","nmsuUrl":null,"photos":[],"source":"Lot outline, name and permit from NMSU Facilities GIS (Parking layer).","floorImages":{},"postedImages":{},"description":[],"doors":[],"codeSource":"","category":"parking","insideName":null,"permit":"Yellow · North Campus Resident","campus":"Las Cruces main campus"},"geometry":{"type":"Point","coordinates":[-106.7492588,32.2779333]}},{"type":"Feature","properties":{"id":"parking-159","code":"","name":"Lot 100S","aka":["Las Cruces main campus"],"address":"3305 Williams Ave, Las Cruces, NM","propertyNumber":null,"built":null,"floors":[],"floorsSource":"","kind":"Parking lot","nmsuUrl":null,"photos":[],"source":"Lot outline, name and permit from NMSU Facilities GIS (Parking layer).","floorImages":{},"postedImages":{},"description":[],"doors":[],"codeSource":"","category":"parking","insideName":null,"permit":"Yellow · North Campus Resident","campus":"Las Cruces main campus"},"geometry":{"type":"Point","coordinates":[-106.7493955,32.2773734]}},{"type":"Feature","properties":{"id":"parking-160","code":"","name":"Lot 94","aka":["Las Cruces main campus"],"address":"3515 Research Dr, Las Cruces, NM","propertyNumber":null,"built":null,"floors":[],"floorsSource":"","kind":"Parking lot","nmsuUrl":null,"photos":[],"source":"Lot outline, name and permit from NMSU Facilities GIS (Parking layer).","floorImages":{},"postedImages":{},"description":[],"doors":[],"codeSource":"","category":"parking","insideName":null,"permit":"Special · Designated for Special Use/Permit","campus":"Las Cruces main campus"},"geometry":{"type":"Point","coordinates":[-106.7471632,32.275704]}},{"type":"Feature","properties":{"id":"parking-161","code":"","name":"Lot 80","aka":["Las Cruces main campus"],"address":"1730 Wells St, Las Cruces, NM","propertyNumber":null,"built":null,"floors":[],"floorsSource":"","kind":"Parking lot","nmsuUrl":null,"photos":[],"source":"Lot outline, name and permit from NMSU Facilities GIS (Parking layer).","floorImages":{},"postedImages":{},"description":[],"doors":[],"codeSource":"","category":"parking","insideName":null,"permit":"Orange · All Permits Valid","campus":"Las Cruces main campus"},"geometry":{"type":"Point","coordinates":[-106.7443221,32.2768912]}},{"type":"Feature","properties":{"id":"parking-162","code":"","name":"Lot 90","aka":["Las Cruces main campus"],"address":"3445 Locust St, Las Cruces, NM","propertyNumber":null,"built":null,"floors":[],"floorsSource":"","kind":"Parking lot","nmsuUrl":null,"photos":[],"source":"Lot outline, name and permit from NMSU Facilities GIS (Parking layer).","floorImages":{},"postedImages":{},"description":[],"doors":[],"codeSource":"","category":"parking","insideName":null,"permit":"Orange · All Permits Valid","campus":"Las Cruces main campus"},"geometry":{"type":"Point","coordinates":[-106.7448257,32.2761026]}},{"type":"Feature","properties":{"id":"parking-163","code":"","name":"Lot 91","aka":["Las Cruces main campus"],"address":"3555 Locust St, Las Cruces, NM","propertyNumber":null,"built":null,"floors":[],"floorsSource":"","kind":"Parking lot","nmsuUrl":null,"photos":[],"source":"Lot outline, name and permit from NMSU Facilities GIS (Parking layer).","floorImages":{},"postedImages":{},"description":[],"doors":[],"codeSource":"","category":"parking","insideName":null,"permit":"Orange · All Permits Valid","campus":"Las Cruces main campus"},"geometry":{"type":"Point","coordinates":[-106.7447071,32.2757879]}},{"type":"Feature","properties":{"id":"parking-164","code":"","name":"Lot 92","aka":["Las Cruces main campus"],"address":"3565 Locust St, Las Cruces, NM","propertyNumber":null,"built":null,"floors":[],"floorsSource":"","kind":"Parking lot","nmsuUrl":null,"photos":[],"source":"Lot outline, name and permit from NMSU Facilities GIS (Parking layer).","floorImages":{},"postedImages":{},"description":[],"doors":[],"codeSource":"","category":"parking","insideName":null,"permit":"Orange · All Permits Valid","campus":"Las Cruces main campus"},"geometry":{"type":"Point","coordinates":[-106.7446031,32.2754229]}},{"type":"Feature","properties":{"id":"parking-165","code":"","name":"Lot 105","aka":["Las Cruces main campus"],"address":" , Las Cruces, NM","propertyNumber":null,"built":null,"floors":[],"floorsSource":"","kind":"Parking lot","nmsuUrl":null,"photos":[],"source":"Lot outline, name and permit from NMSU Facilities GIS (Parking layer).","floorImages":{},"postedImages":{},"description":[],"doors":[],"codeSource":"","category":"parking","insideName":null,"permit":"Orange · All Permits Valid","campus":"Las Cruces main campus"},"geometry":{"type":"Point","coordinates":[-106.7426166,32.2769257]}},{"type":"Feature","properties":{"id":"parking-166","code":"","name":"Lot 93","aka":["Las Cruces main campus"],"address":" , Las Cruces, NM","propertyNumber":null,"built":null,"floors":[],"floorsSource":"","kind":"Parking lot","nmsuUrl":null,"photos":[],"source":"Lot outline, name and permit from NMSU Facilities GIS (Parking layer).","floorImages":{},"postedImages":{},"description":[],"doors":[],"codeSource":"","category":"parking","insideName":null,"permit":"Orange · All Permits Valid","campus":"Las Cruces main campus"},"geometry":{"type":"Point","coordinates":[-106.7445687,32.27423]}},{"type":"Feature","properties":{"id":"parking-167","code":"","name":"Lot 77A","aka":["Las Cruces main campus"],"address":"3657 Research Dr, Las Cruces, NM","propertyNumber":null,"built":null,"floors":[],"floorsSource":"","kind":"Parking lot","nmsuUrl":null,"photos":[],"source":"Lot outline, name and permit from NMSU Facilities GIS (Parking layer).","floorImages":{},"postedImages":{},"description":[],"doors":[],"codeSource":"","category":"parking","insideName":null,"permit":"Orange · All Permits Valid","campus":"Las Cruces main campus"},"geometry":{"type":"Point","coordinates":[-106.7464762,32.272125]}},{"type":"Feature","properties":{"id":"parking-168","code":"","name":"Lot 76","aka":["Las Cruces main campus"],"address":"1650 Standley Dr, Las Cruces, NM","propertyNumber":null,"built":null,"floors":[],"floorsSource":"","kind":"Parking lot","nmsuUrl":null,"photos":[],"source":"Lot outline, name and permit from NMSU Facilities GIS (Parking layer).","floorImages":{},"postedImages":{},"description":[],"doors":[],"codeSource":"","category":"parking","insideName":null,"permit":"Orange · All Permits Valid","campus":"Las Cruces main campus"},"geometry":{"type":"Point","coordinates":[-106.7447376,32.2734875]}},{"type":"Feature","properties":{"id":"parking-169","code":"","name":"Lot 97","aka":["Las Cruces main campus"],"address":" , Las Cruces, NM","propertyNumber":null,"built":null,"floors":[],"floorsSource":"","kind":"Parking lot","nmsuUrl":null,"photos":[],"source":"Lot outline, name and permit from NMSU Facilities GIS (Parking layer).","floorImages":{},"postedImages":{},"description":[],"doors":[],"codeSource":"","category":"parking","insideName":null,"permit":"Orange · All Permits Valid","campus":"Las Cruces main campus"},"geometry":{"type":"Point","coordinates":[-106.7450831,32.2726391]}},{"type":"Feature","properties":{"id":"parking-170","code":"","name":"Lot H2","aka":["Las Cruces main campus"],"address":" , Las Cruces, NM","propertyNumber":null,"built":null,"floors":[],"floorsSource":"","kind":"Parking lot","nmsuUrl":null,"photos":[],"source":"Lot outline, name and permit from NMSU Facilities GIS (Parking layer).","floorImages":{},"postedImages":{},"description":[],"doors":[],"codeSource":"","category":"parking","insideName":null,"permit":"Purple · South Campus Resident","campus":"Las Cruces main campus"},"geometry":{"type":"Point","coordinates":[-106.7524745,32.2744734]}},{"type":"Feature","properties":{"id":"parking-171","code":"","name":"Lot 79D","aka":["Las Cruces main campus"],"address":"1402 Standley Dr, Las Cruces, NM","propertyNumber":null,"built":null,"floors":[],"floorsSource":"","kind":"Parking lot","nmsuUrl":null,"photos":[],"source":"Lot outline, name and permit from NMSU Facilities GIS (Parking layer).","floorImages":{},"postedImages":{},"description":[],"doors":[],"codeSource":"","category":"parking","insideName":null,"permit":"Purple · South Campus Resident","campus":"Las Cruces main campus"},"geometry":{"type":"Point","coordinates":[-106.7487028,32.272442]}},{"type":"Feature","properties":{"id":"parking-172","code":"","name":"Lot 79B","aka":["Las Cruces main campus"],"address":"1392 Standley Dr, Las Cruces, NM","propertyNumber":null,"built":null,"floors":[],"floorsSource":"","kind":"Parking lot","nmsuUrl":null,"photos":[],"source":"Lot outline, name and permit from NMSU Facilities GIS (Parking layer).","floorImages":{},"postedImages":{},"description":[],"doors":[],"codeSource":"","category":"parking","insideName":null,"permit":"Purple · South Campus Resident","campus":"Las Cruces main campus"},"geometry":{"type":"Point","coordinates":[-106.7491033,32.2726696]}},{"type":"Feature","properties":{"id":"parking-173","code":"","name":"Lot 79C","aka":["Las Cruces main campus"],"address":"4123 Sam Steele Way, Las Cruces, NM","propertyNumber":null,"built":null,"floors":[],"floorsSource":"","kind":"Parking lot","nmsuUrl":null,"photos":[],"source":"Lot outline, name and permit from NMSU Facilities GIS (Parking layer).","floorImages":{},"postedImages":{},"description":[],"doors":[],"codeSource":"","category":"parking","insideName":null,"permit":"Purple · South Campus Resident","campus":"Las Cruces main campus"},"geometry":{"type":"Point","coordinates":[-106.7489201,32.2717239]}},{"type":"Feature","properties":{"id":"parking-174","code":"","name":"Lot 79J","aka":["Las Cruces main campus"],"address":"4403 Sam Steele Way, Las Cruces, NM","propertyNumber":null,"built":null,"floors":[],"floorsSource":"","kind":"Parking lot","nmsuUrl":null,"photos":[],"source":"Lot outline, name and permit from NMSU Facilities GIS (Parking layer).","floorImages":{},"postedImages":{},"description":[],"doors":[],"codeSource":"","category":"parking","insideName":null,"permit":"Purple · South Campus Resident","campus":"Las Cruces main campus"},"geometry":{"type":"Point","coordinates":[-106.7466567,32.2708335]}},{"type":"Feature","properties":{"id":"parking-175","code":"","name":"Lot 79A","aka":["Las Cruces main campus"],"address":"4103 Sam Steele Way, Las Cruces, NM","propertyNumber":null,"built":null,"floors":[],"floorsSource":"","kind":"Parking lot","nmsuUrl":null,"photos":[],"source":"Lot outline, name and permit from NMSU Facilities GIS (Parking layer).","floorImages":{},"postedImages":{},"description":[],"doors":[],"codeSource":"","category":"parking","insideName":null,"permit":"Special · Designated for Special Use/Permit","campus":"Las Cruces main campus"},"geometry":{"type":"Point","coordinates":[-106.7495795,32.2719815]}},{"type":"Feature","properties":{"id":"parking-176","code":"","name":"Lot 79G","aka":["Las Cruces main campus"],"address":"4203 Sam Steele Way, Las Cruces, NM","propertyNumber":null,"built":null,"floors":[],"floorsSource":"","kind":"Parking lot","nmsuUrl":null,"photos":[],"source":"Lot outline, name and permit from NMSU Facilities GIS (Parking layer).","floorImages":{},"postedImages":{},"description":[],"doors":[],"codeSource":"","category":"parking","insideName":null,"permit":"Purple · South Campus Resident","campus":"Las Cruces main campus"},"geometry":{"type":"Point","coordinates":[-106.7479259,32.2714639]}},{"type":"Feature","properties":{"id":"parking-177","code":"","name":"Sweet Ave","aka":["Las Cruces main campus"],"address":" , Las Cruces, NM","propertyNumber":null,"built":null,"floors":[],"floorsSource":"","kind":"Parking lot","nmsuUrl":null,"photos":[],"source":"Lot outline, name and permit from NMSU Facilities GIS (Parking layer).","floorImages":{},"postedImages":{},"description":[],"doors":[],"codeSource":"","category":"parking","insideName":null,"permit":"Crimson · Faculty/Staff","campus":"Las Cruces main campus"},"geometry":{"type":"Point","coordinates":[-106.7532617,32.2805434]}},{"type":"Feature","properties":{"id":"parking-178","code":"","name":"Sweet Ave","aka":["Las Cruces main campus"],"address":" , Las Cruces, NM","propertyNumber":null,"built":null,"floors":[],"floorsSource":"","kind":"Parking lot","nmsuUrl":null,"photos":[],"source":"Lot outline, name and permit from NMSU Facilities GIS (Parking layer).","floorImages":{},"postedImages":{},"description":[],"doors":[],"codeSource":"","category":"parking","insideName":null,"permit":"Crimson · Faculty/Staff","campus":"Las Cruces main campus"},"geometry":{"type":"Point","coordinates":[-106.7530929,32.2798831]}},{"type":"Feature","properties":{"id":"parking-179","code":"","name":"S Horsehoe","aka":["Las Cruces main campus"],"address":" , Las Cruces, NM","propertyNumber":null,"built":null,"floors":[],"floorsSource":"","kind":"Parking lot","nmsuUrl":null,"photos":[],"source":"Lot outline, name and permit from NMSU Facilities GIS (Parking layer).","floorImages":{},"postedImages":{},"description":[],"doors":[],"codeSource":"","category":"parking","insideName":null,"permit":"Turquoise · Motorcycle Parking","campus":"Las Cruces main campus"},"geometry":{"type":"Point","coordinates":[-106.7535973,32.2818334]}},{"type":"Feature","properties":{"id":"parking-180","code":"","name":"N Horseshoe","aka":["Las Cruces main campus"],"address":" , Las Cruces, NM","propertyNumber":null,"built":null,"floors":[],"floorsSource":"","kind":"Parking lot","nmsuUrl":null,"photos":[],"source":"Lot outline, name and permit from NMSU Facilities GIS (Parking layer).","floorImages":{},"postedImages":{},"description":[],"doors":[],"codeSource":"","category":"parking","insideName":null,"permit":"Orange · All Permits Valid","campus":"Las Cruces main campus"},"geometry":{"type":"Point","coordinates":[-106.7547543,32.2826537]}},{"type":"Feature","properties":{"id":"parking-181","code":"","name":"S Horsehoe","aka":["Las Cruces main campus"],"address":" , Las Cruces, NM","propertyNumber":null,"built":null,"floors":[],"floorsSource":"","kind":"Parking lot","nmsuUrl":null,"photos":[],"source":"Lot outline, name and permit from NMSU Facilities GIS (Parking layer).","floorImages":{},"postedImages":{},"description":[],"doors":[],"codeSource":"","category":"parking","insideName":null,"permit":"Orange · All Permits Valid","campus":"Las Cruces main campus"},"geometry":{"type":"Point","coordinates":[-106.7546656,32.2816292]}},{"type":"Feature","properties":{"id":"parking-182","code":"","name":"Gregg St","aka":["Las Cruces main campus"],"address":" , Las Cruces, NM","propertyNumber":null,"built":null,"floors":[],"floorsSource":"","kind":"Parking lot","nmsuUrl":null,"photos":[],"source":"Lot outline, name and permit from NMSU Facilities GIS (Parking layer).","floorImages":{},"postedImages":{},"description":[],"doors":[],"codeSource":"","category":"parking","insideName":null,"permit":"Orange · All Permits Valid","campus":"Las Cruces main campus"},"geometry":{"type":"Point","coordinates":[-106.7550925,32.2770629]}},{"type":"Feature","properties":{"id":"parking-183","code":"","name":"Gregg St","aka":["Las Cruces main campus"],"address":" , Las Cruces, NM","propertyNumber":null,"built":null,"floors":[],"floorsSource":"","kind":"Parking lot","nmsuUrl":null,"photos":[],"source":"Lot outline, name and permit from NMSU Facilities GIS (Parking layer).","floorImages":{},"postedImages":{},"description":[],"doors":[],"codeSource":"","category":"parking","insideName":null,"permit":"Orange · All Permits Valid","campus":"Las Cruces main campus"},"geometry":{"type":"Point","coordinates":[-106.7513689,32.2777859]}},{"type":"Feature","properties":{"id":"parking-184","code":"","name":"Williams Ave","aka":["Las Cruces main campus"],"address":" , Las Cruces, NM","propertyNumber":null,"built":null,"floors":[],"floorsSource":"","kind":"Parking lot","nmsuUrl":null,"photos":[],"source":"Lot outline, name and permit from NMSU Facilities GIS (Parking layer).","floorImages":{},"postedImages":{},"description":[],"doors":[],"codeSource":"","category":"parking","insideName":null,"permit":"Orange · All Permits Valid","campus":"Las Cruces main campus"},"geometry":{"type":"Point","coordinates":[-106.7502281,32.2776884]}},{"type":"Feature","properties":{"id":"parking-185","code":"","name":"Williams Ave","aka":["Las Cruces main campus"],"address":" , Las Cruces, NM","propertyNumber":null,"built":null,"floors":[],"floorsSource":"","kind":"Parking lot","nmsuUrl":null,"photos":[],"source":"Lot outline, name and permit from NMSU Facilities GIS (Parking layer).","floorImages":{},"postedImages":{},"description":[],"doors":[],"codeSource":"","category":"parking","insideName":null,"permit":"Orange · All Permits Valid","campus":"Las Cruces main campus"},"geometry":{"type":"Point","coordinates":[-106.7500651,32.277626]}},{"type":"Feature","properties":{"id":"parking-186","code":"","name":"Williams Ave","aka":["Las Cruces main campus"],"address":" , Las Cruces, NM","propertyNumber":null,"built":null,"floors":[],"floorsSource":"","kind":"Parking lot","nmsuUrl":null,"photos":[],"source":"Lot outline, name and permit from NMSU Facilities GIS (Parking layer).","floorImages":{},"postedImages":{},"description":[],"doors":[],"codeSource":"","category":"parking","insideName":null,"permit":"Orange · All Permits Valid","campus":"Las Cruces main campus"},"geometry":{"type":"Point","coordinates":[-106.7504783,32.2785745]}},{"type":"Feature","properties":{"id":"parking-187","code":"","name":"Williams Ave","aka":["Las Cruces main campus"],"address":" , Las Cruces, NM","propertyNumber":null,"built":null,"floors":[],"floorsSource":"","kind":"Parking lot","nmsuUrl":null,"photos":[],"source":"Lot outline, name and permit from NMSU Facilities GIS (Parking layer).","floorImages":{},"postedImages":{},"description":[],"doors":[],"codeSource":"","category":"parking","insideName":null,"permit":"Orange · All Permits Valid","campus":"Las Cruces main campus"},"geometry":{"type":"Point","coordinates":[-106.7503458,32.2786855]}},{"type":"Feature","properties":{"id":"parking-188","code":"","name":"Williams Ave","aka":["Las Cruces main campus"],"address":" , Las Cruces, NM","propertyNumber":null,"built":null,"floors":[],"floorsSource":"","kind":"Parking lot","nmsuUrl":null,"photos":[],"source":"Lot outline, name and permit from NMSU Facilities GIS (Parking layer).","floorImages":{},"postedImages":{},"description":[],"doors":[],"codeSource":"","category":"parking","insideName":null,"permit":"Orange · All Permits Valid","campus":"Las Cruces main campus"},"geometry":{"type":"Point","coordinates":[-106.7497825,32.2765372]}},{"type":"Feature","properties":{"id":"parking-189","code":"","name":"Williams Ave","aka":["Las Cruces main campus"],"address":" , Las Cruces, NM","propertyNumber":null,"built":null,"floors":[],"floorsSource":"","kind":"Parking lot","nmsuUrl":null,"photos":[],"source":"Lot outline, name and permit from NMSU Facilities GIS (Parking layer).","floorImages":{},"postedImages":{},"description":[],"doors":[],"codeSource":"","category":"parking","insideName":null,"permit":"Orange · All Permits Valid","campus":"Las Cruces main campus"},"geometry":{"type":"Point","coordinates":[-106.7499452,32.2765881]}},{"type":"Feature","properties":{"id":"parking-190","code":"","name":"Locust St","aka":["Las Cruces main campus"],"address":" , Las Cruces, NM","propertyNumber":null,"built":null,"floors":[],"floorsSource":"","kind":"Parking lot","nmsuUrl":null,"photos":[],"source":"Lot outline, name and permit from NMSU Facilities GIS (Parking layer).","floorImages":{},"postedImages":{},"description":[],"doors":[],"codeSource":"","category":"parking","insideName":null,"permit":"Orange · All Permits Valid","campus":"Las Cruces main campus"},"geometry":{"type":"Point","coordinates":[-106.7460265,32.2804095]}},{"type":"Feature","properties":{"id":"parking-191","code":"","name":"Locust St","aka":["Las Cruces main campus"],"address":" , Las Cruces, NM","propertyNumber":null,"built":null,"floors":[],"floorsSource":"","kind":"Parking lot","nmsuUrl":null,"photos":[],"source":"Lot outline, name and permit from NMSU Facilities GIS (Parking layer).","floorImages":{},"postedImages":{},"description":[],"doors":[],"codeSource":"","category":"parking","insideName":null,"permit":"Orange · All Permits Valid","campus":"Las Cruces main campus"},"geometry":{"type":"Point","coordinates":[-106.745698,32.2790789]}},{"type":"Feature","properties":{"id":"parking-192","code":"","name":"Locust St","aka":["Las Cruces main campus"],"address":" , Las Cruces, NM","propertyNumber":null,"built":null,"floors":[],"floorsSource":"","kind":"Parking lot","nmsuUrl":null,"photos":[],"source":"Lot outline, name and permit from NMSU Facilities GIS (Parking layer).","floorImages":{},"postedImages":{},"description":[],"doors":[],"codeSource":"","category":"parking","insideName":null,"permit":"Orange · All Permits Valid","campus":"Las Cruces main campus"},"geometry":{"type":"Point","coordinates":[-106.745805,32.2789527]}},{"type":"Feature","properties":{"id":"parking-193","code":"","name":"Locust St","aka":["Las Cruces main campus"],"address":" , Las Cruces, NM","propertyNumber":null,"built":null,"floors":[],"floorsSource":"","kind":"Parking lot","nmsuUrl":null,"photos":[],"source":"Lot outline, name and permit from NMSU Facilities GIS (Parking layer).","floorImages":{},"postedImages":{},"description":[],"doors":[],"codeSource":"","category":"parking","insideName":null,"permit":"Orange · All Permits Valid","campus":"Las Cruces main campus"},"geometry":{"type":"Point","coordinates":[-106.7464125,32.281664]}},{"type":"Feature","properties":{"id":"parking-194","code":"","name":"Locust St","aka":["Las Cruces main campus"],"address":" , Las Cruces, NM","propertyNumber":null,"built":null,"floors":[],"floorsSource":"","kind":"Parking lot","nmsuUrl":null,"photos":[],"source":"Lot outline, name and permit from NMSU Facilities GIS (Parking layer).","floorImages":{},"postedImages":{},"description":[],"doors":[],"codeSource":"","category":"parking","insideName":null,"permit":"Orange · All Permits Valid","campus":"Las Cruces main campus"},"geometry":{"type":"Point","coordinates":[-106.7452184,32.2773765]}},{"type":"Feature","properties":{"id":"parking-195","code":"","name":"Standley Dr","aka":["Las Cruces main campus"],"address":" , Las Cruces, NM","propertyNumber":null,"built":null,"floors":[],"floorsSource":"","kind":"Parking lot","nmsuUrl":null,"photos":[],"source":"Lot outline, name and permit from NMSU Facilities GIS (Parking layer).","floorImages":{},"postedImages":{},"description":[],"doors":[],"codeSource":"","category":"parking","insideName":null,"permit":"Orange · All Permits Valid","campus":"Las Cruces main campus"},"geometry":{"type":"Point","coordinates":[-106.7460113,32.2736125]}},{"type":"Feature","properties":{"id":"parking-196","code":"","name":"Standley Dr","aka":["Las Cruces main campus"],"address":" , Las Cruces, NM","propertyNumber":null,"built":null,"floors":[],"floorsSource":"","kind":"Parking lot","nmsuUrl":null,"photos":[],"source":"Lot outline, name and permit from NMSU Facilities GIS (Parking layer).","floorImages":{},"postedImages":{},"description":[],"doors":[],"codeSource":"","category":"parking","insideName":null,"permit":"Orange · All Permits Valid","campus":"Las Cruces main campus"},"geometry":{"type":"Point","coordinates":[-106.7466745,32.273396]}},{"type":"Feature","properties":{"id":"parking-197","code":"","name":"Research Rd","aka":["Las Cruces main campus"],"address":" , Las Cruces, NM","propertyNumber":null,"built":null,"floors":[],"floorsSource":"","kind":"Parking lot","nmsuUrl":null,"photos":[],"source":"Lot outline, name and permit from NMSU Facilities GIS (Parking layer).","floorImages":{},"postedImages":{},"description":[],"doors":[],"codeSource":"","category":"parking","insideName":null,"permit":"Orange · All Permits Valid","campus":"Las Cruces main campus"},"geometry":{"type":"Point","coordinates":[-106.7469172,32.2725644]}},{"type":"Feature","properties":{"id":"parking-198","code":"","name":"Research Rd","aka":["Las Cruces main campus"],"address":" , Las Cruces, NM","propertyNumber":null,"built":null,"floors":[],"floorsSource":"","kind":"Parking lot","nmsuUrl":null,"photos":[],"source":"Lot outline, name and permit from NMSU Facilities GIS (Parking layer).","floorImages":{},"postedImages":{},"description":[],"doors":[],"codeSource":"","category":"parking","insideName":null,"permit":"Orange · All Permits Valid","campus":"Las Cruces main campus"},"geometry":{"type":"Point","coordinates":[-106.7471815,32.2731246]}},{"type":"Feature","properties":{"id":"parking-199","code":"","name":"Research Rd","aka":["Las Cruces main campus"],"address":" , Las Cruces, NM","propertyNumber":null,"built":null,"floors":[],"floorsSource":"","kind":"Parking lot","nmsuUrl":null,"photos":[],"source":"Lot outline, name and permit from NMSU Facilities GIS (Parking layer).","floorImages":{},"postedImages":{},"description":[],"doors":[],"codeSource":"","category":"parking","insideName":null,"permit":"Orange · All Permits Valid","campus":"Las Cruces main campus"},"geometry":{"type":"Point","coordinates":[-106.7470831,32.2727408]}},{"type":"Feature","properties":{"id":"parking-200","code":"","name":"Research Rd","aka":["Las Cruces main campus"],"address":" , Las Cruces, NM","propertyNumber":null,"built":null,"floors":[],"floorsSource":"","kind":"Parking lot","nmsuUrl":null,"photos":[],"source":"Lot outline, name and permit from NMSU Facilities GIS (Parking layer).","floorImages":{},"postedImages":{},"description":[],"doors":[],"codeSource":"","category":"parking","insideName":null,"permit":"Orange · All Permits Valid","campus":"Las Cruces main campus"},"geometry":{"type":"Point","coordinates":[-106.7468539,32.2717977]}},{"type":"Feature","properties":{"id":"parking-201","code":"","name":"Sweet Ave","aka":["Las Cruces main campus"],"address":" , Las Cruces, NM","propertyNumber":null,"built":null,"floors":[],"floorsSource":"","kind":"Parking lot","nmsuUrl":null,"photos":[],"source":"Lot outline, name and permit from NMSU Facilities GIS (Parking layer).","floorImages":{},"postedImages":{},"description":[],"doors":[],"codeSource":"","category":"parking","insideName":null,"permit":"Orange · All Permits Valid","campus":"Las Cruces main campus"},"geometry":{"type":"Point","coordinates":[-106.7526584,32.2780943]}},{"type":"Feature","properties":{"id":"parking-202","code":"","name":"Sweet Ave","aka":["Las Cruces main campus"],"address":" , Las Cruces, NM","propertyNumber":null,"built":null,"floors":[],"floorsSource":"","kind":"Parking lot","nmsuUrl":null,"photos":[],"source":"Lot outline, name and permit from NMSU Facilities GIS (Parking layer).","floorImages":{},"postedImages":{},"description":[],"doors":[],"codeSource":"","category":"parking","insideName":null,"permit":"Orange · All Permits Valid","campus":"Las Cruces main campus"},"geometry":{"type":"Point","coordinates":[-106.7527998,32.2782709]}},{"type":"Feature","properties":{"id":"parking-203","code":"","name":"Sweet Ave","aka":["Las Cruces main campus"],"address":" , Las Cruces, NM","propertyNumber":null,"built":null,"floors":[],"floorsSource":"","kind":"Parking lot","nmsuUrl":null,"photos":[],"source":"Lot outline, name and permit from NMSU Facilities GIS (Parking layer).","floorImages":{},"postedImages":{},"description":[],"doors":[],"codeSource":"","category":"parking","insideName":null,"permit":"Orange · All Permits Valid","campus":"Las Cruces main campus"},"geometry":{"type":"Point","coordinates":[-106.7530098,32.279083]}},{"type":"Feature","properties":{"id":"parking-204","code":"","name":"S Horsehoe","aka":["Las Cruces main campus"],"address":" , Las Cruces, NM","propertyNumber":null,"built":null,"floors":[],"floorsSource":"","kind":"Parking lot","nmsuUrl":null,"photos":[],"source":"Lot outline, name and permit from NMSU Facilities GIS (Parking layer).","floorImages":{},"postedImages":{},"description":[],"doors":[],"codeSource":"","category":"parking","insideName":null,"permit":"Pink · Metered/Visitor Parking","campus":"Las Cruces main campus"},"geometry":{"type":"Point","coordinates":[-106.7537527,32.2818011]}},{"type":"Feature","properties":{"id":"parking-205","code":"","name":"S Espina St","aka":["Las Cruces main campus"],"address":" , Las Cruces, NM","propertyNumber":null,"built":null,"floors":[],"floorsSource":"","kind":"Parking lot","nmsuUrl":null,"photos":[],"source":"Lot outline, name and permit from NMSU Facilities GIS (Parking layer).","floorImages":{},"postedImages":{},"description":[],"doors":[],"codeSource":"","category":"parking","insideName":null,"permit":"Purple · South Campus Resident","campus":"Las Cruces main campus"},"geometry":{"type":"Point","coordinates":[-106.7517989,32.2729011]}},{"type":"Feature","properties":{"id":"parking-206","code":"","name":"Jack Ward Ave","aka":["Las Cruces main campus"],"address":" , Las Cruces, NM","propertyNumber":null,"built":null,"floors":[],"floorsSource":"","kind":"Parking lot","nmsuUrl":null,"photos":[],"source":"Lot outline, name and permit from NMSU Facilities GIS (Parking layer).","floorImages":{},"postedImages":{},"description":[],"doors":[],"codeSource":"","category":"parking","insideName":null,"permit":"Purple · South Campus Resident","campus":"Las Cruces main campus"},"geometry":{"type":"Point","coordinates":[-106.7513241,32.2729292]}},{"type":"Feature","properties":{"id":"parking-207","code":"","name":"Jack Ward Ave","aka":["Las Cruces main campus"],"address":" , Las Cruces, NM","propertyNumber":null,"built":null,"floors":[],"floorsSource":"","kind":"Parking lot","nmsuUrl":null,"photos":[],"source":"Lot outline, name and permit from NMSU Facilities GIS (Parking layer).","floorImages":{},"postedImages":{},"description":[],"doors":[],"codeSource":"","category":"parking","insideName":null,"permit":"Purple · South Campus Resident","campus":"Las Cruces main campus"},"geometry":{"type":"Point","coordinates":[-106.7513742,32.272957]}},{"type":"Feature","properties":{"id":"parking-208","code":"","name":"S Espina St","aka":["Las Cruces main campus"],"address":" , Las Cruces, NM","propertyNumber":null,"built":null,"floors":[],"floorsSource":"","kind":"Parking lot","nmsuUrl":null,"photos":[],"source":"Lot outline, name and permit from NMSU Facilities GIS (Parking layer).","floorImages":{},"postedImages":{},"description":[],"doors":[],"codeSource":"","category":"parking","insideName":null,"permit":"Purple · South Campus Resident","campus":"Las Cruces main campus"},"geometry":{"type":"Point","coordinates":[-106.7512025,32.2725946]}},{"type":"Feature","properties":{"id":"parking-209","code":"","name":"Lowery Davis Ave","aka":["Las Cruces main campus"],"address":" , Las Cruces, NM","propertyNumber":null,"built":null,"floors":[],"floorsSource":"","kind":"Parking lot","nmsuUrl":null,"photos":[],"source":"Lot outline, name and permit from NMSU Facilities GIS (Parking layer).","floorImages":{},"postedImages":{},"description":[],"doors":[],"codeSource":"","category":"parking","insideName":null,"permit":"Purple · South Campus Resident","campus":"Las Cruces main campus"},"geometry":{"type":"Point","coordinates":[-106.750717,32.2726155]}},{"type":"Feature","properties":{"id":"parking-210","code":"","name":"S Espina St","aka":["Las Cruces main campus"],"address":" , Las Cruces, NM","propertyNumber":null,"built":null,"floors":[],"floorsSource":"","kind":"Parking lot","nmsuUrl":null,"photos":[],"source":"Lot outline, name and permit from NMSU Facilities GIS (Parking layer).","floorImages":{},"postedImages":{},"description":[],"doors":[],"codeSource":"","category":"parking","insideName":null,"permit":"Purple · South Campus Resident","campus":"Las Cruces main campus"},"geometry":{"type":"Point","coordinates":[-106.7505798,32.2722757]}},{"type":"Feature","properties":{"id":"parking-211","code":"","name":"Lowery Davis Ave","aka":["Las Cruces main campus"],"address":" , Las Cruces, NM","propertyNumber":null,"built":null,"floors":[],"floorsSource":"","kind":"Parking lot","nmsuUrl":null,"photos":[],"source":"Lot outline, name and permit from NMSU Facilities GIS (Parking layer).","floorImages":{},"postedImages":{},"description":[],"doors":[],"codeSource":"","category":"parking","insideName":null,"permit":"Purple · South Campus Resident","campus":"Las Cruces main campus"},"geometry":{"type":"Point","coordinates":[-106.7505196,32.2728944]}},{"type":"Feature","properties":{"id":"parking-212","code":"","name":"Lowery Davis Ave","aka":["Las Cruces main campus"],"address":" , Las Cruces, NM","propertyNumber":null,"built":null,"floors":[],"floorsSource":"","kind":"Parking lot","nmsuUrl":null,"photos":[],"source":"Lot outline, name and permit from NMSU Facilities GIS (Parking layer).","floorImages":{},"postedImages":{},"description":[],"doors":[],"codeSource":"","category":"parking","insideName":null,"permit":"Purple · South Campus Resident","campus":"Las Cruces main campus"},"geometry":{"type":"Point","coordinates":[-106.7505677,32.2729231]}},{"type":"Feature","properties":{"id":"parking-213","code":"","name":"Wooten Dr","aka":["Las Cruces main campus"],"address":" , Las Cruces, NM","propertyNumber":null,"built":null,"floors":[],"floorsSource":"","kind":"Parking lot","nmsuUrl":null,"photos":[],"source":"Lot outline, name and permit from NMSU Facilities GIS (Parking layer).","floorImages":{},"postedImages":{},"description":[],"doors":[],"codeSource":"","category":"parking","insideName":null,"permit":"Purple · South Campus Resident","campus":"Las Cruces main campus"},"geometry":{"type":"Point","coordinates":[-106.7501462,32.2728928]}},{"type":"Feature","properties":{"id":"parking-214","code":"","name":"Wooten Dr","aka":["Las Cruces main campus"],"address":" , Las Cruces, NM","propertyNumber":null,"built":null,"floors":[],"floorsSource":"","kind":"Parking lot","nmsuUrl":null,"photos":[],"source":"Lot outline, name and permit from NMSU Facilities GIS (Parking layer).","floorImages":{},"postedImages":{},"description":[],"doors":[],"codeSource":"","category":"parking","insideName":null,"permit":"Purple · South Campus Resident","campus":"Las Cruces main campus"},"geometry":{"type":"Point","coordinates":[-106.7500835,32.2729202]}},{"type":"Feature","properties":{"id":"parking-215","code":"","name":"Wooten Dr","aka":["Las Cruces main campus"],"address":" , Las Cruces, NM","propertyNumber":null,"built":null,"floors":[],"floorsSource":"","kind":"Parking lot","nmsuUrl":null,"photos":[],"source":"Lot outline, name and permit from NMSU Facilities GIS (Parking layer).","floorImages":{},"postedImages":{},"description":[],"doors":[],"codeSource":"","category":"parking","insideName":null,"permit":"Purple · South Campus Resident","campus":"Las Cruces main campus"},"geometry":{"type":"Point","coordinates":[-106.7504785,32.2731222]}},{"type":"Feature","properties":{"id":"parking-216","code":"","name":"Wooten Dr","aka":["Las Cruces main campus"],"address":" , Las Cruces, NM","propertyNumber":null,"built":null,"floors":[],"floorsSource":"","kind":"Parking lot","nmsuUrl":null,"photos":[],"source":"Lot outline, name and permit from NMSU Facilities GIS (Parking layer).","floorImages":{},"postedImages":{},"description":[],"doors":[],"codeSource":"","category":"parking","insideName":null,"permit":"Purple · South Campus Resident","campus":"Las Cruces main campus"},"geometry":{"type":"Point","coordinates":[-106.7507626,32.2732077]}},{"type":"Feature","properties":{"id":"parking-217","code":"","name":"Jack Ward Ave","aka":["Las Cruces main campus"],"address":" , Las Cruces, NM","propertyNumber":null,"built":null,"floors":[],"floorsSource":"","kind":"Parking lot","nmsuUrl":null,"photos":[],"source":"Lot outline, name and permit from NMSU Facilities GIS (Parking layer).","floorImages":{},"postedImages":{},"description":[],"doors":[],"codeSource":"","category":"parking","insideName":null,"permit":"Purple · South Campus Resident","campus":"Las Cruces main campus"},"geometry":{"type":"Point","coordinates":[-106.7511747,32.2732379]}},{"type":"Feature","properties":{"id":"parking-218","code":"","name":"Jack Ward Ave","aka":["Las Cruces main campus"],"address":" , Las Cruces, NM","propertyNumber":null,"built":null,"floors":[],"floorsSource":"","kind":"Parking lot","nmsuUrl":null,"photos":[],"source":"Lot outline, name and permit from NMSU Facilities GIS (Parking layer).","floorImages":{},"postedImages":{},"description":[],"doors":[],"codeSource":"","category":"parking","insideName":null,"permit":"Purple · South Campus Resident","campus":"Las Cruces main campus"},"geometry":{"type":"Point","coordinates":[-106.7511239,32.273212]}},{"type":"Feature","properties":{"id":"parking-219","code":"","name":"Wooten Dr","aka":["Las Cruces main campus"],"address":" , Las Cruces, NM","propertyNumber":null,"built":null,"floors":[],"floorsSource":"","kind":"Parking lot","nmsuUrl":null,"photos":[],"source":"Lot outline, name and permit from NMSU Facilities GIS (Parking layer).","floorImages":{},"postedImages":{},"description":[],"doors":[],"codeSource":"","category":"parking","insideName":null,"permit":"Purple · South Campus Resident","campus":"Las Cruces main campus"},"geometry":{"type":"Point","coordinates":[-106.7510247,32.2734015]}},{"type":"Feature","properties":{"id":"parking-220","code":"","name":"Wooten Dr","aka":["Las Cruces main campus"],"address":" , Las Cruces, NM","propertyNumber":null,"built":null,"floors":[],"floorsSource":"","kind":"Parking lot","nmsuUrl":null,"photos":[],"source":"Lot outline, name and permit from NMSU Facilities GIS (Parking layer).","floorImages":{},"postedImages":{},"description":[],"doors":[],"codeSource":"","category":"parking","insideName":null,"permit":"Purple · South Campus Resident","campus":"Las Cruces main campus"},"geometry":{"type":"Point","coordinates":[-106.7513745,32.2735189]}},{"type":"Feature","properties":{"id":"parking-221","code":"","name":"Standley Dr","aka":["Las Cruces main campus"],"address":" , Las Cruces, NM","propertyNumber":null,"built":null,"floors":[],"floorsSource":"","kind":"Parking lot","nmsuUrl":null,"photos":[],"source":"Lot outline, name and permit from NMSU Facilities GIS (Parking layer).","floorImages":{},"postedImages":{},"description":[],"doors":[],"codeSource":"","category":"parking","insideName":null,"permit":"Purple · South Campus Resident","campus":"Las Cruces main campus"},"geometry":{"type":"Point","coordinates":[-106.749945,32.2734644]}},{"type":"Feature","properties":{"id":"parking-222","code":"","name":"Fabian Garcia Ave","aka":["Las Cruces main campus"],"address":" , Las Cruces, NM","propertyNumber":null,"built":null,"floors":[],"floorsSource":"","kind":"Parking lot","nmsuUrl":null,"photos":[],"source":"Lot outline, name and permit from NMSU Facilities GIS (Parking layer).","floorImages":{},"postedImages":{},"description":[],"doors":[],"codeSource":"","category":"parking","insideName":null,"permit":"Purple · South Campus Resident","campus":"Las Cruces main campus"},"geometry":{"type":"Point","coordinates":[-106.7504329,32.2735834]}},{"type":"Feature","properties":{"id":"parking-223","code":"","name":"Fabian Garcia Ave","aka":["Las Cruces main campus"],"address":" , Las Cruces, NM","propertyNumber":null,"built":null,"floors":[],"floorsSource":"","kind":"Parking lot","nmsuUrl":null,"photos":[],"source":"Lot outline, name and permit from NMSU Facilities GIS (Parking layer).","floorImages":{},"postedImages":{},"description":[],"doors":[],"codeSource":"","category":"parking","insideName":null,"permit":"Purple · South Campus Resident","campus":"Las Cruces main campus"},"geometry":{"type":"Point","coordinates":[-106.7504886,32.2735998]}},{"type":"Feature","properties":{"id":"parking-224","code":"","name":"Sweet Ave","aka":["Las Cruces main campus"],"address":" , Las Cruces, NM","propertyNumber":null,"built":null,"floors":[],"floorsSource":"","kind":"Parking lot","nmsuUrl":null,"photos":[],"source":"Lot outline, name and permit from NMSU Facilities GIS (Parking layer).","floorImages":{},"postedImages":{},"description":[],"doors":[],"codeSource":"","category":"parking","insideName":null,"permit":"Purple · South Campus Resident","campus":"Las Cruces main campus"},"geometry":{"type":"Point","coordinates":[-106.7509018,32.2745711]}},{"type":"Feature","properties":{"id":"parking-225","code":"","name":"Sweet Ave","aka":["Las Cruces main campus"],"address":" , Las Cruces, NM","propertyNumber":null,"built":null,"floors":[],"floorsSource":"","kind":"Parking lot","nmsuUrl":null,"photos":[],"source":"Lot outline, name and permit from NMSU Facilities GIS (Parking layer).","floorImages":{},"postedImages":{},"description":[],"doors":[],"codeSource":"","category":"parking","insideName":null,"permit":"Purple · South Campus Resident","campus":"Las Cruces main campus"},"geometry":{"type":"Point","coordinates":[-106.7508366,32.2745963]}},{"type":"Feature","properties":{"id":"parking-226","code":"","name":"Mcarthur Dr","aka":["Las Cruces main campus"],"address":" , Las Cruces, NM","propertyNumber":null,"built":null,"floors":[],"floorsSource":"","kind":"Parking lot","nmsuUrl":null,"photos":[],"source":"Lot outline, name and permit from NMSU Facilities GIS (Parking layer).","floorImages":{},"postedImages":{},"description":[],"doors":[],"codeSource":"","category":"parking","insideName":null,"permit":"Purple · South Campus Resident","campus":"Las Cruces main campus"},"geometry":{"type":"Point","coordinates":[-106.7503952,32.2749271]}},{"type":"Feature","properties":{"id":"parking-227","code":"","name":"Mcarthur Dr","aka":["Las Cruces main campus"],"address":" , Las Cruces, NM","propertyNumber":null,"built":null,"floors":[],"floorsSource":"","kind":"Parking lot","nmsuUrl":null,"photos":[],"source":"Lot outline, name and permit from NMSU Facilities GIS (Parking layer).","floorImages":{},"postedImages":{},"description":[],"doors":[],"codeSource":"","category":"parking","insideName":null,"permit":"Purple · South Campus Resident","campus":"Las Cruces main campus"},"geometry":{"type":"Point","coordinates":[-106.7503384,32.2749567]}},{"type":"Feature","properties":{"id":"parking-228","code":"","name":"Fite Dr","aka":["Las Cruces main campus"],"address":" , Las Cruces, NM","propertyNumber":null,"built":null,"floors":[],"floorsSource":"","kind":"Parking lot","nmsuUrl":null,"photos":[],"source":"Lot outline, name and permit from NMSU Facilities GIS (Parking layer).","floorImages":{},"postedImages":{},"description":[],"doors":[],"codeSource":"","category":"parking","insideName":null,"permit":"Purple · South Campus Resident","campus":"Las Cruces main campus"},"geometry":{"type":"Point","coordinates":[-106.7498799,32.2752846]}},{"type":"Feature","properties":{"id":"parking-229","code":"","name":"Clyde Tombaugh Ave","aka":["Las Cruces main campus"],"address":" , Las Cruces, NM","propertyNumber":null,"built":null,"floors":[],"floorsSource":"","kind":"Parking lot","nmsuUrl":null,"photos":[],"source":"Lot outline, name and permit from NMSU Facilities GIS (Parking layer).","floorImages":{},"postedImages":{},"description":[],"doors":[],"codeSource":"","category":"parking","insideName":null,"permit":"Purple · South Campus Resident","campus":"Las Cruces main campus"},"geometry":{"type":"Point","coordinates":[-106.7519852,32.2732644]}},{"type":"Feature","properties":{"id":"parking-230","code":"","name":"Clyde Tombaugh Ave","aka":["Las Cruces main campus"],"address":" , Las Cruces, NM","propertyNumber":null,"built":null,"floors":[],"floorsSource":"","kind":"Parking lot","nmsuUrl":null,"photos":[],"source":"Lot outline, name and permit from NMSU Facilities GIS (Parking layer).","floorImages":{},"postedImages":{},"description":[],"doors":[],"codeSource":"","category":"parking","insideName":null,"permit":"Purple · South Campus Resident","campus":"Las Cruces main campus"},"geometry":{"type":"Point","coordinates":[-106.7519351,32.2732407]}},{"type":"Feature","properties":{"id":"parking-231","code":"","name":"S Espina St","aka":["Las Cruces main campus"],"address":" , Las Cruces, NM","propertyNumber":null,"built":null,"floors":[],"floorsSource":"","kind":"Parking lot","nmsuUrl":null,"photos":[],"source":"Lot outline, name and permit from NMSU Facilities GIS (Parking layer).","floorImages":{},"postedImages":{},"description":[],"doors":[],"codeSource":"","category":"parking","insideName":null,"permit":"Purple · South Campus Resident","campus":"Las Cruces main campus"},"geometry":{"type":"Point","coordinates":[-106.7524135,32.2732148]}},{"type":"Feature","properties":{"id":"parking-232","code":"","name":"Clyde Tombaugh Ave","aka":["Las Cruces main campus"],"address":" , Las Cruces, NM","propertyNumber":null,"built":null,"floors":[],"floorsSource":"","kind":"Parking lot","nmsuUrl":null,"photos":[],"source":"Lot outline, name and permit from NMSU Facilities GIS (Parking layer).","floorImages":{},"postedImages":{},"description":[],"doors":[],"codeSource":"","category":"parking","insideName":null,"permit":"Purple · South Campus Resident","campus":"Las Cruces main campus"},"geometry":{"type":"Point","coordinates":[-106.7517297,32.273529]}},{"type":"Feature","properties":{"id":"parking-233","code":"","name":"Clyde Tombaugh Ave","aka":["Las Cruces main campus"],"address":" , Las Cruces, NM","propertyNumber":null,"built":null,"floors":[],"floorsSource":"","kind":"Parking lot","nmsuUrl":null,"photos":[],"source":"Lot outline, name and permit from NMSU Facilities GIS (Parking layer).","floorImages":{},"postedImages":{},"description":[],"doors":[],"codeSource":"","category":"parking","insideName":null,"permit":"Purple · South Campus Resident","campus":"Las Cruces main campus"},"geometry":{"type":"Point","coordinates":[-106.7517821,32.2735542]}},{"type":"Feature","properties":{"id":"parking-234","code":"","name":"Barbara Lee Myers Ave","aka":["Las Cruces main campus"],"address":" , Las Cruces, NM","propertyNumber":null,"built":null,"floors":[],"floorsSource":"","kind":"Parking lot","nmsuUrl":null,"photos":[],"source":"Lot outline, name and permit from NMSU Facilities GIS (Parking layer).","floorImages":{},"postedImages":{},"description":[],"doors":[],"codeSource":"","category":"parking","insideName":null,"permit":"Purple · South Campus Resident","campus":"Las Cruces main campus"},"geometry":{"type":"Point","coordinates":[-106.7526338,32.2735265]}},{"type":"Feature","properties":{"id":"parking-235","code":"","name":"Barbara Lee Myers Ave","aka":["Las Cruces main campus"],"address":" , Las Cruces, NM","propertyNumber":null,"built":null,"floors":[],"floorsSource":"","kind":"Parking lot","nmsuUrl":null,"photos":[],"source":"Lot outline, name and permit from NMSU Facilities GIS (Parking layer).","floorImages":{},"postedImages":{},"description":[],"doors":[],"codeSource":"","category":"parking","insideName":null,"permit":"Purple · South Campus Resident","campus":"Las Cruces main campus"},"geometry":{"type":"Point","coordinates":[-106.7525471,32.2735506]}},{"type":"Feature","properties":{"id":"parking-236","code":"","name":"Barbara Lee Myers Ave","aka":["Las Cruces main campus"],"address":" , Las Cruces, NM","propertyNumber":null,"built":null,"floors":[],"floorsSource":"","kind":"Parking lot","nmsuUrl":null,"photos":[],"source":"Lot outline, name and permit from NMSU Facilities GIS (Parking layer).","floorImages":{},"postedImages":{},"description":[],"doors":[],"codeSource":"","category":"parking","insideName":null,"permit":"Purple · South Campus Resident","campus":"Las Cruces main campus"},"geometry":{"type":"Point","coordinates":[-106.7523441,32.2738365]}},{"type":"Feature","properties":{"id":"parking-237","code":"","name":"Barbara Lee Myers Ave","aka":["Las Cruces main campus"],"address":" , Las Cruces, NM","propertyNumber":null,"built":null,"floors":[],"floorsSource":"","kind":"Parking lot","nmsuUrl":null,"photos":[],"source":"Lot outline, name and permit from NMSU Facilities GIS (Parking layer).","floorImages":{},"postedImages":{},"description":[],"doors":[],"codeSource":"","category":"parking","insideName":null,"permit":"Purple · South Campus Resident","campus":"Las Cruces main campus"},"geometry":{"type":"Point","coordinates":[-106.7524333,32.273809]}},{"type":"Feature","properties":{"id":"parking-238","code":"","name":"Wooten Dr","aka":["Las Cruces main campus"],"address":" , Las Cruces, NM","propertyNumber":null,"built":null,"floors":[],"floorsSource":"","kind":"Parking lot","nmsuUrl":null,"photos":[],"source":"Lot outline, name and permit from NMSU Facilities GIS (Parking layer).","floorImages":{},"postedImages":{},"description":[],"doors":[],"codeSource":"","category":"parking","insideName":null,"permit":"Purple · South Campus Resident","campus":"Las Cruces main campus"},"geometry":{"type":"Point","coordinates":[-106.7519486,32.2738194]}},{"type":"Feature","properties":{"id":"parking-239","code":"","name":"Wooten Dr","aka":["Las Cruces main campus"],"address":" , Las Cruces, NM","propertyNumber":null,"built":null,"floors":[],"floorsSource":"","kind":"Parking lot","nmsuUrl":null,"photos":[],"source":"Lot outline, name and permit from NMSU Facilities GIS (Parking layer).","floorImages":{},"postedImages":{},"description":[],"doors":[],"codeSource":"","category":"parking","insideName":null,"permit":"Purple · South Campus Resident","campus":"Las Cruces main campus"},"geometry":{"type":"Point","coordinates":[-106.7516162,32.273708]}},{"type":"Feature","properties":{"id":"parking-240","code":"","name":"Wooten Dr","aka":["Las Cruces main campus"],"address":" , Las Cruces, NM","propertyNumber":null,"built":null,"floors":[],"floorsSource":"","kind":"Parking lot","nmsuUrl":null,"photos":[],"source":"Lot outline, name and permit from NMSU Facilities GIS (Parking layer).","floorImages":{},"postedImages":{},"description":[],"doors":[],"codeSource":"","category":"parking","insideName":null,"permit":"Purple · South Campus Resident","campus":"Las Cruces main campus"},"geometry":{"type":"Point","coordinates":[-106.752283,32.2740486]}},{"type":"Feature","properties":{"id":"parking-241","code":"","name":"Wooten Dr","aka":["Las Cruces main campus"],"address":" , Las Cruces, NM","propertyNumber":null,"built":null,"floors":[],"floorsSource":"","kind":"Parking lot","nmsuUrl":null,"photos":[],"source":"Lot outline, name and permit from NMSU Facilities GIS (Parking layer).","floorImages":{},"postedImages":{},"description":[],"doors":[],"codeSource":"","category":"parking","insideName":null,"permit":"Purple · South Campus Resident","campus":"Las Cruces main campus"},"geometry":{"type":"Point","coordinates":[-106.7525967,32.274152]}},{"type":"Feature","properties":{"id":"parking-242","code":"","name":"John Loveland Ave","aka":["Las Cruces main campus"],"address":" , Las Cruces, NM","propertyNumber":null,"built":null,"floors":[],"floorsSource":"","kind":"Parking lot","nmsuUrl":null,"photos":[],"source":"Lot outline, name and permit from NMSU Facilities GIS (Parking layer).","floorImages":{},"postedImages":{},"description":[],"doors":[],"codeSource":"","category":"parking","insideName":null,"permit":"Purple · South Campus Resident","campus":"Las Cruces main campus"},"geometry":{"type":"Point","coordinates":[-106.7531152,32.2742374]}},{"type":"Feature","properties":{"id":"parking-243","code":"","name":"John Loveland Ave","aka":["Las Cruces main campus"],"address":" , Las Cruces, NM","propertyNumber":null,"built":null,"floors":[],"floorsSource":"","kind":"Parking lot","nmsuUrl":null,"photos":[],"source":"Lot outline, name and permit from NMSU Facilities GIS (Parking layer).","floorImages":{},"postedImages":{},"description":[],"doors":[],"codeSource":"","category":"parking","insideName":null,"permit":"Purple · South Campus Resident","campus":"Las Cruces main campus"},"geometry":{"type":"Point","coordinates":[-106.7531166,32.2742885]}},{"type":"Feature","properties":{"id":"parking-244","code":"","name":"Wooten Dr","aka":["Las Cruces main campus"],"address":" , Las Cruces, NM","propertyNumber":null,"built":null,"floors":[],"floorsSource":"","kind":"Parking lot","nmsuUrl":null,"photos":[],"source":"Lot outline, name and permit from NMSU Facilities GIS (Parking layer).","floorImages":{},"postedImages":{},"description":[],"doors":[],"codeSource":"","category":"parking","insideName":null,"permit":"Purple · South Campus Resident","campus":"Las Cruces main campus"},"geometry":{"type":"Point","coordinates":[-106.7528142,32.2745886]}},{"type":"Feature","properties":{"id":"parking-245","code":"","name":"Wooten Dr","aka":["Las Cruces main campus"],"address":" , Las Cruces, NM","propertyNumber":null,"built":null,"floors":[],"floorsSource":"","kind":"Parking lot","nmsuUrl":null,"photos":[],"source":"Lot outline, name and permit from NMSU Facilities GIS (Parking layer).","floorImages":{},"postedImages":{},"description":[],"doors":[],"codeSource":"","category":"parking","insideName":null,"permit":"Purple · South Campus Resident","campus":"Las Cruces main campus"},"geometry":{"type":"Point","coordinates":[-106.7528825,32.274619]}},{"type":"Feature","properties":{"id":"parking-246","code":"","name":"Roberto Gallegos Ave","aka":["Las Cruces main campus"],"address":" , Las Cruces, NM","propertyNumber":null,"built":null,"floors":[],"floorsSource":"","kind":"Parking lot","nmsuUrl":null,"photos":[],"source":"Lot outline, name and permit from NMSU Facilities GIS (Parking layer).","floorImages":{},"postedImages":{},"description":[],"doors":[],"codeSource":"","category":"parking","insideName":null,"permit":"Purple · South Campus Resident","campus":"Las Cruces main campus"},"geometry":{"type":"Point","coordinates":[-106.7533399,32.2740487]}},{"type":"Feature","properties":{"id":"parking-247","code":"","name":"Roberto Gallegos Ave","aka":["Las Cruces main campus"],"address":" , Las Cruces, NM","propertyNumber":null,"built":null,"floors":[],"floorsSource":"","kind":"Parking lot","nmsuUrl":null,"photos":[],"source":"Lot outline, name and permit from NMSU Facilities GIS (Parking layer).","floorImages":{},"postedImages":{},"description":[],"doors":[],"codeSource":"","category":"parking","insideName":null,"permit":"Purple · South Campus Resident","campus":"Las Cruces main campus"},"geometry":{"type":"Point","coordinates":[-106.7534008,32.2740978]}},{"type":"Feature","properties":{"id":"parking-248","code":"","name":"S Espina St","aka":["Las Cruces main campus"],"address":" , Las Cruces, NM","propertyNumber":null,"built":null,"floors":[],"floorsSource":"","kind":"Parking lot","nmsuUrl":null,"photos":[],"source":"Lot outline, name and permit from NMSU Facilities GIS (Parking layer).","floorImages":{},"postedImages":{},"description":[],"doors":[],"codeSource":"","category":"parking","insideName":null,"permit":"Purple · South Campus Resident","campus":"Las Cruces main campus"},"geometry":{"type":"Point","coordinates":[-106.7537572,32.2740691]}},{"type":"Feature","properties":{"id":"parking-249","code":"","name":"Hollinger St","aka":["Las Cruces main campus"],"address":" , Las Cruces, NM","propertyNumber":null,"built":null,"floors":[],"floorsSource":"","kind":"Parking lot","nmsuUrl":null,"photos":[],"source":"Lot outline, name and permit from NMSU Facilities GIS (Parking layer).","floorImages":{},"postedImages":{},"description":[],"doors":[],"codeSource":"","category":"parking","insideName":null,"permit":"Purple · South Campus Resident","campus":"Las Cruces main campus"},"geometry":{"type":"Point","coordinates":[-106.7503702,32.2773408]}},{"type":"Feature","properties":{"id":"parking-250","code":"","name":"Hollinger St","aka":["Las Cruces main campus"],"address":" , Las Cruces, NM","propertyNumber":null,"built":null,"floors":[],"floorsSource":"","kind":"Parking lot","nmsuUrl":null,"photos":[],"source":"Lot outline, name and permit from NMSU Facilities GIS (Parking layer).","floorImages":{},"postedImages":{},"description":[],"doors":[],"codeSource":"","category":"parking","insideName":null,"permit":"Purple · South Campus Resident","campus":"Las Cruces main campus"},"geometry":{"type":"Point","coordinates":[-106.7504064,32.2773932]}},{"type":"Feature","properties":{"id":"parking-251","code":"","name":"Gregg St","aka":["Las Cruces main campus"],"address":" , Las Cruces, NM","propertyNumber":null,"built":null,"floors":[],"floorsSource":"","kind":"Parking lot","nmsuUrl":null,"photos":[],"source":"Lot outline, name and permit from NMSU Facilities GIS (Parking layer).","floorImages":{},"postedImages":{},"description":[],"doors":[],"codeSource":"","category":"parking","insideName":null,"permit":"Purple · South Campus Resident","campus":"Las Cruces main campus"},"geometry":{"type":"Point","coordinates":[-106.7505854,32.2778518]}},{"type":"Feature","properties":{"id":"parking-252","code":"","name":"Fite Dr","aka":["Las Cruces main campus"],"address":" , Las Cruces, NM","propertyNumber":null,"built":null,"floors":[],"floorsSource":"","kind":"Parking lot","nmsuUrl":null,"photos":[],"source":"Lot outline, name and permit from NMSU Facilities GIS (Parking layer).","floorImages":{},"postedImages":{},"description":[],"doors":[],"codeSource":"","category":"parking","insideName":null,"permit":"Purple · South Campus Resident","campus":"Las Cruces main campus"},"geometry":{"type":"Point","coordinates":[-106.7507604,32.2775315]}},{"type":"Feature","properties":{"id":"parking-253","code":"","name":"Fite Dr","aka":["Las Cruces main campus"],"address":" , Las Cruces, NM","propertyNumber":null,"built":null,"floors":[],"floorsSource":"","kind":"Parking lot","nmsuUrl":null,"photos":[],"source":"Lot outline, name and permit from NMSU Facilities GIS (Parking layer).","floorImages":{},"postedImages":{},"description":[],"doors":[],"codeSource":"","category":"parking","insideName":null,"permit":"Purple · South Campus Resident","campus":"Las Cruces main campus"},"geometry":{"type":"Point","coordinates":[-106.7503977,32.2767315]}},{"type":"Feature","properties":{"id":"parking-254","code":"","name":"Fite Dr","aka":["Las Cruces main campus"],"address":" , Las Cruces, NM","propertyNumber":null,"built":null,"floors":[],"floorsSource":"","kind":"Parking lot","nmsuUrl":null,"photos":[],"source":"Lot outline, name and permit from NMSU Facilities GIS (Parking layer).","floorImages":{},"postedImages":{},"description":[],"doors":[],"codeSource":"","category":"parking","insideName":null,"permit":"Purple · South Campus Resident","campus":"Las Cruces main campus"},"geometry":{"type":"Point","coordinates":[-106.7502527,32.2764619]}},{"type":"Feature","properties":{"id":"parking-255","code":"","name":"Mcarthur Dr","aka":["Las Cruces main campus"],"address":" , Las Cruces, NM","propertyNumber":null,"built":null,"floors":[],"floorsSource":"","kind":"Parking lot","nmsuUrl":null,"photos":[],"source":"Lot outline, name and permit from NMSU Facilities GIS (Parking layer).","floorImages":{},"postedImages":{},"description":[],"doors":[],"codeSource":"","category":"parking","insideName":null,"permit":"Purple · South Campus Resident","campus":"Las Cruces main campus"},"geometry":{"type":"Point","coordinates":[-106.7509678,32.2765869]}},{"type":"Feature","properties":{"id":"parking-256","code":"","name":"Mcarthur Dr","aka":["Las Cruces main campus"],"address":" , Las Cruces, NM","propertyNumber":null,"built":null,"floors":[],"floorsSource":"","kind":"Parking lot","nmsuUrl":null,"photos":[],"source":"Lot outline, name and permit from NMSU Facilities GIS (Parking layer).","floorImages":{},"postedImages":{},"description":[],"doors":[],"codeSource":"","category":"parking","insideName":null,"permit":"Purple · South Campus Resident","campus":"Las Cruces main campus"},"geometry":{"type":"Point","coordinates":[-106.7510457,32.2766015]}},{"type":"Feature","properties":{"id":"parking-257","code":"","name":"Sweet Ave","aka":["Las Cruces main campus"],"address":" , Las Cruces, NM","propertyNumber":null,"built":null,"floors":[],"floorsSource":"","kind":"Parking lot","nmsuUrl":null,"photos":[],"source":"Lot outline, name and permit from NMSU Facilities GIS (Parking layer).","floorImages":{},"postedImages":{},"description":[],"doors":[],"codeSource":"","category":"parking","insideName":null,"permit":"Purple · South Campus Resident","campus":"Las Cruces main campus"},"geometry":{"type":"Point","coordinates":[-106.7516343,32.2764981]}},{"type":"Feature","properties":{"id":"parking-258","code":"","name":"Sweet Ave","aka":["Las Cruces main campus"],"address":" , Las Cruces, NM","propertyNumber":null,"built":null,"floors":[],"floorsSource":"","kind":"Parking lot","nmsuUrl":null,"photos":[],"source":"Lot outline, name and permit from NMSU Facilities GIS (Parking layer).","floorImages":{},"postedImages":{},"description":[],"doors":[],"codeSource":"","category":"parking","insideName":null,"permit":"Purple · South Campus Resident","campus":"Las Cruces main campus"},"geometry":{"type":"Point","coordinates":[-106.7516697,32.2763553]}},{"type":"Feature","properties":{"id":"parking-259","code":"","name":"Standley Dr","aka":["Las Cruces main campus"],"address":" , Las Cruces, NM","propertyNumber":null,"built":null,"floors":[],"floorsSource":"","kind":"Parking lot","nmsuUrl":null,"photos":[],"source":"Lot outline, name and permit from NMSU Facilities GIS (Parking layer).","floorImages":{},"postedImages":{},"description":[],"doors":[],"codeSource":"","category":"parking","insideName":null,"permit":"Purple · South Campus Resident","campus":"Las Cruces main campus"},"geometry":{"type":"Point","coordinates":[-106.7522568,32.2762379]}},{"type":"Feature","properties":{"id":"parking-260","code":"","name":"Standley Dr","aka":["Las Cruces main campus"],"address":" , Las Cruces, NM","propertyNumber":null,"built":null,"floors":[],"floorsSource":"","kind":"Parking lot","nmsuUrl":null,"photos":[],"source":"Lot outline, name and permit from NMSU Facilities GIS (Parking layer).","floorImages":{},"postedImages":{},"description":[],"doors":[],"codeSource":"","category":"parking","insideName":null,"permit":"Purple · South Campus Resident","campus":"Las Cruces main campus"},"geometry":{"type":"Point","coordinates":[-106.7523304,32.2762291]}},{"type":"Feature","properties":{"id":"parking-261","code":"","name":"Poe Dr","aka":["Las Cruces main campus"],"address":" , Las Cruces, NM","propertyNumber":null,"built":null,"floors":[],"floorsSource":"","kind":"Parking lot","nmsuUrl":null,"photos":[],"source":"Lot outline, name and permit from NMSU Facilities GIS (Parking layer).","floorImages":{},"postedImages":{},"description":[],"doors":[],"codeSource":"","category":"parking","insideName":null,"permit":"Purple · South Campus Resident","campus":"Las Cruces main campus"},"geometry":{"type":"Point","coordinates":[-106.75306,32.2762168]}},{"type":"Feature","properties":{"id":"parking-262","code":"","name":"Wooten Dr","aka":["Las Cruces main campus"],"address":" , Las Cruces, NM","propertyNumber":null,"built":null,"floors":[],"floorsSource":"","kind":"Parking lot","nmsuUrl":null,"photos":[],"source":"Lot outline, name and permit from NMSU Facilities GIS (Parking layer).","floorImages":{},"postedImages":{},"description":[],"doors":[],"codeSource":"","category":"parking","insideName":null,"permit":"Purple · South Campus Resident","campus":"Las Cruces main campus"},"geometry":{"type":"Point","coordinates":[-106.7536281,32.2761696]}},{"type":"Feature","properties":{"id":"parking-263","code":"","name":"Wooten Dr","aka":["Las Cruces main campus"],"address":" , Las Cruces, NM","propertyNumber":null,"built":null,"floors":[],"floorsSource":"","kind":"Parking lot","nmsuUrl":null,"photos":[],"source":"Lot outline, name and permit from NMSU Facilities GIS (Parking layer).","floorImages":{},"postedImages":{},"description":[],"doors":[],"codeSource":"","category":"parking","insideName":null,"permit":"Purple · South Campus Resident","campus":"Las Cruces main campus"},"geometry":{"type":"Point","coordinates":[-106.7537086,32.2761974]}},{"type":"Feature","properties":{"id":"parking-264","code":"","name":"Poe Dr","aka":["Las Cruces main campus"],"address":" , Las Cruces, NM","propertyNumber":null,"built":null,"floors":[],"floorsSource":"","kind":"Parking lot","nmsuUrl":null,"photos":[],"source":"Lot outline, name and permit from NMSU Facilities GIS (Parking layer).","floorImages":{},"postedImages":{},"description":[],"doors":[],"codeSource":"","category":"parking","insideName":null,"permit":"Purple · South Campus Resident","campus":"Las Cruces main campus"},"geometry":{"type":"Point","coordinates":[-106.7533484,32.2770995]}},{"type":"Feature","properties":{"id":"parking-265","code":"","name":"Wimberly St","aka":["Las Cruces main campus"],"address":" , Las Cruces, NM","propertyNumber":null,"built":null,"floors":[],"floorsSource":"","kind":"Parking lot","nmsuUrl":null,"photos":[],"source":"Lot outline, name and permit from NMSU Facilities GIS (Parking layer).","floorImages":{},"postedImages":{},"description":[],"doors":[],"codeSource":"","category":"parking","insideName":null,"permit":"Purple · South Campus Resident","campus":"Las Cruces main campus"},"geometry":{"type":"Point","coordinates":[-106.7527251,32.2771374]}},{"type":"Feature","properties":{"id":"parking-266","code":"","name":"Wimberly St","aka":["Las Cruces main campus"],"address":" , Las Cruces, NM","propertyNumber":null,"built":null,"floors":[],"floorsSource":"","kind":"Parking lot","nmsuUrl":null,"photos":[],"source":"Lot outline, name and permit from NMSU Facilities GIS (Parking layer).","floorImages":{},"postedImages":{},"description":[],"doors":[],"codeSource":"","category":"parking","insideName":null,"permit":"Purple · South Campus Resident","campus":"Las Cruces main campus"},"geometry":{"type":"Point","coordinates":[-106.7529767,32.2770301]}},{"type":"Feature","properties":{"id":"parking-267","code":"","name":"Wimberly St","aka":["Las Cruces main campus"],"address":" , Las Cruces, NM","propertyNumber":null,"built":null,"floors":[],"floorsSource":"","kind":"Parking lot","nmsuUrl":null,"photos":[],"source":"Lot outline, name and permit from NMSU Facilities GIS (Parking layer).","floorImages":{},"postedImages":{},"description":[],"doors":[],"codeSource":"","category":"parking","insideName":null,"permit":"Purple · South Campus Resident","campus":"Las Cruces main campus"},"geometry":{"type":"Point","coordinates":[-106.7524725,32.2771426]}},{"type":"Feature","properties":{"id":"parking-268","code":"","name":"Sweet Ave","aka":["Las Cruces main campus"],"address":" , Las Cruces, NM","propertyNumber":null,"built":null,"floors":[],"floorsSource":"","kind":"Parking lot","nmsuUrl":null,"photos":[],"source":"Lot outline, name and permit from NMSU Facilities GIS (Parking layer).","floorImages":{},"postedImages":{},"description":[],"doors":[],"codeSource":"","category":"parking","insideName":null,"permit":"Purple · South Campus Resident","campus":"Las Cruces main campus"},"geometry":{"type":"Point","coordinates":[-106.7524841,32.2773574]}},{"type":"Feature","properties":{"id":"parking-269","code":"","name":"Gregg St","aka":["Las Cruces main campus"],"address":" , Las Cruces, NM","propertyNumber":null,"built":null,"floors":[],"floorsSource":"","kind":"Parking lot","nmsuUrl":null,"photos":[],"source":"Lot outline, name and permit from NMSU Facilities GIS (Parking layer).","floorImages":{},"postedImages":{},"description":[],"doors":[],"codeSource":"","category":"parking","insideName":null,"permit":"Purple · South Campus Resident","campus":"Las Cruces main campus"},"geometry":{"type":"Point","coordinates":[-106.7521384,32.2775679]}},{"type":"Feature","properties":{"id":"parking-270","code":"","name":"Gregg St","aka":["Las Cruces main campus"],"address":" , Las Cruces, NM","propertyNumber":null,"built":null,"floors":[],"floorsSource":"","kind":"Parking lot","nmsuUrl":null,"photos":[],"source":"Lot outline, name and permit from NMSU Facilities GIS (Parking layer).","floorImages":{},"postedImages":{},"description":[],"doors":[],"codeSource":"","category":"parking","insideName":null,"permit":"Purple · South Campus Resident","campus":"Las Cruces main campus"},"geometry":{"type":"Point","coordinates":[-106.7513886,32.2777069]}},{"type":"Feature","properties":{"id":"parking-271","code":"","name":"Gregg St","aka":["Las Cruces main campus"],"address":" , Las Cruces, NM","propertyNumber":null,"built":null,"floors":[],"floorsSource":"","kind":"Parking lot","nmsuUrl":null,"photos":[],"source":"Lot outline, name and permit from NMSU Facilities GIS (Parking layer).","floorImages":{},"postedImages":{},"description":[],"doors":[],"codeSource":"","category":"parking","insideName":null,"permit":"Purple · South Campus Resident","campus":"Las Cruces main campus"},"geometry":{"type":"Point","coordinates":[-106.7530136,32.277401]}},{"type":"Feature","properties":{"id":"parking-272","code":"","name":"Poe Dr","aka":["Las Cruces main campus"],"address":" , Las Cruces, NM","propertyNumber":null,"built":null,"floors":[],"floorsSource":"","kind":"Parking lot","nmsuUrl":null,"photos":[],"source":"Lot outline, name and permit from NMSU Facilities GIS (Parking layer).","floorImages":{},"postedImages":{},"description":[],"doors":[],"codeSource":"","category":"parking","insideName":null,"permit":"Purple · South Campus Resident","campus":"Las Cruces main campus"},"geometry":{"type":"Point","coordinates":[-106.7529103,32.2761213]}},{"type":"Feature","properties":{"id":"parking-273","code":"","name":"Standley Dr","aka":["Las Cruces main campus"],"address":" , Las Cruces, NM","propertyNumber":null,"built":null,"floors":[],"floorsSource":"","kind":"Parking lot","nmsuUrl":null,"photos":[],"source":"Lot outline, name and permit from NMSU Facilities GIS (Parking layer).","floorImages":{},"postedImages":{},"description":[],"doors":[],"codeSource":"","category":"parking","insideName":null,"permit":"Purple · South Campus Resident","campus":"Las Cruces main campus"},"geometry":{"type":"Point","coordinates":[-106.7512055,32.2741674]}},{"type":"Feature","properties":{"id":"parking-274","code":"","name":"Standley Dr","aka":["Las Cruces main campus"],"address":" , Las Cruces, NM","propertyNumber":null,"built":null,"floors":[],"floorsSource":"","kind":"Parking lot","nmsuUrl":null,"photos":[],"source":"Lot outline, name and permit from NMSU Facilities GIS (Parking layer).","floorImages":{},"postedImages":{},"description":[],"doors":[],"codeSource":"","category":"parking","insideName":null,"permit":"Purple · South Campus Resident","campus":"Las Cruces main campus"},"geometry":{"type":"Point","coordinates":[-106.7516985,32.2743582]}},{"type":"Feature","properties":{"id":"parking-275","code":"","name":"Sweet Ave","aka":["Las Cruces main campus"],"address":" , Las Cruces, NM","propertyNumber":null,"built":null,"floors":[],"floorsSource":"","kind":"Parking lot","nmsuUrl":null,"photos":[],"source":"Lot outline, name and permit from NMSU Facilities GIS (Parking layer).","floorImages":{},"postedImages":{},"description":[],"doors":[],"codeSource":"","category":"parking","insideName":null,"permit":"Crimson · Faculty/Staff","campus":"Las Cruces main campus"},"geometry":{"type":"Point","coordinates":[-106.7530929,32.2798831]}},{"type":"Feature","properties":{"id":"parking-276","code":"","name":"Williams Ave","aka":["Las Cruces main campus"],"address":" , Las Cruces, NM","propertyNumber":null,"built":null,"floors":[],"floorsSource":"","kind":"Parking lot","nmsuUrl":null,"photos":[],"source":"Lot outline, name and permit from NMSU Facilities GIS (Parking layer).","floorImages":{},"postedImages":{},"description":[],"doors":[],"codeSource":"","category":"parking","insideName":null,"permit":"Orange · All Permits Valid","campus":"Las Cruces main campus"},"geometry":{"type":"Point","coordinates":[-106.7507102,32.2794981]}},{"type":"Feature","properties":{"id":"parking-278","code":"","name":"N Horseshoe","aka":["Las Cruces main campus"],"address":" , Las Cruces, NM","propertyNumber":null,"built":null,"floors":[],"floorsSource":"","kind":"Parking lot","nmsuUrl":null,"photos":[],"source":"Lot outline, name and permit from NMSU Facilities GIS (Parking layer).","floorImages":{},"postedImages":{},"description":[],"doors":[],"codeSource":"","category":"parking","insideName":null,"permit":"Pink · Metered/Visitor Parking","campus":"Las Cruces main campus"},"geometry":{"type":"Point","coordinates":[-106.7536584,32.2828523]}},{"type":"Feature","properties":{"id":"parking-279","code":"","name":"N Horseshoe","aka":["Las Cruces main campus"],"address":" , Las Cruces, NM","propertyNumber":null,"built":null,"floors":[],"floorsSource":"","kind":"Parking lot","nmsuUrl":null,"photos":[],"source":"Lot outline, name and permit from NMSU Facilities GIS (Parking layer).","floorImages":{},"postedImages":{},"description":[],"doors":[],"codeSource":"","category":"parking","insideName":null,"permit":"Turquoise · Motorcycle Parking","campus":"Las Cruces main campus"},"geometry":{"type":"Point","coordinates":[-106.7537931,32.2828286]}},{"type":"Feature","properties":{"id":"parking-280","code":"","name":"S Horsehoe","aka":["Las Cruces main campus"],"address":" , Las Cruces, NM","propertyNumber":null,"built":null,"floors":[],"floorsSource":"","kind":"Parking lot","nmsuUrl":null,"photos":[],"source":"Lot outline, name and permit from NMSU Facilities GIS (Parking layer).","floorImages":{},"postedImages":{},"description":[],"doors":[],"codeSource":"","category":"parking","insideName":null,"permit":"Special · Designated for Special Use/Permit","campus":"Las Cruces main campus"},"geometry":{"type":"Point","coordinates":[-106.7525937,32.2822231]}},{"type":"Feature","properties":{"id":"parking-281","code":"","name":"N Horseshoe","aka":["Las Cruces main campus"],"address":" , Las Cruces, NM","propertyNumber":null,"built":null,"floors":[],"floorsSource":"","kind":"Parking lot","nmsuUrl":null,"photos":[],"source":"Lot outline, name and permit from NMSU Facilities GIS (Parking layer).","floorImages":{},"postedImages":{},"description":[],"doors":[],"codeSource":"","category":"parking","insideName":null,"permit":"Special · Designated for Special Use/Permit","campus":"Las Cruces main campus"},"geometry":{"type":"Point","coordinates":[-106.7527706,32.2828358]}},{"type":"Feature","properties":{"id":"parking-282","code":"","name":"N Horseshoe","aka":["Las Cruces main campus"],"address":" , Las Cruces, NM","propertyNumber":null,"built":null,"floors":[],"floorsSource":"","kind":"Parking lot","nmsuUrl":null,"photos":[],"source":"Lot outline, name and permit from NMSU Facilities GIS (Parking layer).","floorImages":{},"postedImages":{},"description":[],"doors":[],"codeSource":"","category":"parking","insideName":null,"permit":"Designated for Special use/permits · Designated for Special Use/Permit","campus":"Las Cruces main campus"},"geometry":{"type":"Point","coordinates":[-106.7526866,32.2829321]}},{"type":"Feature","properties":{"id":"parking-283","code":"","name":"Lot 69","aka":["Las Cruces main campus"],"address":"850 Agriculture Way, Las Cruces, NM","propertyNumber":null,"built":null,"floors":[],"floorsSource":"","kind":"Parking lot","nmsuUrl":null,"photos":[],"source":"Lot outline, name and permit from NMSU Facilities GIS (Parking layer).","floorImages":{},"postedImages":{},"description":[],"doors":[],"codeSource":"","category":"parking","insideName":null,"permit":"Turquoise · Motorcycle Parking","campus":"Las Cruces main campus"},"geometry":{"type":"Point","coordinates":[-106.7562749,32.2755781]}},{"type":"Feature","properties":{"id":"parking-284","code":"","name":"Lot 78","aka":["Las Cruces main campus"],"address":"3540 Research Rd, Las Cruces, NM","propertyNumber":null,"built":null,"floors":[],"floorsSource":"","kind":"Parking lot","nmsuUrl":null,"photos":[],"source":"Lot outline, name and permit from NMSU Facilities GIS (Parking layer).","floorImages":{},"postedImages":{},"description":[],"doors":[],"codeSource":"","category":"parking","insideName":null,"permit":"Turquoise · Motorcycle Parking","campus":"Las Cruces main campus"},"geometry":{"type":"Point","coordinates":[-106.7476493,32.274752]}},{"type":"Feature","properties":{"id":"parking-285","code":"","name":"Lot 79T","aka":["Las Cruces main campus"],"address":"3640 Research Dr, Las Cruces, NM","propertyNumber":null,"built":null,"floors":[],"floorsSource":"","kind":"Parking lot","nmsuUrl":null,"photos":[],"source":"Lot outline, name and permit from NMSU Facilities GIS (Parking layer).","floorImages":{},"postedImages":{},"description":[],"doors":[],"codeSource":"","category":"parking","insideName":null,"permit":"Turquoise · Motorcycle Parking","campus":"Las Cruces main campus"},"geometry":{"type":"Point","coordinates":[-106.7478955,32.2742523]}},{"type":"Feature","properties":{"id":"parking-286","code":"","name":"Lot 79T","aka":["Las Cruces main campus"],"address":"3640 Research Dr, Las Cruces, NM","propertyNumber":null,"built":null,"floors":[],"floorsSource":"","kind":"Parking lot","nmsuUrl":null,"photos":[],"source":"Lot outline, name and permit from NMSU Facilities GIS (Parking layer).","floorImages":{},"postedImages":{},"description":[],"doors":[],"codeSource":"","category":"parking","insideName":null,"permit":"Turquoise · Motorcycle Parking","campus":"Las Cruces main campus"},"geometry":{"type":"Point","coordinates":[-106.7476311,32.2737849]}},{"type":"Feature","properties":{"id":"parking-287","code":"","name":"Lot 79W","aka":["Las Cruces main campus"],"address":"3543 Williams Ave, Las Cruces, NM","propertyNumber":null,"built":null,"floors":[],"floorsSource":"","kind":"Parking lot","nmsuUrl":null,"photos":[],"source":"Lot outline, name and permit from NMSU Facilities GIS (Parking layer).","floorImages":{},"postedImages":{},"description":[],"doors":[],"codeSource":"","category":"parking","insideName":null,"permit":"Turquoise · Motorcycle Parking","campus":"Las Cruces main campus"},"geometry":{"type":"Point","coordinates":[-106.7491905,32.2748728]}},{"type":"Feature","properties":{"id":"parking-288","code":"","name":"Lot 79F","aka":["Las Cruces main campus"],"address":"1502 Center Dr, Las Cruces, NM","propertyNumber":null,"built":null,"floors":[],"floorsSource":"","kind":"Parking lot","nmsuUrl":null,"photos":[],"source":"Lot outline, name and permit from NMSU Facilities GIS (Parking layer).","floorImages":{},"postedImages":{},"description":[],"doors":[],"codeSource":"","category":"parking","insideName":null,"permit":"Turquoise · Motorcycle Parking","campus":"Las Cruces main campus"},"geometry":{"type":"Point","coordinates":[-106.747378,32.2721074]}},{"type":"Feature","properties":{"id":"parking-289","code":"","name":"Lot 79G","aka":["Las Cruces main campus"],"address":"4203 Sam Steele Way, Las Cruces, NM","propertyNumber":null,"built":null,"floors":[],"floorsSource":"","kind":"Parking lot","nmsuUrl":null,"photos":[],"source":"Lot outline, name and permit from NMSU Facilities GIS (Parking layer).","floorImages":{},"postedImages":{},"description":[],"doors":[],"codeSource":"","category":"parking","insideName":null,"permit":"Turquoise · Motorcycle Parking","campus":"Las Cruces main campus"},"geometry":{"type":"Point","coordinates":[-106.7480238,32.2712408]}},{"type":"Feature","properties":{"id":"parking-290","code":"","name":"Lot 39","aka":["Las Cruces main campus"],"address":"3120 Locust St, Las Cruces, NM","propertyNumber":null,"built":null,"floors":[],"floorsSource":"","kind":"Parking lot","nmsuUrl":null,"photos":[],"source":"Lot outline, name and permit from NMSU Facilities GIS (Parking layer).","floorImages":{},"postedImages":{},"description":[],"doors":[],"codeSource":"","category":"parking","insideName":null,"permit":"Turquoise · Motorcycle Parking","campus":"Las Cruces main campus"},"geometry":{"type":"Point","coordinates":[-106.7459587,32.2805909]}},{"type":"Feature","properties":{"id":"parking-291","code":"","name":"Lot 39","aka":["Las Cruces main campus"],"address":"3120 Locust St, Las Cruces, NM","propertyNumber":null,"built":null,"floors":[],"floorsSource":"","kind":"Parking lot","nmsuUrl":null,"photos":[],"source":"Lot outline, name and permit from NMSU Facilities GIS (Parking layer).","floorImages":{},"postedImages":{},"description":[],"doors":[],"codeSource":"","category":"parking","insideName":null,"permit":"Turquoise · Motorcycle Parking","campus":"Las Cruces main campus"},"geometry":{"type":"Point","coordinates":[-106.7449409,32.2807901]}},{"type":"Feature","properties":{"id":"parking-292","code":"","name":"Lot 16","aka":["Las Cruces main campus"],"address":"2720 Jordan Rd, Las Cruces, NM","propertyNumber":null,"built":null,"floors":[],"floorsSource":"","kind":"Parking lot","nmsuUrl":null,"photos":[],"source":"Lot outline, name and permit from NMSU Facilities GIS (Parking layer).","floorImages":{},"postedImages":{},"description":[],"doors":[],"codeSource":"","category":"parking","insideName":null,"permit":"Turquoise · Motorcycle Parking","campus":"Las Cruces main campus"},"geometry":{"type":"Point","coordinates":[-106.749655,32.2839754]}},{"type":"Feature","properties":{"id":"parking-293","code":"","name":"Lot 17","aka":["Las Cruces main campus"],"address":"3030 Breland Dr, Las Cruces, NM","propertyNumber":null,"built":null,"floors":[],"floorsSource":"","kind":"Parking lot","nmsuUrl":null,"photos":[],"source":"Lot outline, name and permit from NMSU Facilities GIS (Parking layer).","floorImages":{},"postedImages":{},"description":[],"doors":[],"codeSource":"","category":"parking","insideName":null,"permit":"Turquoise · Motorcycle Parking","campus":"Las Cruces main campus"},"geometry":{"type":"Point","coordinates":[-106.7487939,32.2827937]}},{"type":"Feature","properties":{"id":"parking-294","code":"","name":"Lot 17N","aka":["Las Cruces main campus"],"address":"3020 Jordan Rd, Las Cruces, NM","propertyNumber":null,"built":null,"floors":[],"floorsSource":"","kind":"Parking lot","nmsuUrl":null,"photos":[],"source":"Lot outline, name and permit from NMSU Facilities GIS (Parking layer).","floorImages":{},"postedImages":{},"description":[],"doors":[],"codeSource":"","category":"parking","insideName":null,"permit":"Turquoise · Motorcycle Parking","campus":"Las Cruces main campus"},"geometry":{"type":"Point","coordinates":[-106.7489086,32.2828002]}},{"type":"Feature","properties":{"id":"parking-296","code":"","name":"Lot 57","aka":["Las Cruces main campus"],"address":"3045 Sweet Ave, Las Cruces, NM","propertyNumber":null,"built":null,"floors":[],"floorsSource":"","kind":"Parking lot","nmsuUrl":null,"photos":[],"source":"Lot outline, name and permit from NMSU Facilities GIS (Parking layer).","floorImages":{},"postedImages":{},"description":[],"doors":[],"codeSource":"","category":"parking","insideName":null,"permit":"Turquoise · Motorcycle Parking","campus":"Las Cruces main campus"},"geometry":{"type":"Point","coordinates":[-106.7530884,32.2801711]}},{"type":"Feature","properties":{"id":"parking-297","code":"","name":"Lot 54","aka":["Las Cruces main campus"],"address":"3090 Williams Ave, Las Cruces, NM","propertyNumber":null,"built":null,"floors":[],"floorsSource":"","kind":"Parking lot","nmsuUrl":null,"photos":[],"source":"Lot outline, name and permit from NMSU Facilities GIS (Parking layer).","floorImages":{},"postedImages":{},"description":[],"doors":[],"codeSource":"","category":"parking","insideName":null,"permit":"Turquoise · Motorcycle Parking","campus":"Las Cruces main campus"},"geometry":{"type":"Point","coordinates":[-106.7514548,32.2800372]}},{"type":"Feature","properties":{"id":"parking-298","code":"","name":"Lot 100S","aka":["Las Cruces main campus"],"address":"3305 Williams Ave, Las Cruces, NM","propertyNumber":null,"built":null,"floors":[],"floorsSource":"","kind":"Parking lot","nmsuUrl":null,"photos":[],"source":"Lot outline, name and permit from NMSU Facilities GIS (Parking layer).","floorImages":{},"postedImages":{},"description":[],"doors":[],"codeSource":"","category":"parking","insideName":null,"permit":"Turquoise · Motorcycle Parking","campus":"Las Cruces main campus"},"geometry":{"type":"Point","coordinates":[-106.7501959,32.278739]}},{"type":"Feature","properties":{"id":"parking-299","code":"","name":"Lot 100S","aka":["Las Cruces main campus"],"address":"3305 Williams Ave, Las Cruces, NM","propertyNumber":null,"built":null,"floors":[],"floorsSource":"","kind":"Parking lot","nmsuUrl":null,"photos":[],"source":"Lot outline, name and permit from NMSU Facilities GIS (Parking layer).","floorImages":{},"postedImages":{},"description":[],"doors":[],"codeSource":"","category":"parking","insideName":null,"permit":"Turquoise · Motorcycle Parking","campus":"Las Cruces main campus"},"geometry":{"type":"Point","coordinates":[-106.7488959,32.2774231]}},{"type":"Feature","properties":{"id":"parking-301","code":"","name":"Lot 3","aka":["Las Cruces main campus"],"address":"2770 Knox St, Las Cruces, NM","propertyNumber":null,"built":null,"floors":[],"floorsSource":"","kind":"Parking lot","nmsuUrl":null,"photos":[],"source":"Lot outline, name and permit from NMSU Facilities GIS (Parking layer).","floorImages":{},"postedImages":{},"description":[],"doors":[],"codeSource":"","category":"parking","insideName":null,"permit":"Turquoise · Motorcycle Parking","campus":"Las Cruces main campus"},"geometry":{"type":"Point","coordinates":[-106.7582522,32.2821915]}},{"type":"Feature","properties":{"id":"parking-302","code":"","name":"Lot 83","aka":["Las Cruces main campus"],"address":" , Las Cruces, NM","propertyNumber":null,"built":null,"floors":[],"floorsSource":"","kind":"Parking lot","nmsuUrl":null,"photos":[],"source":"Lot outline, name and permit from NMSU Facilities GIS (Parking layer).","floorImages":{},"postedImages":{},"description":[],"doors":[],"codeSource":"","category":"parking","insideName":null,"permit":"Turquoise · Motorcycle Parking","campus":"Las Cruces main campus"},"geometry":{"type":"Point","coordinates":[-106.7429192,32.2782053]}},{"type":"Feature","properties":{"id":"parking-303","code":"","name":"Lot 69","aka":["Las Cruces main campus"],"address":"850 Agriculture Way, Las Cruces, NM","propertyNumber":null,"built":null,"floors":[],"floorsSource":"","kind":"Parking lot","nmsuUrl":null,"photos":[],"source":"Lot outline, name and permit from NMSU Facilities GIS (Parking layer).","floorImages":{},"postedImages":{},"description":[],"doors":[],"codeSource":"","category":"parking","insideName":null,"permit":"Blue · DACC","campus":"Las Cruces main campus"},"geometry":{"type":"Point","coordinates":[-106.7564947,32.2765159]}},{"type":"Feature","properties":{"id":"parking-304","code":"","name":"East Mesa Parking","aka":["DACC East Mesa campus (Las Cruces)"],"address":" , Las Cruces, NM","propertyNumber":null,"built":null,"floors":[],"floorsSource":"","kind":"Parking lot","nmsuUrl":null,"photos":[],"source":"Lot outline, name and permit from NMSU Facilities GIS (Parking layer).","floorImages":{},"postedImages":{},"description":[],"doors":[],"codeSource":"","category":"parking","insideName":null,"permit":null,"campus":"DACC East Mesa campus (Las Cruces)"},"geometry":{"type":"Point","coordinates":[-106.7355416,32.3541805]}},{"type":"Feature","properties":{"id":"parking-305","code":"","name":"Marriott Parking","aka":["Las Cruces main campus"],"address":" , Las Cruces, NM","propertyNumber":null,"built":null,"floors":[],"floorsSource":"","kind":"Parking lot","nmsuUrl":null,"photos":[],"source":"Lot outline, name and permit from NMSU Facilities GIS (Parking layer).","floorImages":{},"postedImages":{},"description":[],"doors":[],"codeSource":"","category":"parking","insideName":null,"permit":null,"campus":"Las Cruces main campus"},"geometry":{"type":"Point","coordinates":[-106.7643498,32.2819275]}},{"type":"Feature","properties":{"id":"parking-306","code":"","name":"","aka":["NMSU Alamogordo"],"address":" , Alamogordo, NM","propertyNumber":null,"built":null,"floors":[],"floorsSource":"","kind":"Parking lot","nmsuUrl":null,"photos":[],"source":"Lot outline, name and permit from NMSU Facilities GIS (Parking layer).","floorImages":{},"postedImages":{},"description":[],"doors":[],"codeSource":"","category":"parking","insideName":null,"permit":null,"campus":"NMSU Alamogordo"},"geometry":{"type":"Point","coordinates":[-105.9274311,32.9173359]}},{"type":"Feature","properties":{"id":"parking-307","code":"","name":"","aka":["NMSU Alamogordo"],"address":" , Alamogordo, NM","propertyNumber":null,"built":null,"floors":[],"floorsSource":"","kind":"Parking lot","nmsuUrl":null,"photos":[],"source":"Lot outline, name and permit from NMSU Facilities GIS (Parking layer).","floorImages":{},"postedImages":{},"description":[],"doors":[],"codeSource":"","category":"parking","insideName":null,"permit":null,"campus":"NMSU Alamogordo"},"geometry":{"type":"Point","coordinates":[-105.9274949,32.9182273]}},{"type":"Feature","properties":{"id":"parking-308","code":"","name":"","aka":["NMSU Alamogordo"],"address":" , Alamogordo, NM","propertyNumber":null,"built":null,"floors":[],"floorsSource":"","kind":"Parking lot","nmsuUrl":null,"photos":[],"source":"Lot outline, name and permit from NMSU Facilities GIS (Parking layer).","floorImages":{},"postedImages":{},"description":[],"doors":[],"codeSource":"","category":"parking","insideName":null,"permit":null,"campus":"NMSU Alamogordo"},"geometry":{"type":"Point","coordinates":[-105.925338,32.9183451]}},{"type":"Feature","properties":{"id":"parking-309","code":"","name":"","aka":["NMSU Alamogordo"],"address":" , Alamogordo, NM","propertyNumber":null,"built":null,"floors":[],"floorsSource":"","kind":"Parking lot","nmsuUrl":null,"photos":[],"source":"Lot outline, name and permit from NMSU Facilities GIS (Parking layer).","floorImages":{},"postedImages":{},"description":[],"doors":[],"codeSource":"","category":"parking","insideName":null,"permit":null,"campus":"NMSU Alamogordo"},"geometry":{"type":"Point","coordinates":[-105.9250655,32.91961]}},{"type":"Feature","properties":{"id":"parking-310","code":"","name":"","aka":["NMSU Alamogordo"],"address":" , Alamogordo, NM","propertyNumber":null,"built":null,"floors":[],"floorsSource":"","kind":"Parking lot","nmsuUrl":null,"photos":[],"source":"Lot outline, name and permit from NMSU Facilities GIS (Parking layer).","floorImages":{},"postedImages":{},"description":[],"doors":[],"codeSource":"","category":"parking","insideName":null,"permit":null,"campus":"NMSU Alamogordo"},"geometry":{"type":"Point","coordinates":[-105.9268138,32.9194152]}},{"type":"Feature","properties":{"id":"parking-311","code":"","name":"","aka":["NMSU Alamogordo"],"address":" , Alamogordo, NM","propertyNumber":null,"built":null,"floors":[],"floorsSource":"","kind":"Parking lot","nmsuUrl":null,"photos":[],"source":"Lot outline, name and permit from NMSU Facilities GIS (Parking layer).","floorImages":{},"postedImages":{},"description":[],"doors":[],"codeSource":"","category":"parking","insideName":null,"permit":null,"campus":"NMSU Alamogordo"},"geometry":{"type":"Point","coordinates":[-105.9230183,32.9198852]}},{"type":"Feature","properties":{"id":"parking-312","code":"","name":"","aka":["NMSU Alamogordo"],"address":" , Alamogordo, NM","propertyNumber":null,"built":null,"floors":[],"floorsSource":"","kind":"Parking lot","nmsuUrl":null,"photos":[],"source":"Lot outline, name and permit from NMSU Facilities GIS (Parking layer).","floorImages":{},"postedImages":{},"description":[],"doors":[],"codeSource":"","category":"parking","insideName":null,"permit":null,"campus":"NMSU Alamogordo"},"geometry":{"type":"Point","coordinates":[-105.9255936,32.9201236]}},{"type":"Feature","properties":{"id":"parking-313","code":"","name":"","aka":["NMSU Alamogordo"],"address":" , Alamogordo, NM","propertyNumber":null,"built":null,"floors":[],"floorsSource":"","kind":"Parking lot","nmsuUrl":null,"photos":[],"source":"Lot outline, name and permit from NMSU Facilities GIS (Parking layer).","floorImages":{},"postedImages":{},"description":[],"doors":[],"codeSource":"","category":"parking","insideName":null,"permit":null,"campus":"NMSU Alamogordo"},"geometry":{"type":"Point","coordinates":[-105.9223798,32.9202499]}},{"type":"Feature","properties":{"id":"parking-314","code":"","name":"","aka":["NMSU Alamogordo"],"address":" , Alamogordo, NM","propertyNumber":null,"built":null,"floors":[],"floorsSource":"","kind":"Parking lot","nmsuUrl":null,"photos":[],"source":"Lot outline, name and permit from NMSU Facilities GIS (Parking layer).","floorImages":{},"postedImages":{},"description":[],"doors":[],"codeSource":"","category":"parking","insideName":null,"permit":null,"campus":"NMSU Alamogordo"},"geometry":{"type":"Point","coordinates":[-105.9217827,32.9206511]}},{"type":"Feature","properties":{"id":"parking-315","code":"","name":"","aka":["NMSU Alamogordo"],"address":" , Alamogordo, NM","propertyNumber":null,"built":null,"floors":[],"floorsSource":"","kind":"Parking lot","nmsuUrl":null,"photos":[],"source":"Lot outline, name and permit from NMSU Facilities GIS (Parking layer).","floorImages":{},"postedImages":{},"description":[],"doors":[],"codeSource":"","category":"parking","insideName":null,"permit":null,"campus":"NMSU Alamogordo"},"geometry":{"type":"Point","coordinates":[-105.9272981,32.9208109]}},{"type":"Feature","properties":{"id":"parking-316","code":"","name":"","aka":["NMSU Alamogordo"],"address":" , Alamogordo, NM","propertyNumber":null,"built":null,"floors":[],"floorsSource":"","kind":"Parking lot","nmsuUrl":null,"photos":[],"source":"Lot outline, name and permit from NMSU Facilities GIS (Parking layer).","floorImages":{},"postedImages":{},"description":[],"doors":[],"codeSource":"","category":"parking","insideName":null,"permit":null,"campus":"NMSU Alamogordo"},"geometry":{"type":"Point","coordinates":[-105.9274258,32.9210946]}},{"type":"Feature","properties":{"id":"parking-317","code":"","name":"","aka":["NMSU Alamogordo"],"address":" , Alamogordo, NM","propertyNumber":null,"built":null,"floors":[],"floorsSource":"","kind":"Parking lot","nmsuUrl":null,"photos":[],"source":"Lot outline, name and permit from NMSU Facilities GIS (Parking layer).","floorImages":{},"postedImages":{},"description":[],"doors":[],"codeSource":"","category":"parking","insideName":null,"permit":null,"campus":"NMSU Alamogordo"},"geometry":{"type":"Point","coordinates":[-105.9266456,32.9212561]}},{"type":"Feature","properties":{"id":"parking-318","code":"","name":"","aka":["NMSU Alamogordo"],"address":" , Alamogordo, NM","propertyNumber":null,"built":null,"floors":[],"floorsSource":"","kind":"Parking lot","nmsuUrl":null,"photos":[],"source":"Lot outline, name and permit from NMSU Facilities GIS (Parking layer).","floorImages":{},"postedImages":{},"description":[],"doors":[],"codeSource":"","category":"parking","insideName":null,"permit":null,"campus":"NMSU Alamogordo"},"geometry":{"type":"Point","coordinates":[-105.9264878,32.9217492]}},{"type":"Feature","properties":{"id":"parking-319","code":"","name":"","aka":["NMSU Alamogordo"],"address":" , Alamogordo, NM","propertyNumber":null,"built":null,"floors":[],"floorsSource":"","kind":"Parking lot","nmsuUrl":null,"photos":[],"source":"Lot outline, name and permit from NMSU Facilities GIS (Parking layer).","floorImages":{},"postedImages":{},"description":[],"doors":[],"codeSource":"","category":"parking","insideName":null,"permit":null,"campus":"NMSU Alamogordo"},"geometry":{"type":"Point","coordinates":[-105.9267827,32.9216494]}},{"type":"Feature","properties":{"id":"parking-320","code":"","name":"","aka":["NMSU Alamogordo"],"address":" , Alamogordo, NM","propertyNumber":null,"built":null,"floors":[],"floorsSource":"","kind":"Parking lot","nmsuUrl":null,"photos":[],"source":"Lot outline, name and permit from NMSU Facilities GIS (Parking layer).","floorImages":{},"postedImages":{},"description":[],"doors":[],"codeSource":"","category":"parking","insideName":null,"permit":null,"campus":"NMSU Alamogordo"},"geometry":{"type":"Point","coordinates":[-105.9259588,32.9193972]}},{"type":"Feature","properties":{"id":"parking-321","code":"","name":"","aka":["NMSU Alamogordo"],"address":" , Alamogordo, NM","propertyNumber":null,"built":null,"floors":[],"floorsSource":"","kind":"Parking lot","nmsuUrl":null,"photos":[],"source":"Lot outline, name and permit from NMSU Facilities GIS (Parking layer).","floorImages":{},"postedImages":{},"description":[],"doors":[],"codeSource":"","category":"parking","insideName":null,"permit":null,"campus":"NMSU Alamogordo"},"geometry":{"type":"Point","coordinates":[-105.9249413,32.9214851]}},{"type":"Feature","properties":{"id":"parking-322","code":"","name":"","aka":["NMSU Alamogordo"],"address":" , Alamogordo, NM","propertyNumber":null,"built":null,"floors":[],"floorsSource":"","kind":"Parking lot","nmsuUrl":null,"photos":[],"source":"Lot outline, name and permit from NMSU Facilities GIS (Parking layer).","floorImages":{},"postedImages":{},"description":[],"doors":[],"codeSource":"","category":"parking","insideName":null,"permit":null,"campus":"NMSU Alamogordo"},"geometry":{"type":"Point","coordinates":[-105.9203843,32.9201152]}},{"type":"Feature","properties":{"id":"parking-323","code":"","name":"","aka":["NMSU Carlsbad"],"address":" , Carlsbad, NM","propertyNumber":null,"built":null,"floors":[],"floorsSource":"","kind":"Parking lot","nmsuUrl":null,"photos":[],"source":"Lot outline, name and permit from NMSU Facilities GIS (Parking layer).","floorImages":{},"postedImages":{},"description":[],"doors":[],"codeSource":"","category":"parking","insideName":null,"permit":null,"campus":"NMSU Carlsbad"},"geometry":{"type":"Point","coordinates":[-104.2641228,32.4413129]}},{"type":"Feature","properties":{"id":"parking-324","code":"","name":"","aka":["NMSU Carlsbad"],"address":" , Carlsbad, NM","propertyNumber":null,"built":null,"floors":[],"floorsSource":"","kind":"Parking lot","nmsuUrl":null,"photos":[],"source":"Lot outline, name and permit from NMSU Facilities GIS (Parking layer).","floorImages":{},"postedImages":{},"description":[],"doors":[],"codeSource":"","category":"parking","insideName":null,"permit":null,"campus":"NMSU Carlsbad"},"geometry":{"type":"Point","coordinates":[-104.2648812,32.4423662]}},{"type":"Feature","properties":{"id":"parking-325","code":"","name":"","aka":["NMSU Carlsbad"],"address":" , Carlsbad, NM","propertyNumber":null,"built":null,"floors":[],"floorsSource":"","kind":"Parking lot","nmsuUrl":null,"photos":[],"source":"Lot outline, name and permit from NMSU Facilities GIS (Parking layer).","floorImages":{},"postedImages":{},"description":[],"doors":[],"codeSource":"","category":"parking","insideName":null,"permit":null,"campus":"NMSU Carlsbad"},"geometry":{"type":"Point","coordinates":[-104.2650543,32.4429888]}},{"type":"Feature","properties":{"id":"parking-326","code":"","name":"","aka":["NMSU Carlsbad"],"address":" , Carlsbad, NM","propertyNumber":null,"built":null,"floors":[],"floorsSource":"","kind":"Parking lot","nmsuUrl":null,"photos":[],"source":"Lot outline, name and permit from NMSU Facilities GIS (Parking layer).","floorImages":{},"postedImages":{},"description":[],"doors":[],"codeSource":"","category":"parking","insideName":null,"permit":null,"campus":"NMSU Carlsbad"},"geometry":{"type":"Point","coordinates":[-104.2665101,32.4427317]}},{"type":"Feature","properties":{"id":"parking-327","code":"","name":"Lot 29","aka":["Las Cruces main campus"],"address":"1800 Barbara Hubbard Way, Las Cruces, NM","propertyNumber":null,"built":null,"floors":[],"floorsSource":"","kind":"Parking lot","nmsuUrl":null,"photos":[],"source":"Lot outline, name and permit from NMSU Facilities GIS (Parking layer).","floorImages":{},"postedImages":{},"description":[],"doors":[],"codeSource":"","category":"parking","insideName":null,"permit":"Pink · Metered/Visitor Parking","campus":"Las Cruces main campus"},"geometry":{"type":"Point","coordinates":[-106.7426651,32.2848895]}},{"type":"Feature","properties":{"id":"parking-331","code":"","name":"Lot 44","aka":["Las Cruces main campus"],"address":"3090 Breland Dr, Las Cruces, NM","propertyNumber":null,"built":null,"floors":[],"floorsSource":"","kind":"Parking lot","nmsuUrl":null,"photos":[],"source":"Lot outline, name and permit from NMSU Facilities GIS (Parking layer).","floorImages":{},"postedImages":{},"description":[],"doors":[],"codeSource":"","category":"parking","insideName":null,"permit":"Pink · Metered/Visitor Parking","campus":"Las Cruces main campus"},"geometry":{"type":"Point","coordinates":[-106.7481345,32.2802849]}},{"type":"Feature","properties":{"id":"parking-332","code":"","name":"Lot 55","aka":["Las Cruces main campus"],"address":"3120 Williams Ave, Las Cruces, NM","propertyNumber":null,"built":null,"floors":[],"floorsSource":"","kind":"Parking lot","nmsuUrl":null,"photos":[],"source":"Lot outline, name and permit from NMSU Facilities GIS (Parking layer).","floorImages":{},"postedImages":{},"description":[],"doors":[],"codeSource":"","category":"parking","insideName":null,"permit":"Pink · Metered/Visitor Parking","campus":"Las Cruces main campus"},"geometry":{"type":"Point","coordinates":[-106.7512529,32.2791701]}},{"type":"Feature","properties":{"id":"parking-333","code":"","name":"","aka":["DACC Sunland Park"],"address":" , Sunland Park, NM","propertyNumber":null,"built":null,"floors":[],"floorsSource":"","kind":"Parking lot","nmsuUrl":null,"photos":[],"source":"Lot outline, name and permit from NMSU Facilities GIS (Parking layer).","floorImages":{},"postedImages":{},"description":[],"doors":[],"codeSource":"","category":"parking","insideName":null,"permit":null,"campus":"DACC Sunland Park"},"geometry":{"type":"Point","coordinates":[-106.5924951,31.8079555]}},{"type":"Feature","properties":{"id":"parking-334","code":"","name":"","aka":["DACC Sunland Park"],"address":" , Sunland Park, NM","propertyNumber":null,"built":null,"floors":[],"floorsSource":"","kind":"Parking lot","nmsuUrl":null,"photos":[],"source":"Lot outline, name and permit from NMSU Facilities GIS (Parking layer).","floorImages":{},"postedImages":{},"description":[],"doors":[],"codeSource":"","category":"parking","insideName":null,"permit":null,"campus":"DACC Sunland Park"},"geometry":{"type":"Point","coordinates":[-106.5917207,31.8086801]}},{"type":"Feature","properties":{"id":"parking-335","code":"","name":"","aka":["DACC Gadsden (Anthony)"],"address":" , Anthony, NM","propertyNumber":null,"built":null,"floors":[],"floorsSource":"","kind":"Parking lot","nmsuUrl":null,"photos":[],"source":"Lot outline, name and permit from NMSU Facilities GIS (Parking layer).","floorImages":{},"postedImages":{},"description":[],"doors":[],"codeSource":"","category":"parking","insideName":null,"permit":null,"campus":"DACC Gadsden (Anthony)"},"geometry":{"type":"Point","coordinates":[-106.5837373,32.023784]}},{"type":"Feature","properties":{"id":"parking-336","code":"","name":"","aka":["DACC Chaparral"],"address":" , Chaparral, NM","propertyNumber":null,"built":null,"floors":[],"floorsSource":"","kind":"Parking lot","nmsuUrl":null,"photos":[],"source":"Lot outline, name and permit from NMSU Facilities GIS (Parking layer).","floorImages":{},"postedImages":{},"description":[],"doors":[],"codeSource":"","category":"parking","insideName":null,"permit":null,"campus":"DACC Chaparral"},"geometry":{"type":"Point","coordinates":[-106.3847695,32.046026]}},{"type":"Feature","properties":{"id":"parking-337","code":"","name":"","aka":["DACC Chaparral"],"address":" , Chaparral, NM","propertyNumber":null,"built":null,"floors":[],"floorsSource":"","kind":"Parking lot","nmsuUrl":null,"photos":[],"source":"Lot outline, name and permit from NMSU Facilities GIS (Parking layer).","floorImages":{},"postedImages":{},"description":[],"doors":[],"codeSource":"","category":"parking","insideName":null,"permit":null,"campus":"DACC Chaparral"},"geometry":{"type":"Point","coordinates":[-106.3843114,32.0456247]}},{"type":"Feature","properties":{"id":"parking-338","code":"","name":"Unnamed Lot","aka":["DACC Gadsden (Anthony)"],"address":" , Anthony, NM","propertyNumber":null,"built":null,"floors":[],"floorsSource":"","kind":"Parking lot","nmsuUrl":null,"photos":[],"source":"Lot outline, name and permit from NMSU Facilities GIS (Parking layer).","floorImages":{},"postedImages":{},"description":[],"doors":[],"codeSource":"","category":"parking","insideName":null,"permit":null,"campus":"DACC Gadsden (Anthony)"},"geometry":{"type":"Point","coordinates":[-106.5847314,32.0241693]}},{"type":"Feature","properties":{"id":"parking-339","code":"","name":"Lot 40","aka":["Las Cruces main campus"],"address":"3120 Locust St, Las Cruces, NM","propertyNumber":null,"built":null,"floors":[],"floorsSource":"","kind":"Parking lot","nmsuUrl":null,"photos":[],"source":"Lot outline, name and permit from NMSU Facilities GIS (Parking layer).","floorImages":{},"postedImages":{},"description":[],"doors":[],"codeSource":"","category":"parking","insideName":null,"permit":"Orange · All Permits Valid","campus":"Las Cruces main campus"},"geometry":{"type":"Point","coordinates":[-106.7454668,32.2793306]}},{"type":"Feature","properties":{"id":"parking-340","code":"","name":"Lot 96","aka":["Las Cruces main campus"],"address":" , Las Cruces, NM","propertyNumber":null,"built":null,"floors":[],"floorsSource":"","kind":"Parking lot","nmsuUrl":null,"photos":[],"source":"Lot outline, name and permit from NMSU Facilities GIS (Parking layer).","floorImages":{},"postedImages":{},"description":[],"doors":[],"codeSource":"","category":"parking","insideName":null,"permit":"Brown · Free Parking","campus":"Las Cruces main campus"},"geometry":{"type":"Point","coordinates":[-106.7442968,32.274647]}},{"type":"Feature","properties":{"id":"parking-341","code":"","name":"Gregg St","aka":["Las Cruces main campus"],"address":" , Las Cruces, NM","propertyNumber":null,"built":null,"floors":[],"floorsSource":"","kind":"Parking lot","nmsuUrl":null,"photos":[],"source":"Lot outline, name and permit from NMSU Facilities GIS (Parking layer).","floorImages":{},"postedImages":{},"description":[],"doors":[],"codeSource":"","category":"parking","insideName":null,"permit":"Orange · All Permits Valid","campus":"Las Cruces main campus"},"geometry":{"type":"Point","coordinates":[-106.753608,32.2773519]}},{"type":"Feature","properties":{"id":"parking-342","code":"","name":"S Horsehoe","aka":["Las Cruces main campus"],"address":" , Las Cruces, NM","propertyNumber":null,"built":null,"floors":[],"floorsSource":"","kind":"Parking lot","nmsuUrl":null,"photos":[],"source":"Lot outline, name and permit from NMSU Facilities GIS (Parking layer).","floorImages":{},"postedImages":{},"description":[],"doors":[],"codeSource":"","category":"parking","insideName":null,"permit":"Special · Designated for Special Use/Permit","campus":"Las Cruces main campus"},"geometry":{"type":"Point","coordinates":[-106.7524733,32.2821403]}},{"type":"Feature","properties":{"id":"parking-343","code":"","name":"Sweet Ave","aka":["Las Cruces main campus"],"address":" , Las Cruces, NM","propertyNumber":null,"built":null,"floors":[],"floorsSource":"","kind":"Parking lot","nmsuUrl":null,"photos":[],"source":"Lot outline, name and permit from NMSU Facilities GIS (Parking layer).","floorImages":{},"postedImages":{},"description":[],"doors":[],"codeSource":"","category":"parking","insideName":null,"permit":"Orange · All Permits Valid","campus":"Las Cruces main campus"},"geometry":{"type":"Point","coordinates":[-106.7533697,32.2813875]}},{"type":"Feature","properties":{"id":"parking-346","code":"","name":"Burrell College Parking","aka":["Las Cruces main campus"],"address":" , Las Cruces, NM","propertyNumber":null,"built":null,"floors":[],"floorsSource":"","kind":"Parking lot","nmsuUrl":null,"photos":[],"source":"Lot outline, name and permit from NMSU Facilities GIS (Parking layer).","floorImages":{},"postedImages":{},"description":[],"doors":[],"codeSource":"","category":"parking","insideName":null,"permit":"Non NMSU Parking","campus":"Las Cruces main campus"},"geometry":{"type":"Point","coordinates":[-106.7364175,32.277604]}},{"type":"Feature","properties":{"id":"parking-347","code":"","name":"Burrell College Parking","aka":["Las Cruces main campus"],"address":" , Las Cruces, NM","propertyNumber":null,"built":null,"floors":[],"floorsSource":"","kind":"Parking lot","nmsuUrl":null,"photos":[],"source":"Lot outline, name and permit from NMSU Facilities GIS (Parking layer).","floorImages":{},"postedImages":{},"description":[],"doors":[],"codeSource":"","category":"parking","insideName":null,"permit":"Non NMSU Parking","campus":"Las Cruces main campus"},"geometry":{"type":"Point","coordinates":[-106.7371549,32.2774879]}},{"type":"Feature","properties":{"id":"parking-348","code":"","name":"Lot 47","aka":["Las Cruces main campus"],"address":"3090 Breland Dr, Las Cruces, NM","propertyNumber":null,"built":null,"floors":[],"floorsSource":"","kind":"Parking lot","nmsuUrl":null,"photos":[],"source":"Lot outline, name and permit from NMSU Facilities GIS (Parking layer).","floorImages":{},"postedImages":{},"description":[],"doors":[],"codeSource":"","category":"parking","insideName":null,"permit":"Pink · Metered/Visitor Parking","campus":"Las Cruces main campus"},"geometry":{"type":"Point","coordinates":[-106.7491889,32.2803193]}},{"type":"Feature","properties":{"id":"parking-349","code":"","name":"Facilities And Services Special Use Parking","aka":["Las Cruces main campus"],"address":" , Las Cruces, NM","propertyNumber":null,"built":null,"floors":[],"floorsSource":"","kind":"Parking lot","nmsuUrl":null,"photos":[],"source":"Lot outline, name and permit from NMSU Facilities GIS (Parking layer).","floorImages":{},"postedImages":{},"description":[],"doors":[],"codeSource":"","category":"parking","insideName":null,"permit":"Special · Designated for Special Use/Permit","campus":"Las Cruces main campus"},"geometry":{"type":"Point","coordinates":[-106.7453732,32.2766577]}},{"type":"Feature","properties":{"id":"parking-350","code":"","name":"Lot 81","aka":["Las Cruces main campus"],"address":" , Las Cruces, NM","propertyNumber":null,"built":null,"floors":[],"floorsSource":"","kind":"Parking lot","nmsuUrl":null,"photos":[],"source":"Lot outline, name and permit from NMSU Facilities GIS (Parking layer).","floorImages":{},"postedImages":{},"description":[],"doors":[],"codeSource":"","category":"parking","insideName":null,"permit":"Special · Designated for Special Use/Permit","campus":"Las Cruces main campus"},"geometry":{"type":"Point","coordinates":[-106.7463684,32.2764141]}},{"type":"Feature","properties":{"id":"parking-352","code":"","name":"Facilities And Services Special Use Parking","aka":["Las Cruces main campus"],"address":" , Las Cruces, NM","propertyNumber":null,"built":null,"floors":[],"floorsSource":"","kind":"Parking lot","nmsuUrl":null,"photos":[],"source":"Lot outline, name and permit from NMSU Facilities GIS (Parking layer).","floorImages":{},"postedImages":{},"description":[],"doors":[],"codeSource":"","category":"parking","insideName":null,"permit":"Special · Designated for Special Use/Permit","campus":"Las Cruces main campus"},"geometry":{"type":"Point","coordinates":[-106.7462014,32.276499]}},{"type":"Feature","properties":{"id":"parking-353","code":"","name":"Facilities And Services Special Use Parking","aka":["Las Cruces main campus"],"address":" , Las Cruces, NM","propertyNumber":null,"built":null,"floors":[],"floorsSource":"","kind":"Parking lot","nmsuUrl":null,"photos":[],"source":"Lot outline, name and permit from NMSU Facilities GIS (Parking layer).","floorImages":{},"postedImages":{},"description":[],"doors":[],"codeSource":"","category":"parking","insideName":null,"permit":"Special · Designated for Special Use/Permit","campus":"Las Cruces main campus"},"geometry":{"type":"Point","coordinates":[-106.7451645,32.2762524]}},{"type":"Feature","properties":{"id":"parking-355","code":"","name":"Facilities And Services Special Use Parking","aka":["Las Cruces main campus"],"address":" , Las Cruces, NM","propertyNumber":null,"built":null,"floors":[],"floorsSource":"","kind":"Parking lot","nmsuUrl":null,"photos":[],"source":"Lot outline, name and permit from NMSU Facilities GIS (Parking layer).","floorImages":{},"postedImages":{},"description":[],"doors":[],"codeSource":"","category":"parking","insideName":null,"permit":"Special · Designated for Special Use/Permit","campus":"Las Cruces main campus"},"geometry":{"type":"Point","coordinates":[-106.7449437,32.2753179]}},{"type":"Feature","properties":{"id":"parking-356","code":"","name":"Lot 17","aka":["Las Cruces main campus"],"address":"3030 Breland Dr, Las Cruces, NM","propertyNumber":null,"built":null,"floors":[],"floorsSource":"","kind":"Parking lot","nmsuUrl":null,"photos":[],"source":"Lot outline, name and permit from NMSU Facilities GIS (Parking layer).","floorImages":{},"postedImages":{},"description":[],"doors":[],"codeSource":"","category":"parking","insideName":null,"permit":"Pink · Metered/Visitor Parking","campus":"Las Cruces main campus"},"geometry":{"type":"Point","coordinates":[-106.7487395,32.2827608]}},{"type":"Feature","properties":{"id":"parking-357","code":"","name":"Parking lot","aka":[],"address":null,"propertyNumber":null,"built":null,"floors":[],"floorsSource":"","kind":"Parking lot","nmsuUrl":null,"photos":[],"source":"Lot outline, name and permit from NMSU Facilities GIS (Parking layer).","floorImages":{},"postedImages":{},"description":[],"doors":[],"codeSource":"","category":"parking","insideName":null,"permit":null,"campus":null},"geometry":{"type":"Point","coordinates":[-106.7265665,32.2834042]}},{"type":"Feature","properties":{"id":"parking-358","code":"","name":"Parking lot","aka":[],"address":null,"propertyNumber":null,"built":null,"floors":[],"floorsSource":"","kind":"Parking lot","nmsuUrl":null,"photos":[],"source":"Lot outline, name and permit from NMSU Facilities GIS (Parking layer).","floorImages":{},"postedImages":{},"description":[],"doors":[],"codeSource":"","category":"parking","insideName":null,"permit":null,"campus":null},"geometry":{"type":"Point","coordinates":[-106.7347969,32.2714911]}},{"type":"Feature","properties":{"id":"parking-359","code":"","name":"Lot 48","aka":["Las Cruces main campus"],"address":"3125 Williams Ave, Las Cruces, NM","propertyNumber":null,"built":null,"floors":[],"floorsSource":"","kind":"Parking lot","nmsuUrl":null,"photos":[],"source":"Lot outline, name and permit from NMSU Facilities GIS (Parking layer).","floorImages":{},"postedImages":{},"description":[],"doors":[],"codeSource":"","category":"parking","insideName":null,"permit":"Orange · All Permits Valid","campus":"Las Cruces main campus"},"geometry":{"type":"Point","coordinates":[-106.7503955,32.2797545]}}]}